22400 0 4 3
8 Inventor 20 ASM 224.2.2.65535 NT 24 Wed Jul 31 09:51:37 2019
10 1e-06 1e-10
-0 asmheader $-1 -1 @13 224.2.2.65535 #
-1 body $-1 59 $-1 $4 $-1 $5 #
-2 body $-1 -1 $-1 $6 $-1 $7 #
-3 body $-1 -1 $-1 $8 $-1 $9 #
-4 lump $-1 -1 $-1 $-1 $10 $1 #
-5 transform $-1 -1 1 0 0 0 1 0 0 0 1 0 0 0 1 no_rotate no_reflect no_shear #
-6 lump $-1 -1 $-1 $11 $12 $2 #
-7 transform $-1 -1 1 0 0 0 1 0 0 0 1 0 0 0 1 no_rotate no_reflect no_shear #
-8 lump $-1 -1 $-1 $13 $14 $3 #
-9 transform $-1 -1 1 0 0 0 1 0 0 0 1 0 0 0 1 no_rotate no_reflect no_shear #
-10 shell $-1 -1 $-1 $-1 $-1 $15 $-1 $4 #
-11 lump $-1 -1 $-1 $16 $17 $2 #
-12 shell $-1 -1 $-1 $-1 $-1 $-1 $18 $6 #
-13 lump $-1 -1 $-1 $19 $20 $3 #
-14 shell $-1 -1 $-1 $-1 $-1 $-1 $21 $8 #
-15 face $22 5288 $-1 $23 $24 $10 $-1 $25 forward single #
-16 lump $-1 -1 $-1 $26 $27 $2 #
-17 shell $-1 -1 $-1 $-1 $-1 $-1 $28 $11 #
-18 wire $-1 -1 $-1 $-1 $29 $12 $-1 out #
-19 lump $-1 -1 $-1 $30 $31 $3 #
-20 shell $-1 -1 $-1 $-1 $-1 $-1 $32 $13 #
-21 wire $-1 -1 $-1 $-1 $33 $14 $-1 out #
-22 NMx_blend_tag-NMx_Brep_Name_tag-NMx_Brep_tag-NamingMatching-attrib $-1 -1 $-1 $-1 $15 42 1 1502 -1 1 1 221 2 190 234 0 0 0 #
-23 face $34 5289 $-1 $35 $36 $10 $-1 $37 forward single #
-24 loop $-1 -1 $-1 $-1 $38 $15 #
-25 cone-surface $-1 -1 $-1 -128.923 40 2.2 0 0 -1 0 4 0 1 I I 0 1 4 reversed I I F -3.14159 F -1.88424 #
-26 lump $-1 -1 $-1 $39 $40 $2 #
-27 shell $-1 -1 $-1 $-1 $-1 $-1 $41 $16 #
-28 wire $-1 -1 $-1 $-1 $42 $17 $-1 out #
-29 coedge $-1 -1 $-1 $43 $44 $-1 $45 forward $18 0 $-1 #
-30 lump $-1 -1 $-1 $46 $47 $3 #
-31 shell $-1 -1 $-1 $-1 $-1 $-1 $48 $19 #
-32 wire $-1 -1 $-1 $-1 $49 $20 $-1 out #
-33 coedge $-1 -1 $-1 $50 $51 $-1 $52 forward $21 0 $-1 #
-34 NMx_Sweep_Generated_Brep_tag-NMx_Brep_Name_tag-NMx_Brep_tag-NamingMatching-attrib $-1 -1 $53 $-1 $23 42 1 62 -1 7 0 20 0 0 0 0 0 0 0 #
-35 face $54 5290 $-1 $55 $56 $10 $-1 $57 reversed single #
-36 loop $-1 -1 $-1 $-1 $58 $23 #
-37 plane-surface $-1 -1 $-1 -242 0 0 0 -1 0 1 -0 -0 forward_v I I I I #
-38 coedge $-1 -1 $-1 $59 $60 $61 $62 forward $24 0 $-1 #
-39 lump $-1 -1 $-1 $63 $64 $2 #
-40 shell $-1 -1 $-1 $-1 $-1 $-1 $65 $26 #
-41 wire $-1 -1 $-1 $-1 $66 $27 $-1 out #
-42 coedge $-1 -1 $-1 $67 $68 $-1 $69 forward $28 0 $-1 #
-43 coedge $-1 -1 $-1 $70 $29 $-1 $71 forward $18 0 $-1 #
-44 coedge $-1 -1 $-1 $29 $70 $-1 $72 forward $18 0 $-1 #
-45 edge $-1 -1 $-1 $73 0 $74 3.14159 $29 $75 forward @7 unknown #
-46 lump $-1 -1 $-1 $76 $77 $3 #
-47 shell $-1 -1 $-1 $-1 $-1 $-1 $78 $30 #
-48 wire $-1 -1 $-1 $-1 $79 $31 $-1 out #
-49 coedge $-1 -1 $-1 $80 $81 $-1 $82 forward $32 0 $-1 #
-50 coedge $-1 -1 $-1 $83 $33 $-1 $84 forward $21 0 $-1 #
-51 coedge $-1 -1 $-1 $33 $83 $-1 $85 forward $21 0 $-1 #
-52 edge $-1 -1 $-1 $86 0 $87 3.14159 $33 $88 forward @7 unknown #
-53 NMx_Feature_Orientation-NamingMatching-attrib $-1 -1 $-1 $34 $23 42 $89 $-1 #
-54 NMx_feature_dependency_attrib-NamingMatching-attrib $-1 -1 $90 $-1 $35 42 2 1416 1446 #
-55 face $91 5291 $-1 $92 $93 $10 $-1 $94 forward single #
-56 loop $-1 -1 $-1 $95 $96 $35 #
-57 plane-surface $-1 -1 $-1 -121 81.5 0 0 0 1 1 0 0 forward_v I I I I #
-58 coedge $-1 -1 $-1 $97 $98 $60 $99 reversed $36 0 $-1 #
-59 coedge $-1 -1 $-1 $100 $38 $101 $102 forward $24 0 $-1 #
-60 coedge $-1 -1 $-1 $38 $100 $58 $99 forward $24 0 $-1 #
-61 coedge $-1 -1 $-1 $103 $104 $38 $62 reversed $105 0 $-1 #
-62 edge $-1 5375 $-1 $106 -3.14159 $107 -1.88424 $61 $108 forward @7 unknown #
-63 lump $-1 -1 $-1 $109 $110 $2 #
-64 shell $-1 -1 $-1 $-1 $-1 $-1 $111 $39 #
-65 wire $-1 -1 $-1 $-1 $112 $40 $-1 out #
-66 coedge $-1 -1 $-1 $113 $114 $-1 $115 forward $41 0 $-1 #
-67 coedge $-1 -1 $-1 $116 $42 $-1 $117 forward $28 0 $-1 #
-68 coedge $-1 -1 $-1 $42 $116 $-1 $118 forward $28 0 $-1 #
-69 edge $-1 -1 $-1 $119 0 $120 3.14159 $42 $121 forward @7 unknown #
-70 coedge $-1 -1 $-1 $44 $43 $-1 $122 forward $18 0 $-1 #
-71 edge $-1 -1 $-1 $74 -6.55 $123 1.45 $43 $124 forward @7 unknown #
-72 edge $-1 -1 $-1 $125 -5.45 $73 2.55 $44 $126 forward @7 unknown #
-73 vertex $-1 -1 $-1 $45 0 $127 #
-74 vertex $-1 -1 $-1 $45 1 $128 #
-75 ellipse-curve $-1 -1 $-1 -172 74 2.2 0 0 1 0 0.15 0 1 I I #
-76 lump $-1 -1 $-1 $129 $130 $3 #
-77 shell $-1 -1 $-1 $-1 $-1 $-1 $131 $46 #
-78 wire $-1 -1 $-1 $-1 $132 $47 $-1 out #
-79 coedge $-1 -1 $-1 $133 $134 $-1 $135 forward $48 0 $-1 #
-80 coedge $-1 -1 $-1 $136 $49 $-1 $137 forward $32 0 $-1 #
-81 coedge $-1 -1 $-1 $49 $136 $-1 $138 forward $32 0 $-1 #
-82 edge $-1 -1 $-1 $139 0 $140 3.14159 $49 $141 forward @7 unknown #
-83 coedge $-1 -1 $-1 $51 $50 $-1 $142 forward $21 0 $-1 #
-84 edge $-1 -1 $-1 $87 -6.55 $143 1.45 $50 $144 forward @7 unknown #
-85 edge $-1 -1 $-1 $145 -5.45 $86 2.55 $51 $146 forward @7 unknown #
-86 vertex $-1 -1 $-1 $52 0 $147 #
-87 vertex $-1 -1 $-1 $52 1 $148 #
-88 ellipse-curve $-1 -1 $-1 -172 74 2.2 0 0 1 0 0.15 0 1 I I #
-89 straight-curve $-1 -1 $-1 0 0 0 0 0 1 I I #
-90 NMx_Sweep_Generated_Brep_tag-NMx_Brep_Name_tag-NMx_Brep_tag-NamingMatching-attrib $-1 -1 $-1 $54 $35 42 1 62 -1 0 0 4 0 0 0 0 0 0 0 #
-91 NMx_blend_tag-NMx_Brep_Name_tag-NMx_Brep_tag-NamingMatching-attrib $-1 -1 $-1 $-1 $55 42 1 1502 -1 1 1 218 2 4 222 0 0 0 #
-92 face $149 5292 $-1 $150 $151 $10 $-1 $152 forward single #
-93 loop $-1 -1 $-1 $-1 $153 $55 #
-94 cone-surface $-1 -1 $-1 -128.923 123 2.2 0 0 1 0 -4 0 1 I I 0 1 4 reversed I I F -3.14159 F -1.88424 #
-95 loop $-1 -1 $-1 $154 $155 $35 #
-96 coedge $-1 -1 $-1 $96 $96 $156 $157 forward $56 0 $-1 #
-97 coedge $-1 -1 $-1 $158 $58 $159 $160 forward $36 0 $-1 #
-98 coedge $-1 -1 $-1 $58 $158 $103 $161 reversed $36 0 $-1 #
-99 edge $-1 5378 $-1 $162 -0.055 $106 0 $58 $163 forward @7 tangent #
-100 coedge $-1 -1 $-1 $60 $59 $164 $165 forward $24 0 $-1 #
-101 coedge $-1 -1 $-1 $166 $167 $59 $102 reversed $168 0 $-1 #
-102 edge $-1 5376 $-1 $107 -0 $169 0.055 $101 $170 forward @7 tangent #
-103 coedge $-1 -1 $-1 $171 $61 $98 $161 forward $105 0 $-1 #
-104 coedge $-1 -1 $-1 $61 $172 $166 $173 reversed $105 0 $-1 #
-105 loop $-1 -1 $-1 $174 $61 $175 #
-106 vertex $-1 -1 $-1 $161 0 $176 #
-107 vertex $-1 -1 $-1 $173 0 $177 #
-108 ellipse-curve $-1 -1 $-1 -128.923 40 2.2 -0 -0 -1 0 4 0 1 I I #
-109 lump $-1 -1 $-1 $178 $179 $2 #
-110 shell $-1 -1 $-1 $-1 $-1 $-1 $180 $63 #
-111 wire $-1 -1 $-1 $-1 $181 $64 $-1 out #
-112 coedge $-1 -1 $-1 $182 $183 $-1 $184 forward $65 0 $-1 #
-113 coedge $-1 -1 $-1 $185 $66 $-1 $186 forward $41 0 $-1 #
-114 coedge $-1 -1 $-1 $66 $185 $-1 $187 forward $41 0 $-1 #
-115 edge $-1 -1 $-1 $188 0 $189 3.14159 $66 $190 forward @7 unknown #
-116 coedge $-1 -1 $-1 $68 $67 $-1 $191 forward $28 0 $-1 #
-117 edge $-1 -1 $-1 $120 -0.6 $192 3.4 $67 $193 forward @7 unknown #
-118 edge $-1 -1 $-1 $194 -5.4 $119 -1.4 $68 $195 forward @7 unknown #
-119 vertex $-1 -1 $-1 $69 0 $196 #
-120 vertex $-1 -1 $-1 $69 1 $197 #
-121 ellipse-curve $-1 -1 $-1 -109 53.5 2.2 0 0 1 0.15 0 0 1 I I #
-122 edge $-1 -1 $-1 $123 0 $125 3.14159 $70 $198 forward @7 unknown #
-123 vertex $-1 -1 $-1 $71 1 $199 #
-124 straight-curve $-1 -1 $-1 -106.5 72.5 2.2 1 0 -0 I I #
-125 vertex $-1 -1 $-1 $122 1 $200 #
-126 straight-curve $-1 -1 $-1 -146.5 75.5 2.2 -1 0 0 I I #
-127 point $-1 -1 $-1 -172 75.5 2.2 #
-128 point $-1 -1 $-1 -172 72.5 2.2 #
-129 lump $-1 -1 $-1 $201 $202 $3 #
-130 shell $-1 -1 $-1 $-1 $-1 $-1 $203 $76 #
-131 wire $-1 -1 $-1 $-1 $204 $77 $-1 out #
-132 coedge $-1 -1 $-1 $205 $206 $-1 $207 forward $78 0 $-1 #
-133 coedge $-1 -1 $-1 $208 $79 $-1 $209 forward $48 0 $-1 #
-134 coedge $-1 -1 $-1 $79 $208 $-1 $210 forward $48 0 $-1 #
-135 edge $-1 -1 $-1 $211 0 $212 3.14159 $79 $213 forward @7 unknown #
-136 coedge $-1 -1 $-1 $81 $80 $-1 $214 forward $32 0 $-1 #
-137 edge $-1 -1 $-1 $140 -0.6 $215 3.4 $80 $216 forward @7 unknown #
-138 edge $-1 -1 $-1 $217 -5.4 $139 -1.4 $81 $218 forward @7 unknown #
-139 vertex $-1 -1 $-1 $82 0 $219 #
-140 vertex $-1 -1 $-1 $82 1 $220 #
-141 ellipse-curve $-1 -1 $-1 -109 53.5 2.2 0 0 1 0.15 0 0 1 I I #
-142 edge $-1 -1 $-1 $143 0 $145 3.14159 $83 $221 forward @7 unknown #
-143 vertex $-1 -1 $-1 $84 1 $222 #
-144 straight-curve $-1 -1 $-1 -106.5 72.5 2.2 1 0 -0 I I #
-145 vertex $-1 -1 $-1 $142 1 $223 #
-146 straight-curve $-1 -1 $-1 -146.5 75.5 2.2 -1 0 0 I I #
-147 point $-1 -1 $-1 -172 75.5 2.2 #
-148 point $-1 -1 $-1 -172 72.5 2.2 #
-149 NMx_blend_tag-NMx_Brep_Name_tag-NMx_Brep_tag-NamingMatching-attrib $-1 -1 $-1 $-1 $92 42 1 1446 -1 1 1 160 0 0 0 0 #
-150 face $224 5293 $-1 $225 $226 $10 $-1 $227 forward single #
-151 loop $-1 -1 $-1 $-1 $228 $92 #
-152 cone-surface $-1 -1 $-1 -186 141.5 2.2 -0 -0 -1 1.41421 -1.41421 0 1 I I 0 -1 2 forward I I I I #
-153 coedge $-1 -1 $-1 $229 $230 $231 $232 forward $93 0 $-1 #
-154 loop $-1 -1 $-1 $233 $234 $35 #
-155 coedge $-1 -1 $-1 $155 $155 $235 $236 forward $95 0 $-1 #
-156 coedge $-1 -1 $-1 $156 $156 $96 $157 reversed $237 0 $-1 #
-157 edge $-1 5382 $-1 $238 -3.14159 $238 3.14159 $96 $239 forward @7 unknown #
-158 coedge $-1 -1 $-1 $98 $97 $240 $241 reversed $36 0 $-1 #
-159 coedge $-1 -1 $-1 $164 $242 $97 $160 reversed $243 0 $-1 #
-160 edge $244 5379 $-1 $162 11.3077 $245 18.2617 $97 $246 forward @7 unknown #
-161 edge $247 5381 $-1 $106 11.3077 $248 18.2617 $98 $249 forward @7 unknown #
-162 vertex $-1 -1 $-1 $160 0 $250 #
-163 straight-curve $-1 -1 $-1 -128.923 0 2.2 0 0 4 F -0.055 F 0 #
-164 coedge $-1 -1 $-1 $251 $159 $100 $165 reversed $243 0 $-1 #
-165 edge $-1 5377 $-1 $169 1.88424 $162 3.14159 $164 $252 forward @7 unknown #
-166 coedge $-1 -1 $-1 $253 $101 $104 $173 forward $168 0 $-1 #
-167 coedge $-1 -1 $-1 $101 $253 $251 $254 forward $168 0 $-1 #
-168 loop $-1 -1 $-1 $-1 $101 $255 #
-169 vertex $-1 -1 $-1 $165 0 $256 #
-170 straight-curve $-1 -1 $-1 -166.974 27.6667 2.2 -0 -0 -4 F -0 F 0.055 #
-171 coedge $-1 -1 $-1 $257 $103 $258 $259 reversed $105 0 $-1 #
-172 coedge $-1 -1 $-1 $104 $260 $261 $262 forward $105 0 $-1 #
-173 edge $-1 5447 $-1 $107 -0.471958 $263 0.785398 $166 $264 forward @7 unknown #
-174 loop $-1 -1 $-1 $265 $266 $175 #
-175 face $267 5309 $-1 $268 $105 $10 $-1 $269 forward single #
-176 point $-1 -1 $-1 -128.923 0 2.2 #
-177 point $-1 -1 $-1 -166.974 27.6667 2.2 #
-178 lump $-1 -1 $-1 $270 $271 $2 #
-179 shell $-1 -1 $-1 $-1 $-1 $-1 $272 $109 #
-180 wire $-1 -1 $-1 $-1 $273 $110 $-1 out #
-181 coedge $-1 -1 $-1 $274 $275 $-1 $276 forward $111 0 $-1 #
-182 coedge $-1 -1 $-1 $277 $112 $-1 $278 forward $65 0 $-1 #
-183 coedge $-1 -1 $-1 $112 $277 $-1 $279 forward $65 0 $-1 #
-184 edge $-1 -1 $-1 $280 0 $281 3.14159 $112 $282 forward @7 unknown #
-185 coedge $-1 -1 $-1 $114 $113 $-1 $283 forward $41 0 $-1 #
-186 edge $-1 -1 $-1 $189 -5.4 $284 -1.4 $113 $285 forward @7 unknown #
-187 edge $-1 -1 $-1 $286 -0.6 $188 3.4 $114 $287 forward @7 unknown #
-188 vertex $-1 -1 $-1 $115 0 $288 #
-189 vertex $-1 -1 $-1 $115 1 $289 #
-190 ellipse-curve $-1 -1 $-1 -109 149.5 2.2 0 0 1 0.15 0 0 1 I I #
-191 edge $-1 -1 $-1 $192 0 $194 3.14159 $116 $290 forward @7 unknown #
-192 vertex $-1 -1 $-1 $117 1 $291 #
-193 straight-curve $-1 -1 $-1 -110.5 47.5 2.2 0 -1 0 I I #
-194 vertex $-1 -1 $-1 $191 1 $292 #
-195 straight-curve $-1 -1 $-1 -107.5 67.5 2.2 0 1 -0 I I #
-196 point $-1 -1 $-1 -107.5 53.5 2.2 #
-197 point $-1 -1 $-1 -110.5 53.5 2.2 #
-198 ellipse-curve $-1 -1 $-1 -92 74 2.2 0 0 1 0 -0.15 0 1 I I #
-199 point $-1 -1 $-1 -92 72.5 2.2 #
-200 point $-1 -1 $-1 -92 75.5 2.2 #
-201 lump $-1 -1 $-1 $293 $294 $3 #
-202 shell $-1 -1 $-1 $-1 $-1 $-1 $295 $129 #
-203 wire $-1 -1 $-1 $-1 $296 $130 $-1 out #
-204 coedge $-1 -1 $-1 $297 $298 $-1 $299 forward $131 0 $-1 #
-205 coedge $-1 -1 $-1 $300 $132 $-1 $301 forward $78 0 $-1 #
-206 coedge $-1 -1 $-1 $132 $300 $-1 $302 forward $78 0 $-1 #
-207 edge $-1 -1 $-1 $303 0 $304 3.14159 $132 $305 forward @7 unknown #
-208 coedge $-1 -1 $-1 $134 $133 $-1 $306 forward $48 0 $-1 #
-209 edge $-1 -1 $-1 $212 -5.4 $307 -1.4 $133 $308 forward @7 unknown #
-210 edge $-1 -1 $-1 $309 -0.6 $211 3.4 $134 $310 forward @7 unknown #
-211 vertex $-1 -1 $-1 $135 0 $311 #
-212 vertex $-1 -1 $-1 $135 1 $312 #
-213 ellipse-curve $-1 -1 $-1 -109 149.5 2.2 0 0 1 0.15 0 0 1 I I #
-214 edge $-1 -1 $-1 $215 0 $217 3.14159 $136 $313 forward @7 unknown #
-215 vertex $-1 -1 $-1 $137 1 $314 #
-216 straight-curve $-1 -1 $-1 -110.5 47.5 2.2 0 -1 0 I I #
-217 vertex $-1 -1 $-1 $214 1 $315 #
-218 straight-curve $-1 -1 $-1 -107.5 67.5 2.2 0 1 -0 I I #
-219 point $-1 -1 $-1 -107.5 53.5 2.2 #
-220 point $-1 -1 $-1 -110.5 53.5 2.2 #
-221 ellipse-curve $-1 -1 $-1 -92 74 2.2 0 0 1 0 -0.15 0 1 I I #
-222 point $-1 -1 $-1 -92 72.5 2.2 #
-223 point $-1 -1 $-1 -92 75.5 2.2 #
-224 NMx_blend_tag-NMx_Brep_Name_tag-NMx_Brep_tag-NamingMatching-attrib $-1 -1 $-1 $-1 $150 42 1 1476 -1 1 1 193 2 190 205 0 0 0 #
-225 face $316 5294 $-1 $317 $318 $10 $-1 $319 forward single #
-226 loop $-1 -1 $-1 $-1 $320 $150 #
-227 cone-surface $-1 -1 $-1 -59.3827 20 2.2 0 -0 1 0 2 0 1 I I 0 1 2 reversed I I F -3.14159 F -1.7467 #
-228 coedge $-1 -1 $-1 $321 $322 $229 $323 reversed $151 0 $-1 #
-229 coedge $-1 -1 $-1 $324 $153 $228 $323 forward $93 0 $-1 #
-230 coedge $-1 -1 $-1 $153 $324 $325 $326 forward $93 0 $-1 #
-231 coedge $-1 -1 $-1 $327 $328 $153 $232 reversed $243 0 $-1 #
-232 edge $-1 5426 $-1 $329 -3.14159 $330 -1.88424 $231 $331 forward @7 unknown #
-233 loop $-1 -1 $-1 $332 $333 $35 #
-234 coedge $-1 -1 $-1 $234 $234 $334 $335 forward $154 0 $-1 #
-235 coedge $-1 -1 $-1 $235 $235 $155 $236 reversed $336 0 $-1 #
-236 edge $-1 5383 $-1 $337 -3.14159 $337 3.14159 $155 $338 forward @7 unknown #
-237 loop $-1 -1 $-1 $339 $156 $340 #
-238 vertex $-1 -1 $-1 $157 0 $341 #
-239 ellipse-curve $-1 -1 $-1 -76 70.5 0 0 0 1 -0.15 0 0 1 I I #
-240 coedge $-1 -1 $-1 $320 $258 $158 $241 forward $226 0 $-1 #
-241 edge $-1 5380 $-1 $248 0 $245 0.11 $158 $342 forward @7 tangent #
-242 coedge $-1 -1 $-1 $159 $343 $320 $344 reversed $243 0 $-1 #
-243 loop $-1 -1 $-1 $-1 $164 $35 #
-244 NMx_Generated_Brep_tag-NMx_Brep_Name_tag-NMx_Brep_tag-NamingMatching-attrib $-1 -1 $-1 $-1 $160 42 1 62 -1 7 0 2 #
-245 vertex $-1 -1 $-1 $344 0 $345 #
-246 straight-curve $-1 -1 $-1 -242 0 0 1 -0 -0 F 0 F 24.2 #
-247 NMx_Sweep_Generated_Brep_tag-NMx_Brep_Name_tag-NMx_Brep_tag-NamingMatching-attrib $-1 -1 $-1 $-1 $161 42 1 62 -1 7 0 10 0 0 0 0 0 0 0 #
-248 vertex $-1 -1 $-1 $241 0 $346 #
-249 straight-curve $-1 -1 $-1 -242 0 2.2 1 0 0 I I #
-250 point $-1 -1 $-1 -128.923 0 0 #
-251 coedge $-1 -1 $-1 $347 $164 $167 $254 reversed $243 0 $-1 #
-252 ellipse-curve $-1 -1 $-1 -128.923 40 0 0 0 1 0 4 0 1 I I #
-253 coedge $-1 -1 $-1 $167 $166 $348 $349 forward $168 0 $-1 #
-254 edge $-1 5423 $-1 $350 -0.785398 $169 0.471958 $167 $351 forward @7 unknown #
-255 face $352 5297 $-1 $353 $168 $10 $-1 $354 forward single #
-256 point $-1 -1 $-1 -166.974 27.6667 0 #
-257 coedge $-1 -1 $-1 $355 $171 $356 $357 reversed $105 0 $-1 #
-258 coedge $-1 -1 $-1 $240 $358 $171 $259 forward $226 0 $-1 #
-259 edge $-1 5439 $-1 $359 1.7467 $248 3.14159 $171 $360 forward @7 unknown #
-260 coedge $-1 -1 $-1 $172 $361 $362 $363 forward $105 0 $-1 #
-261 coedge $-1 -1 $-1 $364 $348 $172 $262 reversed $365 0 $-1 #
-262 edge $-1 336 $-1 $366 -6.05 $263 -0.45 $172 $367 forward @7 unknown #
-263 vertex $-1 -1 $-1 $173 1 $368 #
-264 ellipse-curve $-1 -1 $-1 -186 21.5 2.2 0 0 1 1.41421 1.41421 0 1 I I #
-265 loop $-1 -1 $-1 $369 $370 $175 #
-266 coedge $-1 -1 $-1 $266 $266 $371 $372 reversed $174 0 $-1 #
-267 NMx_feature_dependency_attrib-NamingMatching-attrib $-1 -1 $373 $-1 $175 42 2 1416 1446 #
-268 face $374 5310 $-1 $375 $376 $10 $-1 $377 reversed single #
-269 plane-surface $-1 -1 $-1 -121 81.5 2.2 0 0 1 1 0 0 forward_v I I I I #
-270 lump $-1 -1 $-1 $378 $379 $2 #
-271 shell $-1 -1 $-1 $-1 $-1 $-1 $380 $178 #
-272 wire $-1 -1 $-1 $-1 $381 $179 $-1 out #
-273 coedge $-1 -1 $-1 $382 $383 $-1 $384 forward $180 0 $-1 #
-274 coedge $-1 -1 $-1 $385 $181 $-1 $386 forward $111 0 $-1 #
-275 coedge $-1 -1 $-1 $181 $385 $-1 $387 forward $111 0 $-1 #
-276 edge $-1 -1 $-1 $388 0 $389 3.14159 $181 $390 forward @7 unknown #
-277 coedge $-1 -1 $-1 $183 $182 $-1 $391 forward $65 0 $-1 #
-278 edge $-1 -1 $-1 $281 -0.1 $392 2.9 $182 $393 forward @7 unknown #
-279 edge $-1 -1 $-1 $394 -4.4 $280 -1.4 $183 $395 forward @7 unknown #
-280 vertex $-1 -1 $-1 $184 0 $396 #
-281 vertex $-1 -1 $-1 $184 1 $397 #
-282 ellipse-curve $-1 -1 $-1 -143 53.5 2.2 0 0 1 0.15 0 0 1 I I #
-283 edge $-1 -1 $-1 $284 0 $286 3.14159 $185 $398 forward @7 unknown #
-284 vertex $-1 -1 $-1 $186 1 $399 #
-285 straight-curve $-1 -1 $-1 -110.5 95.5 2.2 0 -1 0 I I #
-286 vertex $-1 -1 $-1 $283 1 $400 #
-287 straight-curve $-1 -1 $-1 -107.5 115.5 2.2 4.44089e-16 1 -0 I I #
-288 point $-1 -1 $-1 -107.5 149.5 2.2 #
-289 point $-1 -1 $-1 -110.5 149.5 2.2 #
-290 ellipse-curve $-1 -1 $-1 -109 13.5 2.2 0 0 1 -0.15 0 0 1 I I #
-291 point $-1 -1 $-1 -110.5 13.5 2.2 #
-292 point $-1 -1 $-1 -107.5 13.5 2.2 #
-293 lump $-1 -1 $-1 $401 $402 $3 #
-294 shell $-1 -1 $-1 $-1 $-1 $-1 $403 $201 #
-295 wire $-1 -1 $-1 $-1 $404 $202 $-1 out #
-296 coedge $-1 -1 $-1 $405 $406 $-1 $407 forward $203 0 $-1 #
-297 coedge $-1 -1 $-1 $408 $204 $-1 $409 forward $131 0 $-1 #
-298 coedge $-1 -1 $-1 $204 $408 $-1 $410 forward $131 0 $-1 #
-299 edge $-1 -1 $-1 $411 0 $412 3.14159 $204 $413 forward @7 unknown #
-300 coedge $-1 -1 $-1 $206 $205 $-1 $414 forward $78 0 $-1 #
-301 edge $-1 -1 $-1 $304 -0.1 $415 2.9 $205 $416 forward @7 unknown #
-302 edge $-1 -1 $-1 $417 -4.4 $303 -1.4 $206 $418 forward @7 unknown #
-303 vertex $-1 -1 $-1 $207 0 $419 #
-304 vertex $-1 -1 $-1 $207 1 $420 #
-305 ellipse-curve $-1 -1 $-1 -143 53.5 2.2 0 0 1 0.15 0 0 1 I I #
-306 edge $-1 -1 $-1 $307 0 $309 3.14159 $208 $421 forward @7 unknown #
-307 vertex $-1 -1 $-1 $209 1 $422 #
-308 straight-curve $-1 -1 $-1 -110.5 95.5 2.2 0 -1 0 I I #
-309 vertex $-1 -1 $-1 $306 1 $423 #
-310 straight-curve $-1 -1 $-1 -107.5 115.5 2.2 4.44089e-16 1 -0 I I #
-311 point $-1 -1 $-1 -107.5 149.5 2.2 #
-312 point $-1 -1 $-1 -110.5 149.5 2.2 #
-313 ellipse-curve $-1 -1 $-1 -109 13.5 2.2 0 0 1 -0.15 0 0 1 I I #
-314 point $-1 -1 $-1 -110.5 13.5 2.2 #
-315 point $-1 -1 $-1 -107.5 13.5 2.2 #
-316 NMx_blend_tag-NMx_Brep_Name_tag-NMx_Brep_tag-NamingMatching-attrib $-1 -1 $-1 $-1 $225 42 1 1446 -1 1 1 154 0 0 0 0 #
-317 face $424 5295 $-1 $425 $426 $10 $-1 $427 forward single #
-318 loop $-1 -1 $-1 $-1 $428 $225 #
-319 cone-surface $-1 -1 $-1 -20 13 2.2 -0 -0 -1 -1.41421 1.41421 0 1 I I 0 -1 2 forward I I I I #
-320 coedge $-1 -1 $-1 $358 $240 $242 $344 forward $226 0 $-1 #
-321 coedge $-1 -1 $-1 $429 $228 $328 $430 forward $151 0 $-1 #
-322 coedge $-1 -1 $-1 $228 $429 $431 $432 forward $151 0 $-1 #
-323 edge $-1 5433 $-1 $330 -0.055 $433 0 $228 $434 forward @7 tangent #
-324 coedge $-1 -1 $-1 $230 $229 $435 $436 forward $93 0 $-1 #
-325 coedge $-1 -1 $-1 $437 $438 $230 $326 reversed $439 0 $-1 #
-326 edge $-1 5435 $-1 $440 0 $329 0.055 $325 $441 forward @7 tangent #
-327 coedge $-1 -1 $-1 $442 $231 $438 $443 reversed $243 0 $-1 #
-328 coedge $-1 -1 $-1 $231 $444 $321 $430 reversed $243 0 $-1 #
-329 vertex $-1 -1 $-1 $232 0 $445 #
-330 vertex $-1 -1 $-1 $430 0 $446 #
-331 ellipse-curve $-1 -1 $-1 -128.923 123 0 0 0 1 0 -4 0 1 I I #
-332 loop $-1 -1 $-1 $447 $448 $35 #
-333 coedge $-1 -1 $-1 $333 $333 $449 $450 forward $233 0 $-1 #
-334 coedge $-1 -1 $-1 $334 $334 $234 $335 reversed $451 0 $-1 #
-335 edge $-1 5384 $-1 $452 -3.14159 $452 3.14159 $234 $453 forward @7 unknown #
-336 loop $-1 -1 $-1 $454 $235 $455 #
-337 vertex $-1 -1 $-1 $236 0 $456 #
-338 ellipse-curve $-1 -1 $-1 -76 92.5 0 0 0 1 -0.15 0 0 1 I I #
-339 loop $-1 -1 $-1 $-1 $457 $340 #
-340 face $458 5354 $-1 $459 $237 $10 $-1 $460 reversed single #
-341 point $-1 -1 $-1 -74.5 70.5 0 #
-342 straight-curve $-1 -1 $-1 -59.3827 0 2.2 -0 0 -2 F 0 F 0.11 #
-343 coedge $-1 -1 $-1 $242 $461 $462 $463 reversed $243 0 $-1 #
-344 edge $-1 5432 $-1 $245 -3.14159 $464 -1.7467 $242 $465 forward @7 unknown #
-345 point $-1 -1 $-1 -59.3827 0 0 #
-346 point $-1 -1 $-1 -59.3827 0 2.2 #
-347 coedge $-1 -1 $-1 $466 $251 $467 $468 forward $243 0 $-1 #
-348 coedge $-1 -1 $-1 $261 $467 $253 $349 reversed $365 0 $-1 #
-349 edge $-1 5448 $-1 $263 0 $350 0.22 $348 $469 forward @7 tangent #
-350 vertex $-1 -1 $-1 $468 0 $470 #
-351 ellipse-curve $-1 -1 $-1 -186 21.5 0 -0 -0 -1 1.41421 1.41421 0 1 I I #
-352 NMx_blend_tag-NMx_Brep_Name_tag-NMx_Brep_tag-NamingMatching-attrib $-1 -1 $-1 $-1 $255 42 1 1446 -1 1 1 158 0 0 0 0 #
-353 face $471 5298 $-1 $472 $365 $10 $-1 $473 reversed single #
-354 cone-surface $-1 -1 $-1 -186 21.5 2.2 0 -0 -1 1.41421 1.41421 0 1 I I 0 -1 2 forward I I I I #
-355 coedge $-1 -1 $-1 $474 $257 $475 $476 forward $105 0 $-1 #
-356 coedge $-1 -1 $-1 $428 $477 $257 $357 forward $318 0 $-1 #
-357 edge $-1 5441 $-1 $478 -0.785398 $359 0.609492 $356 $479 forward @7 unknown #
-358 coedge $-1 -1 $-1 $258 $320 $428 $480 forward $226 0 $-1 #
-359 vertex $-1 -1 $-1 $480 1 $481 #
-360 ellipse-curve $-1 -1 $-1 -59.3827 20 2.2 -0 -0 -1 0 2 0 1 I I #
-361 coedge $-1 -1 $-1 $260 $431 $482 $483 forward $105 0 $-1 #
-362 coedge $-1 -1 $-1 $484 $485 $260 $363 reversed $486 0 $-1 #
-363 edge $487 346 $-1 $488 4.15 $366 12.15 $362 $489 forward @7 unknown #
-364 coedge $-1 -1 $-1 $467 $261 $485 $490 reversed $365 0 $-1 #
-365 loop $-1 -1 $-1 $-1 $348 $353 #
-366 vertex $491 -1 $-1 $490 1 $492 #
-367 straight-curve $-1 -1 $-1 -181.5 41.5 2.2 1 0 0 I I #
-368 point $-1 -1 $-1 -186 41.5 2.2 #
-369 loop $-1 -1 $-1 $493 $494 $175 #
-370 coedge $-1 -1 $-1 $370 $370 $495 $496 reversed $265 0 $-1 #
-371 coedge $-1 -1 $-1 $371 $371 $266 $372 forward $497 0 $-1 #
-372 edge $-1 5470 $-1 $498 -3.14159 $498 3.14159 $266 $499 forward @7 unknown #
-373 NMx_Matched_Entity-NamingMatching-attrib $-1 -1 $500 $267 $175 42 1 83 -1 1 1 #
-374 NMx_Sweep_Generated_Brep_tag-NMx_Brep_Name_tag-NMx_Brep_tag-NamingMatching-attrib $-1 -1 $501 $-1 $268 42 1 1299 -1 72 0 20 0 0 0 0 0 0 0 #
-375 face $502 5311 $-1 $503 $504 $10 $-1 $505 forward single #
-376 loop $-1 -1 $-1 $506 $449 $268 #
-377 cone-surface $-1 -1 $-1 -191 114.5 2.2 0 0 -1 -0.2 0 0 1 I I 0 1 0.2 forward I I I I #
-378 lump $-1 -1 $-1 $507 $508 $2 #
-379 shell $-1 -1 $-1 $-1 $-1 $-1 $509 $270 #
-380 wire $-1 -1 $-1 $-1 $510 $271 $-1 out #
-381 coedge $-1 -1 $-1 $511 $512 $-1 $513 forward $272 0 $-1 #
-382 coedge $-1 -1 $-1 $514 $273 $-1 $515 forward $180 0 $-1 #
-383 coedge $-1 -1 $-1 $273 $514 $-1 $516 forward $180 0 $-1 #
-384 edge $-1 -1 $-1 $517 0 $518 3.14159 $273 $519 forward @7 unknown #
-385 coedge $-1 -1 $-1 $275 $274 $-1 $520 forward $111 0 $-1 #
-386 edge $-1 -1 $-1 $389 -4.4 $521 -1.4 $274 $522 forward @7 unknown #
-387 edge $-1 -1 $-1 $523 -0.1 $388 2.9 $275 $524 forward @7 unknown #
-388 vertex $-1 -1 $-1 $276 0 $525 #
-389 vertex $-1 -1 $-1 $276 1 $526 #
-390 ellipse-curve $-1 -1 $-1 -143 139.5 2.2 0 0 1 0.15 0 0 1 I I #
-391 edge $-1 -1 $-1 $392 0 $394 3.14159 $277 $527 forward @7 unknown #
-392 vertex $-1 -1 $-1 $278 1 $528 #
-393 straight-curve $-1 -1 $-1 -144.5 52.5 2.2 0 -1 0 I I #
-394 vertex $-1 -1 $-1 $391 1 $529 #
-395 straight-curve $-1 -1 $-1 -141.5 67.5 2.2 0 1 -0 I I #
-396 point $-1 -1 $-1 -141.5 53.5 2.2 #
-397 point $-1 -1 $-1 -144.5 53.5 2.2 #
-398 ellipse-curve $-1 -1 $-1 -109 109.5 2.2 0 0 1 -0.15 0 0 1 I I #
-399 point $-1 -1 $-1 -110.5 109.5 2.2 #
-400 point $-1 -1 $-1 -107.5 109.5 2.2 #
-401 lump $-1 -1 $-1 $530 $531 $3 #
-402 shell $-1 -1 $-1 $-1 $-1 $-1 $532 $293 #
-403 wire $-1 -1 $-1 $-1 $533 $294 $-1 out #
-404 coedge $-1 -1 $-1 $534 $535 $-1 $536 forward $295 0 $-1 #
-405 coedge $-1 -1 $-1 $537 $296 $-1 $538 forward $203 0 $-1 #
-406 coedge $-1 -1 $-1 $296 $537 $-1 $539 forward $203 0 $-1 #
-407 edge $-1 -1 $-1 $540 0 $541 3.14159 $296 $542 forward @7 unknown #
-408 coedge $-1 -1 $-1 $298 $297 $-1 $543 forward $131 0 $-1 #
-409 edge $-1 -1 $-1 $412 -4.4 $544 -1.4 $297 $545 forward @7 unknown #
-410 edge $-1 -1 $-1 $546 -0.1 $411 2.9 $298 $547 forward @7 unknown #
-411 vertex $-1 -1 $-1 $299 0 $548 #
-412 vertex $-1 -1 $-1 $299 1 $549 #
-413 ellipse-curve $-1 -1 $-1 -143 139.5 2.2 0 0 1 0.15 0 0 1 I I #
-414 edge $-1 -1 $-1 $415 0 $417 3.14159 $300 $550 forward @7 unknown #
-415 vertex $-1 -1 $-1 $301 1 $551 #
-416 straight-curve $-1 -1 $-1 -144.5 52.5 2.2 0 -1 0 I I #
-417 vertex $-1 -1 $-1 $414 1 $552 #
-418 straight-curve $-1 -1 $-1 -141.5 67.5 2.2 0 1 -0 I I #
-419 point $-1 -1 $-1 -141.5 53.5 2.2 #
-420 point $-1 -1 $-1 -144.5 53.5 2.2 #
-421 ellipse-curve $-1 -1 $-1 -109 109.5 2.2 0 0 1 -0.15 0 0 1 I I #
-422 point $-1 -1 $-1 -110.5 109.5 2.2 #
-423 point $-1 -1 $-1 -107.5 109.5 2.2 #
-424 NMx_blend_tag-NMx_Brep_Name_tag-NMx_Brep_tag-NamingMatching-attrib $-1 -1 $-1 $-1 $317 42 1 1476 -1 1 1 189 2 4 194 0 0 0 #
-425 face $553 5296 $-1 $255 $554 $10 $-1 $555 forward single #
-426 loop $-1 -1 $-1 $-1 $556 $317 #
-427 cone-surface $-1 -1 $-1 -59.3827 143 2.2 0 -0 -1 0 -2 0 1 I I 0 1 2 reversed I I F -3.14159 F -1.7467 #
-428 coedge $-1 -1 $-1 $462 $356 $358 $480 reversed $318 0 $-1 #
-429 coedge $-1 -1 $-1 $322 $321 $557 $558 forward $151 0 $-1 #
-430 edge $-1 5425 $-1 $330 -0.471958 $559 0.785398 $321 $560 forward @7 unknown #
-431 coedge $-1 -1 $-1 $361 $435 $322 $432 reversed $105 0 $-1 #
-432 edge $-1 5437 $-1 $561 -0.785398 $433 0.471958 $322 $562 forward @7 unknown #
-433 vertex $-1 -1 $-1 $323 1 $563 #
-434 straight-curve $-1 -1 $-1 -166.974 135.333 2.2 -0 0 4 F -0.055 F 0 #
-435 coedge $-1 -1 $-1 $431 $564 $324 $436 reversed $105 0 $-1 #
-436 edge $-1 5434 $-1 $433 1.88424 $440 3.14159 $435 $565 forward @7 unknown #
-437 coedge $-1 -1 $-1 $566 $325 $564 $567 reversed $439 0 $-1 #
-438 coedge $-1 -1 $-1 $325 $566 $327 $443 forward $439 0 $-1 #
-439 loop $-1 -1 $-1 $-1 $325 $568 #
-440 vertex $-1 -1 $-1 $326 0 $569 #
-441 straight-curve $-1 -1 $-1 -128.923 163 2.2 0 -0 -4 F 0 F 0.055 #
-442 coedge $-1 -1 $-1 $570 $327 $571 $572 reversed $243 0 $-1 #
-443 edge $573 5427 $-1 $574 5.93827 $329 12.8923 $438 $575 forward @7 unknown #
-444 coedge $-1 -1 $-1 $328 $466 $576 $577 forward $243 0 $-1 #
-445 point $-1 -1 $-1 -128.923 163 0 #
-446 point $-1 -1 $-1 -166.974 135.333 0 #
-447 loop $-1 -1 $-1 $578 $579 $35 #
-448 coedge $-1 -1 $-1 $448 $448 $580 $581 forward $332 0 $-1 #
-449 coedge $-1 -1 $-1 $449 $449 $333 $450 reversed $376 0 $-1 #
-450 edge $-1 5385 $-1 $582 -3.14159 $582 3.14159 $333 $583 forward @7 unknown #
-451 loop $-1 -1 $-1 $584 $334 $585 #
-452 vertex $-1 -1 $-1 $335 0 $586 #
-453 ellipse-curve $-1 -1 $-1 -191 48.5 0 0 0 1 -0.2 0 0 1 I I #
-454 loop $-1 -1 $-1 $-1 $587 $455 #
-455 face $588 5359 $-1 $589 $336 $10 $-1 $590 reversed single #
-456 point $-1 -1 $-1 -74.5 92.5 0 #
-457 coedge $-1 -1 $-1 $457 $457 $591 $592 reversed $339 0 $-1 #
-458 NMx_Sweep_Generated_Brep_tag-NMx_Brep_Name_tag-NMx_Brep_tag-NamingMatching-attrib $-1 -1 $593 $-1 $340 42 1 1299 -1 103 0 20 0 0 0 0 0 0 0 #
-459 face $594 5355 $-1 $595 $596 $10 $-1 $597 forward single #
-460 cone-surface $-1 -1 $-1 -76 70.5 2.2 0 0 -1 -0.15 0 0 1 I I 0 1 0.15 forward I I I I #
-461 coedge $-1 -1 $-1 $343 $598 $599 $600 forward $243 0 $-1 #
-462 coedge $-1 -1 $-1 $477 $428 $343 $463 forward $318 0 $-1 #
-463 edge $-1 5431 $-1 $464 -0.609492 $601 0.785398 $462 $602 forward @7 unknown #
-464 vertex $-1 -1 $-1 $463 0 $603 #
-465 ellipse-curve $-1 -1 $-1 -59.3827 20 0 0 0 1 0 2 0 1 I I #
-466 coedge $-1 -1 $-1 $444 $347 $604 $605 reversed $243 0 $-1 #
-467 coedge $-1 -1 $-1 $348 $364 $347 $468 reversed $365 0 $-1 #
-468 edge $-1 5424 $-1 $350 0.45 $606 6.05 $347 $607 forward @7 unknown #
-469 straight-curve $-1 -1 $-1 -186 41.5 2.2 0 0 -1 F -6.2 F 6.42 #
-470 point $-1 -1 $-1 -186 41.5 0 #
-471 NMx_Feature_Orientation-NamingMatching-attrib $-1 -1 $608 $-1 $353 42 $609 $-1 #
-472 face $610 5299 $-1 $611 $612 $10 $-1 $613 reversed single #
-473 plane-surface $-1 -1 $-1 -242 41.5 2.2 0 1 0 1 -0 -0 forward_v I I I I #
-474 coedge $-1 -1 $-1 $614 $355 $615 $616 forward $105 0 $-1 #
-475 coedge $-1 -1 $-1 $617 $618 $355 $476 reversed $619 0 $-1 #
-476 edge $620 5467 $-1 $478 6.05 $621 8.05 $355 $622 forward @7 unknown #
-477 coedge $-1 -1 $-1 $356 $462 $617 $623 forward $318 0 $-1 #
-478 vertex $-1 -1 $-1 $476 0 $624 #
-479 ellipse-curve $-1 -1 $-1 -20 13 2.2 0 0 1 -1.41421 1.41421 0 1 I I #
-480 edge $-1 5438 $-1 $464 -0.11 $359 0 $428 $625 forward @7 tangent #
-481 point $-1 -1 $-1 -39.6914 16.5 2.2 #
-482 coedge $-1 -1 $-1 $557 $626 $361 $483 reversed $627 0 $-1 #
-483 edge $628 5469 $-1 $561 4.25 $488 9.85 $361 $629 forward @7 unknown #
-484 coedge $-1 -1 $-1 $604 $362 $626 $630 forward $486 0 $-1 #
-485 coedge $-1 -1 $-1 $362 $604 $364 $490 forward $486 0 $-1 #
-486 loop $-1 -1 $-1 $-1 $484 $631 #
-487 NMx_Matched_Entity-NamingMatching-attrib $-1 -1 $632 $-1 $363 42 1 1160 -1 26 0 #
-488 vertex $633 -1 $-1 $363 0 $634 #
-489 straight-curve $-1 -1 $-1 -242 163 2.2 -0 -1 -0 I I #
-490 edge $-1 337 $-1 $606 -0.11 $366 0.11 $485 $635 forward @7 unknown #
-491 NMx_Matched_Entity-NamingMatching-attrib $-1 -1 $636 $-1 $366 42 1 1156 -1 25 1 #
-492 point $-1 -1 $-1 -242 41.5 2.2 #
-493 loop $-1 -1 $-1 $637 $638 $175 #
-494 coedge $-1 -1 $-1 $494 $494 $639 $640 reversed $369 0 $-1 #
-495 coedge $-1 -1 $-1 $495 $495 $370 $496 forward $641 0 $-1 #
-496 edge $-1 5471 $-1 $642 -3.14159 $642 3.14159 $370 $643 forward @7 unknown #
-497 loop $-1 -1 $-1 $-1 $371 $375 #
-498 vertex $-1 -1 $-1 $372 0 $644 #
-499 ellipse-curve $-1 -1 $-1 -218.5 114.5 2.2 0 0 1 -0.35 0 0 1 I I #
-500 NMx_Sweep_Generated_Brep_tag-NMx_Brep_Name_tag-NMx_Brep_tag-NamingMatching-attrib $-1 -1 $645 $373 $175 42 1 62 -1 0 0 12 0 0 0 0 0 0 0 #
-501 NMx_Feature_Orientation-NamingMatching-attrib $-1 -1 $-1 $374 $268 42 $646 $647 #
-502 NMx_blend_tag-NMx_Brep_Name_tag-NMx_Brep_tag-NamingMatching-attrib $-1 -1 $-1 $-1 $375 42 1 1405 -1 1 1 132 0 0 0 0 #
-503 face $648 5312 $-1 $649 $650 $10 $-1 $651 reversed single #
-504 loop $-1 -1 $-1 $497 $652 $375 #
-505 cone-surface $-1 -1 $-1 -218.5 114.5 1.45 0 0 1 -0.275 0 0 1 I I -0.707107 -0.707107 0.275 forward I I I I #
-506 loop $-1 -1 $-1 $-1 $653 $268 #
-507 lump $-1 -1 $-1 $654 $655 $2 #
-508 shell $-1 -1 $-1 $-1 $-1 $-1 $656 $378 #
-509 wire $-1 -1 $-1 $-1 $657 $379 $-1 out #
-510 coedge $-1 -1 $-1 $658 $659 $-1 $660 forward $380 0 $-1 #
-511 coedge $-1 -1 $-1 $661 $381 $-1 $662 forward $272 0 $-1 #
-512 coedge $-1 -1 $-1 $381 $661 $-1 $663 forward $272 0 $-1 #
-513 edge $-1 -1 $-1 $664 0 $665 3.14159 $381 $666 forward @7 unknown #
-514 coedge $-1 -1 $-1 $383 $382 $-1 $667 forward $180 0 $-1 #
-515 edge $-1 -1 $-1 $518 -4.4 $668 -1.4 $382 $669 forward @7 unknown #
-516 edge $-1 -1 $-1 $670 -0.1 $517 2.9 $383 $671 forward @7 unknown #
-517 vertex $-1 -1 $-1 $384 0 $672 #
-518 vertex $-1 -1 $-1 $384 1 $673 #
-519 ellipse-curve $-1 -1 $-1 -126 139.5 2.2 0 0 1 0.15 0 0 1 I I #
-520 edge $-1 -1 $-1 $521 0 $523 3.14159 $385 $674 forward @7 unknown #
-521 vertex $-1 -1 $-1 $386 1 $675 #
-522 straight-curve $-1 -1 $-1 -144.5 95.5 2.2 0 -1 0 I I #
-523 vertex $-1 -1 $-1 $520 1 $676 #
-524 straight-curve $-1 -1 $-1 -141.5 110.5 2.2 0 1 -0 I I #
-525 point $-1 -1 $-1 -141.5 139.5 2.2 #
-526 point $-1 -1 $-1 -144.5 139.5 2.2 #
-527 ellipse-curve $-1 -1 $-1 -143 23.5 2.2 0 0 1 -0.15 0 0 1 I I #
-528 point $-1 -1 $-1 -144.5 23.5 2.2 #
-529 point $-1 -1 $-1 -141.5 23.5 2.2 #
-530 lump $-1 -1 $-1 $677 $678 $3 #
-531 shell $-1 -1 $-1 $-1 $-1 $-1 $679 $401 #
-532 wire $-1 -1 $-1 $-1 $680 $402 $-1 out #
-533 coedge $-1 -1 $-1 $681 $682 $-1 $683 forward $403 0 $-1 #
-534 coedge $-1 -1 $-1 $684 $404 $-1 $685 forward $295 0 $-1 #
-535 coedge $-1 -1 $-1 $404 $684 $-1 $686 forward $295 0 $-1 #
-536 edge $-1 -1 $-1 $687 0 $688 3.14159 $404 $689 forward @7 unknown #
-537 coedge $-1 -1 $-1 $406 $405 $-1 $690 forward $203 0 $-1 #
-538 edge $-1 -1 $-1 $541 -4.4 $691 -1.4 $405 $692 forward @7 unknown #
-539 edge $-1 -1 $-1 $693 -0.1 $540 2.9 $406 $694 forward @7 unknown #
-540 vertex $-1 -1 $-1 $407 0 $695 #
-541 vertex $-1 -1 $-1 $407 1 $696 #
-542 ellipse-curve $-1 -1 $-1 -126 139.5 2.2 0 0 1 0.15 0 0 1 I I #
-543 edge $-1 -1 $-1 $544 0 $546 3.14159 $408 $697 forward @7 unknown #
-544 vertex $-1 -1 $-1 $409 1 $698 #
-545 straight-curve $-1 -1 $-1 -144.5 95.5 2.2 0 -1 0 I I #
-546 vertex $-1 -1 $-1 $543 1 $699 #
-547 straight-curve $-1 -1 $-1 -141.5 110.5 2.2 0 1 -0 I I #
-548 point $-1 -1 $-1 -141.5 139.5 2.2 #
-549 point $-1 -1 $-1 -144.5 139.5 2.2 #
-550 ellipse-curve $-1 -1 $-1 -143 23.5 2.2 0 0 1 -0.15 0 0 1 I I #
-551 point $-1 -1 $-1 -144.5 23.5 2.2 #
-552 point $-1 -1 $-1 -141.5 23.5 2.2 #
-553 NMx_blend_tag-NMx_Brep_Name_tag-NMx_Brep_tag-NamingMatching-attrib $-1 -1 $-1 $-1 $425 42 1 1446 -1 1 1 152 0 0 0 0 #
-554 loop $-1 -1 $-1 $-1 $700 $425 #
-555 cone-surface $-1 -1 $-1 -20 150 2.2 0 -0 -1 -1.41421 -1.41421 0 1 I I 0 -1 2 forward I I I I #
-556 coedge $-1 -1 $-1 $701 $702 $703 $704 forward $426 0 $-1 #
-557 coedge $-1 -1 $-1 $576 $482 $429 $558 reversed $627 0 $-1 #
-558 edge $-1 5436 $-1 $559 -0.22 $561 0 $557 $705 forward @7 tangent #
-559 vertex $-1 -1 $-1 $430 1 $706 #
-560 ellipse-curve $-1 -1 $-1 -186 141.5 0 -0 -0 -1 1.41421 -1.41421 0 1 I I #
-561 vertex $-1 -1 $-1 $483 0 $707 #
-562 ellipse-curve $-1 -1 $-1 -186 141.5 2.2 0 0 1 1.41421 -1.41421 0 1 I I #
-563 point $-1 -1 $-1 -166.974 135.333 2.2 #
-564 coedge $-1 -1 $-1 $435 $703 $437 $567 forward $105 0 $-1 #
-565 ellipse-curve $-1 -1 $-1 -128.923 123 2.2 -0 -0 -1 0 -4 0 1 I I #
-566 coedge $-1 -1 $-1 $438 $437 $702 $708 reversed $439 0 $-1 #
-567 edge $709 5468 $-1 $710 5.93827 $440 12.8923 $437 $711 forward @7 unknown #
-568 face $712 62 $-1 $-1 $439 $10 $-1 $713 forward single #
-569 point $-1 -1 $-1 -128.923 163 2.2 #
-570 coedge $-1 -1 $-1 $714 $442 $715 $716 reversed $243 0 $-1 #
-571 coedge $-1 -1 $-1 $702 $701 $442 $572 forward $426 0 $-1 #
-572 edge $-1 5428 $-1 $717 1.7467 $574 3.14159 $442 $718 forward @7 unknown #
-573 NMx_Generated_Brep_tag-NMx_Brep_Name_tag-NMx_Brep_tag-NamingMatching-attrib $-1 -1 $-1 $-1 $443 42 1 62 -1 5 0 2 #
-574 vertex $-1 -1 $-1 $443 0 $719 #
-575 straight-curve $-1 -1 $-1 0 163 0 -1 -0 -0 F -0 F 24.2 #
-576 coedge $-1 -1 $-1 $626 $557 $444 $577 reversed $627 0 $-1 #
-577 edge $-1 317 $-1 $720 -9.85 $559 -4.25 $444 $721 forward @7 unknown #
-578 loop $-1 -1 $-1 $722 $723 $35 #
-579 coedge $-1 -1 $-1 $579 $579 $724 $725 forward $447 0 $-1 #
-580 coedge $-1 -1 $-1 $580 $580 $448 $581 reversed $726 0 $-1 #
-581 edge $-1 5386 $-1 $727 -3.14159 $727 3.14159 $448 $728 forward @7 unknown #
-582 vertex $-1 -1 $-1 $450 0 $729 #
-583 ellipse-curve $-1 -1 $-1 -191 114.5 0 0 0 1 -0.2 0 0 1 I I #
-584 loop $-1 -1 $-1 $-1 $730 $585 #
-585 face $731 5314 $-1 $732 $451 $10 $-1 $733 reversed single #
-586 point $-1 -1 $-1 -189 48.5 0 #
-587 coedge $-1 -1 $-1 $587 $587 $734 $735 reversed $454 0 $-1 #
-588 NMx_Sweep_Generated_Brep_tag-NMx_Brep_Name_tag-NMx_Brep_tag-NamingMatching-attrib $-1 -1 $736 $-1 $455 42 1 1299 -1 48 0 20 0 0 0 0 0 0 0 #
-589 face $737 5360 $-1 $738 $739 $10 $-1 $740 reversed single #
-590 cone-surface $-1 -1 $-1 -76 92.5 2.2 0 0 -1 -0.15 0 0 1 I I 0 1 0.15 forward I I I I #
-591 coedge $-1 -1 $-1 $591 $591 $457 $592 forward $741 0 $-1 #
-592 edge $-1 5524 $-1 $742 -3.14159 $742 3.14159 $457 $743 forward @7 unknown #
-593 NMx_Feature_Orientation-NamingMatching-attrib $-1 -1 $-1 $458 $340 42 $744 $745 #
-594 NMx_blend_tag-NMx_Brep_Name_tag-NMx_Brep_tag-NamingMatching-attrib $-1 -1 $-1 $-1 $459 42 1 1382 -1 1 1 66 0 0 0 0 #
-595 face $746 5356 $-1 $747 $748 $10 $-1 $749 reversed single #
-596 loop $-1 -1 $-1 $750 $751 $459 #
-597 cone-surface $-1 -1 $-1 -56 91.5 1.45 0 0 1 -0.225 0 0 1 I I -0.707107 -0.707107 0.225 forward I I I I #
-598 coedge $-1 -1 $-1 $461 $714 $752 $753 reversed $243 0 $-1 #
-599 coedge $-1 -1 $-1 $618 $617 $461 $600 reversed $619 0 $-1 #
-600 edge $-1 320 $-1 $754 -8.05 $601 -6.05 $461 $755 forward @7 unknown #
-601 vertex $-1 -1 $-1 $463 1 $756 #
-602 ellipse-curve $-1 -1 $-1 -20 13 0 -0 -0 -1 -1.41421 1.41421 0 1 I I #
-603 point $-1 -1 $-1 -39.6914 16.5 0 #
-604 coedge $-1 -1 $-1 $485 $484 $466 $605 forward $486 0 $-1 #
-605 edge $757 345 $-1 $720 4.15 $606 12.15 $604 $758 forward @7 unknown #
-606 vertex $-1 -1 $-1 $490 0 $759 #
-607 straight-curve $-1 -1 $-1 -181.5 41.5 0 -1 0 0 I I #
-608 NMx_Sweep_Generated_Brep_tag-NMx_Brep_Name_tag-NMx_Brep_tag-NamingMatching-attrib $-1 -1 $-1 $471 $353 42 1 236 -1 32 0 20 0 0 0 0 0 0 0 #
-609 straight-curve $-1 -1 $-1 -242 -1.77636e-14 2.2 -0 -0 -1 I I #
-610 NMx_Feature_Orientation-NamingMatching-attrib $-1 -1 $760 $-1 $472 42 $761 $-1 #
-611 face $762 5300 $-1 $763 $764 $10 $-1 $765 forward single #
-612 loop $-1 -1 $-1 $-1 $766 $472 #
-613 plane-surface $-1 -1 $-1 0 130 2.2 0 -1 0 -1 -0 -0 forward_v I I I I #
-614 coedge $-1 -1 $-1 $767 $474 $768 $769 forward $105 0 $-1 #
-615 coedge $-1 -1 $-1 $770 $771 $474 $616 reversed $772 0 $-1 #
-616 edge $773 342 $-1 $621 3.3 $774 13 $615 $775 forward @7 unknown #
-617 coedge $-1 -1 $-1 $599 $475 $477 $623 reversed $619 0 $-1 #
-618 coedge $-1 -1 $-1 $475 $599 $770 $776 reversed $619 0 $-1 #
-619 loop $-1 -1 $-1 $-1 $617 $777 #
-620 NMx_Matched_Entity-NamingMatching-attrib $-1 -1 $-1 $-1 $476 42 1 827 -1 17 0 #
-621 vertex $778 -1 $-1 $616 0 $779 #
-622 straight-curve $-1 -1 $-1 -80.5 33 2.2 1 1.11022e-16 -0 I I #
-623 edge $-1 5440 $-1 $601 -0.22 $478 0 $617 $780 forward @7 tangent #
-624 point $-1 -1 $-1 -20 33 2.2 #
-625 straight-curve $-1 -1 $-1 -39.6914 16.5 2.2 0 -0 2 F -0.11 F 0 #
-626 coedge $-1 -1 $-1 $482 $576 $484 $630 reversed $627 0 $-1 #
-627 loop $-1 -1 $-1 $-1 $557 $781 #
-628 NMx_Matched_Entity-NamingMatching-attrib $-1 -1 $-1 $-1 $483 42 1 1144 -1 23 0 #
-629 straight-curve $-1 -1 $-1 -143.5 121.5 2.2 -1 2.33731e-16 0 I I #
-630 edge $-1 318 $-1 $488 -0.11 $720 0.11 $484 $782 forward @7 unknown #
-631 face $783 61 $-1 $568 $486 $10 $-1 $784 forward single #
-632 NMx_Sweep_Generated_Brep_tag-NMx_Brep_Name_tag-NMx_Brep_tag-NamingMatching-attrib $-1 -1 $-1 $487 $363 42 1 62 -1 8 0 10 0 0 0 0 0 0 0 #
-633 NMx_Matched_Entity-NamingMatching-attrib $-1 -1 $785 $-1 $488 42 1 1140 -1 22 1 #
-634 point $-1 -1 $-1 -242 121.5 2.2 #
-635 straight-curve $-1 -1 $-1 -242 41.5 1.1 0 -0 1 I I #
-636 NMx_Matched_Entity-NamingMatching-attrib $-1 -1 $-1 $491 $366 42 1 1160 -1 25 1 #
-637 loop $-1 -1 $-1 $786 $787 $175 #
-638 coedge $-1 -1 $-1 $638 $638 $788 $789 reversed $493 0 $-1 #
-639 coedge $-1 -1 $-1 $639 $639 $494 $640 forward $790 0 $-1 #
-640 edge $-1 5472 $-1 $791 -3.14159 $791 3.14159 $494 $792 forward @7 unknown #
-641 loop $-1 -1 $-1 $-1 $495 $732 #
-642 vertex $-1 -1 $-1 $496 0 $793 #
-643 ellipse-curve $-1 -1 $-1 -218.5 48.5 2.2 0 0 1 -0.35 0 0 1 I I #
-644 point $-1 -1 $-1 -215 114.5 2.2 #
-645 NMx_Matched_Entity-NamingMatching-attrib $-1 -1 $794 $500 $175 42 1 257 -1 1 1 #
-646 straight-curve $-1 -1 $-1 -189 114.5 2.2 -0 -0 -1 I I #
-647 ellipse-curve $-1 -1 $-1 -191 114.5 2.2 0 0 -1 -0.2 -0 -0 1 I I #
-648 NMx_Sweep_Generated_Brep_tag-NMx_Brep_Name_tag-NMx_Brep_tag-NamingMatching-attrib $-1 -1 $795 $-1 $503 42 1 1299 -1 70 0 20 0 0 0 0 0 0 0 #
-649 face $796 5313 $-1 $585 $797 $10 $-1 $798 forward single #
-650 loop $-1 -1 $-1 $799 $800 $503 #
-651 cone-surface $-1 -1 $-1 -218.5 114.5 2.2 0 0 -1 -0.2 0 0 1 I I 0 1 0.2 forward I I I I #
-652 coedge $-1 -1 $-1 $652 $652 $801 $802 forward $504 0 $-1 #
-653 coedge $-1 -1 $-1 $653 $653 $803 $804 reversed $506 0 $-1 #
-654 lump $-1 -1 $-1 $-1 $805 $2 #
-655 shell $-1 -1 $-1 $-1 $-1 $-1 $806 $507 #
-656 wire $-1 -1 $-1 $-1 $807 $508 $-1 out #
-657 coedge $-1 -1 $-1 $808 $809 $-1 $810 forward $509 0 $-1 #
-658 coedge $-1 -1 $-1 $811 $510 $-1 $812 forward $380 0 $-1 #
-659 coedge $-1 -1 $-1 $510 $811 $-1 $813 forward $380 0 $-1 #
-660 edge $-1 -1 $-1 $814 0 $815 3.14159 $510 $816 forward @7 unknown #
-661 coedge $-1 -1 $-1 $512 $511 $-1 $817 forward $272 0 $-1 #
-662 edge $-1 -1 $-1 $665 -0.1 $818 2.9 $511 $819 forward @7 unknown #
-663 edge $-1 -1 $-1 $820 -4.4 $664 -1.4 $512 $821 forward @7 unknown #
-664 vertex $-1 -1 $-1 $513 0 $822 #
-665 vertex $-1 -1 $-1 $513 1 $823 #
-666 ellipse-curve $-1 -1 $-1 -126 53.5 2.2 0 0 1 0.15 0 0 1 I I #
-667 edge $-1 -1 $-1 $668 0 $670 3.14159 $514 $824 forward @7 unknown #
-668 vertex $-1 -1 $-1 $515 1 $825 #
-669 straight-curve $-1 -1 $-1 -127.5 95.5 2.2 0 -1 0 I I #
-670 vertex $-1 -1 $-1 $667 1 $826 #
-671 straight-curve $-1 -1 $-1 -124.5 110.5 2.2 0 1 -0 I I #
-672 point $-1 -1 $-1 -124.5 139.5 2.2 #
-673 point $-1 -1 $-1 -127.5 139.5 2.2 #
-674 ellipse-curve $-1 -1 $-1 -143 109.5 2.2 0 0 1 -0.15 0 0 1 I I #
-675 point $-1 -1 $-1 -144.5 109.5 2.2 #
-676 point $-1 -1 $-1 -141.5 109.5 2.2 #
-677 lump $-1 -1 $-1 $-1 $827 $3 #
-678 shell $-1 -1 $-1 $-1 $-1 $-1 $828 $530 #
-679 wire $-1 -1 $-1 $-1 $829 $531 $-1 out #
-680 coedge $-1 -1 $-1 $830 $831 $-1 $832 forward $532 0 $-1 #
-681 coedge $-1 -1 $-1 $833 $533 $-1 $834 forward $403 0 $-1 #
-682 coedge $-1 -1 $-1 $533 $833 $-1 $835 forward $403 0 $-1 #
-683 edge $-1 -1 $-1 $836 0 $837 3.14159 $533 $838 forward @7 unknown #
-684 coedge $-1 -1 $-1 $535 $534 $-1 $839 forward $295 0 $-1 #
-685 edge $-1 -1 $-1 $688 -0.1 $840 2.9 $534 $841 forward @7 unknown #
-686 edge $-1 -1 $-1 $842 -4.4 $687 -1.4 $535 $843 forward @7 unknown #
-687 vertex $-1 -1 $-1 $536 0 $844 #
-688 vertex $-1 -1 $-1 $536 1 $845 #
-689 ellipse-curve $-1 -1 $-1 -126 53.5 2.2 0 0 1 0.15 0 0 1 I I #
-690 edge $-1 -1 $-1 $691 0 $693 3.14159 $537 $846 forward @7 unknown #
-691 vertex $-1 -1 $-1 $538 1 $847 #
-692 straight-curve $-1 -1 $-1 -127.5 95.5 2.2 0 -1 0 I I #
-693 vertex $-1 -1 $-1 $690 1 $848 #
-694 straight-curve $-1 -1 $-1 -124.5 110.5 2.2 0 1 -0 I I #
-695 point $-1 -1 $-1 -124.5 139.5 2.2 #
-696 point $-1 -1 $-1 -127.5 139.5 2.2 #
-697 ellipse-curve $-1 -1 $-1 -143 109.5 2.2 0 0 1 -0.15 0 0 1 I I #
-698 point $-1 -1 $-1 -144.5 109.5 2.2 #
-699 point $-1 -1 $-1 -141.5 109.5 2.2 #
-700 coedge $-1 -1 $-1 $849 $715 $701 $850 reversed $554 0 $-1 #
-701 coedge $-1 -1 $-1 $571 $556 $700 $850 forward $426 0 $-1 #
-702 coedge $-1 -1 $-1 $556 $571 $566 $708 forward $426 0 $-1 #
-703 coedge $-1 -1 $-1 $564 $767 $556 $704 reversed $105 0 $-1 #
-704 edge $-1 5442 $-1 $710 -3.14159 $851 -1.7467 $703 $852 forward @7 unknown #
-705 straight-curve $-1 -1 $-1 -186 121.5 2.2 -0 -0 1 F -6.42 F 6.2 #
-706 point $-1 -1 $-1 -186 121.5 0 #
-707 point $-1 -1 $-1 -186 121.5 2.2 #
-708 edge $-1 5444 $-1 $574 -0.11 $710 0 $566 $853 forward @7 tangent #
-709 NMx_Matched_Entity-NamingMatching-attrib $-1 -1 $854 $-1 $567 42 1 117 -1 5 0 #
-710 vertex $-1 -1 $-1 $567 0 $855 #
-711 straight-curve $-1 -1 $-1 0 163 2.2 -1 -0 -0 I I #
-712 NMx_Feature_Orientation-NamingMatching-attrib $-1 -1 $856 $-1 $568 42 $89 $-1 #
-713 plane-surface $-1 -1 $-1 -9.98087e-15 163 0 0 1 0 -1 -0 -0 forward_v I I I I #
-714 coedge $-1 -1 $-1 $598 $570 $857 $858 forward $243 0 $-1 #
-715 coedge $-1 -1 $-1 $700 $859 $570 $716 forward $554 0 $-1 #
-716 edge $-1 5429 $-1 $860 -0.785398 $717 0.609492 $715 $861 forward @7 unknown #
-717 vertex $-1 -1 $-1 $850 1 $862 #
-718 ellipse-curve $-1 -1 $-1 -59.3827 143 0 0 0 1 0 -2 0 1 I I #
-719 point $-1 -1 $-1 -59.3827 163 0 #
-720 vertex $-1 -1 $-1 $605 0 $863 #
-721 straight-curve $-1 -1 $-1 -143.5 121.5 0 1 -2.33731e-16 0 I I #
-722 loop $-1 -1 $-1 $864 $865 $35 #
-723 coedge $-1 -1 $-1 $723 $723 $866 $867 forward $578 0 $-1 #
-724 coedge $-1 -1 $-1 $724 $724 $579 $725 reversed $868 0 $-1 #
-725 edge $-1 5387 $-1 $869 -3.14159 $869 3.14159 $579 $870 forward @7 unknown #
-726 loop $-1 -1 $-1 $871 $580 $872 #
-727 vertex $-1 -1 $-1 $581 0 $873 #
-728 ellipse-curve $-1 -1 $-1 -56 71.5 0 0 0 1 -0.15 0 0 1 I I #
-729 point $-1 -1 $-1 -189 114.5 0 #
-730 coedge $-1 -1 $-1 $730 $730 $874 $875 reversed $584 0 $-1 #
-731 NMx_Sweep_Generated_Brep_tag-NMx_Brep_Name_tag-NMx_Brep_tag-NamingMatching-attrib $-1 -1 $876 $-1 $585 42 1 1299 -1 85 0 20 0 0 0 0 0 0 0 #
-732 face $877 5315 $-1 $878 $879 $10 $-1 $880 forward single #
-733 cone-surface $-1 -1 $-1 -191 48.5 2.2 0 0 -1 -0.2 0 0 1 I I 0 1 0.2 forward I I I I #
-734 coedge $-1 -1 $-1 $734 $734 $587 $735 forward $881 0 $-1 #
-735 edge $-1 5526 $-1 $882 -3.14159 $882 3.14159 $587 $883 forward @7 unknown #
-736 NMx_Feature_Orientation-NamingMatching-attrib $-1 -1 $-1 $588 $455 42 $884 $885 #
-737 NMx_Sweep_Generated_Brep_tag-NMx_Brep_Name_tag-NMx_Brep_tag-NamingMatching-attrib $-1 -1 $886 $-1 $589 42 1 1299 -1 54 0 20 0 0 0 0 0 0 0 #
-738 face $887 5361 $-1 $888 $889 $10 $-1 $890 forward single #
-739 loop $-1 -1 $-1 $891 $892 $589 #
-740 cone-surface $-1 -1 $-1 -81 94.5 2.2 0 0 -1 -0.15 0 0 1 I I 0 1 0.15 forward I I I I #
-741 loop $-1 -1 $-1 $-1 $591 $893 #
-742 vertex $-1 -1 $-1 $592 0 $894 #
-743 ellipse-curve $-1 -1 $-1 -76 70.5 0.7 -0 -0 -1 -0.15 0 0 1 I I #
-744 straight-curve $-1 -1 $-1 -74.5 70.5 2.2 -0 -0 -1 I I #
-745 ellipse-curve $-1 -1 $-1 -76 70.5 2.2 0 0 -1 -0.15 -0 -0 1 I I #
-746 NMx_Sweep_Generated_Brep_tag-NMx_Brep_Name_tag-NMx_Brep_tag-NamingMatching-attrib $-1 -1 $895 $-1 $595 42 1 1299 -1 44 0 20 0 0 0 0 0 0 0 #
-747 face $896 5357 $-1 $897 $881 $10 $-1 $898 forward single #
-748 loop $-1 -1 $-1 $899 $900 $595 #
-749 cone-surface $-1 -1 $-1 -56 91.5 2.2 0 0 -1 -0.15 0 0 1 I I 0 1 0.15 forward I I I I #
-750 loop $-1 -1 $-1 $-1 $901 $459 #
-751 coedge $-1 -1 $-1 $751 $751 $902 $903 forward $596 0 $-1 #
-752 coedge $-1 -1 $-1 $771 $770 $598 $753 forward $772 0 $-1 #
-753 edge $904 341 $-1 $754 3.3 $905 13 $752 $906 forward @7 unknown #
-754 vertex $-1 -1 $-1 $753 0 $907 #
-755 straight-curve $-1 -1 $-1 -80.5 33 0 -1 -1.11022e-16 0 I I #
-756 point $-1 -1 $-1 -20 33 0 #
-757 NMx_Generated_Brep_tag-NMx_Brep_Name_tag-NMx_Brep_tag-NamingMatching-attrib $-1 -1 $-1 $-1 $605 42 1 62 -1 8 0 2 #
-758 straight-curve $-1 -1 $-1 -242 163 0 -0 -1 -0 F -0 F 16.3 #
-759 point $-1 -1 $-1 -242 41.5 0 #
-760 NMx_Sweep_Generated_Brep_tag-NMx_Brep_Name_tag-NMx_Brep_tag-NamingMatching-attrib $-1 -1 $-1 $610 $472 42 1 236 -1 17 0 20 0 0 0 0 0 0 0 #
-761 straight-curve $-1 -1 $-1 -9.98087e-15 163 2.2 -0 -0 -1 I I #
-762 NMx_blend_tag-NMx_Brep_Name_tag-NMx_Brep_tag-NamingMatching-attrib $-1 -1 $-1 $-1 $611 42 1 1416 -1 1 1 144 0 0 0 0 #
-763 face $908 5301 $-1 $909 $910 $10 $-1 $911 reversed single #
-764 loop $-1 -1 $-1 $-1 $912 $611 #
-765 cone-surface $-1 -1 $-1 -38 48.5 2.2 -0 -0 -1 -0.353553 -0.353553 0 1 I I 0 -1 0.5 forward I I I I #
-766 coedge $-1 -1 $-1 $768 $857 $859 $913 reversed $612 0 $-1 #
-767 coedge $-1 -1 $-1 $703 $614 $849 $914 reversed $105 0 $-1 #
-768 coedge $-1 -1 $-1 $915 $766 $614 $769 reversed $612 0 $-1 #
-769 edge $916 329 $-1 $774 -6.05 $917 -4.05 $614 $918 forward @7 unknown #
-770 coedge $-1 -1 $-1 $752 $615 $618 $776 forward $772 0 $-1 #
-771 coedge $-1 -1 $-1 $615 $752 $915 $919 forward $772 0 $-1 #
-772 loop $-1 -1 $-1 $-1 $770 $920 #
-773 NMx_Matched_Entity-NamingMatching-attrib $-1 -1 $921 $-1 $616 42 1 1201 -1 11 0 #
-774 vertex $922 -1 $-1 $919 1 $923 #
-775 straight-curve $-1 -1 $-1 0 0 2.2 -6.12323e-17 1 0 I I #
-776 edge $-1 321 $-1 $621 -0.11 $754 0.11 $770 $924 forward @7 unknown #
-777 face $925 304 $-1 $920 $619 $10 $-1 $926 reversed single #
-778 NMx_Matched_Entity-NamingMatching-attrib $-1 -1 $927 $-1 $621 42 1 823 -1 8 1 #
-779 point $-1 -1 $-1 0 33 2.2 #
-780 straight-curve $-1 -1 $-1 -20 33 2.2 0 -0 1 F -6.42 F 6.2 #
-781 face $928 303 $-1 $777 $627 $10 $-1 $929 reversed single #
-782 straight-curve $-1 -1 $-1 -242 121.5 1.1 0 0 -1 I I #
-783 NMx_Feature_Orientation-NamingMatching-attrib $-1 -1 $930 $-1 $631 42 $89 $-1 #
-784 plane-surface $-1 -1 $-1 -242 163 0 -1 0 0 -0 -1 -0 forward_v I I I I #
-785 NMx_Matched_Entity-NamingMatching-attrib $-1 -1 $931 $633 $488 42 1 1144 -1 22 1 #
-786 loop $-1 -1 $-1 $932 $933 $175 #
-787 coedge $-1 -1 $-1 $787 $787 $934 $935 reversed $637 0 $-1 #
-788 coedge $-1 -1 $-1 $788 $788 $638 $789 forward $936 0 $-1 #
-789 edge $-1 5473 $-1 $937 -3.14159 $937 3.14159 $638 $938 forward @7 unknown #
-790 loop $-1 -1 $-1 $-1 $639 $939 #
-791 vertex $-1 -1 $-1 $640 0 $940 #
-792 ellipse-curve $-1 -1 $-1 -24 36.5 2.2 0 0 1 -0.3 0 0 1 I I #
-793 point $-1 -1 $-1 -215 48.5 2.2 #
-794 NMx_Matched_Entity-NamingMatching-attrib $-1 -1 $-1 $645 $175 42 1 806 -1 1 1 #
-795 NMx_Feature_Orientation-NamingMatching-attrib $-1 -1 $-1 $648 $503 42 $941 $942 #
-796 NMx_blend_tag-NMx_Brep_Name_tag-NMx_Brep_tag-NamingMatching-attrib $-1 -1 $-1 $-1 $649 42 1 1405 -1 1 1 129 0 0 0 0 #
-797 loop $-1 -1 $-1 $943 $874 $649 #
-798 cone-surface $-1 -1 $-1 -191 48.5 1.45 0 0 1 -0.275 0 0 1 I I -0.707107 -0.707107 0.275 forward I I I I #
-799 loop $-1 -1 $-1 $-1 $801 $503 #
-800 coedge $-1 -1 $-1 $800 $800 $944 $945 reversed $650 0 $-1 #
-801 coedge $-1 -1 $-1 $801 $801 $652 $802 reversed $799 0 $-1 #
-802 edge $-1 5502 $-1 $946 -3.14159 $946 3.14159 $801 $947 forward @7 unknown #
-803 coedge $-1 -1 $-1 $803 $803 $653 $804 forward $948 0 $-1 #
-804 edge $-1 5465 $-1 $949 -3.14159 $949 3.14159 $653 $950 forward @7 unknown #
-805 shell $-1 -1 $-1 $-1 $-1 $-1 $951 $654 #
-806 wire $-1 -1 $-1 $-1 $952 $655 $-1 out #
-807 coedge $-1 -1 $-1 $953 $954 $-1 $955 forward $656 0 $-1 #
-808 coedge $-1 -1 $-1 $956 $657 $-1 $957 forward $509 0 $-1 #
-809 coedge $-1 -1 $-1 $657 $956 $-1 $958 forward $509 0 $-1 #
-810 edge $-1 -1 $-1 $959 0 $960 3.14159 $657 $961 forward @7 unknown #
-811 coedge $-1 -1 $-1 $659 $658 $-1 $962 forward $380 0 $-1 #
-812 edge $-1 -1 $-1 $815 -5.4 $963 -1.4 $658 $964 forward @7 unknown #
-813 edge $-1 -1 $-1 $965 -0.6 $814 3.4 $659 $966 forward @7 unknown #
-814 vertex $-1 -1 $-1 $660 0 $967 #
-815 vertex $-1 -1 $-1 $660 1 $968 #
-816 ellipse-curve $-1 -1 $-1 -92 149.5 2.2 0 0 1 0.15 0 0 1 I I #
-817 edge $-1 -1 $-1 $818 0 $820 3.14159 $661 $969 forward @7 unknown #
-818 vertex $-1 -1 $-1 $662 1 $970 #
-819 straight-curve $-1 -1 $-1 -127.5 52.5 2.2 0 -1 0 I I #
-820 vertex $-1 -1 $-1 $817 1 $971 #
-821 straight-curve $-1 -1 $-1 -124.5 67.5 2.2 5.92119e-16 1 -0 I I #
-822 point $-1 -1 $-1 -124.5 53.5 2.2 #
-823 point $-1 -1 $-1 -127.5 53.5 2.2 #
-824 ellipse-curve $-1 -1 $-1 -126 109.5 2.2 0 0 1 -0.15 0 0 1 I I #
-825 point $-1 -1 $-1 -127.5 109.5 2.2 #
-826 point $-1 -1 $-1 -124.5 109.5 2.2 #
-827 shell $-1 -1 $-1 $-1 $-1 $-1 $972 $677 #
-828 wire $-1 -1 $-1 $-1 $973 $678 $-1 out #
-829 coedge $-1 -1 $-1 $974 $975 $-1 $976 forward $679 0 $-1 #
-830 coedge $-1 -1 $-1 $977 $680 $-1 $978 forward $532 0 $-1 #
-831 coedge $-1 -1 $-1 $680 $977 $-1 $979 forward $532 0 $-1 #
-832 edge $-1 -1 $-1 $980 0 $981 3.14159 $680 $982 forward @7 unknown #
-833 coedge $-1 -1 $-1 $682 $681 $-1 $983 forward $403 0 $-1 #
-834 edge $-1 -1 $-1 $837 -5.4 $984 -1.4 $681 $985 forward @7 unknown #
-835 edge $-1 -1 $-1 $986 -0.6 $836 3.4 $682 $987 forward @7 unknown #
-836 vertex $-1 -1 $-1 $683 0 $988 #
-837 vertex $-1 -1 $-1 $683 1 $989 #
-838 ellipse-curve $-1 -1 $-1 -92 149.5 2.2 0 0 1 0.15 0 0 1 I I #
-839 edge $-1 -1 $-1 $840 0 $842 3.14159 $684 $990 forward @7 unknown #
-840 vertex $-1 -1 $-1 $685 1 $991 #
-841 straight-curve $-1 -1 $-1 -127.5 52.5 2.2 0 -1 0 I I #
-842 vertex $-1 -1 $-1 $839 1 $992 #
-843 straight-curve $-1 -1 $-1 -124.5 67.5 2.2 5.92119e-16 1 -0 I I #
-844 point $-1 -1 $-1 -124.5 53.5 2.2 #
-845 point $-1 -1 $-1 -127.5 53.5 2.2 #
-846 ellipse-curve $-1 -1 $-1 -126 109.5 2.2 0 0 1 -0.15 0 0 1 I I #
-847 point $-1 -1 $-1 -127.5 109.5 2.2 #
-848 point $-1 -1 $-1 -124.5 109.5 2.2 #
-849 coedge $-1 -1 $-1 $859 $700 $767 $914 forward $554 0 $-1 #
-850 edge $-1 5443 $-1 $851 0 $717 0.11 $700 $993 forward @7 tangent #
-851 vertex $-1 -1 $-1 $914 0 $994 #
-852 ellipse-curve $-1 -1 $-1 -59.3827 143 2.2 -0 -0 -1 0 -2 0 1 I I #
-853 straight-curve $-1 -1 $-1 -59.3827 163 2.2 -0 0 2 F -0.11 F 0 #
-854 NMx_Sweep_Generated_Brep_tag-NMx_Brep_Name_tag-NMx_Brep_tag-NamingMatching-attrib $-1 -1 $-1 $709 $567 42 1 62 -1 5 0 10 0 0 0 0 0 0 0 #
-855 point $-1 -1 $-1 -59.3827 163 2.2 #
-856 NMx_Sweep_Generated_Brep_tag-NMx_Brep_Name_tag-NMx_Brep_tag-NamingMatching-attrib $-1 -1 $-1 $712 $568 42 1 62 -1 5 0 20 0 0 0 0 0 0 0 #
-857 coedge $-1 -1 $-1 $766 $915 $714 $858 reversed $612 0 $-1 #
-858 edge $-1 5430 $-1 $860 4.05 $905 6.05 $714 $995 forward @7 unknown #
-859 coedge $-1 -1 $-1 $715 $849 $766 $913 forward $554 0 $-1 #
-860 vertex $-1 -1 $-1 $858 0 $996 #
-861 ellipse-curve $-1 -1 $-1 -20 150 0 -0 -0 -1 -1.41421 -1.41421 0 1 I I #
-862 point $-1 -1 $-1 -39.6914 146.5 0 #
-863 point $-1 -1 $-1 -242 121.5 0 #
-864 loop $-1 -1 $-1 $997 $998 $35 #
-865 coedge $-1 -1 $-1 $865 $865 $999 $1000 forward $722 0 $-1 #
-866 coedge $-1 -1 $-1 $866 $866 $723 $867 reversed $1001 0 $-1 #
-867 edge $-1 5388 $-1 $1002 -3.14159 $1002 3.14159 $723 $1003 forward @7 unknown #
-868 loop $-1 -1 $-1 $1004 $724 $1005 #
-869 vertex $-1 -1 $-1 $725 0 $1006 #
-870 ellipse-curve $-1 -1 $-1 -24 36.5 0 0 0 1 -0.15 0 0 1 I I #
-871 loop $-1 -1 $-1 $-1 $1007 $872 #
-872 face $1008 5350 $-1 $1009 $726 $10 $-1 $1010 reversed single #
-873 point $-1 -1 $-1 -54.5 71.5 0 #
-874 coedge $-1 -1 $-1 $874 $874 $730 $875 forward $797 0 $-1 #
-875 edge $-1 5503 $-1 $1011 -3.14159 $1011 3.14159 $730 $1012 forward @7 unknown #
-876 NMx_Feature_Orientation-NamingMatching-attrib $-1 -1 $-1 $731 $585 42 $1013 $1014 #
-877 NMx_blend_tag-NMx_Brep_Name_tag-NMx_Brep_tag-NamingMatching-attrib $-1 -1 $-1 $-1 $732 42 1 1405 -1 1 1 126 0 0 0 0 #
-878 face $1015 5316 $-1 $1016 $1017 $10 $-1 $1018 reversed single #
-879 loop $-1 -1 $-1 $641 $1019 $732 #
-880 cone-surface $-1 -1 $-1 -218.5 48.5 1.45 0 0 1 -0.275 0 0 1 I I -0.707107 -0.707107 0.275 forward I I I I #
-881 loop $-1 -1 $-1 $1020 $734 $747 #
-882 vertex $-1 -1 $-1 $735 0 $1021 #
-883 ellipse-curve $-1 -1 $-1 -76 92.5 0.7 -0 -0 -1 -0.15 0 0 1 I I #
-884 straight-curve $-1 -1 $-1 -74.5 92.5 2.2 -0 -0 -1 I I #
-885 ellipse-curve $-1 -1 $-1 -76 92.5 2.2 0 0 -1 -0.15 -0 -0 1 I I #
-886 NMx_Feature_Orientation-NamingMatching-attrib $-1 -1 $-1 $737 $589 42 $1022 $1023 #
-887 NMx_blend_tag-NMx_Brep_Name_tag-NMx_Brep_tag-NamingMatching-attrib $-1 -1 $-1 $-1 $738 42 1 1382 -1 1 1 57 0 0 0 0 #
-888 face $1024 5362 $-1 $1025 $1026 $10 $-1 $1027 reversed single #
-889 loop $-1 -1 $-1 $1028 $1029 $738 #
-890 cone-surface $-1 -1 $-1 -237.5 49.5 1.45 0 0 1 -0.225 0 0 1 I I -0.707107 -0.707107 0.225 forward I I I I #
-891 loop $-1 -1 $-1 $-1 $1030 $589 #
-892 coedge $-1 -1 $-1 $892 $892 $1031 $1032 reversed $739 0 $-1 #
-893 face $1033 5352 $-1 $1034 $1035 $10 $-1 $1036 forward single #
-894 point $-1 -1 $-1 -74.5 70.5 0.7 #
-895 NMx_Feature_Orientation-NamingMatching-attrib $-1 -1 $-1 $746 $595 42 $1037 $1038 #
-896 NMx_blend_tag-NMx_Brep_Name_tag-NMx_Brep_tag-NamingMatching-attrib $-1 -1 $-1 $-1 $747 42 1 1382 -1 1 1 63 0 0 0 0 #
-897 face $1039 5358 $-1 $455 $1040 $10 $-1 $1041 forward single #
-898 cone-surface $-1 -1 $-1 -76 92.5 1.45 0 0 1 -0.225 0 0 1 I I -0.707107 -0.707107 0.225 forward I I I I #
-899 loop $-1 -1 $-1 $-1 $902 $595 #
-900 coedge $-1 -1 $-1 $900 $900 $1042 $1043 reversed $748 0 $-1 #
-901 coedge $-1 -1 $-1 $901 $901 $1044 $1045 forward $750 0 $-1 #
-902 coedge $-1 -1 $-1 $902 $902 $751 $903 reversed $899 0 $-1 #
-903 edge $-1 5525 $-1 $1046 -3.14159 $1046 3.14159 $902 $1047 forward @7 unknown #
-904 NMx_Generated_Brep_tag-NMx_Brep_Name_tag-NMx_Brep_tag-NamingMatching-attrib $-1 -1 $-1 $-1 $753 42 1 62 -1 6 0 2 #
-905 vertex $-1 -1 $-1 $919 0 $1048 #
-906 straight-curve $-1 -1 $-1 0 0 0 -6.12323e-17 1 -0 F 0 F 16.3 #
-907 point $-1 -1 $-1 0 33 0 #
-908 NMx_Sweep_Generated_Brep_tag-NMx_Brep_Name_tag-NMx_Brep_tag-NamingMatching-attrib $-1 -1 $1049 $-1 $763 42 1 785 -1 8 0 20 0 0 0 0 0 0 0 #
-909 face $1050 5302 $-1 $1051 $1052 $10 $-1 $1053 forward single #
-910 loop $-1 -1 $-1 $-1 $1054 $763 #
-911 plane-surface $-1 -1 $-1 -20 43.5 2.2 -0 -1 -0 -1 0 0 forward_v I I I I #
-912 coedge $-1 -1 $-1 $1055 $1056 $1057 $1058 forward $764 0 $-1 #
-913 edge $-1 5446 $-1 $917 0 $860 0.22 $766 $1059 forward @7 tangent #
-914 edge $-1 5445 $-1 $851 -0.609492 $917 0.785398 $849 $1060 forward @7 unknown #
-915 coedge $-1 -1 $-1 $857 $768 $771 $919 reversed $612 0 $-1 #
-916 NMx_Matched_Entity-NamingMatching-attrib $-1 -1 $1061 $-1 $769 42 1 839 -1 14 0 #
-917 vertex $-1 -1 $-1 $914 1 $1062 #
-918 straight-curve $-1 -1 $-1 -60.5 130 2.2 -1 0 0 I I #
-919 edge $-1 330 $-1 $905 -0.11 $774 0.11 $771 $1063 forward @7 unknown #
-920 face $1064 310 $-1 $631 $772 $10 $-1 $1065 forward single #
-921 NMx_Matched_Entity-NamingMatching-attrib $-1 -1 $1066 $773 $616 42 1 313 -1 11 0 #
-922 NMx_Matched_Entity-NamingMatching-attrib $-1 -1 $1067 $-1 $774 42 1 831 -1 10 1 #
-923 point $-1 -1 $-1 0 130 2.2 #
-924 straight-curve $-1 -1 $-1 -2.22045e-15 33 1.1 -0 0 -1 I I #
-925 NMx_Sweep_Generated_Brep_tag-NMx_Brep_Name_tag-NMx_Brep_tag-NamingMatching-attrib $-1 -1 $1068 $-1 $777 42 1 236 -1 7 0 20 0 0 0 0 0 0 0 #
-926 plane-surface $-1 -1 $-1 -40 33 2.2 -1.11022e-16 1 0 1 1.11022e-16 0 forward_v I I I I #
-927 NMx_Matched_Entity-NamingMatching-attrib $-1 -1 $1069 $778 $621 42 1 827 -1 8 1 #
-928 NMx_Feature_Orientation-NamingMatching-attrib $-1 -1 $1070 $-1 $781 42 $1071 $-1 #
-929 plane-surface $-1 -1 $-1 -166 121.5 2.2 -2.33731e-16 -1 -0 -1 2.33731e-16 0 forward_v I I I I #
-930 NMx_Sweep_Generated_Brep_tag-NMx_Brep_Name_tag-NMx_Brep_tag-NamingMatching-attrib $-1 -1 $-1 $783 $631 42 1 62 -1 8 0 20 0 0 0 0 0 0 0 #
-931 NMx_Matched_Entity-NamingMatching-attrib $-1 -1 $-1 $785 $488 42 1 1160 -1 22 1 #
-932 loop $-1 -1 $-1 $1072 $1073 $175 #
-933 coedge $-1 -1 $-1 $933 $933 $1074 $1075 reversed $786 0 $-1 #
-934 coedge $-1 -1 $-1 $934 $934 $787 $935 forward $1076 0 $-1 #
-935 edge $-1 5474 $-1 $1077 -3.14159 $1077 3.14159 $787 $1078 forward @7 unknown #
-936 loop $-1 -1 $-1 $-1 $788 $1079 #
-937 vertex $-1 -1 $-1 $789 0 $1080 #
-938 ellipse-curve $-1 -1 $-1 -78.5 8 2.2 0 0 1 -0.3 0 0 1 I I #
-939 face $1081 5319 $-1 $1005 $1082 $10 $-1 $1083 forward single #
-940 point $-1 -1 $-1 -21 36.5 2.2 #
-941 straight-curve $-1 -1 $-1 -216.5 114.5 2.2 -0 -0 -1 I I #
-942 ellipse-curve $-1 -1 $-1 -218.5 114.5 2.2 0 0 -1 -0.2 -0 -0 1 I I #
-943 loop $-1 -1 $-1 $-1 $1084 $649 #
-944 coedge $-1 -1 $-1 $944 $944 $800 $945 forward $1085 0 $-1 #
-945 edge $-1 5411 $-1 $1086 -3.14159 $1086 3.14159 $944 $1087 forward @7 unknown #
-946 vertex $-1 -1 $-1 $802 0 $1088 #
-947 ellipse-curve $-1 -1 $-1 -218.5 114.5 0.7 -0 -0 -1 -0.2 0 0 1 I I #
-948 loop $-1 -1 $-1 $1089 $803 $1090 #
-949 vertex $-1 -1 $-1 $804 0 $1091 #
-950 ellipse-curve $-1 -1 $-1 -191 114.5 0.7 -0 -0 -1 -0.2 0 0 1 I I #
-951 wire $-1 -1 $-1 $-1 $1092 $805 $-1 out #
-952 coedge $-1 -1 $-1 $1093 $1094 $-1 $1095 forward $806 0 $-1 #
-953 coedge $-1 -1 $-1 $1096 $807 $-1 $1097 forward $656 0 $-1 #
-954 coedge $-1 -1 $-1 $807 $1096 $-1 $1098 forward $656 0 $-1 #
-955 edge $-1 -1 $-1 $1099 -3.14159 $1100 0 $807 $1101 forward @7 unknown #
-956 coedge $-1 -1 $-1 $809 $808 $-1 $1102 forward $509 0 $-1 #
-957 edge $-1 -1 $-1 $960 -0.6 $1103 3.4 $808 $1104 forward @7 unknown #
-958 edge $-1 -1 $-1 $1105 -5.4 $959 -1.4 $809 $1106 forward @7 unknown #
-959 vertex $-1 -1 $-1 $810 0 $1107 #
-960 vertex $-1 -1 $-1 $810 1 $1108 #
-961 ellipse-curve $-1 -1 $-1 -92 53.5 2.2 0 0 1 0.15 0 0 1 I I #
-962 edge $-1 -1 $-1 $963 0 $965 3.14159 $811 $1109 forward @7 unknown #
-963 vertex $-1 -1 $-1 $812 1 $1110 #
-964 straight-curve $-1 -1 $-1 -93.5 95.5 2.2 0 -1 0 I I #
-965 vertex $-1 -1 $-1 $962 1 $1111 #
-966 straight-curve $-1 -1 $-1 -90.5 115.5 2.2 -4.44089e-16 1 0 I I #
-967 point $-1 -1 $-1 -90.5 149.5 2.2 #
-968 point $-1 -1 $-1 -93.5 149.5 2.2 #
-969 ellipse-curve $-1 -1 $-1 -126 23.5 2.2 0 0 1 -0.15 0 0 1 I I #
-970 point $-1 -1 $-1 -127.5 23.5 2.2 #
-971 point $-1 -1 $-1 -124.5 23.5 2.2 #
-972 wire $-1 -1 $-1 $-1 $1112 $827 $-1 out #
-973 coedge $-1 -1 $-1 $1113 $1114 $-1 $1115 forward $828 0 $-1 #
-974 coedge $-1 -1 $-1 $1116 $829 $-1 $1117 forward $679 0 $-1 #
-975 coedge $-1 -1 $-1 $829 $1116 $-1 $1118 forward $679 0 $-1 #
-976 edge $-1 -1 $-1 $1119 -3.14159 $1120 0 $829 $1121 forward @7 unknown #
-977 coedge $-1 -1 $-1 $831 $830 $-1 $1122 forward $532 0 $-1 #
-978 edge $-1 -1 $-1 $981 -0.6 $1123 3.4 $830 $1124 forward @7 unknown #
-979 edge $-1 -1 $-1 $1125 -5.4 $980 -1.4 $831 $1126 forward @7 unknown #
-980 vertex $-1 -1 $-1 $832 0 $1127 #
-981 vertex $-1 -1 $-1 $832 1 $1128 #
-982 ellipse-curve $-1 -1 $-1 -92 53.5 2.2 0 0 1 0.15 0 0 1 I I #
-983 edge $-1 -1 $-1 $984 0 $986 3.14159 $833 $1129 forward @7 unknown #
-984 vertex $-1 -1 $-1 $834 1 $1130 #
-985 straight-curve $-1 -1 $-1 -93.5 95.5 2.2 0 -1 0 I I #
-986 vertex $-1 -1 $-1 $983 1 $1131 #
-987 straight-curve $-1 -1 $-1 -90.5 115.5 2.2 -4.44089e-16 1 0 I I #
-988 point $-1 -1 $-1 -90.5 149.5 2.2 #
-989 point $-1 -1 $-1 -93.5 149.5 2.2 #
-990 ellipse-curve $-1 -1 $-1 -126 23.5 2.2 0 0 1 -0.15 0 0 1 I I #
-991 point $-1 -1 $-1 -127.5 23.5 2.2 #
-992 point $-1 -1 $-1 -124.5 23.5 2.2 #
-993 straight-curve $-1 -1 $-1 -39.6914 146.5 2.2 0 -0 -2 F 0 F 0.11 #
-994 point $-1 -1 $-1 -39.6914 146.5 2.2 #
-995 straight-curve $-1 -1 $-1 -60.5 130 0 1 0 -0 I I #
-996 point $-1 -1 $-1 -20 130 0 #
-997 loop $-1 -1 $-1 $1132 $1133 $35 #
-998 coedge $-1 -1 $-1 $998 $998 $1134 $1135 forward $864 0 $-1 #
-999 coedge $-1 -1 $-1 $999 $999 $865 $1000 reversed $1136 0 $-1 #
-1000 edge $-1 5389 $-1 $1137 -3.14159 $1137 3.14159 $865 $1138 forward @7 unknown #
-1001 loop $-1 -1 $-1 $1139 $866 $1140 #
-1002 vertex $-1 -1 $-1 $867 0 $1141 #
-1003 ellipse-curve $-1 -1 $-1 -61.5 23 0 0 0 1 -0.15 0 0 1 I I #
-1004 loop $-1 -1 $-1 $-1 $1142 $1005 #
-1005 face $1143 5320 $-1 $1144 $868 $10 $-1 $1145 reversed single #
-1006 point $-1 -1 $-1 -22.5 36.5 0 #
-1007 coedge $-1 -1 $-1 $1007 $1007 $1146 $1147 reversed $871 0 $-1 #
-1008 NMx_Sweep_Generated_Brep_tag-NMx_Brep_Name_tag-NMx_Brep_tag-NamingMatching-attrib $-1 -1 $1148 $-1 $872 42 1 1299 -1 101 0 20 0 0 0 0 0 0 0 #
-1009 face $1149 5351 $-1 $893 $1150 $10 $-1 $1151 forward single #
-1010 cone-surface $-1 -1 $-1 -56 71.5 2.2 0 0 -1 -0.15 0 0 1 I I 0 1 0.15 forward I I I I #
-1011 vertex $-1 -1 $-1 $875 0 $1152 #
-1012 ellipse-curve $-1 -1 $-1 -191 48.5 0.7 -0 -0 -1 -0.2 0 0 1 I I #
-1013 straight-curve $-1 -1 $-1 -189 48.5 2.2 -0 -0 -1 I I #
-1014 ellipse-curve $-1 -1 $-1 -191 48.5 2.2 0 0 -1 -0.2 -0 -0 1 I I #
-1015 NMx_Sweep_Generated_Brep_tag-NMx_Brep_Name_tag-NMx_Brep_tag-NamingMatching-attrib $-1 -1 $1153 $-1 $878 42 1 1299 -1 77 0 20 0 0 0 0 0 0 0 #
-1016 face $1154 5317 $-1 $1155 $1156 $10 $-1 $1157 forward single #
-1017 loop $-1 -1 $-1 $1158 $1159 $878 #
-1018 cone-surface $-1 -1 $-1 -218.5 48.5 2.2 0 0 -1 -0.2 0 0 1 I I 0 1 0.2 forward I I I I #
-1019 coedge $-1 -1 $-1 $1019 $1019 $1160 $1161 forward $879 0 $-1 #
-1020 loop $-1 -1 $-1 $-1 $1162 $747 #
-1021 point $-1 -1 $-1 -74.5 92.5 0.7 #
-1022 straight-curve $-1 -1 $-1 -79.5 94.5 2.2 -0 -0 -1 I I #
-1023 ellipse-curve $-1 -1 $-1 -81 94.5 2.2 0 0 -1 -0.15 -0 -0 1 I I #
-1024 NMx_Sweep_Generated_Brep_tag-NMx_Brep_Name_tag-NMx_Brep_tag-NamingMatching-attrib $-1 -1 $1163 $-1 $888 42 1 1299 -1 79 0 20 0 0 0 0 0 0 0 #
-1025 face $1164 5363 $-1 $1165 $1166 $10 $-1 $1167 forward single #
-1026 loop $-1 -1 $-1 $1168 $1169 $888 #
-1027 cone-surface $-1 -1 $-1 -237.5 49.5 2.2 0 0 -1 -0.15 0 0 1 I I 0 1 0.15 forward I I I I #
-1028 loop $-1 -1 $-1 $-1 $1170 $738 #
-1029 coedge $-1 -1 $-1 $1029 $1029 $1171 $1172 forward $889 0 $-1 #
-1030 coedge $-1 -1 $-1 $1030 $1030 $1173 $1174 reversed $891 0 $-1 #
-1031 coedge $-1 -1 $-1 $1031 $1031 $892 $1032 forward $1175 0 $-1 #
-1032 edge $-1 5413 $-1 $1176 -3.14159 $1176 3.14159 $1031 $1177 forward @7 unknown #
-1033 NMx_blend_tag-NMx_Brep_Name_tag-NMx_Brep_tag-NamingMatching-attrib $-1 -1 $-1 $-1 $893 42 1 1382 -1 1 1 69 0 0 0 0 #
-1034 face $1178 5353 $-1 $340 $1179 $10 $-1 $1180 reversed single #
-1035 loop $-1 -1 $-1 $741 $1181 $893 #
-1036 cone-surface $-1 -1 $-1 -76 70.5 1.45 0 0 1 -0.225 0 0 1 I I -0.707107 -0.707107 0.225 forward I I I I #
-1037 straight-curve $-1 -1 $-1 -54.5 91.5 2.2 -0 -0 -1 I I #
-1038 ellipse-curve $-1 -1 $-1 -56 91.5 2.2 0 0 -1 -0.15 -0 -0 1 I I #
-1039 NMx_blend_tag-NMx_Brep_Name_tag-NMx_Brep_tag-NamingMatching-attrib $-1 -1 $-1 $-1 $897 42 1 1382 -1 1 1 60 0 0 0 0 #
-1040 loop $-1 -1 $-1 $1182 $1183 $897 #
-1041 cone-surface $-1 -1 $-1 -81 94.5 1.45 0 0 1 -0.225 0 0 1 I I -0.707107 -0.707107 0.225 forward I I I I #
-1042 coedge $-1 -1 $-1 $1042 $1042 $900 $1043 forward $1184 0 $-1 #
-1043 edge $-1 5403 $-1 $1185 -3.14159 $1185 3.14159 $1042 $1186 forward @7 unknown #
-1044 coedge $-1 -1 $-1 $1044 $1044 $901 $1045 reversed $1187 0 $-1 #
-1045 edge $-1 5489 $-1 $1188 -3.14159 $1188 3.14159 $1044 $1189 forward @7 unknown #
-1046 vertex $-1 -1 $-1 $903 0 $1190 #
-1047 ellipse-curve $-1 -1 $-1 -56 91.5 0.7 -0 -0 -1 -0.15 0 0 1 I I #
-1048 point $-1 -1 $-1 -7.9602e-15 130 0 #
-1049 NMx_Feature_Orientation-NamingMatching-attrib $-1 -1 $-1 $908 $763 42 $1191 $-1 #
-1050 NMx_blend_tag-NMx_Brep_Name_tag-NMx_Brep_tag-NamingMatching-attrib $-1 -1 $-1 $-1 $909 42 1 1416 -1 1 1 142 0 0 0 0 #
-1051 face $1192 5303 $-1 $1193 $1194 $10 $-1 $1195 reversed single #
-1052 loop $-1 -1 $-1 $-1 $1196 $909 #
-1053 cone-surface $-1 -1 $-1 -25 48.5 2.2 -0 -0 -1 0.353553 -0.353553 0 1 I I 0 -1 0.5 forward I I I I #
-1054 coedge $-1 -1 $-1 $1197 $1198 $1055 $1199 reversed $910 0 $-1 #
-1055 coedge $-1 -1 $-1 $1200 $912 $1054 $1199 forward $764 0 $-1 #
-1056 coedge $-1 -1 $-1 $912 $1200 $1201 $1202 forward $764 0 $-1 #
-1057 coedge $-1 -1 $-1 $1203 $1204 $912 $1058 reversed $1205 0 $-1 #
-1058 edge $-1 5449 $-1 $1206 -0.785398 $1207 0.785398 $912 $1208 forward @7 unknown #
-1059 straight-curve $-1 -1 $-1 -20 130 2.2 0 -0 -1 F -6.2 F 6.42 #
-1060 ellipse-curve $-1 -1 $-1 -20 150 2.2 0 0 1 -1.41421 -1.41421 0 1 I I #
-1061 NMx_Matched_Entity-NamingMatching-attrib $-1 -1 $-1 $916 $769 42 1 323 -1 14 0 #
-1062 point $-1 -1 $-1 -20 130 2.2 #
-1063 straight-curve $-1 -1 $-1 -7.9602e-15 130 1.1 0 0 1 I I #
-1064 NMx_Sweep_Generated_Brep_tag-NMx_Brep_Name_tag-NMx_Brep_tag-NamingMatching-attrib $-1 -1 $1209 $-1 $920 42 1 62 -1 6 0 20 0 0 0 0 0 0 0 #
-1065 plane-surface $-1 -1 $-1 0 0 0 1 6.12323e-17 -0 -6.12323e-17 1 -0 forward_v I I I I #
-1066 NMx_Sweep_Generated_Brep_tag-NMx_Brep_Name_tag-NMx_Brep_tag-NamingMatching-attrib $-1 -1 $-1 $921 $616 42 1 62 -1 6 0 10 0 0 0 0 0 0 0 #
-1067 NMx_Matched_Entity-NamingMatching-attrib $-1 -1 $1210 $922 $774 42 1 839 -1 10 1 #
-1068 NMx_Feature_Orientation-NamingMatching-attrib $-1 -1 $-1 $925 $777 42 $1211 $-1 #
-1069 NMx_Matched_Entity-NamingMatching-attrib $-1 -1 $1212 $927 $621 42 1 1201 -1 8 1 #
-1070 NMx_Sweep_Generated_Brep_tag-NMx_Brep_Name_tag-NMx_Brep_tag-NamingMatching-attrib $-1 -1 $-1 $928 $781 42 1 236 -1 24 0 20 0 0 0 0 0 0 0 #
-1071 straight-curve $-1 -1 $-1 -242 163 2.2 -0 -0 -1 I I #
-1072 loop $-1 -1 $-1 $1213 $1214 $175 #
-1073 coedge $-1 -1 $-1 $1073 $1073 $1215 $1216 reversed $932 0 $-1 #
-1074 coedge $-1 -1 $-1 $1074 $1074 $933 $1075 forward $1217 0 $-1 #
-1075 edge $-1 5475 $-1 $1218 -3.14159 $1218 3.14159 $933 $1219 forward @7 unknown #
-1076 loop $-1 -1 $-1 $-1 $934 $1220 #
-1077 vertex $-1 -1 $-1 $935 0 $1221 #
-1078 ellipse-curve $-1 -1 $-1 -61.5 23 2.2 0 0 1 -0.3 0 0 1 I I #
-1079 face $1222 5323 $-1 $1223 $1224 $10 $-1 $1225 forward single #
-1080 point $-1 -1 $-1 -75.5 8 2.2 #
-1081 NMx_blend_tag-NMx_Brep_Name_tag-NMx_Brep_tag-NamingMatching-attrib $-1 -1 $-1 $-1 $939 42 1 1382 -1 1 1 120 0 0 0 0 #
-1082 loop $-1 -1 $-1 $790 $1226 $939 #
-1083 cone-surface $-1 -1 $-1 -24 36.5 1.45 0 0 1 -0.225 0 0 1 I I -0.707107 -0.707107 0.225 forward I I I I #
-1084 coedge $-1 -1 $-1 $1084 $1084 $1227 $1228 forward $943 0 $-1 #
-1085 loop $-1 -1 $-1 $1229 $944 $35 #
-1086 vertex $-1 -1 $-1 $945 0 $1230 #
-1087 ellipse-curve $-1 -1 $-1 -218.5 114.5 0 0 0 1 -0.2 0 0 1 I I #
-1088 point $-1 -1 $-1 -216.5 114.5 0.7 #
-1089 loop $-1 -1 $-1 $-1 $1231 $1090 #
-1090 face $1232 5308 $-1 $175 $948 $10 $-1 $1233 forward single #
-1091 point $-1 -1 $-1 -189 114.5 0.7 #
-1092 coedge $-1 -1 $-1 $1234 $1235 $-1 $1236 forward $951 0 $-1 #
-1093 coedge $-1 -1 $-1 $1237 $952 $-1 $1238 forward $806 0 $-1 #
-1094 coedge $-1 -1 $-1 $952 $1237 $-1 $1239 forward $806 0 $-1 #
-1095 edge $-1 -1 $-1 $1240 -5.7 $1241 1.9 $952 $1242 forward @7 unknown #
-1096 coedge $-1 -1 $-1 $954 $953 $-1 $1243 forward $656 0 $-1 #
-1097 edge $-1 -1 $-1 $1100 -5.45 $1244 2.55 $953 $1245 forward @7 unknown #
-1098 edge $-1 -1 $-1 $1246 -6.55 $1099 1.45 $954 $1247 forward @7 unknown #
-1099 vertex $-1 -1 $-1 $955 0 $1248 #
-1100 vertex $-1 -1 $-1 $955 1 $1249 #
-1101 ellipse-curve $-1 -1 $-1 -92 89 2.2 0 0 1 0 0.15 0 1 I I #
-1102 edge $-1 -1 $-1 $1103 0 $1105 3.14159 $956 $1250 forward @7 unknown #
-1103 vertex $-1 -1 $-1 $957 1 $1251 #
-1104 straight-curve $-1 -1 $-1 -93.5 47.5 2.2 0 -1 0 I I #
-1105 vertex $-1 -1 $-1 $1102 1 $1252 #
-1106 straight-curve $-1 -1 $-1 -90.5 67.5 2.2 0 1 -0 I I #
-1107 point $-1 -1 $-1 -90.5 53.5 2.2 #
-1108 point $-1 -1 $-1 -93.5 53.5 2.2 #
-1109 ellipse-curve $-1 -1 $-1 -92 109.5 2.2 0 0 1 -0.15 1.77636e-15 0 1 I I #
-1110 point $-1 -1 $-1 -93.5 109.5 2.2 #
-1111 point $-1 -1 $-1 -90.5 109.5 2.2 #
-1112 coedge $-1 -1 $-1 $1253 $1254 $-1 $1255 forward $972 0 $-1 #
-1113 coedge $-1 -1 $-1 $1256 $973 $-1 $1257 forward $828 0 $-1 #
-1114 coedge $-1 -1 $-1 $973 $1256 $-1 $1258 forward $828 0 $-1 #
-1115 edge $-1 -1 $-1 $1259 -5.7 $1260 1.9 $973 $1261 forward @7 unknown #
-1116 coedge $-1 -1 $-1 $975 $974 $-1 $1262 forward $679 0 $-1 #
-1117 edge $-1 -1 $-1 $1120 -5.45 $1263 2.55 $974 $1264 forward @7 unknown #
-1118 edge $-1 -1 $-1 $1265 -6.55 $1119 1.45 $975 $1266 forward @7 unknown #
-1119 vertex $-1 -1 $-1 $976 0 $1267 #
-1120 vertex $-1 -1 $-1 $976 1 $1268 #
-1121 ellipse-curve $-1 -1 $-1 -92 89 2.2 0 0 1 0 0.15 0 1 I I #
-1122 edge $-1 -1 $-1 $1123 0 $1125 3.14159 $977 $1269 forward @7 unknown #
-1123 vertex $-1 -1 $-1 $978 1 $1270 #
-1124 straight-curve $-1 -1 $-1 -93.5 47.5 2.2 0 -1 0 I I #
-1125 vertex $-1 -1 $-1 $1122 1 $1271 #
-1126 straight-curve $-1 -1 $-1 -90.5 67.5 2.2 0 1 -0 I I #
-1127 point $-1 -1 $-1 -90.5 53.5 2.2 #
-1128 point $-1 -1 $-1 -93.5 53.5 2.2 #
-1129 ellipse-curve $-1 -1 $-1 -92 109.5 2.2 0 0 1 -0.15 1.77636e-15 0 1 I I #
-1130 point $-1 -1 $-1 -93.5 109.5 2.2 #
-1131 point $-1 -1 $-1 -90.5 109.5 2.2 #
-1132 loop $-1 -1 $-1 $1272 $1273 $35 #
-1133 coedge $-1 -1 $-1 $1133 $1133 $1169 $1274 forward $997 0 $-1 #
-1134 coedge $-1 -1 $-1 $1134 $1134 $998 $1135 reversed $1275 0 $-1 #
-1135 edge $-1 5390 $-1 $1276 -3.14159 $1276 3.14159 $998 $1277 forward @7 unknown #
-1136 loop $-1 -1 $-1 $1278 $999 $1279 #
-1137 vertex $-1 -1 $-1 $1000 0 $1280 #
-1138 ellipse-curve $-1 -1 $-1 -67 8 0 0 0 1 -0.15 0 0 1 I I #
-1139 loop $-1 -1 $-1 $-1 $1281 $1140 #
-1140 face $1282 5328 $-1 $1283 $1001 $10 $-1 $1284 reversed single #
-1141 point $-1 -1 $-1 -60 23 0 #
-1142 coedge $-1 -1 $-1 $1142 $1142 $1226 $1285 reversed $1004 0 $-1 #
-1143 NMx_Sweep_Generated_Brep_tag-NMx_Brep_Name_tag-NMx_Brep_tag-NamingMatching-attrib $-1 -1 $1286 $-1 $1005 42 1 1299 -1 97 0 20 0 0 0 0 0 0 0 #
-1144 face $1287 5321 $-1 $1288 $1289 $10 $-1 $1290 forward single #
-1145 cone-surface $-1 -1 $-1 -24 36.5 2.2 0 0 -1 -0.15 0 0 1 I I 0 1 0.15 forward I I I I #
-1146 coedge $-1 -1 $-1 $1146 $1146 $1007 $1147 forward $1291 0 $-1 #
-1147 edge $-1 5521 $-1 $1292 -3.14159 $1292 3.14159 $1007 $1293 forward @7 unknown #
-1148 NMx_Feature_Orientation-NamingMatching-attrib $-1 -1 $-1 $1008 $872 42 $1294 $1295 #
-1149 NMx_blend_tag-NMx_Brep_Name_tag-NMx_Brep_tag-NamingMatching-attrib $-1 -1 $-1 $-1 $1009 42 1 1382 -1 1 1 72 0 0 0 0 #
-1150 loop $-1 -1 $-1 $1296 $1297 $1009 #
-1151 cone-surface $-1 -1 $-1 -81 68.5 1.45 0 0 1 -0.225 0 0 1 I I -0.707107 -0.707107 0.225 forward I I I I #
-1152 point $-1 -1 $-1 -189 48.5 0.7 #
-1153 NMx_Feature_Orientation-NamingMatching-attrib $-1 -1 $-1 $1015 $878 42 $1298 $1299 #
-1154 NMx_blend_tag-NMx_Brep_Name_tag-NMx_Brep_tag-NamingMatching-attrib $-1 -1 $-1 $-1 $1016 42 1 1382 -1 1 1 123 0 0 0 0 #
-1155 face $1300 5318 $-1 $939 $1301 $10 $-1 $1302 reversed single #
-1156 loop $-1 -1 $-1 $1303 $1304 $1016 #
-1157 cone-surface $-1 -1 $-1 -13 36.5 1.45 0 0 1 -0.225 0 0 1 I I -0.707107 -0.707107 0.225 forward I I I I #
-1158 loop $-1 -1 $-1 $-1 $1160 $878 #
-1159 coedge $-1 -1 $-1 $1159 $1159 $1305 $1306 reversed $1017 0 $-1 #
-1160 coedge $-1 -1 $-1 $1160 $1160 $1019 $1161 reversed $1158 0 $-1 #
-1161 edge $-1 5504 $-1 $1307 -3.14159 $1307 3.14159 $1160 $1308 forward @7 unknown #
-1162 coedge $-1 -1 $-1 $1309 $1309 $1183 $1310 forward $1020 0 $-1 #
-1163 NMx_Feature_Orientation-NamingMatching-attrib $-1 -1 $-1 $1024 $888 42 $1311 $1312 #
-1164 NMx_blend_tag-NMx_Brep_Name_tag-NMx_Brep_tag-NamingMatching-attrib $-1 -1 $-1 $-1 $1025 42 1 1382 -1 1 1 54 0 0 0 0 #
-1165 face $1313 5364 $-1 $1314 $1275 $10 $-1 $1315 reversed single #
-1166 loop $-1 -1 $-1 $1316 $1317 $1025 #
-1167 cone-surface $-1 -1 $-1 -211 62 1.45 0 0 1 -0.225 0 0 1 I I -0.707107 -0.707107 0.225 forward I I I I #
-1168 loop $-1 -1 $-1 $-1 $1171 $888 #
-1169 coedge $-1 -1 $-1 $1169 $1169 $1133 $1274 reversed $1026 0 $-1 #
-1170 coedge $-1 -1 $-1 $1170 $1170 $1318 $1319 forward $1028 0 $-1 #
-1171 coedge $-1 -1 $-1 $1171 $1171 $1029 $1172 reversed $1168 0 $-1 #
-1172 edge $-1 5529 $-1 $1320 -3.14159 $1320 3.14159 $1171 $1321 forward @7 unknown #
-1173 coedge $-1 -1 $-1 $1173 $1173 $1030 $1174 forward $1182 0 $-1 #
-1174 edge $-1 5528 $-1 $1322 -3.14159 $1322 3.14159 $1030 $1323 forward @7 unknown #
-1175 loop $-1 -1 $-1 $1324 $1031 $35 #
-1176 vertex $-1 -1 $-1 $1032 0 $1325 #
-1177 ellipse-curve $-1 -1 $-1 -81 94.5 0 0 0 1 -0.15 0 0 1 I I #
-1178 NMx_Sweep_Generated_Brep_tag-NMx_Brep_Name_tag-NMx_Brep_tag-NamingMatching-attrib $-1 -1 $1326 $-1 $1034 42 1 1299 -1 105 0 20 0 0 0 0 0 0 0 #
-1179 loop $-1 -1 $-1 $1327 $1328 $1034 #
-1180 cone-surface $-1 -1 $-1 -81 68.5 2.2 0 0 -1 -0.15 0 0 1 I I 0 1 0.15 forward I I I I #
-1181 coedge $-1 -1 $-1 $1329 $1329 $1330 $1331 reversed $1035 0 $-1 #
-1182 loop $-1 -1 $-1 $-1 $1173 $897 #
-1183 coedge $-1 -1 $-1 $1332 $1332 $1162 $1310 reversed $1040 0 $-1 #
-1184 loop $-1 -1 $-1 $1333 $1042 $35 #
-1185 vertex $-1 -1 $-1 $1043 0 $1334 #
-1186 ellipse-curve $-1 -1 $-1 -56 91.5 0 0 0 1 -0.15 0 0 1 I I #
-1187 loop $-1 -1 $-1 $1335 $1044 $175 #
-1188 vertex $-1 -1 $-1 $1045 0 $1336 #
-1189 ellipse-curve $-1 -1 $-1 -56 91.5 2.2 0 0 1 -0.3 0 0 1 I I #
-1190 point $-1 -1 $-1 -54.5 91.5 0.7 #
-1191 straight-curve $-1 -1 $-1 -43 119.5 2.2 -0 -0 -1 I I #
-1192 NMx_Feature_Orientation-NamingMatching-attrib $-1 -1 $1337 $-1 $1051 42 $1191 $-1 #
-1193 face $1338 5304 $-1 $1339 $1340 $10 $-1 $1341 forward single #
-1194 loop $-1 -1 $-1 $-1 $1342 $1051 #
-1195 plane-surface $-1 -1 $-1 -20 119.5 2.2 1 2.04515e-16 0 2.04515e-16 -1 0 forward_v I I I I #
-1196 coedge $-1 -1 $-1 $1343 $1344 $1345 $1346 forward $1052 0 $-1 #
-1197 coedge $-1 -1 $-1 $1347 $1054 $1204 $1348 reversed $910 0 $-1 #
-1198 coedge $-1 -1 $-1 $1054 $1347 $1349 $1350 reversed $910 0 $-1 #
-1199 edge $-1 5450 $-1 $1207 0 $1351 0.22 $1054 $1352 forward @7 tangent #
-1200 coedge $-1 -1 $-1 $1056 $1055 $1353 $1354 forward $764 0 $-1 #
-1201 coedge $-1 -1 $-1 $1355 $1356 $1056 $1202 reversed $1357 0 $-1 #
-1202 edge $-1 5451 $-1 $1358 -0.22 $1206 0 $1201 $1359 forward @7 tangent #
-1203 coedge $-1 -1 $-1 $1360 $1057 $1356 $1361 forward $1205 0 $-1 #
-1204 coedge $-1 -1 $-1 $1057 $1345 $1197 $1348 forward $1205 0 $-1 #
-1205 loop $-1 -1 $-1 $1362 $1203 $175 #
-1206 vertex $-1 -1 $-1 $1361 0 $1363 #
-1207 vertex $-1 -1 $-1 $1058 1 $1364 #
-1208 ellipse-curve $-1 -1 $-1 -38 48.5 2.2 0 0 1 -0.353553 -0.353553 0 1 I I #
-1209 NMx_Feature_Orientation-NamingMatching-attrib $-1 -1 $-1 $1064 $920 42 $89 $-1 #
-1210 NMx_Matched_Entity-NamingMatching-attrib $-1 -1 $1365 $1067 $774 42 1 1201 -1 10 1 #
-1211 straight-curve $-1 -1 $-1 0 0 2.2 -0 -0 -1 I I #
-1212 NMx_Matched_Entity-NamingMatching-attrib $-1 -1 $1366 $1069 $621 42 1 305 -1 8 1 #
-1213 loop $-1 -1 $-1 $1367 $1368 $175 #
-1214 coedge $-1 -1 $-1 $1214 $1214 $1369 $1370 reversed $1072 0 $-1 #
-1215 coedge $-1 -1 $-1 $1215 $1215 $1073 $1216 forward $1371 0 $-1 #
-1216 edge $-1 5476 $-1 $1372 -3.14159 $1372 3.14159 $1073 $1373 forward @7 unknown #
-1217 loop $-1 -1 $-1 $-1 $1074 $1374 #
-1218 vertex $-1 -1 $-1 $1075 0 $1375 #
-1219 ellipse-curve $-1 -1 $-1 -67 155 2.2 0 0 1 -0.3 0 0 1 I I #
-1220 face $1376 5327 $-1 $1140 $1377 $10 $-1 $1378 forward single #
-1221 point $-1 -1 $-1 -58.5 23 2.2 #
-1222 NMx_blend_tag-NMx_Brep_Name_tag-NMx_Brep_tag-NamingMatching-attrib $-1 -1 $-1 $-1 $1079 42 1 1382 -1 1 1 114 0 0 0 0 #
-1223 face $1379 5324 $-1 $1380 $1381 $10 $-1 $1382 reversed single #
-1224 loop $-1 -1 $-1 $936 $1383 $1079 #
-1225 cone-surface $-1 -1 $-1 -78.5 8 1.45 0 0 1 -0.225 0 0 1 I I -0.707107 -0.707107 0.225 forward I I I I #
-1226 coedge $-1 -1 $-1 $1226 $1226 $1142 $1285 forward $1082 0 $-1 #
-1227 coedge $-1 -1 $-1 $1227 $1227 $1084 $1228 reversed $1384 0 $-1 #
-1228 edge $-1 5501 $-1 $1385 -3.14159 $1385 3.14159 $1227 $1386 forward @7 unknown #
-1229 loop $-1 -1 $-1 $1175 $1305 $35 #
-1230 point $-1 -1 $-1 -216.5 114.5 0 #
-1231 coedge $-1 -1 $-1 $1231 $1231 $1387 $1388 forward $1089 0 $-1 #
-1232 NMx_blend_tag-NMx_Brep_Name_tag-NMx_Brep_tag-NamingMatching-attrib $-1 -1 $-1 $-1 $1090 42 1 1405 -1 1 1 135 0 0 0 0 #
-1233 cone-surface $-1 -1 $-1 -191 114.5 1.45 0 0 1 -0.275 0 0 1 I I -0.707107 -0.707107 0.275 forward I I I I #
-1234 coedge $-1 -1 $-1 $1389 $1092 $-1 $1390 forward $951 0 $-1 #
-1235 coedge $-1 -1 $-1 $1092 $1391 $-1 $1392 forward $951 0 $-1 #
-1236 edge $-1 -1 $-1 $1393 -1.55 $1394 6.05 $1092 $1395 forward @7 unknown #
-1237 coedge $-1 -1 $-1 $1094 $1093 $-1 $1396 forward $806 0 $-1 #
-1238 edge $-1 -1 $-1 $1241 -6.2 $1397 -3.9 $1093 $1398 forward @7 unknown #
-1239 edge $-1 -1 $-1 $1399 2.75 $1240 5.05 $1094 $1400 forward @7 unknown #
-1240 vertex $-1 -1 $-1 $1095 0 $1401 #
-1241 vertex $-1 -1 $-1 $1095 1 $1402 #
-1242 straight-curve $-1 -1 $-1 -20 100.5 2.2 -2.04515e-16 1 0 I I #
-1243 edge $-1 -1 $-1 $1244 -3.14159 $1246 0 $1096 $1403 forward @7 unknown #
-1244 vertex $-1 -1 $-1 $1097 1 $1404 #
-1245 straight-curve $-1 -1 $-1 -146.5 90.5 2.2 -1 -0 0 I I #
-1246 vertex $-1 -1 $-1 $1243 1 $1405 #
-1247 straight-curve $-1 -1 $-1 -106.5 87.5 2.2 1 0 0 I I #
-1248 point $-1 -1 $-1 -92 87.5 2.2 #
-1249 point $-1 -1 $-1 -92 90.5 2.2 #
-1250 ellipse-curve $-1 -1 $-1 -92 13.5 2.2 0 0 1 -0.15 0 0 1 I I #
-1251 point $-1 -1 $-1 -93.5 13.5 2.2 #
-1252 point $-1 -1 $-1 -90.5 13.5 2.2 #
-1253 coedge $-1 -1 $-1 $1406 $1112 $-1 $1407 forward $972 0 $-1 #
-1254 coedge $-1 -1 $-1 $1112 $1408 $-1 $1409 forward $972 0 $-1 #
-1255 edge $-1 -1 $-1 $1410 -1.55 $1411 6.05 $1112 $1412 forward @7 unknown #
-1256 coedge $-1 -1 $-1 $1114 $1113 $-1 $1413 forward $828 0 $-1 #
-1257 edge $-1 -1 $-1 $1260 -6.2 $1414 -3.9 $1113 $1415 forward @7 unknown #
-1258 edge $-1 -1 $-1 $1416 2.75 $1259 5.05 $1114 $1417 forward @7 unknown #
-1259 vertex $-1 -1 $-1 $1115 0 $1418 #
-1260 vertex $-1 -1 $-1 $1115 1 $1419 #
-1261 straight-curve $-1 -1 $-1 -20 100.5 2.2 -2.04515e-16 1 0 I I #
-1262 edge $-1 -1 $-1 $1263 -3.14159 $1265 0 $1116 $1420 forward @7 unknown #
-1263 vertex $-1 -1 $-1 $1117 1 $1421 #
-1264 straight-curve $-1 -1 $-1 -146.5 90.5 2.2 -1 -0 0 I I #
-1265 vertex $-1 -1 $-1 $1262 1 $1422 #
-1266 straight-curve $-1 -1 $-1 -106.5 87.5 2.2 1 0 0 I I #
-1267 point $-1 -1 $-1 -92 87.5 2.2 #
-1268 point $-1 -1 $-1 -92 90.5 2.2 #
-1269 ellipse-curve $-1 -1 $-1 -92 13.5 2.2 0 0 1 -0.15 0 0 1 I I #
-1270 point $-1 -1 $-1 -93.5 13.5 2.2 #
-1271 point $-1 -1 $-1 -90.5 13.5 2.2 #
-1272 loop $-1 -1 $-1 $1423 $1424 $35 #
-1273 coedge $-1 -1 $-1 $1273 $1273 $1425 $1426 forward $1132 0 $-1 #
-1274 edge $-1 5391 $-1 $1427 -3.14159 $1427 3.14159 $1133 $1428 forward @7 unknown #
-1275 loop $-1 -1 $-1 $1429 $1134 $1165 #
-1276 vertex $-1 -1 $-1 $1135 0 $1430 #
-1277 ellipse-curve $-1 -1 $-1 -211 62 0 0 0 1 -0.15 0 0 1 I I #
-1278 loop $-1 -1 $-1 $-1 $1431 $1279 #
-1279 face $1432 5326 $-1 $1220 $1136 $10 $-1 $1433 reversed single #
-1280 point $-1 -1 $-1 -65.5 8 0 #
-1281 coedge $-1 -1 $-1 $1281 $1281 $1434 $1435 reversed $1139 0 $-1 #
-1282 NMx_Sweep_Generated_Brep_tag-NMx_Brep_Name_tag-NMx_Brep_tag-NamingMatching-attrib $-1 -1 $1436 $-1 $1140 42 1 1299 -1 93 0 20 0 0 0 0 0 0 0 #
-1283 face $1437 5329 $-1 $1438 $1439 $10 $-1 $1440 forward single #
-1284 cone-surface $-1 -1 $-1 -61.5 23 2.2 0 0 -1 -0.15 0 0 1 I I 0 1 0.15 forward I I I I #
-1285 edge $-1 5506 $-1 $1441 -3.14159 $1441 3.14159 $1142 $1442 forward @7 unknown #
-1286 NMx_Feature_Orientation-NamingMatching-attrib $-1 -1 $-1 $1143 $1005 42 $1443 $1444 #
-1287 NMx_blend_tag-NMx_Brep_Name_tag-NMx_Brep_tag-NamingMatching-attrib $-1 -1 $-1 $-1 $1144 42 1 1382 -1 1 1 117 0 0 0 0 #
-1288 face $1445 5322 $-1 $1079 $1446 $10 $-1 $1447 reversed single #
-1289 loop $-1 -1 $-1 $1448 $1449 $1144 #
-1290 cone-surface $-1 -1 $-1 -47 36.5 1.45 0 0 1 -0.225 0 0 1 I I -0.707107 -0.707107 0.225 forward I I I I #
-1291 loop $-1 -1 $-1 $1450 $1146 $1451 #
-1292 vertex $-1 -1 $-1 $1147 0 $1452 #
-1293 ellipse-curve $-1 -1 $-1 -56 71.5 0.7 -0 -0 -1 -0.15 0 0 1 I I #
-1294 straight-curve $-1 -1 $-1 -54.5 71.5 2.2 -0 -0 -1 I I #
-1295 ellipse-curve $-1 -1 $-1 -56 71.5 2.2 0 0 -1 -0.15 -0 -0 1 I I #
-1296 loop $-1 -1 $-1 $-1 $1330 $1009 #
-1297 coedge $-1 -1 $-1 $1297 $1297 $1453 $1454 forward $1150 0 $-1 #
-1298 straight-curve $-1 -1 $-1 -216.5 48.5 2.2 -0 -0 -1 I I #
-1299 ellipse-curve $-1 -1 $-1 -218.5 48.5 2.2 0 0 -1 -0.2 -0 -0 1 I I #
-1300 NMx_Sweep_Generated_Brep_tag-NMx_Brep_Name_tag-NMx_Brep_tag-NamingMatching-attrib $-1 -1 $1455 $-1 $1155 42 1 1299 -1 99 0 20 0 0 0 0 0 0 0 #
-1301 loop $-1 -1 $-1 $1456 $1457 $1155 #
-1302 cone-surface $-1 -1 $-1 -13 36.5 2.2 0 0 -1 -0.15 0 0 1 I I 0 1 0.15 forward I I I I #
-1303 loop $-1 -1 $-1 $-1 $1458 $1016 #
-1304 coedge $-1 -1 $-1 $1304 $1304 $1459 $1460 forward $1156 0 $-1 #
-1305 coedge $-1 -1 $-1 $1305 $1305 $1159 $1306 forward $1229 0 $-1 #
-1306 edge $-1 5412 $-1 $1461 -3.14159 $1461 3.14159 $1305 $1462 forward @7 unknown #
-1307 vertex $-1 -1 $-1 $1161 0 $1463 #
-1308 ellipse-curve $-1 -1 $-1 -218.5 48.5 0.7 -0 -0 -1 -0.2 0 0 1 I I #
-1309 coedge $-1 -1 $-1 $1162 $1162 $1464 $1465 forward $1020 0 $-1 #
-1310 edge $-1 5527 $-1 $1466 1.57377 $1467 1.87753 $1183 $1468 forward @7 unknown #
-1311 straight-curve $-1 -1 $-1 -236 49.5 2.2 -0 -0 -1 I I #
-1312 ellipse-curve $-1 -1 $-1 -237.5 49.5 2.2 0 0 -1 -0.15 -0 -0 1 I I #
-1313 NMx_Sweep_Generated_Brep_tag-NMx_Brep_Name_tag-NMx_Brep_tag-NamingMatching-attrib $-1 -1 $1469 $-1 $1165 42 1 1299 -1 83 0 20 0 0 0 0 0 0 0 #
-1314 face $1470 5365 $-1 $1471 $1472 $10 $-1 $1473 forward single #
-1315 cone-surface $-1 -1 $-1 -211 62 2.2 0 0 -1 -0.15 0 0 1 I I 0 1 0.15 forward I I I I #
-1316 loop $-1 -1 $-1 $-1 $1474 $1025 #
-1317 coedge $-1 -1 $-1 $1317 $1317 $1475 $1476 forward $1166 0 $-1 #
-1318 coedge $-1 -1 $-1 $1318 $1318 $1170 $1319 reversed $1477 0 $-1 #
-1319 edge $-1 5486 $-1 $1478 -3.14159 $1478 3.14159 $1318 $1479 forward @7 unknown #
-1320 vertex $-1 -1 $-1 $1172 0 $1480 #
-1321 ellipse-curve $-1 -1 $-1 -237.5 49.5 0.7 -0 -0 -1 -0.15 0 0 1 I I #
-1322 vertex $-1 -1 $-1 $1174 0 $1481 #
-1323 ellipse-curve $-1 -1 $-1 -81 94.5 0.7 -0 -0 -1 -0.15 0 0 1 I I #
-1324 loop $-1 -1 $-1 $1482 $1483 $35 #
-1325 point $-1 -1 $-1 -79.5 94.5 0 #
-1326 NMx_Feature_Orientation-NamingMatching-attrib $-1 -1 $-1 $1178 $1034 42 $1484 $1485 #
-1327 loop $-1 -1 $-1 $-1 $1453 $1034 #
-1328 coedge $-1 -1 $-1 $1328 $1328 $1483 $1486 reversed $1179 0 $-1 #
-1329 coedge $-1 -1 $-1 $1181 $1181 $1487 $1488 forward $1035 0 $-1 #
-1330 coedge $-1 -1 $-1 $1489 $1489 $1181 $1331 forward $1296 0 $-1 #
-1331 edge $-1 5523 $-1 $1490 1.57377 $1491 1.87753 $1181 $1492 forward @7 unknown #
-1332 coedge $-1 -1 $-1 $1183 $1183 $1493 $1494 forward $1040 0 $-1 #
-1333 loop $-1 -1 $-1 $1495 $1496 $35 #
-1334 point $-1 -1 $-1 -54.5 91.5 0 #
-1335 loop $-1 -1 $-1 $1497 $1498 $175 #
-1336 point $-1 -1 $-1 -53 91.5 2.2 #
-1337 NMx_Sweep_Generated_Brep_tag-NMx_Brep_Name_tag-NMx_Brep_tag-NamingMatching-attrib $-1 -1 $-1 $1192 $1051 42 1 785 -1 7 0 20 0 0 0 0 0 0 0 #
-1338 NMx_blend_tag-NMx_Brep_Name_tag-NMx_Brep_tag-NamingMatching-attrib $-1 -1 $-1 $-1 $1193 42 1 1416 -1 1 1 140 0 0 0 0 #
-1339 face $1499 5305 $-1 $1500 $1357 $10 $-1 $1501 reversed single #
-1340 loop $-1 -1 $-1 $-1 $1502 $1193 #
-1341 cone-surface $-1 -1 $-1 -38 114.5 2.2 -0 0 -1 -0.353553 0.353553 0 1 I I 0 -1 0.5 forward I I I I #
-1342 coedge $-1 -1 $-1 $1503 $1504 $1343 $1505 reversed $1194 0 $-1 #
-1343 coedge $-1 -1 $-1 $1506 $1196 $1342 $1505 forward $1052 0 $-1 #
-1344 coedge $-1 -1 $-1 $1196 $1506 $1347 $1507 forward $1052 0 $-1 #
-1345 coedge $-1 -1 $-1 $1204 $1508 $1196 $1346 reversed $1205 0 $-1 #
-1346 edge $-1 5454 $-1 $1509 -0.785398 $1510 0.785398 $1196 $1511 forward @7 unknown #
-1347 coedge $-1 -1 $-1 $1198 $1197 $1344 $1507 reversed $910 0 $-1 #
-1348 edge $-1 5452 $-1 $1509 -4.55 $1207 -3.25 $1204 $1512 forward @7 unknown #
-1349 coedge $-1 -1 $-1 $1513 $1353 $1198 $1350 forward $1514 0 $-1 #
-1350 edge $-1 5417 $-1 $1351 3.25 $1515 4.55 $1349 $1516 forward @7 unknown #
-1351 vertex $-1 -1 $-1 $1350 0 $1517 #
-1352 straight-curve $-1 -1 $-1 -38 43.5 2.2 0 0 -1 F -1.55 F 1.77 #
-1353 coedge $-1 -1 $-1 $1349 $1518 $1200 $1354 reversed $1514 0 $-1 #
-1354 edge $-1 5416 $-1 $1351 -0.785398 $1358 0.785398 $1200 $1519 forward @7 unknown #
-1355 coedge $-1 -1 $-1 $1520 $1201 $1518 $1521 reversed $1357 0 $-1 #
-1356 coedge $-1 -1 $-1 $1201 $1520 $1203 $1361 reversed $1357 0 $-1 #
-1357 loop $-1 -1 $-1 $-1 $1201 $1339 #
-1358 vertex $-1 -1 $-1 $1354 1 $1522 #
-1359 straight-curve $-1 -1 $-1 -43 48.5 2.2 -0 -0 1 F -1.77 F 1.55 #
-1360 coedge $-1 -1 $-1 $1523 $1203 $1502 $1524 reversed $1205 0 $-1 #
-1361 edge $1525 5461 $-1 $1206 -1.4 $1526 5.2 $1203 $1527 forward @7 unknown #
-1362 loop $-1 -1 $-1 $1528 $1529 $175 #
-1363 point $-1 -1 $-1 -43 48.5 2.2 #
-1364 point $-1 -1 $-1 -38 43.5 2.2 #
-1365 NMx_Matched_Entity-NamingMatching-attrib $-1 -1 $1530 $1210 $774 42 1 309 -1 10 1 #
-1366 NMx_Matched_Entity-NamingMatching-attrib $-1 -1 $-1 $1212 $621 42 1 313 -1 8 1 #
-1367 loop $-1 -1 $-1 $1531 $1532 $175 #
-1368 coedge $-1 -1 $-1 $1368 $1368 $1533 $1534 reversed $1213 0 $-1 #
-1369 coedge $-1 -1 $-1 $1369 $1369 $1214 $1370 forward $1535 0 $-1 #
-1370 edge $-1 5477 $-1 $1536 -3.14159 $1536 3.14159 $1214 $1537 forward @7 unknown #
-1371 loop $-1 -1 $-1 $-1 $1215 $1538 #
-1372 vertex $-1 -1 $-1 $1216 0 $1539 #
-1373 ellipse-curve $-1 -1 $-1 -73 140 2.2 0 0 1 -0.3 0 0 1 I I #
-1374 face $1540 5331 $-1 $1541 $1542 $10 $-1 $1543 forward single #
-1375 point $-1 -1 $-1 -64 155 2.2 #
-1376 NMx_blend_tag-NMx_Brep_Name_tag-NMx_Brep_tag-NamingMatching-attrib $-1 -1 $-1 $-1 $1220 42 1 1382 -1 1 1 108 0 0 0 0 #
-1377 loop $-1 -1 $-1 $1076 $1434 $1220 #
-1378 cone-surface $-1 -1 $-1 -61.5 23 1.45 0 0 1 -0.225 0 0 1 I I -0.707107 -0.707107 0.225 forward I I I I #
-1379 NMx_Sweep_Generated_Brep_tag-NMx_Brep_Name_tag-NMx_Brep_tag-NamingMatching-attrib $-1 -1 $1544 $-1 $1223 42 1 1299 -1 87 0 20 0 0 0 0 0 0 0 #
-1380 face $1545 5325 $-1 $1279 $1546 $10 $-1 $1547 forward single #
-1381 loop $-1 -1 $-1 $1548 $1549 $1223 #
-1382 cone-surface $-1 -1 $-1 -78.5 8 2.2 0 0 -1 -0.15 0 0 1 I I 0 1 0.15 forward I I I I #
-1383 coedge $-1 -1 $-1 $1383 $1383 $1550 $1551 forward $1224 0 $-1 #
-1384 loop $-1 -1 $-1 $1552 $1227 $175 #
-1385 vertex $-1 -1 $-1 $1228 0 $1553 #
-1386 ellipse-curve $-1 -1 $-1 -191 48.5 2.2 0 0 1 -0.35 0 0 1 I I #
-1387 coedge $-1 -1 $-1 $1387 $1387 $1231 $1388 reversed $1552 0 $-1 #
-1388 edge $-1 5466 $-1 $1554 -3.14159 $1554 3.14159 $1387 $1555 forward @7 unknown #
-1389 coedge $-1 -1 $-1 $1556 $1234 $-1 $1557 forward $951 0 $-1 #
-1390 edge $-1 -1 $-1 $1394 -8.075 $1558 -0.075 $1234 $1559 forward @7 unknown #
-1391 coedge $-1 -1 $-1 $1235 $1560 $-1 $1561 forward $951 0 $-1 #
-1392 edge $-1 -1 $-1 $1562 -6.15 $1393 -2 $1235 $1563 forward @7 unknown #
-1393 vertex $-1 -1 $-1 $1236 0 $1564 #
-1394 vertex $-1 -1 $-1 $1236 1 $1565 #
-1395 straight-curve $-1 -1 $-1 -181.5 41.5 2.2 -1 0 0 I I #
-1396 edge $-1 -1 $-1 $1397 -5.7 $1399 1.9 $1237 $1566 forward @7 unknown #
-1397 vertex $-1 -1 $-1 $1238 1 $1567 #
-1398 straight-curve $-1 -1 $-1 -82 119.5 2.2 -1 -0 0 I I #
-1399 vertex $-1 -1 $-1 $1396 1 $1568 #
-1400 straight-curve $-1 -1 $-1 -70.5 43.5 2.2 1 0 0 I I #
-1401 point $-1 -1 $-1 -20 43.5 2.2 #
-1402 point $-1 -1 $-1 -20 119.5 2.2 #
-1403 ellipse-curve $-1 -1 $-1 -172 89 2.2 0 0 1 -0 -0.15 0 1 I I #
-1404 point $-1 -1 $-1 -172 90.5 2.2 #
-1405 point $-1 -1 $-1 -172 87.5 2.2 #
-1406 coedge $-1 -1 $-1 $1569 $1253 $-1 $1570 forward $972 0 $-1 #
-1407 edge $-1 -1 $-1 $1411 -8.075 $1571 -0.075 $1253 $1572 forward @7 unknown #
-1408 coedge $-1 -1 $-1 $1254 $1573 $-1 $1574 forward $972 0 $-1 #
-1409 edge $-1 -1 $-1 $1575 -6.15 $1410 -2 $1254 $1576 forward @7 unknown #
-1410 vertex $-1 -1 $-1 $1255 0 $1577 #
-1411 vertex $-1 -1 $-1 $1255 1 $1578 #
-1412 straight-curve $-1 -1 $-1 -181.5 41.5 2.2 -1 0 0 I I #
-1413 edge $-1 -1 $-1 $1414 -5.7 $1416 1.9 $1256 $1579 forward @7 unknown #
-1414 vertex $-1 -1 $-1 $1257 1 $1580 #
-1415 straight-curve $-1 -1 $-1 -82 119.5 2.2 -1 -0 0 I I #
-1416 vertex $-1 -1 $-1 $1413 1 $1581 #
-1417 straight-curve $-1 -1 $-1 -70.5 43.5 2.2 1 0 0 I I #
-1418 point $-1 -1 $-1 -20 43.5 2.2 #
-1419 point $-1 -1 $-1 -20 119.5 2.2 #
-1420 ellipse-curve $-1 -1 $-1 -172 89 2.2 0 0 1 -0 -0.15 0 1 I I #
-1421 point $-1 -1 $-1 -172 90.5 2.2 #
-1422 point $-1 -1 $-1 -172 87.5 2.2 #
-1423 loop $-1 -1 $-1 $1582 $1583 $35 #
-1424 coedge $-1 -1 $-1 $1424 $1424 $1584 $1585 forward $1272 0 $-1 #
-1425 coedge $-1 -1 $-1 $1425 $1425 $1273 $1426 reversed $1586 0 $-1 #
-1426 edge $-1 5392 $-1 $1587 -3.14159 $1587 3.14159 $1273 $1588 forward @7 unknown #
-1427 vertex $-1 -1 $-1 $1274 0 $1589 #
-1428 ellipse-curve $-1 -1 $-1 -237.5 49.5 0 0 0 1 -0.15 0 0 1 I I #
-1429 loop $-1 -1 $-1 $-1 $1475 $1165 #
-1430 point $-1 -1 $-1 -209.5 62 0 #
-1431 coedge $-1 -1 $-1 $1431 $1431 $1590 $1591 reversed $1278 0 $-1 #
-1432 NMx_Sweep_Generated_Brep_tag-NMx_Brep_Name_tag-NMx_Brep_tag-NamingMatching-attrib $-1 -1 $1592 $-1 $1279 42 1 1299 -1 89 0 20 0 0 0 0 0 0 0 #
-1433 cone-surface $-1 -1 $-1 -67 8 2.2 0 0 -1 -0.15 0 0 1 I I 0 1 0.15 forward I I I I #
-1434 coedge $-1 -1 $-1 $1434 $1434 $1281 $1435 forward $1377 0 $-1 #
-1435 edge $-1 5510 $-1 $1593 -3.14159 $1593 3.14159 $1281 $1594 forward @7 unknown #
-1436 NMx_Feature_Orientation-NamingMatching-attrib $-1 -1 $-1 $1282 $1140 42 $1595 $1596 #
-1437 NMx_blend_tag-NMx_Brep_Name_tag-NMx_Brep_tag-NamingMatching-attrib $-1 -1 $-1 $-1 $1283 42 1 1382 -1 1 1 105 0 0 0 0 #
-1438 face $1597 5330 $-1 $1374 $1598 $10 $-1 $1599 reversed single #
-1439 loop $-1 -1 $-1 $1600 $1601 $1283 #
-1440 cone-surface $-1 -1 $-1 -73 23 1.45 0 0 1 -0.225 0 0 1 I I -0.707107 -0.707107 0.225 forward I I I I #
-1441 vertex $-1 -1 $-1 $1285 0 $1602 #
-1442 ellipse-curve $-1 -1 $-1 -24 36.5 0.7 -0 -0 -1 -0.15 0 0 1 I I #
-1443 straight-curve $-1 -1 $-1 -22.5 36.5 2.2 -0 -0 -1 I I #
-1444 ellipse-curve $-1 -1 $-1 -24 36.5 2.2 0 0 -1 -0.15 -0 -0 1 I I #
-1445 NMx_Sweep_Generated_Brep_tag-NMx_Brep_Name_tag-NMx_Brep_tag-NamingMatching-attrib $-1 -1 $1603 $-1 $1288 42 1 1299 -1 95 0 20 0 0 0 0 0 0 0 #
-1446 loop $-1 -1 $-1 $1604 $1605 $1288 #
-1447 cone-surface $-1 -1 $-1 -47 36.5 2.2 0 0 -1 -0.15 0 0 1 I I 0 1 0.15 forward I I I I #
-1448 loop $-1 -1 $-1 $-1 $1606 $1144 #
-1449 coedge $-1 -1 $-1 $1449 $1449 $1607 $1608 forward $1289 0 $-1 #
-1450 loop $-1 -1 $-1 $-1 $1609 $1451 #
-1451 face $1610 5349 $-1 $872 $1291 $10 $-1 $1611 forward single #
-1452 point $-1 -1 $-1 -54.5 71.5 0.7 #
-1453 coedge $-1 -1 $-1 $1453 $1453 $1297 $1454 reversed $1327 0 $-1 #
-1454 edge $-1 5522 $-1 $1612 -3.14159 $1612 3.14159 $1453 $1613 forward @7 unknown #
-1455 NMx_Feature_Orientation-NamingMatching-attrib $-1 -1 $-1 $1300 $1155 42 $1614 $1615 #
-1456 loop $-1 -1 $-1 $-1 $1459 $1155 #
-1457 coedge $-1 -1 $-1 $1457 $1457 $1616 $1617 reversed $1301 0 $-1 #
-1458 coedge $-1 -1 $-1 $1458 $1458 $1618 $1619 forward $1303 0 $-1 #
-1459 coedge $-1 -1 $-1 $1459 $1459 $1304 $1460 reversed $1456 0 $-1 #
-1460 edge $-1 5505 $-1 $1620 -3.14159 $1620 3.14159 $1459 $1621 forward @7 unknown #
-1461 vertex $-1 -1 $-1 $1306 0 $1622 #
-1462 ellipse-curve $-1 -1 $-1 -218.5 48.5 0 0 0 1 -0.2 0 0 1 I I #
-1463 point $-1 -1 $-1 -216.5 48.5 0.7 #
-1464 coedge $-1 -1 $-1 $1493 $1493 $1309 $1465 reversed $1623 0 $-1 #
-1465 edge $-1 5487 $-1 $1467 -6.20703 $1466 -0.837173 $1464 $1624 forward @7 unknown #
-1466 vertex $-1 -1 $-1 $1494 0 $1625 #
-1467 vertex $-1 -1 $-1 $1310 1 $1626 #
-1468 intcurve-curve $-1 -1 $-1 forward { int_int_cur 22402 full nubs 3 open 5 1.57377 3 1.6178 2 1.72565 2 1.8335 2 1.87753 3 -7.80087 9.47283 0.22 -7.80512 9.46221 0.214959 -7.80946 9.45136 0.210326 -7.8249 9.41275 0.196219 -7.83665 9.38338 0.189258 -7.86335 9.31662 0.189258 -7.8751 9.28725 0.196219 -7.89054 9.24864 0.210326 -7.89488 9.23779 0.214959 -7.89913 9.22717 0.22 0.000132566 cone -76 92.5 1.45 0 0 1 -0.225 0 0 1 I I -0.707107 -0.707107 0.225 forward I I I I cone -81 94.5 1.45 0 0 1 -0.225 0 0 1 I I -0.707107 -0.707107 0.225 forward I I I I nullbs nullbs I I 0 0 0 0 } I I #
-1469 NMx_Feature_Orientation-NamingMatching-attrib $-1 -1 $-1 $1313 $1165 42 $1627 $1628 #
-1470 NMx_blend_tag-NMx_Brep_Name_tag-NMx_Brep_tag-NamingMatching-attrib $-1 -1 $-1 $-1 $1314 42 1 1382 -1 1 1 51 0 0 0 0 #
-1471 face $1629 5366 $-1 $1630 $1631 $10 $-1 $1632 reversed single #
-1472 loop $-1 -1 $-1 $1633 $1634 $1314 #
-1473 cone-surface $-1 -1 $-1 -228 62 1.45 0 0 1 -0.225 0 0 1 I I -0.707107 -0.707107 0.225 forward I I I I #
-1474 coedge $-1 -1 $-1 $1474 $1474 $1635 $1636 forward $1316 0 $-1 #
-1475 coedge $-1 -1 $-1 $1475 $1475 $1317 $1476 reversed $1429 0 $-1 #
-1476 edge $-1 5530 $-1 $1637 -3.14159 $1637 3.14159 $1475 $1638 forward @7 unknown #
-1477 loop $-1 -1 $-1 $1623 $1318 $175 #
-1478 vertex $-1 -1 $-1 $1319 0 $1639 #
-1479 ellipse-curve $-1 -1 $-1 -237.5 49.5 2.2 0 0 1 -0.3 0 0 1 I I #
-1480 point $-1 -1 $-1 -236 49.5 0.7 #
-1481 point $-1 -1 $-1 -79.5 94.5 0.7 #
-1482 loop $-1 -1 $-1 $1640 $1641 $35 #
-1483 coedge $-1 -1 $-1 $1483 $1483 $1328 $1486 forward $1324 0 $-1 #
-1484 straight-curve $-1 -1 $-1 -79.5 68.5 2.2 -0 -0 -1 I I #
-1485 ellipse-curve $-1 -1 $-1 -81 68.5 2.2 0 0 -1 -0.15 -0 -0 1 I I #
-1486 edge $-1 5414 $-1 $1642 -3.14159 $1642 3.14159 $1483 $1643 forward @7 unknown #
-1487 coedge $-1 -1 $-1 $1498 $1498 $1329 $1488 reversed $1335 0 $-1 #
-1488 edge $-1 5491 $-1 $1490 -5.44601 $1491 -0.07616 $1487 $1644 forward @7 unknown #
-1489 coedge $-1 -1 $-1 $1330 $1330 $1498 $1645 forward $1296 0 $-1 #
-1490 vertex $-1 -1 $-1 $1488 0 $1646 #
-1491 vertex $-1 -1 $-1 $1331 1 $1647 #
-1492 intcurve-curve $-1 -1 $-1 forward { int_int_cur 22402 full nubs 3 open 5 1.57377 3 1.6178 2 1.72565 2 1.8335 2 1.87753 3 -7.80087 6.82717 0.22 -7.80512 6.83779 0.214959 -7.80946 6.84864 0.210326 -7.8249 6.88725 0.196219 -7.83665 6.91662 0.189258 -7.86335 6.98338 0.189258 -7.8751 7.01275 0.196219 -7.89054 7.05136 0.210326 -7.89488 7.06221 0.214959 -7.89913 7.07283 0.22 0.000132566 cone -81 68.5 1.45 0 0 1 -0.225 0 0 1 I I -0.707107 -0.707107 0.225 forward I I I I cone -76 70.5 1.45 0 0 1 -0.225 0 0 1 I I -0.707107 -0.707107 0.225 forward I I I I nullbs nullbs I I 0 0 0 0 } I I #
-1493 coedge $-1 -1 $-1 $1464 $1464 $1332 $1494 reversed $1623 0 $-1 #
-1494 edge $-1 5488 $-1 $1466 -3.06543 $1467 2.30442 $1493 $1648 forward @7 unknown #
-1495 loop $-1 -1 $-1 $1649 $1650 $35 #
-1496 coedge $-1 -1 $-1 $1496 $1496 $1651 $1652 forward $1333 0 $-1 #
-1497 loop $-1 -1 $-1 $1653 $1654 $175 #
-1498 coedge $-1 -1 $-1 $1487 $1487 $1489 $1645 reversed $1335 0 $-1 #
-1499 NMx_Sweep_Generated_Brep_tag-NMx_Brep_Name_tag-NMx_Brep_tag-NamingMatching-attrib $-1 -1 $1655 $-1 $1339 42 1 785 -1 9 0 20 0 0 0 0 0 0 0 #
-1500 face $1656 5306 $-1 $1657 $1658 $10 $-1 $1659 forward single #
-1501 plane-surface $-1 -1 $-1 -43 43.5 2.2 -1 -2.33731e-16 -0 -2.33731e-16 1 0 forward_v I I I I #
-1502 coedge $-1 -1 $-1 $1660 $1661 $1360 $1524 forward $1340 0 $-1 #
-1503 coedge $-1 -1 $-1 $1662 $1342 $1508 $1663 reversed $1194 0 $-1 #
-1504 coedge $-1 -1 $-1 $1342 $1662 $1664 $1665 reversed $1194 0 $-1 #
-1505 edge $-1 5455 $-1 $1510 0 $1666 0.22 $1342 $1667 forward @7 tangent #
-1506 coedge $-1 -1 $-1 $1344 $1343 $1513 $1668 forward $1052 0 $-1 #
-1507 edge $-1 5453 $-1 $1515 -0.22 $1509 0 $1347 $1669 forward @7 tangent #
-1508 coedge $-1 -1 $-1 $1345 $1670 $1503 $1663 forward $1205 0 $-1 #
-1509 vertex $-1 -1 $-1 $1348 0 $1671 #
-1510 vertex $-1 -1 $-1 $1346 1 $1672 #
-1511 ellipse-curve $-1 -1 $-1 -25 48.5 2.2 0 0 1 0.353553 -0.353553 0 1 I I #
-1512 straight-curve $-1 -1 $-1 -70.5 43.5 2.2 -1 0 0 I I #
-1513 coedge $-1 -1 $-1 $1664 $1349 $1506 $1668 reversed $1514 0 $-1 #
-1514 loop $-1 -1 $-1 $243 $1518 $35 #
-1515 vertex $-1 -1 $-1 $1668 1 $1673 #
-1516 straight-curve $-1 -1 $-1 -70.5 43.5 0 1 0 0 I I #
-1517 point $-1 -1 $-1 -38 43.5 0 #
-1518 coedge $-1 -1 $-1 $1353 $1674 $1355 $1521 forward $1514 0 $-1 #
-1519 ellipse-curve $-1 -1 $-1 -38 48.5 0 -0 -0 -1 -0.353553 -0.353553 0 1 I I #
-1520 coedge $-1 -1 $-1 $1356 $1355 $1660 $1675 reversed $1357 0 $-1 #
-1521 edge $-1 5415 $-1 $1676 -5.2 $1358 1.4 $1518 $1677 forward @7 unknown #
-1522 point $-1 -1 $-1 -43 48.5 0 #
-1523 coedge $-1 -1 $-1 $1670 $1360 $1678 $1679 forward $1205 0 $-1 #
-1524 edge $-1 5458 $-1 $1680 -0.785398 $1526 0.785398 $1502 $1681 forward @7 unknown #
-1525 NMx_Matched_Entity-NamingMatching-attrib $-1 -1 $-1 $-1 $1361 42 1 1235 -1 36 0 #
-1526 vertex $-1 -1 $-1 $1524 1 $1682 #
-1527 straight-curve $-1 -1 $-1 -43 62.5 2.2 -2.33731e-16 1 0 I I #
-1528 loop $-1 -1 $-1 $1683 $1684 $175 #
-1529 coedge $-1 -1 $-1 $1685 $1686 $1687 $1688 forward $1362 0 $-1 #
-1530 NMx_Matched_Entity-NamingMatching-attrib $-1 -1 $1689 $1365 $774 42 1 313 -1 10 1 #
-1531 loop $-1 -1 $-1 $1690 $1635 $175 #
-1532 coedge $-1 -1 $-1 $1532 $1532 $1691 $1692 reversed $1367 0 $-1 #
-1533 coedge $-1 -1 $-1 $1533 $1533 $1368 $1534 forward $1693 0 $-1 #
-1534 edge $-1 5478 $-1 $1694 -3.14159 $1694 3.14159 $1368 $1695 forward @7 unknown #
-1535 loop $-1 -1 $-1 $-1 $1369 $1696 #
-1536 vertex $-1 -1 $-1 $1370 0 $1697 #
-1537 ellipse-curve $-1 -1 $-1 -47 126.5 2.2 0 0 1 -0.3 0 0 1 I I #
-1538 face $1698 5335 $-1 $1699 $1700 $10 $-1 $1701 forward single #
-1539 point $-1 -1 $-1 -70 140 2.2 #
-1540 NMx_blend_tag-NMx_Brep_Name_tag-NMx_Brep_tag-NamingMatching-attrib $-1 -1 $-1 $-1 $1374 42 1 1382 -1 1 1 102 0 0 0 0 #
-1541 face $1702 5332 $-1 $1703 $1704 $10 $-1 $1705 reversed single #
-1542 loop $-1 -1 $-1 $1217 $1706 $1374 #
-1543 cone-surface $-1 -1 $-1 -67 155 1.45 0 0 1 -0.225 0 0 1 I I -0.707107 -0.707107 0.225 forward I I I I #
-1544 NMx_Feature_Orientation-NamingMatching-attrib $-1 -1 $-1 $1379 $1223 42 $1707 $1708 #
-1545 NMx_blend_tag-NMx_Brep_Name_tag-NMx_Brep_tag-NamingMatching-attrib $-1 -1 $-1 $-1 $1380 42 1 1382 -1 1 1 111 0 0 0 0 #
-1546 loop $-1 -1 $-1 $1709 $1590 $1380 #
-1547 cone-surface $-1 -1 $-1 -67 8 1.45 0 0 1 -0.225 0 0 1 I I -0.707107 -0.707107 0.225 forward I I I I #
-1548 loop $-1 -1 $-1 $-1 $1550 $1223 #
-1549 coedge $-1 -1 $-1 $1549 $1549 $1710 $1711 reversed $1381 0 $-1 #
-1550 coedge $-1 -1 $-1 $1550 $1550 $1383 $1551 reversed $1548 0 $-1 #
-1551 edge $-1 5508 $-1 $1712 -3.14159 $1712 3.14159 $1550 $1713 forward @7 unknown #
-1552 loop $-1 -1 $-1 $-1 $1387 $175 #
-1553 point $-1 -1 $-1 -187.5 48.5 2.2 #
-1554 vertex $-1 -1 $-1 $1388 0 $1714 #
-1555 ellipse-curve $-1 -1 $-1 -191 114.5 2.2 0 0 1 -0.35 0 0 1 I I #
-1556 coedge $-1 -1 $-1 $1715 $1389 $-1 $1716 forward $951 0 $-1 #
-1557 edge $-1 -1 $-1 $1558 -9.85 $1717 -2.25 $1389 $1718 forward @7 unknown #
-1558 vertex $-1 -1 $-1 $1557 0 $1719 #
-1559 straight-curve $-1 -1 $-1 -242 122.25 2.2 0 1 -0 I I #
-1560 coedge $-1 -1 $-1 $1391 $1720 $-1 $1721 forward $951 0 $-1 #
-1561 edge $-1 -1 $-1 $1722 -14.15 $1562 -1.55 $1391 $1723 forward @7 unknown #
-1562 vertex $-1 -1 $-1 $1392 0 $1724 #
-1563 straight-curve $-1 -1 $-1 -166 61.5 2.2 0 1 -0 I I #
-1564 point $-1 -1 $-1 -166 41.5 2.2 #
-1565 point $-1 -1 $-1 -242 41.5 2.2 #
-1566 straight-curve $-1 -1 $-1 -43 62.5 2.2 2.33731e-16 -1 0 I I #
-1567 point $-1 -1 $-1 -43 119.5 2.2 #
-1568 point $-1 -1 $-1 -43 43.5 2.2 #
-1569 coedge $-1 -1 $-1 $1725 $1406 $-1 $1726 forward $972 0 $-1 #
-1570 edge $-1 -1 $-1 $1571 -9.85 $1727 -2.25 $1406 $1728 forward @7 unknown #
-1571 vertex $-1 -1 $-1 $1570 0 $1729 #
-1572 straight-curve $-1 -1 $-1 -242 122.25 2.2 0 1 -0 I I #
-1573 coedge $-1 -1 $-1 $1408 $1730 $-1 $1731 forward $972 0 $-1 #
-1574 edge $-1 -1 $-1 $1732 -14.15 $1575 -1.55 $1408 $1733 forward @7 unknown #
-1575 vertex $-1 -1 $-1 $1409 0 $1734 #
-1576 straight-curve $-1 -1 $-1 -166 61.5 2.2 0 1 -0 I I #
-1577 point $-1 -1 $-1 -166 41.5 2.2 #
-1578 point $-1 -1 $-1 -242 41.5 2.2 #
-1579 straight-curve $-1 -1 $-1 -43 62.5 2.2 2.33731e-16 -1 0 I I #
-1580 point $-1 -1 $-1 -43 119.5 2.2 #
-1581 point $-1 -1 $-1 -43 43.5 2.2 #
-1582 loop $-1 -1 $-1 $1735 $1736 $35 #
-1583 coedge $-1 -1 $-1 $1583 $1583 $1737 $1738 forward $1423 0 $-1 #
-1584 coedge $-1 -1 $-1 $1584 $1584 $1424 $1585 reversed $1739 0 $-1 #
-1585 edge $-1 5393 $-1 $1740 -3.14159 $1740 3.14159 $1424 $1741 forward @7 unknown #
-1586 loop $-1 -1 $-1 $1742 $1425 $1743 #
-1587 vertex $-1 -1 $-1 $1426 0 $1744 #
-1588 ellipse-curve $-1 -1 $-1 -237.5 113.5 0 0 0 1 -0.15 0 0 1 I I #
-1589 point $-1 -1 $-1 -236 49.5 0 #
-1590 coedge $-1 -1 $-1 $1590 $1590 $1431 $1591 forward $1546 0 $-1 #
-1591 edge $-1 5509 $-1 $1745 -3.14159 $1745 3.14159 $1431 $1746 forward @7 unknown #
-1592 NMx_Feature_Orientation-NamingMatching-attrib $-1 -1 $-1 $1432 $1279 42 $1747 $1748 #
-1593 vertex $-1 -1 $-1 $1435 0 $1749 #
-1594 ellipse-curve $-1 -1 $-1 -61.5 23 0.7 -0 -0 -1 -0.15 0 0 1 I I #
-1595 straight-curve $-1 -1 $-1 -60 23 2.2 -0 -0 -1 I I #
-1596 ellipse-curve $-1 -1 $-1 -61.5 23 2.2 0 0 -1 -0.15 -0 -0 1 I I #
-1597 NMx_Sweep_Generated_Brep_tag-NMx_Brep_Name_tag-NMx_Brep_tag-NamingMatching-attrib $-1 -1 $1750 $-1 $1438 42 1 1299 -1 91 0 20 0 0 0 0 0 0 0 #
-1598 loop $-1 -1 $-1 $1751 $1752 $1438 #
-1599 cone-surface $-1 -1 $-1 -73 23 2.2 0 0 -1 -0.15 0 0 1 I I 0 1 0.15 forward I I I I #
-1600 loop $-1 -1 $-1 $-1 $1753 $1283 #
-1601 coedge $-1 -1 $-1 $1601 $1601 $1754 $1755 forward $1439 0 $-1 #
-1602 point $-1 -1 $-1 -22.5 36.5 0.7 #
-1603 NMx_Feature_Orientation-NamingMatching-attrib $-1 -1 $-1 $1445 $1288 42 $1756 $1757 #
-1604 loop $-1 -1 $-1 $-1 $1607 $1288 #
-1605 coedge $-1 -1 $-1 $1605 $1605 $1758 $1759 reversed $1446 0 $-1 #
-1606 coedge $-1 -1 $-1 $1606 $1606 $1760 $1761 forward $1448 0 $-1 #
-1607 coedge $-1 -1 $-1 $1607 $1607 $1449 $1608 reversed $1604 0 $-1 #
-1608 edge $-1 5507 $-1 $1762 -3.14159 $1762 3.14159 $1607 $1763 forward @7 unknown #
-1609 coedge $-1 -1 $-1 $1609 $1609 $1654 $1764 forward $1450 0 $-1 #
-1610 NMx_blend_tag-NMx_Brep_Name_tag-NMx_Brep_tag-NamingMatching-attrib $-1 -1 $-1 $-1 $1451 42 1 1382 -1 1 1 75 0 0 0 0 #
-1611 cone-surface $-1 -1 $-1 -56 71.5 1.45 0 0 1 -0.225 0 0 1 I I -0.707107 -0.707107 0.225 forward I I I I #
-1612 vertex $-1 -1 $-1 $1454 0 $1765 #
-1613 ellipse-curve $-1 -1 $-1 -81 68.5 0.7 -0 -0 -1 -0.15 0 0 1 I I #
-1614 straight-curve $-1 -1 $-1 -11.5 36.5 2.2 -0 -0 -1 I I #
-1615 ellipse-curve $-1 -1 $-1 -13 36.5 2.2 0 0 -1 -0.15 -0 -0 1 I I #
-1616 coedge $-1 -1 $-1 $1616 $1616 $1457 $1617 forward $1766 0 $-1 #
-1617 edge $-1 5410 $-1 $1767 -3.14159 $1767 3.14159 $1616 $1768 forward @7 unknown #
-1618 coedge $-1 -1 $-1 $1618 $1618 $1458 $1619 reversed $1769 0 $-1 #
-1619 edge $-1 5500 $-1 $1770 -3.14159 $1770 3.14159 $1618 $1771 forward @7 unknown #
-1620 vertex $-1 -1 $-1 $1460 0 $1772 #
-1621 ellipse-curve $-1 -1 $-1 -13 36.5 0.7 -0 -0 -1 -0.15 0 0 1 I I #
-1622 point $-1 -1 $-1 -216.5 48.5 0 #
-1623 loop $-1 -1 $-1 $1187 $1464 $175 #
-1624 ellipse-curve $-1 -1 $-1 -76 92.5 2.2 0 0 1 -0.3 0 0 1 I I #
-1625 point $-1 -1 $-1 -78.0087 94.7283 2.2 #
-1626 point $-1 -1 $-1 -78.9913 92.2717 2.2 #
-1627 straight-curve $-1 -1 $-1 -209.5 62 2.2 -0 -0 -1 I I #
-1628 ellipse-curve $-1 -1 $-1 -211 62 2.2 0 0 -1 -0.15 -0 -0 1 I I #
-1629 NMx_Sweep_Generated_Brep_tag-NMx_Brep_Name_tag-NMx_Brep_tag-NamingMatching-attrib $-1 -1 $1773 $-1 $1471 42 1 1299 -1 81 0 20 0 0 0 0 0 0 0 #
-1630 face $1774 5367 $-1 $1775 $1776 $10 $-1 $1777 forward single #
-1631 loop $-1 -1 $-1 $1778 $1779 $1471 #
-1632 cone-surface $-1 -1 $-1 -228 62 2.2 0 0 -1 -0.15 0 0 1 I I 0 1 0.15 forward I I I I #
-1633 loop $-1 -1 $-1 $-1 $1780 $1314 #
-1634 coedge $-1 -1 $-1 $1634 $1634 $1781 $1782 forward $1472 0 $-1 #
-1635 coedge $-1 -1 $-1 $1635 $1635 $1474 $1636 reversed $1531 0 $-1 #
-1636 edge $-1 5480 $-1 $1783 -3.14159 $1783 3.14159 $1635 $1784 forward @7 unknown #
-1637 vertex $-1 -1 $-1 $1476 0 $1785 #
-1638 ellipse-curve $-1 -1 $-1 -211 62 0.7 -0 -0 -1 -0.15 0 0 1 I I #
-1639 point $-1 -1 $-1 -234.5 49.5 2.2 #
-1640 loop $-1 -1 $-1 $1786 $1787 $35 #
-1641 coedge $-1 -1 $-1 $1788 $1789 $1790 $1791 forward $1482 0 $-1 #
-1642 vertex $-1 -1 $-1 $1486 0 $1792 #
-1643 ellipse-curve $-1 -1 $-1 -81 68.5 0 0 0 1 -0.15 0 0 1 I I #
-1644 ellipse-curve $-1 -1 $-1 -76 70.5 2.2 0 0 1 -0.3 0 0 1 I I #
-1645 edge $-1 5490 $-1 $1491 -2.30442 $1490 3.06543 $1498 $1793 forward @7 unknown #
-1646 point $-1 -1 $-1 -78.0087 68.2717 2.2 #
-1647 point $-1 -1 $-1 -78.9913 70.7283 2.2 #
-1648 ellipse-curve $-1 -1 $-1 -81 94.5 2.2 0 0 1 -0.3 0 0 1 I I #
-1649 loop $-1 -1 $-1 $1794 $1795 $35 #
-1650 coedge $-1 -1 $-1 $1650 $1650 $1796 $1797 forward $1495 0 $-1 #
-1651 coedge $-1 -1 $-1 $1651 $1651 $1496 $1652 reversed $1798 0 $-1 #
-1652 edge $-1 5404 $-1 $1799 -3.14159 $1799 3.14159 $1496 $1800 forward @7 unknown #
-1653 loop $-1 -1 $-1 $1801 $1802 $175 #
-1654 coedge $-1 -1 $-1 $1654 $1654 $1609 $1764 reversed $1497 0 $-1 #
-1655 NMx_Feature_Orientation-NamingMatching-attrib $-1 -1 $-1 $1499 $1339 42 $1191 $-1 #
-1656 NMx_blend_tag-NMx_Brep_Name_tag-NMx_Brep_tag-NamingMatching-attrib $-1 -1 $-1 $-1 $1500 42 1 1416 -1 1 1 138 0 0 0 0 #
-1657 face $1803 5307 $-1 $1090 $1804 $10 $-1 $1805 reversed single #
-1658 loop $-1 -1 $-1 $-1 $1806 $1500 #
-1659 cone-surface $-1 -1 $-1 -25 114.5 2.2 -0 0 -1 0.353553 0.353553 0 1 I I 0 -1 0.5 forward I I I I #
-1660 coedge $-1 -1 $-1 $1807 $1502 $1520 $1675 forward $1340 0 $-1 #
-1661 coedge $-1 -1 $-1 $1502 $1807 $1808 $1809 forward $1340 0 $-1 #
-1662 coedge $-1 -1 $-1 $1504 $1503 $1810 $1811 reversed $1194 0 $-1 #
-1663 edge $1812 5456 $-1 $1813 -1.4 $1510 5.2 $1508 $1814 forward @7 unknown #
-1664 coedge $-1 -1 $-1 $1815 $1513 $1504 $1665 forward $1514 0 $-1 #
-1665 edge $-1 5419 $-1 $1666 -5.2 $1816 1.4 $1664 $1817 forward @7 unknown #
-1666 vertex $-1 -1 $-1 $1665 0 $1818 #
-1667 straight-curve $-1 -1 $-1 -20 48.5 2.2 0 0 -1 F -1.55 F 1.77 #
-1668 edge $-1 5418 $-1 $1666 -0.785398 $1515 0.785398 $1506 $1819 forward @7 unknown #
-1669 straight-curve $-1 -1 $-1 -25 43.5 2.2 -0 -0 1 F -1.77 F 1.55 #
-1670 coedge $-1 -1 $-1 $1508 $1523 $1806 $1820 reversed $1205 0 $-1 #
-1671 point $-1 -1 $-1 -25 43.5 2.2 #
-1672 point $-1 -1 $-1 -20 48.5 2.2 #
-1673 point $-1 -1 $-1 -25 43.5 0 #
-1674 coedge $-1 -1 $-1 $1518 $1821 $1807 $1822 reversed $1514 0 $-1 #
-1675 edge $-1 5459 $-1 $1526 0 $1676 0.22 $1520 $1823 forward @7 tangent #
-1676 vertex $-1 -1 $-1 $1521 0 $1824 #
-1677 straight-curve $-1 -1 $-1 -43 62.5 0 2.33731e-16 -1 0 I I #
-1678 coedge $-1 -1 $-1 $1808 $1825 $1523 $1679 reversed $1804 0 $-1 #
-1679 edge $-1 5464 $-1 $1680 4.4 $1826 5.7 $1523 $1827 forward @7 unknown #
-1680 vertex $-1 -1 $-1 $1679 0 $1828 #
-1681 ellipse-curve $-1 -1 $-1 -38 114.5 2.2 0 0 1 -0.353553 0.353553 0 1 I I #
-1682 point $-1 -1 $-1 -43 114.5 2.2 #
-1683 loop $-1 -1 $-1 $1829 $1830 $175 #
-1684 coedge $-1 -1 $-1 $1831 $1832 $1833 $1834 forward $1528 0 $-1 #
-1685 coedge $-1 -1 $-1 $1835 $1529 $1836 $1837 forward $1362 0 $-1 #
-1686 coedge $-1 -1 $-1 $1529 $1835 $1838 $1839 forward $1362 0 $-1 #
-1687 coedge $-1 -1 $-1 $1840 $1841 $1529 $1688 reversed $1842 0 $-1 #
-1688 edge $-1 1929 $-1 $1843 0 $1844 3.14159 $1529 $1845 forward @7 unknown #
-1689 NMx_Matched_Entity-NamingMatching-attrib $-1 -1 $-1 $1530 $774 42 1 323 -1 10 1 #
-1690 loop $-1 -1 $-1 $1846 $1847 $175 #
-1691 coedge $-1 -1 $-1 $1691 $1691 $1532 $1692 forward $1848 0 $-1 #
-1692 edge $-1 5479 $-1 $1849 -3.14159 $1849 3.14159 $1532 $1850 forward @7 unknown #
-1693 loop $-1 -1 $-1 $-1 $1533 $1851 #
-1694 vertex $-1 -1 $-1 $1534 0 $1852 #
-1695 ellipse-curve $-1 -1 $-1 -13 126.5 2.2 0 0 1 -0.3 0 0 1 I I #
-1696 face $1853 5339 $-1 $1854 $1855 $10 $-1 $1856 forward single #
-1697 point $-1 -1 $-1 -44 126.5 2.2 #
-1698 NMx_blend_tag-NMx_Brep_Name_tag-NMx_Brep_tag-NamingMatching-attrib $-1 -1 $-1 $-1 $1538 42 1 1382 -1 1 1 96 0 0 0 0 #
-1699 face $1857 5336 $-1 $1858 $1859 $10 $-1 $1860 reversed single #
-1700 loop $-1 -1 $-1 $1371 $1861 $1538 #
-1701 cone-surface $-1 -1 $-1 -73 140 1.45 0 0 1 -0.225 0 0 1 I I -0.707107 -0.707107 0.225 forward I I I I #
-1702 NMx_Sweep_Generated_Brep_tag-NMx_Brep_Name_tag-NMx_Brep_tag-NamingMatching-attrib $-1 -1 $1862 $-1 $1541 42 1 1299 -1 36 0 20 0 0 0 0 0 0 0 #
-1703 face $1863 5333 $-1 $1864 $1865 $10 $-1 $1866 forward single #
-1704 loop $-1 -1 $-1 $1867 $1868 $1541 #
-1705 cone-surface $-1 -1 $-1 -67 155 2.2 0 0 -1 -0.15 0 0 1 I I 0 1 0.15 forward I I I I #
-1706 coedge $-1 -1 $-1 $1706 $1706 $1869 $1870 forward $1542 0 $-1 #
-1707 straight-curve $-1 -1 $-1 -77 8 2.2 -0 -0 -1 I I #
-1708 ellipse-curve $-1 -1 $-1 -78.5 8 2.2 0 0 -1 -0.15 -0 -0 1 I I #
-1709 loop $-1 -1 $-1 $-1 $1871 $1380 #
-1710 coedge $-1 -1 $-1 $1710 $1710 $1549 $1711 forward $1794 0 $-1 #
-1711 edge $-1 5407 $-1 $1872 -3.14159 $1872 3.14159 $1710 $1873 forward @7 unknown #
-1712 vertex $-1 -1 $-1 $1551 0 $1874 #
-1713 ellipse-curve $-1 -1 $-1 -78.5 8 0.7 -0 -0 -1 -0.15 0 0 1 I I #
-1714 point $-1 -1 $-1 -187.5 114.5 2.2 #
-1715 coedge $-1 -1 $-1 $1875 $1556 $-1 $1876 forward $951 0 $-1 #
-1716 edge $-1 -1 $-1 $1717 -0.075 $1877 4.075 $1556 $1878 forward @7 unknown #
-1717 vertex $-1 -1 $-1 $1716 0 $1879 #
-1718 straight-curve $-1 -1 $-1 -143.5 121.5 2.2 1 -2.33731e-16 0 I I #
-1719 point $-1 -1 $-1 -242 121.5 2.2 #
-1720 coedge $-1 -1 $-1 $1560 $1880 $-1 $1881 forward $951 0 $-1 #
-1721 edge $-1 -1 $-1 $1882 0.775 $1722 4.075 $1560 $1883 forward @7 unknown #
-1722 vertex $-1 -1 $-1 $1721 1 $1884 #
-1723 straight-curve $-1 -1 $-1 -181.5 0 2.2 -1 0 0 I I #
-1724 point $-1 -1 $-1 -166 -1.77636e-14 2.2 #
-1725 coedge $-1 -1 $-1 $1885 $1569 $-1 $1886 forward $972 0 $-1 #
-1726 edge $-1 -1 $-1 $1727 -0.075 $1887 4.075 $1569 $1888 forward @7 unknown #
-1727 vertex $-1 -1 $-1 $1726 0 $1889 #
-1728 straight-curve $-1 -1 $-1 -143.5 121.5 2.2 1 -2.33731e-16 0 I I #
-1729 point $-1 -1 $-1 -242 121.5 2.2 #
-1730 coedge $-1 -1 $-1 $1573 $1890 $-1 $1891 forward $972 0 $-1 #
-1731 edge $-1 -1 $-1 $1892 0.775 $1732 4.075 $1573 $1893 forward @7 unknown #
-1732 vertex $-1 -1 $-1 $1731 1 $1894 #
-1733 straight-curve $-1 -1 $-1 -181.5 0 2.2 -1 0 0 I I #
-1734 point $-1 -1 $-1 -166 -1.77636e-14 2.2 #
-1735 loop $-1 -1 $-1 $1895 $1896 $35 #
-1736 coedge $-1 -1 $-1 $1736 $1736 $1897 $1898 forward $1582 0 $-1 #
-1737 coedge $-1 -1 $-1 $1737 $1737 $1583 $1738 reversed $1899 0 $-1 #
-1738 edge $-1 5394 $-1 $1900 -3.14159 $1900 3.14159 $1583 $1901 forward @7 unknown #
-1739 loop $-1 -1 $-1 $1902 $1584 $1903 #
-1740 vertex $-1 -1 $-1 $1585 0 $1904 #
-1741 ellipse-curve $-1 -1 $-1 -228 101 0 0 0 1 -0.15 0 0 1 I I #
-1742 loop $-1 -1 $-1 $-1 $1905 $1743 #
-1743 face $1906 5374 $-1 $1907 $1586 $10 $-1 $1908 reversed single #
-1744 point $-1 -1 $-1 -236 113.5 0 #
-1745 vertex $-1 -1 $-1 $1591 0 $1909 #
-1746 ellipse-curve $-1 -1 $-1 -67 8 0.7 -0 -0 -1 -0.15 0 0 1 I I #
-1747 straight-curve $-1 -1 $-1 -65.5 8 2.2 -0 -0 -1 I I #
-1748 ellipse-curve $-1 -1 $-1 -67 8 2.2 0 0 -1 -0.15 -0 -0 1 I I #
-1749 point $-1 -1 $-1 -60 23 0.7 #
-1750 NMx_Feature_Orientation-NamingMatching-attrib $-1 -1 $-1 $1597 $1438 42 $1910 $1911 #
-1751 loop $-1 -1 $-1 $-1 $1754 $1438 #
-1752 coedge $-1 -1 $-1 $1752 $1752 $1912 $1913 reversed $1598 0 $-1 #
-1753 coedge $-1 -1 $-1 $1753 $1753 $1914 $1915 forward $1600 0 $-1 #
-1754 coedge $-1 -1 $-1 $1754 $1754 $1601 $1755 reversed $1751 0 $-1 #
-1755 edge $-1 5511 $-1 $1916 -3.14159 $1916 3.14159 $1754 $1917 forward @7 unknown #
-1756 straight-curve $-1 -1 $-1 -45.5 36.5 2.2 -0 -0 -1 I I #
-1757 ellipse-curve $-1 -1 $-1 -47 36.5 2.2 0 0 -1 -0.15 -0 -0 1 I I #
-1758 coedge $-1 -1 $-1 $1758 $1758 $1605 $1759 forward $1918 0 $-1 #
-1759 edge $-1 5409 $-1 $1919 -3.14159 $1919 3.14159 $1758 $1920 forward @7 unknown #
-1760 coedge $-1 -1 $-1 $1760 $1760 $1606 $1761 reversed $1921 0 $-1 #
-1761 edge $-1 5499 $-1 $1922 -3.14159 $1922 3.14159 $1760 $1923 forward @7 unknown #
-1762 vertex $-1 -1 $-1 $1608 0 $1924 #
-1763 ellipse-curve $-1 -1 $-1 -47 36.5 0.7 -0 -0 -1 -0.15 0 0 1 I I #
-1764 edge $-1 5492 $-1 $1925 -3.14159 $1925 3.14159 $1654 $1926 forward @7 unknown #
-1765 point $-1 -1 $-1 -79.5 68.5 0.7 #
-1766 loop $-1 -1 $-1 $1085 $1616 $35 #
-1767 vertex $-1 -1 $-1 $1617 0 $1927 #
-1768 ellipse-curve $-1 -1 $-1 -13 36.5 0 0 0 1 -0.15 0 0 1 I I #
-1769 loop $-1 -1 $-1 $1384 $1618 $175 #
-1770 vertex $-1 -1 $-1 $1619 0 $1928 #
-1771 ellipse-curve $-1 -1 $-1 -13 36.5 2.2 0 0 1 -0.3 0 0 1 I I #
-1772 point $-1 -1 $-1 -11.5 36.5 0.7 #
-1773 NMx_Feature_Orientation-NamingMatching-attrib $-1 -1 $-1 $1629 $1471 42 $1929 $1930 #
-1774 NMx_blend_tag-NMx_Brep_Name_tag-NMx_Brep_tag-NamingMatching-attrib $-1 -1 $-1 $-1 $1630 42 1 1382 -1 1 1 48 0 0 0 0 #
-1775 face $1931 5368 $-1 $1932 $1933 $10 $-1 $1934 reversed single #
-1776 loop $-1 -1 $-1 $1935 $1936 $1630 #
-1777 cone-surface $-1 -1 $-1 -237.5 81.5 1.45 0 0 1 -0.225 0 0 1 I I -0.707107 -0.707107 0.225 forward I I I I #
-1778 loop $-1 -1 $-1 $-1 $1781 $1471 #
-1779 coedge $-1 -1 $-1 $1779 $1779 $1795 $1937 reversed $1631 0 $-1 #
-1780 coedge $-1 -1 $-1 $1780 $1780 $1938 $1939 forward $1633 0 $-1 #
-1781 coedge $-1 -1 $-1 $1781 $1781 $1634 $1782 reversed $1778 0 $-1 #
-1782 edge $-1 5531 $-1 $1940 -3.14159 $1940 3.14159 $1781 $1941 forward @7 unknown #
-1783 vertex $-1 -1 $-1 $1636 0 $1942 #
-1784 ellipse-curve $-1 -1 $-1 -211 62 2.2 0 0 1 -0.3 0 0 1 I I #
-1785 point $-1 -1 $-1 -209.5 62 0.7 #
-1786 loop $-1 -1 $-1 $1943 $1944 $35 #
-1787 coedge $-1 -1 $-1 $1945 $1946 $1947 $1948 forward $1640 0 $-1 #
-1788 coedge $-1 -1 $-1 $1949 $1641 $1950 $1951 forward $1482 0 $-1 #
-1789 coedge $-1 -1 $-1 $1641 $1949 $1952 $1953 forward $1482 0 $-1 #
-1790 coedge $-1 -1 $-1 $1954 $1955 $1641 $1791 reversed $1956 0 $-1 #
-1791 edge $-1 1867 $-1 $1957 0 $1958 3.14159 $1641 $1959 forward @7 unknown #
-1792 point $-1 -1 $-1 -79.5 68.5 0 #
-1793 ellipse-curve $-1 -1 $-1 -81 68.5 2.2 0 0 1 -0.3 0 0 1 I I #
-1794 loop $-1 -1 $-1 $1960 $1710 $35 #
-1795 coedge $-1 -1 $-1 $1795 $1795 $1779 $1937 forward $1649 0 $-1 #
-1796 coedge $-1 -1 $-1 $1796 $1796 $1650 $1797 reversed $1933 0 $-1 #
-1797 edge $-1 5405 $-1 $1961 -3.14159 $1961 3.14159 $1650 $1962 forward @7 unknown #
-1798 loop $-1 -1 $-1 $1963 $1651 $1964 #
-1799 vertex $-1 -1 $-1 $1652 0 $1965 #
-1800 ellipse-curve $-1 -1 $-1 -211 101 0 0 0 1 -0.15 0 0 1 I I #
-1801 loop $-1 -1 $-1 $1966 $1967 $175 #
-1802 coedge $-1 -1 $-1 $1802 $1802 $1968 $1969 reversed $1653 0 $-1 #
-1803 NMx_Feature_Orientation-NamingMatching-attrib $-1 -1 $1970 $-1 $1657 42 $1191 $-1 #
-1804 loop $-1 -1 $-1 $-1 $1808 $1657 #
-1805 plane-surface $-1 -1 $-1 -43 119.5 2.2 -0 1 0 1 0 0 forward_v I I I I #
-1806 coedge $-1 -1 $-1 $1971 $1810 $1670 $1820 forward $1658 0 $-1 #
-1807 coedge $-1 -1 $-1 $1661 $1660 $1674 $1822 forward $1340 0 $-1 #
-1808 coedge $-1 -1 $-1 $1972 $1678 $1661 $1809 reversed $1804 0 $-1 #
-1809 edge $-1 5460 $-1 $1973 -0.22 $1680 0 $1808 $1974 forward @7 tangent #
-1810 coedge $-1 -1 $-1 $1806 $1975 $1662 $1811 forward $1658 0 $-1 #
-1811 edge $-1 5457 $-1 $1816 -0.22 $1813 0 $1662 $1976 forward @7 tangent #
-1812 NMx_Matched_Entity-NamingMatching-attrib $-1 -1 $-1 $-1 $1663 42 1 1195 -1 32 0 #
-1813 vertex $-1 -1 $-1 $1663 0 $1977 #
-1814 straight-curve $-1 -1 $-1 -20 100.5 2.2 2.04515e-16 -1 0 I I #
-1815 coedge $-1 -1 $-1 $1821 $1664 $1975 $1978 reversed $1514 0 $-1 #
-1816 vertex $-1 -1 $-1 $1978 1 $1979 #
-1817 straight-curve $-1 -1 $-1 -20 100.5 0 -2.04515e-16 1 0 I I #
-1818 point $-1 -1 $-1 -20 48.5 0 #
-1819 ellipse-curve $-1 -1 $-1 -25 48.5 0 -0 -0 -1 0.353553 -0.353553 0 1 I I #
-1820 edge $-1 5462 $-1 $1813 -0.785398 $1826 0.785398 $1806 $1980 forward @7 unknown #
-1821 coedge $-1 -1 $-1 $1674 $1815 $1972 $1981 forward $1514 0 $-1 #
-1822 edge $-1 5422 $-1 $1676 -0.785398 $1973 0.785398 $1807 $1982 forward @7 unknown #
-1823 straight-curve $-1 -1 $-1 -43 114.5 2.2 -0 0 -1 F -1.55 F 1.77 #
-1824 point $-1 -1 $-1 -43 114.5 0 #
-1825 coedge $-1 -1 $-1 $1678 $1972 $1971 $1983 reversed $1804 0 $-1 #
-1826 vertex $-1 -1 $-1 $1820 1 $1984 #
-1827 straight-curve $-1 -1 $-1 -82 119.5 2.2 1 0 -0 I I #
-1828 point $-1 -1 $-1 -38 119.5 2.2 #
-1829 loop $-1 -1 $-1 $1985 $1986 $175 #
-1830 coedge $-1 -1 $-1 $1987 $1988 $1989 $1990 forward $1683 0 $-1 #
-1831 coedge $-1 -1 $-1 $1991 $1684 $1992 $1993 forward $1528 0 $-1 #
-1832 coedge $-1 -1 $-1 $1684 $1991 $1994 $1995 forward $1528 0 $-1 #
-1833 coedge $-1 -1 $-1 $1996 $1997 $1684 $1834 reversed $1998 0 $-1 #
-1834 edge $-1 1922 $-1 $1999 -3.14159 $2000 0 $1684 $2001 forward @7 unknown #
-1835 coedge $-1 -1 $-1 $1686 $1685 $2002 $2003 forward $1362 0 $-1 #
-1836 coedge $-1 -1 $-1 $2004 $2005 $1685 $1837 reversed $2006 0 $-1 #
-1837 edge $-1 1951 $-1 $1844 -2.55 $2007 5.45 $1685 $2008 forward @7 unknown #
-1838 coedge $-1 -1 $-1 $2009 $2010 $1686 $1839 reversed $2011 0 $-1 #
-1839 edge $-1 1939 $-1 $2012 -1.45 $1843 6.55 $1686 $2013 forward @7 unknown #
-1840 coedge $-1 -1 $-1 $2014 $1687 $2010 $2015 forward $1842 0 $-1 #
-1841 coedge $-1 -1 $-1 $1687 $2014 $2004 $2016 reversed $1842 0 $-1 #
-1842 loop $-1 -1 $-1 $-1 $2014 $2017 #
-1843 vertex $-1 -1 $-1 $1688 0 $2018 #
-1844 vertex $-1 -1 $-1 $1688 1 $2019 #
-1845 ellipse-curve $-1 -1 $-1 -172 89 2.2 -0 -0 -1 -0 -0.15 0 1 I I #
-1846 loop $-1 -1 $-1 $1205 $2020 $175 #
-1847 coedge $-1 -1 $-1 $1847 $1847 $2021 $2022 reversed $1690 0 $-1 #
-1848 loop $-1 -1 $-1 $-1 $1691 $2023 #
-1849 vertex $-1 -1 $-1 $1692 0 $2024 #
-1850 ellipse-curve $-1 -1 $-1 -15 81.5 2.2 0 0 1 -0.3 0 0 1 I I #
-1851 face $2025 5343 $-1 $2026 $2027 $10 $-1 $2028 forward single #
-1852 point $-1 -1 $-1 -10 126.5 2.2 #
-1853 NMx_blend_tag-NMx_Brep_Name_tag-NMx_Brep_tag-NamingMatching-attrib $-1 -1 $-1 $-1 $1696 42 1 1382 -1 1 1 90 0 0 0 0 #
-1854 face $2029 5340 $-1 $2030 $2031 $10 $-1 $2032 reversed single #
-1855 loop $-1 -1 $-1 $1535 $2033 $1696 #
-1856 cone-surface $-1 -1 $-1 -47 126.5 1.45 0 0 1 -0.225 0 0 1 I I -0.707107 -0.707107 0.225 forward I I I I #
-1857 NMx_Sweep_Generated_Brep_tag-NMx_Brep_Name_tag-NMx_Brep_tag-NamingMatching-attrib $-1 -1 $2034 $-1 $1699 42 1 1299 -1 40 0 20 0 0 0 0 0 0 0 #
-1858 face $2035 5337 $-1 $2036 $2037 $10 $-1 $2038 forward single #
-1859 loop $-1 -1 $-1 $2039 $2040 $1699 #
-1860 cone-surface $-1 -1 $-1 -73 140 2.2 0 0 -1 -0.15 0 0 1 I I 0 1 0.15 forward I I I I #
-1861 coedge $-1 -1 $-1 $1861 $1861 $2041 $2042 forward $1700 0 $-1 #
-1862 NMx_Feature_Orientation-NamingMatching-attrib $-1 -1 $-1 $1702 $1541 42 $2043 $2044 #
-1863 NMx_blend_tag-NMx_Brep_Name_tag-NMx_Brep_tag-NamingMatching-attrib $-1 -1 $-1 $-1 $1703 42 1 1382 -1 1 1 99 0 0 0 0 #
-1864 face $2045 5334 $-1 $1538 $2046 $10 $-1 $2047 reversed single #
-1865 loop $-1 -1 $-1 $2048 $2049 $1703 #
-1866 cone-surface $-1 -1 $-1 -78.5 155 1.45 0 0 1 -0.225 0 0 1 I I -0.707107 -0.707107 0.225 forward I I I I #
-1867 loop $-1 -1 $-1 $-1 $1869 $1541 #
-1868 coedge $-1 -1 $-1 $1868 $1868 $2050 $2051 reversed $1704 0 $-1 #
-1869 coedge $-1 -1 $-1 $1869 $1869 $1706 $1870 reversed $1867 0 $-1 #
-1870 edge $-1 5512 $-1 $2052 -3.14159 $2052 3.14159 $1869 $2053 forward @7 unknown #
-1871 coedge $-1 -1 $-1 $1871 $1871 $2054 $2055 forward $1709 0 $-1 #
-1872 vertex $-1 -1 $-1 $1711 0 $2056 #
-1873 ellipse-curve $-1 -1 $-1 -78.5 8 0 0 0 1 -0.15 0 0 1 I I #
-1874 point $-1 -1 $-1 -77 8 0.7 #
-1875 coedge $-1 -1 $-1 $2057 $1715 $-1 $2058 forward $951 0 $-1 #
-1876 edge $-1 -1 $-1 $1877 -10.55 $2059 2.05 $1715 $2060 forward @7 unknown #
-1877 vertex $-1 -1 $-1 $1716 1 $2061 #
-1878 straight-curve $-1 -1 $-1 -166 122.25 2.2 0 1 0 I I #
-1879 point $-1 -1 $-1 -166 121.5 2.2 #
-1880 coedge $-1 -1 $-1 $1720 $2057 $-1 $2062 forward $951 0 $-1 #
-1881 edge $-1 -1 $-1 $2063 -8.05 $1882 -4.05 $1720 $2064 forward @7 unknown #
-1882 vertex $-1 -1 $-1 $1881 1 $2065 #
-1883 straight-curve $-1 -1 $-1 -40 40.75 2.2 0 -1 0 I I #
-1884 point $-1 -1 $-1 -40 -1.77636e-14 2.2 #
-1885 coedge $-1 -1 $-1 $2066 $1725 $-1 $2067 forward $972 0 $-1 #
-1886 edge $-1 -1 $-1 $1887 -10.55 $2068 2.05 $1725 $2069 forward @7 unknown #
-1887 vertex $-1 -1 $-1 $1726 1 $2070 #
-1888 straight-curve $-1 -1 $-1 -166 122.25 2.2 0 1 0 I I #
-1889 point $-1 -1 $-1 -166 121.5 2.2 #
-1890 coedge $-1 -1 $-1 $1730 $2066 $-1 $2071 forward $972 0 $-1 #
-1891 edge $-1 -1 $-1 $2072 -8.05 $1892 -4.05 $1730 $2073 forward @7 unknown #
-1892 vertex $-1 -1 $-1 $1891 1 $2074 #
-1893 straight-curve $-1 -1 $-1 -40 40.75 2.2 0 -1 0 I I #
-1894 point $-1 -1 $-1 -40 -1.77636e-14 2.2 #
-1895 loop $-1 -1 $-1 $2075 $2076 $35 #
-1896 coedge $-1 -1 $-1 $1896 $1896 $2077 $2078 forward $1735 0 $-1 #
-1897 coedge $-1 -1 $-1 $1897 $1897 $1736 $1898 reversed $2046 0 $-1 #
-1898 edge $-1 5395 $-1 $2079 -3.14159 $2079 3.14159 $1736 $2080 forward @7 unknown #
-1899 loop $-1 -1 $-1 $2081 $1737 $2036 #
-1900 vertex $-1 -1 $-1 $1738 0 $2082 #
-1901 ellipse-curve $-1 -1 $-1 -61.5 140 0 0 0 1 -0.15 0 0 1 I I #
-1902 loop $-1 -1 $-1 $-1 $2083 $1903 #
-1903 face $2084 5372 $-1 $2085 $1739 $10 $-1 $2086 reversed single #
-1904 point $-1 -1 $-1 -226.5 101 0 #
-1905 coedge $-1 -1 $-1 $1905 $1905 $2087 $2088 reversed $1742 0 $-1 #
-1906 NMx_Sweep_Generated_Brep_tag-NMx_Brep_Name_tag-NMx_Brep_tag-NamingMatching-attrib $-1 -1 $2089 $-1 $1743 42 1 1299 -1 64 0 20 0 0 0 0 0 0 0 #
-1907 face $2090 1866 $-1 $2091 $2092 $10 $-1 $2093 reversed single #
-1908 cone-surface $-1 -1 $-1 -237.5 113.5 2.2 0 0 -1 -0.15 0 0 1 I I 0 1 0.15 forward I I I I #
-1909 point $-1 -1 $-1 -65.5 8 0.7 #
-1910 straight-curve $-1 -1 $-1 -71.5 23 2.2 -0 -0 -1 I I #
-1911 ellipse-curve $-1 -1 $-1 -73 23 2.2 0 0 -1 -0.15 -0 -0 1 I I #
-1912 coedge $-1 -1 $-1 $1912 $1912 $1752 $1913 forward $1960 0 $-1 #
-1913 edge $-1 5408 $-1 $2094 -3.14159 $2094 3.14159 $1912 $2095 forward @7 unknown #
-1914 coedge $-1 -1 $-1 $1914 $1914 $1753 $1915 reversed $2096 0 $-1 #
-1915 edge $-1 5497 $-1 $2097 -3.14159 $2097 3.14159 $1914 $2098 forward @7 unknown #
-1916 vertex $-1 -1 $-1 $1755 0 $2099 #
-1917 ellipse-curve $-1 -1 $-1 -73 23 0.7 -0 -0 -1 -0.15 0 0 1 I I #
-1918 loop $-1 -1 $-1 $1766 $1758 $35 #
-1919 vertex $-1 -1 $-1 $1759 0 $2100 #
-1920 ellipse-curve $-1 -1 $-1 -47 36.5 0 0 0 1 -0.15 0 0 1 I I #
-1921 loop $-1 -1 $-1 $1769 $1760 $175 #
-1922 vertex $-1 -1 $-1 $1761 0 $2101 #
-1923 ellipse-curve $-1 -1 $-1 -47 36.5 2.2 0 0 1 -0.3 0 0 1 I I #
-1924 point $-1 -1 $-1 -45.5 36.5 0.7 #
-1925 vertex $-1 -1 $-1 $1764 0 $2102 #
-1926 ellipse-curve $-1 -1 $-1 -56 71.5 2.2 0 0 1 -0.3 0 0 1 I I #
-1927 point $-1 -1 $-1 -11.5 36.5 0 #
-1928 point $-1 -1 $-1 -10 36.5 2.2 #
-1929 straight-curve $-1 -1 $-1 -226.5 62 2.2 -0 -0 -1 I I #
-1930 ellipse-curve $-1 -1 $-1 -228 62 2.2 0 0 -1 -0.15 -0 -0 1 I I #
-1931 NMx_Sweep_Generated_Brep_tag-NMx_Brep_Name_tag-NMx_Brep_tag-NamingMatching-attrib $-1 -1 $2103 $-1 $1775 42 1 1299 -1 66 0 20 0 0 0 0 0 0 0 #
-1932 face $2104 5369 $-1 $1964 $2105 $10 $-1 $2106 forward single #
-1933 loop $-1 -1 $-1 $2107 $1796 $1775 #
-1934 cone-surface $-1 -1 $-1 -237.5 81.5 2.2 0 0 -1 -0.15 0 0 1 I I 0 1 0.15 forward I I I I #
-1935 loop $-1 -1 $-1 $-1 $2021 $1630 #
-1936 coedge $-1 -1 $-1 $1936 $1936 $2108 $2109 forward $1776 0 $-1 #
-1937 edge $-1 5406 $-1 $2110 -3.14159 $2110 3.14159 $1795 $2111 forward @7 unknown #
-1938 coedge $-1 -1 $-1 $1938 $1938 $1780 $1939 reversed $2112 0 $-1 #
-1939 edge $-1 5485 $-1 $2113 -3.14159 $2113 3.14159 $1938 $2114 forward @7 unknown #
-1940 vertex $-1 -1 $-1 $1782 0 $2115 #
-1941 ellipse-curve $-1 -1 $-1 -228 62 0.7 -0 -0 -1 -0.15 0 0 1 I I #
-1942 point $-1 -1 $-1 -208 62 2.2 #
-1943 loop $-1 -1 $-1 $2116 $2117 $35 #
-1944 coedge $-1 -1 $-1 $2118 $2119 $2120 $2121 forward $1786 0 $-1 #
-1945 coedge $-1 -1 $-1 $2122 $1787 $2123 $2124 forward $1640 0 $-1 #
-1946 coedge $-1 -1 $-1 $1787 $2122 $2125 $2126 forward $1640 0 $-1 #
-1947 coedge $-1 -1 $-1 $2127 $2128 $1787 $1948 reversed $2129 0 $-1 #
-1948 edge $-1 1871 $-1 $2130 0 $2131 3.14159 $1787 $2132 forward @7 unknown #
-1949 coedge $-1 -1 $-1 $1789 $1788 $2133 $2134 forward $1482 0 $-1 #
-1950 coedge $-1 -1 $-1 $2135 $2136 $1788 $1951 reversed $2137 0 $-1 #
-1951 edge $-1 1875 $-1 $1958 -5.45 $2138 2.55 $1788 $2139 forward @7 unknown #
-1952 coedge $-1 -1 $-1 $2140 $2141 $1789 $1953 reversed $2142 0 $-1 #
-1953 edge $-1 1994 $-1 $2143 -6.55 $1957 1.45 $1789 $2144 forward @7 unknown #
-1954 coedge $-1 -1 $-1 $2145 $1790 $2141 $2146 reversed $1956 0 $-1 #
-1955 coedge $-1 -1 $-1 $1790 $2145 $2135 $2147 forward $1956 0 $-1 #
-1956 loop $-1 -1 $-1 $-1 $1790 $2148 #
-1957 vertex $-1 -1 $-1 $1791 0 $2149 #
-1958 vertex $-1 -1 $-1 $1791 1 $2150 #
-1959 ellipse-curve $-1 -1 $-1 -92 74 0 0 0 1 0 -0.15 0 1 I I #
-1960 loop $-1 -1 $-1 $1918 $1912 $35 #
-1961 vertex $-1 -1 $-1 $1797 0 $2151 #
-1962 ellipse-curve $-1 -1 $-1 -237.5 81.5 0 0 0 1 -0.15 0 0 1 I I #
-1963 loop $-1 -1 $-1 $-1 $2152 $1964 #
-1964 face $2153 5370 $-1 $2154 $1798 $10 $-1 $2155 reversed single #
-1965 point $-1 -1 $-1 -209.5 101 0 #
-1966 loop $-1 -1 $-1 $2156 $2157 $175 #
-1967 coedge $-1 -1 $-1 $1967 $1967 $2158 $2159 reversed $1801 0 $-1 #
-1968 coedge $-1 -1 $-1 $1968 $1968 $1802 $1969 forward $2160 0 $-1 #
-1969 edge $-1 5493 $-1 $2161 -3.14159 $2161 3.14159 $1802 $2162 forward @7 unknown #
-1970 NMx_Sweep_Generated_Brep_tag-NMx_Brep_Name_tag-NMx_Brep_tag-NamingMatching-attrib $-1 -1 $-1 $1803 $1657 42 1 785 -1 6 0 20 0 0 0 0 0 0 0 #
-1971 coedge $-1 -1 $-1 $1975 $1806 $1825 $1983 forward $1658 0 $-1 #
-1972 coedge $-1 -1 $-1 $1825 $1808 $1821 $1981 reversed $1804 0 $-1 #
-1973 vertex $-1 -1 $-1 $1822 1 $2163 #
-1974 straight-curve $-1 -1 $-1 -38 119.5 2.2 0 -0 1 F -1.77 F 1.55 #
-1975 coedge $-1 -1 $-1 $1810 $1971 $1815 $1978 forward $1658 0 $-1 #
-1976 straight-curve $-1 -1 $-1 -20 114.5 2.2 -0 -0 1 F -1.77 F 1.55 #
-1977 point $-1 -1 $-1 -20 114.5 2.2 #
-1978 edge $-1 5420 $-1 $2164 -0.785398 $1816 0.785398 $1975 $2165 forward @7 unknown #
-1979 point $-1 -1 $-1 -20 114.5 0 #
-1980 ellipse-curve $-1 -1 $-1 -25 114.5 2.2 0 0 1 0.353553 0.353553 0 1 I I #
-1981 edge $-1 5421 $-1 $2164 -5.7 $1973 -4.4 $1821 $2166 forward @7 unknown #
-1982 ellipse-curve $-1 -1 $-1 -38 114.5 0 -0 -0 -1 -0.353553 0.353553 0 1 I I #
-1983 edge $-1 5463 $-1 $1826 0 $2164 0.22 $1825 $2167 forward @7 tangent #
-1984 point $-1 -1 $-1 -25 119.5 2.2 #
-1985 loop $-1 -1 $-1 $2168 $2169 $175 #
-1986 coedge $-1 -1 $-1 $2170 $2171 $2172 $2173 forward $1829 0 $-1 #
-1987 coedge $-1 -1 $-1 $2174 $1830 $2175 $2176 forward $1683 0 $-1 #
-1988 coedge $-1 -1 $-1 $1830 $2174 $2177 $2178 forward $1683 0 $-1 #
-1989 coedge $-1 -1 $-1 $2179 $2180 $1830 $1990 reversed $2181 0 $-1 #
-1990 edge $-1 1915 $-1 $2182 -3.14159 $2183 0 $1830 $2184 forward @7 unknown #
-1991 coedge $-1 -1 $-1 $1832 $1831 $2185 $2186 forward $1528 0 $-1 #
-1992 coedge $-1 -1 $-1 $2187 $2188 $1831 $1993 reversed $2189 0 $-1 #
-1993 edge $-1 1956 $-1 $2000 -3.4 $2190 0.6 $1831 $2191 forward @7 unknown #
-1994 coedge $-1 -1 $-1 $2192 $2193 $1832 $1995 reversed $2194 0 $-1 #
-1995 edge $-1 1932 $-1 $2195 1.4 $1999 5.4 $1832 $2196 forward @7 unknown #
-1996 coedge $-1 -1 $-1 $2197 $1833 $2193 $2198 forward $1998 0 $-1 #
-1997 coedge $-1 -1 $-1 $1833 $2197 $2187 $2199 reversed $1998 0 $-1 #
-1998 loop $-1 -1 $-1 $-1 $2197 $2200 #
-1999 vertex $-1 -1 $-1 $1834 0 $2201 #
-2000 vertex $-1 -1 $-1 $1834 1 $2202 #
-2001 ellipse-curve $-1 -1 $-1 -92 13.5 2.2 -0 -0 -1 -0.15 0 0 1 I I #
-2002 coedge $-1 -1 $-1 $2203 $2204 $1835 $2003 reversed $2205 0 $-1 #
-2003 edge $-1 1953 $-1 $2007 0 $2012 3.14159 $1835 $2206 forward @7 unknown #
-2004 coedge $-1 -1 $-1 $2207 $1836 $1841 $2016 forward $2006 0 $-1 #
-2005 coedge $-1 -1 $-1 $1836 $2207 $2203 $2208 reversed $2006 0 $-1 #
-2006 loop $-1 -1 $-1 $-1 $2207 $2209 #
-2007 vertex $-1 -1 $-1 $2003 0 $2210 #
-2008 straight-curve $-1 -1 $-1 -146.5 90.5 2.2 1 0 -0 I I #
-2009 coedge $-1 -1 $-1 $2211 $1838 $2204 $2212 forward $2011 0 $-1 #
-2010 coedge $-1 -1 $-1 $1838 $2211 $1840 $2015 reversed $2011 0 $-1 #
-2011 loop $-1 -1 $-1 $-1 $2211 $2213 #
-2012 vertex $-1 -1 $-1 $1839 0 $2214 #
-2013 straight-curve $-1 -1 $-1 -106.5 87.5 2.2 -1 0 0 I I #
-2014 coedge $-1 -1 $-1 $1841 $1840 $2215 $2216 reversed $1842 0 $-1 #
-2015 edge $2217 1930 $-1 $1843 0 $2218 0.22 $2010 $2219 forward @7 tangent #
-2016 edge $2220 1928 $-1 $1844 0 $2221 0.22 $2004 $2222 forward @7 tangent #
-2017 face $2223 1840 $-1 $2213 $1842 $10 $-1 $2224 reversed single #
-2018 point $-1 -1 $-1 -172 87.5 2.2 #
-2019 point $-1 -1 $-1 -172 90.5 2.2 #
-2020 coedge $-1 -1 $-1 $2020 $2020 $2225 $2226 reversed $1846 0 $-1 #
-2021 coedge $-1 -1 $-1 $2021 $2021 $1847 $2022 forward $1935 0 $-1 #
-2022 edge $-1 5481 $-1 $2227 -3.14159 $2227 3.14159 $1847 $2228 forward @7 unknown #
-2023 face $2229 5347 $-1 $2230 $2231 $10 $-1 $2232 forward single #
-2024 point $-1 -1 $-1 -12 81.5 2.2 #
-2025 NMx_blend_tag-NMx_Brep_Name_tag-NMx_Brep_tag-NamingMatching-attrib $-1 -1 $-1 $-1 $1851 42 1 1382 -1 1 1 84 0 0 0 0 #
-2026 face $2233 5344 $-1 $2234 $2235 $10 $-1 $2236 reversed single #
-2027 loop $-1 -1 $-1 $1693 $2237 $1851 #
-2028 cone-surface $-1 -1 $-1 -13 126.5 1.45 0 0 1 -0.225 0 0 1 I I -0.707107 -0.707107 0.225 forward I I I I #
-2029 NMx_Sweep_Generated_Brep_tag-NMx_Brep_Name_tag-NMx_Brep_tag-NamingMatching-attrib $-1 -1 $2238 $-1 $1854 42 1 1299 -1 24 0 20 0 0 0 0 0 0 0 #
-2030 face $2239 5341 $-1 $2240 $2241 $10 $-1 $2242 forward single #
-2031 loop $-1 -1 $-1 $2243 $2077 $1854 #
-2032 cone-surface $-1 -1 $-1 -47 126.5 2.2 0 0 -1 -0.15 0 0 1 I I 0 1 0.15 forward I I I I #
-2033 coedge $-1 -1 $-1 $2033 $2033 $2244 $2245 forward $1855 0 $-1 #
-2034 NMx_Feature_Orientation-NamingMatching-attrib $-1 -1 $-1 $1857 $1699 42 $2246 $2247 #
-2035 NMx_blend_tag-NMx_Brep_Name_tag-NMx_Brep_tag-NamingMatching-attrib $-1 -1 $-1 $-1 $1858 42 1 1382 -1 1 1 93 0 0 0 0 #
-2036 face $2248 5338 $-1 $1696 $1899 $10 $-1 $2249 reversed single #
-2037 loop $-1 -1 $-1 $2250 $2251 $1858 #
-2038 cone-surface $-1 -1 $-1 -61.5 140 1.45 0 0 1 -0.225 0 0 1 I I -0.707107 -0.707107 0.225 forward I I I I #
-2039 loop $-1 -1 $-1 $-1 $2041 $1699 #
-2040 coedge $-1 -1 $-1 $2040 $2040 $2252 $2253 reversed $1859 0 $-1 #
-2041 coedge $-1 -1 $-1 $2041 $2041 $1861 $2042 reversed $2039 0 $-1 #
-2042 edge $-1 5514 $-1 $2254 -3.14159 $2254 3.14159 $2041 $2255 forward @7 unknown #
-2043 straight-curve $-1 -1 $-1 -65.5 155 2.2 -0 -0 -1 I I #
-2044 ellipse-curve $-1 -1 $-1 -67 155 2.2 0 0 -1 -0.15 -0 -0 1 I I #
-2045 NMx_Sweep_Generated_Brep_tag-NMx_Brep_Name_tag-NMx_Brep_tag-NamingMatching-attrib $-1 -1 $2256 $-1 $1864 42 1 1299 -1 38 0 20 0 0 0 0 0 0 0 #
-2046 loop $-1 -1 $-1 $2257 $1897 $1864 #
-2047 cone-surface $-1 -1 $-1 -78.5 155 2.2 0 0 -1 -0.15 0 0 1 I I 0 1 0.15 forward I I I I #
-2048 loop $-1 -1 $-1 $-1 $2258 $1703 #
-2049 coedge $-1 -1 $-1 $2049 $2049 $2259 $2260 forward $1865 0 $-1 #
-2050 coedge $-1 -1 $-1 $2050 $2050 $1868 $2051 forward $2261 0 $-1 #
-2051 edge $-1 5401 $-1 $2262 -3.14159 $2262 3.14159 $2050 $2263 forward @7 unknown #
-2052 vertex $-1 -1 $-1 $1870 0 $2264 #
-2053 ellipse-curve $-1 -1 $-1 -67 155 0.7 -0 -0 -1 -0.15 0 0 1 I I #
-2054 coedge $-1 -1 $-1 $2054 $2054 $1871 $2055 reversed $2265 0 $-1 #
-2055 edge $-1 5498 $-1 $2266 -3.14159 $2266 3.14159 $2054 $2267 forward @7 unknown #
-2056 point $-1 -1 $-1 -77 8 0 #
-2057 coedge $-1 -1 $-1 $1880 $1875 $-1 $2268 forward $951 0 $-1 #
-2058 edge $-1 -1 $-1 $2059 -5.725 $2269 -2.425 $1875 $2270 forward @7 unknown #
-2059 vertex $-1 -1 $-1 $2058 0 $2271 #
-2060 straight-curve $-1 -1 $-1 -60.5 163 2.2 1 0 0 I I #
-2061 point $-1 -1 $-1 -166 163 2.2 #
-2062 edge $-1 -1 $-1 $2272 -8.925 $2063 0.775 $1880 $2273 forward @7 unknown #
-2063 vertex $-1 -1 $-1 $1881 0 $2274 #
-2064 straight-curve $-1 -1 $-1 -80.5 33 2.2 -1 -1.11022e-16 0 I I #
-2065 point $-1 -1 $-1 -40 33 2.2 #
-2066 coedge $-1 -1 $-1 $1890 $1885 $-1 $2275 forward $972 0 $-1 #
-2067 edge $-1 -1 $-1 $2068 -5.725 $2276 -2.425 $1885 $2277 forward @7 unknown #
-2068 vertex $-1 -1 $-1 $2067 0 $2278 #
-2069 straight-curve $-1 -1 $-1 -60.5 163 2.2 1 0 0 I I #
-2070 point $-1 -1 $-1 -166 163 2.2 #
-2071 edge $-1 -1 $-1 $2279 -8.925 $2072 0.775 $1890 $2280 forward @7 unknown #
-2072 vertex $-1 -1 $-1 $1891 0 $2281 #
-2073 straight-curve $-1 -1 $-1 -80.5 33 2.2 -1 -1.11022e-16 0 I I #
-2074 point $-1 -1 $-1 -40 33 2.2 #
-2075 loop $-1 -1 $-1 $2282 $2283 $35 #
-2076 coedge $-1 -1 $-1 $2076 $2076 $2284 $2285 forward $1895 0 $-1 #
-2077 coedge $-1 -1 $-1 $2077 $2077 $1896 $2078 reversed $2031 0 $-1 #
-2078 edge $-1 5396 $-1 $2286 -3.14159 $2286 3.14159 $1896 $2287 forward @7 unknown #
-2079 vertex $-1 -1 $-1 $1898 0 $2288 #
-2080 ellipse-curve $-1 -1 $-1 -78.5 155 0 0 0 1 -0.15 0 0 1 I I #
-2081 loop $-1 -1 $-1 $-1 $2289 $2036 #
-2082 point $-1 -1 $-1 -60 140 0 #
-2083 coedge $-1 -1 $-1 $2083 $2083 $2290 $2291 reversed $1902 0 $-1 #
-2084 NMx_Sweep_Generated_Brep_tag-NMx_Brep_Name_tag-NMx_Brep_tag-NamingMatching-attrib $-1 -1 $2292 $-1 $1903 42 1 1299 -1 56 0 20 0 0 0 0 0 0 0 #
-2085 face $2293 5373 $-1 $1743 $2294 $10 $-1 $2295 forward single #
-2086 cone-surface $-1 -1 $-1 -228 101 2.2 0 0 -1 -0.15 0 0 1 I I 0 1 0.15 forward I I I I #
-2087 coedge $-1 -1 $-1 $2087 $2087 $1905 $2088 forward $2294 0 $-1 #
-2088 edge $-1 5535 $-1 $2296 -3.14159 $2296 3.14159 $1905 $2297 forward @7 unknown #
-2089 NMx_Feature_Orientation-NamingMatching-attrib $-1 -1 $-1 $1906 $1743 42 $2298 $2299 #
-2090 NMx_Sweep_Generated_Brep_tag-NMx_Brep_Name_tag-NMx_Brep_tag-NamingMatching-attrib $-1 -1 $2300 $-1 $1907 42 1 785 -1 85 0 20 0 0 0 0 0 0 0 #
-2091 face $2301 1865 $-1 $2148 $2142 $10 $-1 $2302 reversed single #
-2092 loop $-1 -1 $-1 $-1 $2133 $1907 #
-2093 cone-surface $-1 -1 $-1 -172 74 2.2 0 0 -1 0 0.15 0 1 I I 0 1 0.15 forward I I I I #
-2094 vertex $-1 -1 $-1 $1913 0 $2303 #
-2095 ellipse-curve $-1 -1 $-1 -73 23 0 0 0 1 -0.15 0 0 1 I I #
-2096 loop $-1 -1 $-1 $2265 $1914 $175 #
-2097 vertex $-1 -1 $-1 $1915 0 $2304 #
-2098 ellipse-curve $-1 -1 $-1 -73 23 2.2 0 0 1 -0.3 0 0 1 I I #
-2099 point $-1 -1 $-1 -71.5 23 0.7 #
-2100 point $-1 -1 $-1 -45.5 36.5 0 #
-2101 point $-1 -1 $-1 -44 36.5 2.2 #
-2102 point $-1 -1 $-1 -53 71.5 2.2 #
-2103 NMx_Feature_Orientation-NamingMatching-attrib $-1 -1 $-1 $1931 $1775 42 $2305 $2306 #
-2104 NMx_blend_tag-NMx_Brep_Name_tag-NMx_Brep_tag-NamingMatching-attrib $-1 -1 $-1 $-1 $1932 42 1 1382 -1 1 1 45 0 0 0 0 #
-2105 loop $-1 -1 $-1 $2307 $2308 $1932 #
-2106 cone-surface $-1 -1 $-1 -211 101 1.45 0 0 1 -0.225 0 0 1 I I -0.707107 -0.707107 0.225 forward I I I I #
-2107 loop $-1 -1 $-1 $-1 $2108 $1775 #
-2108 coedge $-1 -1 $-1 $2108 $2108 $1936 $2109 reversed $2107 0 $-1 #
-2109 edge $-1 5532 $-1 $2309 -3.14159 $2309 3.14159 $2108 $2310 forward @7 unknown #
-2110 vertex $-1 -1 $-1 $1937 0 $2311 #
-2111 ellipse-curve $-1 -1 $-1 -228 62 0 0 0 1 -0.15 0 0 1 I I #
-2112 loop $-1 -1 $-1 $1477 $1938 $175 #
-2113 vertex $-1 -1 $-1 $1939 0 $2312 #
-2114 ellipse-curve $-1 -1 $-1 -228 62 2.2 0 0 1 -0.3 0 0 1 I I #
-2115 point $-1 -1 $-1 -226.5 62 0.7 #
-2116 loop $-1 -1 $-1 $2313 $2314 $35 #
-2117 coedge $-1 -1 $-1 $2315 $2316 $2317 $2318 forward $1943 0 $-1 #
-2118 coedge $-1 -1 $-1 $2319 $1944 $2320 $2321 forward $1786 0 $-1 #
-2119 coedge $-1 -1 $-1 $1944 $2319 $2322 $2323 forward $1786 0 $-1 #
-2120 coedge $-1 -1 $-1 $2324 $2325 $1944 $2121 reversed $2326 0 $-1 #
-2121 edge $-1 1878 $-1 $2327 0 $2328 3.14159 $1944 $2329 forward @7 unknown #
-2122 coedge $-1 -1 $-1 $1946 $1945 $2330 $2331 forward $1640 0 $-1 #
-2123 coedge $-1 -1 $-1 $2332 $2333 $1945 $2124 reversed $2334 0 $-1 #
-2124 edge $-1 1882 $-1 $2131 -5.4 $2335 -1.4 $1945 $2336 forward @7 unknown #
-2125 coedge $-1 -1 $-1 $2337 $2338 $1946 $2126 reversed $2339 0 $-1 #
-2126 edge $-1 1989 $-1 $2340 -0.6 $2130 3.4 $1946 $2341 forward @7 unknown #
-2127 coedge $-1 -1 $-1 $2342 $1947 $2338 $2343 reversed $2129 0 $-1 #
-2128 coedge $-1 -1 $-1 $1947 $2342 $2332 $2344 forward $2129 0 $-1 #
-2129 loop $-1 -1 $-1 $-1 $1947 $2345 #
-2130 vertex $-1 -1 $-1 $1948 0 $2346 #
-2131 vertex $-1 -1 $-1 $1948 1 $2347 #
-2132 ellipse-curve $-1 -1 $-1 -109 13.5 0 0 0 1 -0.15 0 0 1 I I #
-2133 coedge $-1 -1 $-1 $2348 $2349 $1949 $2134 reversed $2092 0 $-1 #
-2134 edge $-1 1997 $-1 $2138 0 $2143 3.14159 $1949 $2350 forward @7 unknown #
-2135 coedge $-1 -1 $-1 $2351 $1950 $1955 $2147 reversed $2137 0 $-1 #
-2136 coedge $-1 -1 $-1 $1950 $2351 $2348 $2352 forward $2137 0 $-1 #
-2137 loop $-1 -1 $-1 $-1 $1950 $2353 #
-2138 vertex $-1 -1 $-1 $1951 1 $2354 #
-2139 straight-curve $-1 -1 $-1 -146.5 75.5 0 -1 0 0 I I #
-2140 coedge $-1 -1 $-1 $2355 $1952 $2349 $2356 reversed $2142 0 $-1 #
-2141 coedge $-1 -1 $-1 $1952 $2355 $1954 $2146 forward $2142 0 $-1 #
-2142 loop $-1 -1 $-1 $-1 $1952 $2091 #
-2143 vertex $-1 -1 $-1 $2134 1 $2357 #
-2144 straight-curve $-1 -1 $-1 -106.5 72.5 0 1 0 -0 I I #
-2145 coedge $-1 -1 $-1 $1955 $1954 $2358 $2359 reversed $1956 0 $-1 #
-2146 edge $2360 1868 $-1 $2361 0 $1957 0.22 $2141 $2362 forward @7 tangent #
-2147 edge $2363 1870 $-1 $2364 0 $1958 0.22 $2135 $2365 forward @7 tangent #
-2148 face $2366 1823 $-1 $2353 $1956 $10 $-1 $2367 reversed single #
-2149 point $-1 -1 $-1 -92 72.5 0 #
-2150 point $-1 -1 $-1 -92 75.5 0 #
-2151 point $-1 -1 $-1 -236 81.5 0 #
-2152 coedge $-1 -1 $-1 $2152 $2152 $2308 $2368 reversed $1963 0 $-1 #
-2153 NMx_Sweep_Generated_Brep_tag-NMx_Brep_Name_tag-NMx_Brep_tag-NamingMatching-attrib $-1 -1 $2369 $-1 $1964 42 1 1299 -1 58 0 20 0 0 0 0 0 0 0 #
-2154 face $2370 5371 $-1 $1903 $2371 $10 $-1 $2372 forward single #
-2155 cone-surface $-1 -1 $-1 -211 101 2.2 0 0 -1 -0.15 0 0 1 I I 0 1 0.15 forward I I I I #
-2156 loop $-1 -1 $-1 $2096 $2373 $175 #
-2157 coedge $-1 -1 $-1 $2157 $2157 $2374 $2375 reversed $1966 0 $-1 #
-2158 coedge $-1 -1 $-1 $2158 $2158 $1967 $2159 forward $2376 0 $-1 #
-2159 edge $-1 5494 $-1 $2377 -3.14159 $2377 3.14159 $1967 $2378 forward @7 unknown #
-2160 loop $-1 -1 $-1 $-1 $1968 $2234 #
-2161 vertex $-1 -1 $-1 $1969 0 $2379 #
-2162 ellipse-curve $-1 -1 $-1 -8 81.5 2.2 0 0 1 -0.3 0 0 1 I I #
-2163 point $-1 -1 $-1 -38 119.5 0 #
-2164 vertex $-1 -1 $-1 $1981 0 $2380 #
-2165 ellipse-curve $-1 -1 $-1 -25 114.5 0 -0 -0 -1 0.353553 0.353553 0 1 I I #
-2166 straight-curve $-1 -1 $-1 -82 119.5 0 -1 -0 0 I I #
-2167 straight-curve $-1 -1 $-1 -25 119.5 2.2 -0 0 -1 F -1.55 F 1.77 #
-2168 loop $-1 -1 $-1 $2381 $2382 $175 #
-2169 coedge $-1 -1 $-1 $2383 $2384 $2385 $2386 forward $1985 0 $-1 #
-2170 coedge $-1 -1 $-1 $2387 $1986 $2388 $2389 forward $1829 0 $-1 #
-2171 coedge $-1 -1 $-1 $1986 $2387 $2390 $2391 forward $1829 0 $-1 #
-2172 coedge $-1 -1 $-1 $2392 $2393 $1986 $2173 reversed $2394 0 $-1 #
-2173 edge $-1 1908 $-1 $2395 -3.14159 $2396 0 $1986 $2397 forward @7 unknown #
-2174 coedge $-1 -1 $-1 $1988 $1987 $2398 $2399 forward $1683 0 $-1 #
-2175 coedge $-1 -1 $-1 $2400 $2401 $1987 $2176 reversed $2402 0 $-1 #
-2176 edge $-1 1961 $-1 $2183 1.4 $2403 5.4 $1987 $2404 forward @7 unknown #
-2177 coedge $-1 -1 $-1 $2405 $2406 $1988 $2178 reversed $2407 0 $-1 #
-2178 edge $-1 1925 $-1 $2408 -3.4 $2182 0.6 $1988 $2409 forward @7 unknown #
-2179 coedge $-1 -1 $-1 $2410 $1989 $2406 $2411 forward $2181 0 $-1 #
-2180 coedge $-1 -1 $-1 $1989 $2410 $2400 $2412 reversed $2181 0 $-1 #
-2181 loop $-1 -1 $-1 $-1 $2410 $2413 #
-2182 vertex $-1 -1 $-1 $1990 0 $2414 #
-2183 vertex $-1 -1 $-1 $1990 1 $2415 #
-2184 ellipse-curve $-1 -1 $-1 -92 109.5 2.2 -0 -0 -1 -0.15 1.77636e-15 0 1 I I #
-2185 coedge $-1 -1 $-1 $2416 $2417 $1991 $2186 reversed $2418 0 $-1 #
-2186 edge $-1 1958 $-1 $2190 -3.14159 $2195 0 $1991 $2419 forward @7 unknown #
-2187 coedge $-1 -1 $-1 $2420 $1992 $1997 $2199 forward $2189 0 $-1 #
-2188 coedge $-1 -1 $-1 $1992 $2420 $2416 $2421 reversed $2189 0 $-1 #
-2189 loop $-1 -1 $-1 $-1 $2420 $2422 #
-2190 vertex $-1 -1 $-1 $2186 0 $2423 #
-2191 straight-curve $-1 -1 $-1 -93.5 47.5 2.2 0 1 0 I I #
-2192 coedge $-1 -1 $-1 $2424 $1994 $2417 $2425 forward $2194 0 $-1 #
-2193 coedge $-1 -1 $-1 $1994 $2424 $1996 $2198 reversed $2194 0 $-1 #
-2194 loop $-1 -1 $-1 $-1 $2424 $2426 #
-2195 vertex $-1 -1 $-1 $1995 0 $2427 #
-2196 straight-curve $-1 -1 $-1 -90.5 67.5 2.2 -0 -1 0 I I #
-2197 coedge $-1 -1 $-1 $1997 $1996 $2428 $2429 reversed $1998 0 $-1 #
-2198 edge $2430 1923 $-1 $1999 0 $2431 0.22 $2193 $2432 forward @7 tangent #
-2199 edge $2433 1921 $-1 $2000 0 $2434 0.22 $2187 $2435 forward @7 tangent #
-2200 face $2436 1838 $-1 $2426 $1998 $10 $-1 $2437 reversed single #
-2201 point $-1 -1 $-1 -90.5 13.5 2.2 #
-2202 point $-1 -1 $-1 -93.5 13.5 2.2 #
-2203 coedge $-1 -1 $-1 $2438 $2002 $2005 $2208 forward $2205 0 $-1 #
-2204 coedge $-1 -1 $-1 $2002 $2438 $2009 $2212 reversed $2205 0 $-1 #
-2205 loop $-1 -1 $-1 $-1 $2438 $2439 #
-2206 ellipse-curve $-1 -1 $-1 -92 89 2.2 -0 -0 -1 0 0.15 0 1 I I #
-2207 coedge $-1 -1 $-1 $2005 $2004 $2440 $2441 reversed $2006 0 $-1 #
-2208 edge $2442 1950 $-1 $2007 0 $2443 0.22 $2005 $2444 forward @7 tangent #
-2209 face $2445 1847 $-1 $2017 $2006 $10 $-1 $2446 reversed single #
-2210 point $-1 -1 $-1 -92 90.5 2.2 #
-2211 coedge $-1 -1 $-1 $2010 $2009 $2447 $2448 reversed $2011 0 $-1 #
-2212 edge $2449 1940 $-1 $2012 0 $2450 0.22 $2204 $2451 forward @7 tangent #
-2213 face $2452 1843 $-1 $781 $2011 $10 $-1 $2453 reversed single #
-2214 point $-1 -1 $-1 -92 87.5 2.2 #
-2215 coedge $-1 -1 $-1 $2447 $2440 $2014 $2216 forward $2454 0 $-1 #
-2216 edge $-1 1927 $-1 $2221 -3.14159 $2218 0 $2215 $2455 forward @7 unknown #
-2217 NMx_Sweep_Generated_Brep_tag-NMx_Brep_Name_tag-NMx_Brep_tag-NamingMatching-attrib $-1 -1 $-1 $-1 $2015 42 1 785 -1 67 0 18 0 0 0 0 0 0 0 #
-2218 vertex $-1 -1 $-1 $2216 1 $2456 #
-2219 straight-curve $-1 -1 $-1 -172 87.5 2.2 0 0 -1 I I #
-2220 NMx_Sweep_Generated_Brep_tag-NMx_Brep_Name_tag-NMx_Brep_tag-NamingMatching-attrib $-1 -1 $-1 $-1 $2016 42 1 785 -1 64 0 18 0 0 0 0 0 0 0 #
-2221 vertex $-1 -1 $-1 $2216 0 $2457 #
-2222 straight-curve $-1 -1 $-1 -172 90.5 2.2 0 0 -1 I I #
-2223 NMx_Feature_Orientation-NamingMatching-attrib $-1 -1 $2458 $-1 $2017 42 $2459 $2460 #
-2224 cone-surface $-1 -1 $-1 -172 89 2.2 0 0 -1 -0 -0.15 0 1 I I 0 1 0.15 forward I I I I #
-2225 coedge $-1 -1 $-1 $2225 $2225 $2020 $2226 forward $2461 0 $-1 #
-2226 edge $-1 5482 $-1 $2462 -3.14159 $2462 3.14159 $2020 $2463 forward @7 unknown #
-2227 vertex $-1 -1 $-1 $2022 0 $2464 #
-2228 ellipse-curve $-1 -1 $-1 -237.5 81.5 2.2 0 0 1 -0.3 0 0 1 I I #
-2229 NMx_blend_tag-NMx_Brep_Name_tag-NMx_Brep_tag-NamingMatching-attrib $-1 -1 $-1 $-1 $2023 42 1 1382 -1 1 1 78 0 0 0 0 #
-2230 face $2465 5348 $-1 $1451 $2466 $10 $-1 $2467 reversed single #
-2231 loop $-1 -1 $-1 $1848 $2468 $2023 #
-2232 cone-surface $-1 -1 $-1 -15 81.5 1.45 0 0 1 -0.225 0 0 1 I I -0.707107 -0.707107 0.225 forward I I I I #
-2233 NMx_Sweep_Generated_Brep_tag-NMx_Brep_Name_tag-NMx_Brep_tag-NamingMatching-attrib $-1 -1 $2469 $-1 $2026 42 1 1299 -1 16 0 20 0 0 0 0 0 0 0 #
-2234 face $2470 5345 $-1 $2471 $2472 $10 $-1 $2473 forward single #
-2235 loop $-1 -1 $-1 $2474 $2284 $2026 #
-2236 cone-surface $-1 -1 $-1 -13 126.5 2.2 0 0 -1 -0.15 0 0 1 I I 0 1 0.15 forward I I I I #
-2237 coedge $-1 -1 $-1 $2237 $2237 $2475 $2476 forward $2027 0 $-1 #
-2238 NMx_Feature_Orientation-NamingMatching-attrib $-1 -1 $-1 $2029 $1854 42 $2477 $2478 #
-2239 NMx_blend_tag-NMx_Brep_Name_tag-NMx_Brep_tag-NamingMatching-attrib $-1 -1 $-1 $-1 $2030 42 1 1382 -1 1 1 87 0 0 0 0 #
-2240 face $2479 5342 $-1 $1851 $2480 $10 $-1 $2481 reversed single #
-2241 loop $-1 -1 $-1 $2376 $2482 $2030 #
-2242 cone-surface $-1 -1 $-1 -24 126.5 1.45 0 0 1 -0.225 0 0 1 I I -0.707107 -0.707107 0.225 forward I I I I #
-2243 loop $-1 -1 $-1 $-1 $2244 $1854 #
-2244 coedge $-1 -1 $-1 $2244 $2244 $2033 $2245 reversed $2243 0 $-1 #
-2245 edge $-1 5516 $-1 $2483 -3.14159 $2483 3.14159 $2244 $2484 forward @7 unknown #
-2246 straight-curve $-1 -1 $-1 -71.5 140 2.2 -0 -0 -1 I I #
-2247 ellipse-curve $-1 -1 $-1 -73 140 2.2 0 0 -1 -0.15 -0 -0 1 I I #
-2248 NMx_Sweep_Generated_Brep_tag-NMx_Brep_Name_tag-NMx_Brep_tag-NamingMatching-attrib $-1 -1 $2485 $-1 $2036 42 1 1299 -1 42 0 20 0 0 0 0 0 0 0 #
-2249 cone-surface $-1 -1 $-1 -61.5 140 2.2 0 0 -1 -0.15 0 0 1 I I 0 1 0.15 forward I I I I #
-2250 loop $-1 -1 $-1 $-1 $2374 $1858 #
-2251 coedge $-1 -1 $-1 $2251 $2251 $2289 $2486 forward $2037 0 $-1 #
-2252 coedge $-1 -1 $-1 $2252 $2252 $2040 $2253 forward $2487 0 $-1 #
-2253 edge $-1 5402 $-1 $2488 -3.14159 $2488 3.14159 $2252 $2489 forward @7 unknown #
-2254 vertex $-1 -1 $-1 $2042 0 $2490 #
-2255 ellipse-curve $-1 -1 $-1 -73 140 0.7 -0 -0 -1 -0.15 0 0 1 I I #
-2256 NMx_Feature_Orientation-NamingMatching-attrib $-1 -1 $-1 $2045 $1864 42 $2491 $2492 #
-2257 loop $-1 -1 $-1 $-1 $2259 $1864 #
-2258 coedge $-1 -1 $-1 $2258 $2258 $2373 $2493 forward $2048 0 $-1 #
-2259 coedge $-1 -1 $-1 $2259 $2259 $2049 $2260 reversed $2257 0 $-1 #
-2260 edge $-1 5513 $-1 $2494 -3.14159 $2494 3.14159 $2259 $2495 forward @7 unknown #
-2261 loop $-1 -1 $-1 $2487 $2050 $35 #
-2262 vertex $-1 -1 $-1 $2051 0 $2496 #
-2263 ellipse-curve $-1 -1 $-1 -67 155 0 0 0 1 -0.15 0 0 1 I I #
-2264 point $-1 -1 $-1 -65.5 155 0.7 #
-2265 loop $-1 -1 $-1 $1921 $2054 $175 #
-2266 vertex $-1 -1 $-1 $2055 0 $2497 #
-2267 ellipse-curve $-1 -1 $-1 -67 8 2.2 0 0 1 -0.3 0 0 1 I I #
-2268 edge $-1 -1 $-1 $2269 2.05 $2272 6.05 $2057 $2498 forward @7 unknown #
-2269 vertex $-1 -1 $-1 $2268 0 $2499 #
-2270 straight-curve $-1 -1 $-1 -40 105.75 2.2 0 -1 0 I I #
-2271 point $-1 -1 $-1 -40 163 2.2 #
-2272 vertex $-1 -1 $-1 $2268 1 $2500 #
-2273 straight-curve $-1 -1 $-1 0 40.75 2.2 6.12323e-17 -1 0 I I #
-2274 point $-1 -1 $-1 0 33 2.2 #
-2275 edge $-1 -1 $-1 $2276 2.05 $2279 6.05 $2066 $2501 forward @7 unknown #
-2276 vertex $-1 -1 $-1 $2275 0 $2502 #
-2277 straight-curve $-1 -1 $-1 -40 105.75 2.2 0 -1 0 I I #
-2278 point $-1 -1 $-1 -40 163 2.2 #
-2279 vertex $-1 -1 $-1 $2275 1 $2503 #
-2280 straight-curve $-1 -1 $-1 0 40.75 2.2 6.12323e-17 -1 0 I I #
-2281 point $-1 -1 $-1 0 33 2.2 #
-2282 loop $-1 -1 $-1 $2504 $2505 $35 #
-2283 coedge $-1 -1 $-1 $2283 $2283 $2506 $2507 forward $2075 0 $-1 #
-2284 coedge $-1 -1 $-1 $2284 $2284 $2076 $2285 reversed $2235 0 $-1 #
-2285 edge $-1 5397 $-1 $2508 -3.14159 $2508 3.14159 $2076 $2509 forward @7 unknown #
-2286 vertex $-1 -1 $-1 $2078 0 $2510 #
-2287 ellipse-curve $-1 -1 $-1 -47 126.5 0 0 0 1 -0.15 0 0 1 I I #
-2288 point $-1 -1 $-1 -77 155 0 #
-2289 coedge $-1 -1 $-1 $2289 $2289 $2251 $2486 reversed $2081 0 $-1 #
-2290 coedge $-1 -1 $-1 $2290 $2290 $2083 $2291 forward $2371 0 $-1 #
-2291 edge $-1 5534 $-1 $2511 -3.14159 $2511 3.14159 $2083 $2512 forward @7 unknown #
-2292 NMx_Feature_Orientation-NamingMatching-attrib $-1 -1 $-1 $2084 $1903 42 $2513 $2514 #
-2293 NMx_blend_tag-NMx_Brep_Name_tag-NMx_Brep_tag-NamingMatching-attrib $-1 -1 $-1 $-1 $2085 42 1 1382 -1 1 1 39 0 0 0 0 #
-2294 loop $-1 -1 $-1 $2515 $2087 $2085 #
-2295 cone-surface $-1 -1 $-1 -237.5 113.5 1.45 0 0 1 -0.225 0 0 1 I I -0.707107 -0.707107 0.225 forward I I I I #
-2296 vertex $-1 -1 $-1 $2088 0 $2516 #
-2297 ellipse-curve $-1 -1 $-1 -237.5 113.5 0.7 -0 -0 -1 -0.15 0 0 1 I I #
-2298 straight-curve $-1 -1 $-1 -236 113.5 2.2 -0 -0 -1 I I #
-2299 ellipse-curve $-1 -1 $-1 -237.5 113.5 2.2 0 0 -1 -0.15 -0 -0 1 I I #
-2300 NMx_Feature_Orientation-NamingMatching-attrib $-1 -1 $-1 $2090 $1907 42 $2517 $2518 #
-2301 NMx_Sweep_Generated_Brep_tag-NMx_Brep_Name_tag-NMx_Brep_tag-NamingMatching-attrib $-1 -1 $2519 $-1 $2091 42 1 785 -1 83 0 20 0 0 0 0 0 0 0 #
-2302 plane-surface $-1 -1 $-1 -92 72.5 2.2 0 -1 0 -1 -0 -0 forward_v I I I I #
-2303 point $-1 -1 $-1 -71.5 23 0 #
-2304 point $-1 -1 $-1 -70 23 2.2 #
-2305 straight-curve $-1 -1 $-1 -236 81.5 2.2 -0 -0 -1 I I #
-2306 ellipse-curve $-1 -1 $-1 -237.5 81.5 2.2 0 0 -1 -0.15 -0 -0 1 I I #
-2307 loop $-1 -1 $-1 $-1 $2520 $1932 #
-2308 coedge $-1 -1 $-1 $2308 $2308 $2152 $2368 forward $2105 0 $-1 #
-2309 vertex $-1 -1 $-1 $2109 0 $2521 #
-2310 ellipse-curve $-1 -1 $-1 -237.5 81.5 0.7 -0 -0 -1 -0.15 0 0 1 I I #
-2311 point $-1 -1 $-1 -226.5 62 0 #
-2312 point $-1 -1 $-1 -225 62 2.2 #
-2313 loop $-1 -1 $-1 $2522 $2523 $35 #
-2314 coedge $-1 -1 $-1 $2524 $2525 $2526 $2527 forward $2116 0 $-1 #
-2315 coedge $-1 -1 $-1 $2528 $2117 $2529 $2530 forward $1943 0 $-1 #
-2316 coedge $-1 -1 $-1 $2117 $2528 $2531 $2532 forward $1943 0 $-1 #
-2317 coedge $-1 -1 $-1 $2533 $2534 $2117 $2318 reversed $2535 0 $-1 #
-2318 edge $-1 1885 $-1 $2536 0 $2537 3.14159 $2117 $2538 forward @7 unknown #
-2319 coedge $-1 -1 $-1 $2119 $2118 $2539 $2540 forward $1786 0 $-1 #
-2320 coedge $-1 -1 $-1 $2541 $2542 $2118 $2321 reversed $2543 0 $-1 #
-2321 edge $-1 1889 $-1 $2328 -0.6 $2544 3.4 $2118 $2545 forward @7 unknown #
-2322 coedge $-1 -1 $-1 $2546 $2547 $2119 $2323 reversed $2548 0 $-1 #
-2323 edge $-1 1984 $-1 $2549 -5.4 $2327 -1.4 $2119 $2550 forward @7 unknown #
-2324 coedge $-1 -1 $-1 $2551 $2120 $2547 $2552 reversed $2326 0 $-1 #
-2325 coedge $-1 -1 $-1 $2120 $2551 $2541 $2553 forward $2326 0 $-1 #
-2326 loop $-1 -1 $-1 $-1 $2120 $2554 #
-2327 vertex $-1 -1 $-1 $2121 0 $2555 #
-2328 vertex $-1 -1 $-1 $2121 1 $2556 #
-2329 ellipse-curve $-1 -1 $-1 -109 109.5 0 0 0 1 -0.15 0 0 1 I I #
-2330 coedge $-1 -1 $-1 $2557 $2558 $2122 $2331 reversed $2559 0 $-1 #
-2331 edge $-1 1992 $-1 $2335 0 $2340 3.14159 $2122 $2560 forward @7 unknown #
-2332 coedge $-1 -1 $-1 $2561 $2123 $2128 $2344 reversed $2334 0 $-1 #
-2333 coedge $-1 -1 $-1 $2123 $2561 $2557 $2562 forward $2334 0 $-1 #
-2334 loop $-1 -1 $-1 $-1 $2123 $2563 #
-2335 vertex $-1 -1 $-1 $2124 1 $2564 #
-2336 straight-curve $-1 -1 $-1 -107.5 67.5 0 0 1 -0 I I #
-2337 coedge $-1 -1 $-1 $2565 $2125 $2558 $2566 reversed $2339 0 $-1 #
-2338 coedge $-1 -1 $-1 $2125 $2565 $2127 $2343 forward $2339 0 $-1 #
-2339 loop $-1 -1 $-1 $-1 $2125 $2567 #
-2340 vertex $-1 -1 $-1 $2331 1 $2568 #
-2341 straight-curve $-1 -1 $-1 -110.5 47.5 0 0 -1 0 I I #
-2342 coedge $-1 -1 $-1 $2128 $2127 $2569 $2570 reversed $2129 0 $-1 #
-2343 edge $2571 1872 $-1 $2572 0 $2130 0.22 $2338 $2573 forward @7 tangent #
-2344 edge $2574 1874 $-1 $2575 0 $2131 0.22 $2332 $2576 forward @7 tangent #
-2345 face $2577 1824 $-1 $2563 $2129 $10 $-1 $2578 reversed single #
-2346 point $-1 -1 $-1 -110.5 13.5 0 #
-2347 point $-1 -1 $-1 -107.5 13.5 0 #
-2348 coedge $-1 -1 $-1 $2579 $2133 $2136 $2352 reversed $2092 0 $-1 #
-2349 coedge $-1 -1 $-1 $2133 $2579 $2140 $2356 forward $2092 0 $-1 #
-2350 ellipse-curve $-1 -1 $-1 -172 74 0 0 0 1 0 0.15 0 1 I I #
-2351 coedge $-1 -1 $-1 $2136 $2135 $2580 $2581 reversed $2137 0 $-1 #
-2352 edge $2582 1877 $-1 $2583 0 $2138 0.22 $2348 $2584 forward @7 tangent #
-2353 face $2585 1825 $-1 $2586 $2137 $10 $-1 $2587 reversed single #
-2354 point $-1 -1 $-1 -172 75.5 0 #
-2355 coedge $-1 -1 $-1 $2141 $2140 $2588 $2589 reversed $2142 0 $-1 #
-2356 edge $2590 1995 $-1 $2591 0 $2143 0.22 $2140 $2592 forward @7 tangent #
-2357 point $-1 -1 $-1 -172 72.5 0 #
-2358 coedge $-1 -1 $-1 $2588 $2580 $2145 $2359 forward $2593 0 $-1 #
-2359 edge $-1 1869 $-1 $2364 -3.14159 $2361 0 $2358 $2594 forward @7 unknown #
-2360 NMx_Sweep_Generated_Brep_tag-NMx_Brep_Name_tag-NMx_Brep_tag-NamingMatching-attrib $-1 -1 $-1 $-1 $2146 42 1 785 -1 77 0 18 0 0 0 0 0 0 0 #
-2361 vertex $-1 -1 $-1 $2359 1 $2595 #
-2362 straight-curve $-1 -1 $-1 -92 72.5 2.2 0 0 -1 I I #
-2363 NMx_Sweep_Generated_Brep_tag-NMx_Brep_Name_tag-NMx_Brep_tag-NamingMatching-attrib $-1 -1 $-1 $-1 $2147 42 1 785 -1 78 0 18 0 0 0 0 0 0 0 #
-2364 vertex $-1 -1 $-1 $2359 0 $2596 #
-2365 straight-curve $-1 -1 $-1 -92 75.5 2.2 0 0 -1 I I #
-2366 NMx_Feature_Orientation-NamingMatching-attrib $-1 -1 $2597 $-1 $2148 42 $2517 $2598 #
-2367 cone-surface $-1 -1 $-1 -92 74 2.2 0 0 -1 0 -0.15 0 1 I I 0 1 0.15 forward I I I I #
-2368 edge $-1 5533 $-1 $2599 -3.14159 $2599 3.14159 $2152 $2600 forward @7 unknown #
-2369 NMx_Feature_Orientation-NamingMatching-attrib $-1 -1 $-1 $2153 $1964 42 $2601 $2602 #
-2370 NMx_blend_tag-NMx_Brep_Name_tag-NMx_Brep_tag-NamingMatching-attrib $-1 -1 $-1 $-1 $2154 42 1 1382 -1 1 1 42 0 0 0 0 #
-2371 loop $-1 -1 $-1 $2461 $2290 $2154 #
-2372 cone-surface $-1 -1 $-1 -228 101 1.45 0 0 1 -0.225 0 0 1 I I -0.707107 -0.707107 0.225 forward I I I I #
-2373 coedge $-1 -1 $-1 $2373 $2373 $2258 $2493 reversed $2156 0 $-1 #
-2374 coedge $-1 -1 $-1 $2374 $2374 $2157 $2375 forward $2250 0 $-1 #
-2375 edge $-1 5495 $-1 $2603 -3.14159 $2603 3.14159 $2157 $2604 forward @7 unknown #
-2376 loop $-1 -1 $-1 $-1 $2158 $2030 #
-2377 vertex $-1 -1 $-1 $2159 0 $2605 #
-2378 ellipse-curve $-1 -1 $-1 -24 126.5 2.2 0 0 1 -0.3 0 0 1 I I #
-2379 point $-1 -1 $-1 -5 81.5 2.2 #
-2380 point $-1 -1 $-1 -25 119.5 0 #
-2381 loop $-1 -1 $-1 $2606 $2607 $175 #
-2382 coedge $-1 -1 $-1 $2608 $2609 $2610 $2611 forward $2168 0 $-1 #
-2383 coedge $-1 -1 $-1 $2612 $2169 $2613 $2614 forward $1985 0 $-1 #
-2384 coedge $-1 -1 $-1 $2169 $2612 $2615 $2616 forward $1985 0 $-1 #
-2385 coedge $-1 -1 $-1 $2617 $2618 $2169 $2386 reversed $2619 0 $-1 #
-2386 edge $-1 1901 $-1 $2620 -3.14159 $2621 0 $2169 $2622 forward @7 unknown #
-2387 coedge $-1 -1 $-1 $2171 $2170 $2623 $2624 forward $1829 0 $-1 #
-2388 coedge $-1 -1 $-1 $2625 $2626 $2170 $2389 reversed $2627 0 $-1 #
-2389 edge $-1 1966 $-1 $2396 -2.9 $2628 0.1 $2170 $2629 forward @7 unknown #
-2390 coedge $-1 -1 $-1 $2630 $2631 $2171 $2391 reversed $2632 0 $-1 #
-2391 edge $-1 1918 $-1 $2633 1.4 $2395 4.4 $2171 $2634 forward @7 unknown #
-2392 coedge $-1 -1 $-1 $2635 $2172 $2631 $2636 forward $2394 0 $-1 #
-2393 coedge $-1 -1 $-1 $2172 $2635 $2625 $2637 reversed $2394 0 $-1 #
-2394 loop $-1 -1 $-1 $-1 $2635 $2638 #
-2395 vertex $-1 -1 $-1 $2173 0 $2639 #
-2396 vertex $-1 -1 $-1 $2173 1 $2640 #
-2397 ellipse-curve $-1 -1 $-1 -126 23.5 2.2 -0 -0 -1 -0.15 0 0 1 I I #
-2398 coedge $-1 -1 $-1 $2641 $2642 $2174 $2399 reversed $2643 0 $-1 #
-2399 edge $-1 1963 $-1 $2403 -3.14159 $2408 0 $2174 $2644 forward @7 unknown #
-2400 coedge $-1 -1 $-1 $2645 $2175 $2180 $2412 forward $2402 0 $-1 #
-2401 coedge $-1 -1 $-1 $2175 $2645 $2641 $2646 reversed $2402 0 $-1 #
-2402 loop $-1 -1 $-1 $-1 $2645 $2647 #
-2403 vertex $-1 -1 $-1 $2399 0 $2648 #
-2404 straight-curve $-1 -1 $-1 -93.5 95.5 2.2 0 1 0 I I #
-2405 coedge $-1 -1 $-1 $2649 $2177 $2642 $2650 forward $2407 0 $-1 #
-2406 coedge $-1 -1 $-1 $2177 $2649 $2179 $2411 reversed $2407 0 $-1 #
-2407 loop $-1 -1 $-1 $-1 $2649 $2651 #
-2408 vertex $-1 -1 $-1 $2178 0 $2652 #
-2409 straight-curve $-1 -1 $-1 -90.5 115.5 2.2 4.44089e-16 -1 0 I I #
-2410 coedge $-1 -1 $-1 $2180 $2179 $2653 $2654 reversed $2181 0 $-1 #
-2411 edge $2655 1916 $-1 $2182 0 $2656 0.22 $2406 $2657 forward @7 tangent #
-2412 edge $2658 1914 $-1 $2183 0 $2659 0.22 $2400 $2660 forward @7 tangent #
-2413 face $2661 1836 $-1 $2651 $2181 $10 $-1 $2662 reversed single #
-2414 point $-1 -1 $-1 -90.5 109.5 2.2 #
-2415 point $-1 -1 $-1 -93.5 109.5 2.2 #
-2416 coedge $-1 -1 $-1 $2663 $2185 $2188 $2421 forward $2418 0 $-1 #
-2417 coedge $-1 -1 $-1 $2185 $2663 $2192 $2425 reversed $2418 0 $-1 #
-2418 loop $-1 -1 $-1 $-1 $2663 $2664 #
-2419 ellipse-curve $-1 -1 $-1 -92 53.5 2.2 -0 -0 -1 0.15 0 0 1 I I #
-2420 coedge $-1 -1 $-1 $2188 $2187 $2665 $2666 reversed $2189 0 $-1 #
-2421 edge $2667 1955 $-1 $2190 0 $2668 0.22 $2188 $2669 forward @7 tangent #
-2422 face $2670 1849 $-1 $2200 $2189 $10 $-1 $2671 reversed single #
-2423 point $-1 -1 $-1 -93.5 53.5 2.2 #
-2424 coedge $-1 -1 $-1 $2193 $2192 $2672 $2673 reversed $2194 0 $-1 #
-2425 edge $2674 1933 $-1 $2195 0 $2675 0.22 $2417 $2676 forward @7 tangent #
-2426 face $2677 1841 $-1 $2439 $2194 $10 $-1 $2678 reversed single #
-2427 point $-1 -1 $-1 -90.5 53.5 2.2 #
-2428 coedge $-1 -1 $-1 $2672 $2665 $2197 $2429 forward $2679 0 $-1 #
-2429 edge $-1 1920 $-1 $2434 0 $2431 3.14159 $2428 $2680 forward @7 unknown #
-2430 NMx_Sweep_Generated_Brep_tag-NMx_Brep_Name_tag-NMx_Brep_tag-NamingMatching-attrib $-1 -1 $-1 $-1 $2198 42 1 785 -1 90 0 18 0 0 0 0 0 0 0 #
-2431 vertex $-1 -1 $-1 $2429 1 $2681 #
-2432 straight-curve $-1 -1 $-1 -90.5 13.5 2.2 0 0 -1 I I #
-2433 NMx_Sweep_Generated_Brep_tag-NMx_Brep_Name_tag-NMx_Brep_tag-NamingMatching-attrib $-1 -1 $-1 $-1 $2199 42 1 785 -1 89 0 18 0 0 0 0 0 0 0 #
-2434 vertex $-1 -1 $-1 $2429 0 $2682 #
-2435 straight-curve $-1 -1 $-1 -93.5 13.5 2.2 0 0 -1 I I #
-2436 NMx_Feature_Orientation-NamingMatching-attrib $-1 -1 $2683 $-1 $2200 42 $2684 $2685 #
-2437 cone-surface $-1 -1 $-1 -92 13.5 2.2 0 0 -1 -0.15 0 0 1 I I 0 1 0.15 forward I I I I #
-2438 coedge $-1 -1 $-1 $2204 $2203 $2686 $2687 reversed $2205 0 $-1 #
-2439 face $2688 1848 $-1 $2209 $2205 $10 $-1 $2689 reversed single #
-2440 coedge $-1 -1 $-1 $2215 $2686 $2207 $2441 forward $2454 0 $-1 #
-2441 edge $-1 1949 $-1 $2443 -5.45 $2221 2.55 $2440 $2690 forward @7 unknown #
-2442 NMx_Sweep_Generated_Brep_tag-NMx_Brep_Name_tag-NMx_Brep_tag-NamingMatching-attrib $-1 -1 $-1 $-1 $2208 42 1 785 -1 65 0 18 0 0 0 0 0 0 0 #
-2443 vertex $-1 -1 $-1 $2687 1 $2691 #
-2444 straight-curve $-1 -1 $-1 -92 90.5 2.2 0 0 -1 I I #
-2445 NMx_Sweep_Generated_Brep_tag-NMx_Brep_Name_tag-NMx_Brep_tag-NamingMatching-attrib $-1 -1 $2692 $-1 $2209 42 1 785 -1 71 0 20 0 0 0 0 0 0 0 #
-2446 plane-surface $-1 -1 $-1 -172 90.5 2.2 -0 1 0 1 0 0 forward_v I I I I #
-2447 coedge $-1 -1 $-1 $2686 $2215 $2211 $2448 forward $2454 0 $-1 #
-2448 edge $-1 1938 $-1 $2218 -6.55 $2450 1.45 $2447 $2693 forward @7 unknown #
-2449 NMx_Sweep_Generated_Brep_tag-NMx_Brep_Name_tag-NMx_Brep_tag-NamingMatching-attrib $-1 -1 $-1 $-1 $2212 42 1 785 -1 66 0 18 0 0 0 0 0 0 0 #
-2450 vertex $-1 -1 $-1 $2448 1 $2694 #
-2451 straight-curve $-1 -1 $-1 -92 87.5 2.2 0 0 -1 I I #
-2452 NMx_Feature_Orientation-NamingMatching-attrib $-1 -1 $2695 $-1 $2213 42 $2459 $-1 #
-2453 plane-surface $-1 -1 $-1 -92 87.5 2.2 -0 -1 -0 -1 0 0 forward_v I I I I #
-2454 loop $-1 -1 $-1 $1514 $2215 $35 #
-2455 ellipse-curve $-1 -1 $-1 -172 89 0 0 0 1 -0 -0.15 0 1 I I #
-2456 point $-1 -1 $-1 -172 87.5 0 #
-2457 point $-1 -1 $-1 -172 90.5 0 #
-2458 NMx_Sweep_Generated_Brep_tag-NMx_Brep_Name_tag-NMx_Brep_tag-NamingMatching-attrib $-1 -1 $-1 $2223 $2017 42 1 785 -1 73 0 20 0 0 0 0 0 0 0 #
-2459 straight-curve $-1 -1 $-1 -172 90.5 2.2 -0 -0 -1 I I #
-2460 ellipse-curve $-1 -1 $-1 -172 89 2.2 0 0 -1 -0 -0.15 -0 1 F 0 F 3.14159 #
-2461 loop $-1 -1 $-1 $-1 $2225 $2154 #
-2462 vertex $-1 -1 $-1 $2226 0 $2696 #
-2463 ellipse-curve $-1 -1 $-1 -228 101 2.2 0 0 1 -0.3 0 0 1 I I #
-2464 point $-1 -1 $-1 -234.5 81.5 2.2 #
-2465 NMx_Sweep_Generated_Brep_tag-NMx_Brep_Name_tag-NMx_Brep_tag-NamingMatching-attrib $-1 -1 $2697 $-1 $2230 42 1 1299 -1 12 0 20 0 0 0 0 0 0 0 #
-2466 loop $-1 -1 $-1 $2698 $2506 $2230 #
-2467 cone-surface $-1 -1 $-1 -15 81.5 2.2 0 0 -1 -0.15 0 0 1 I I 0 1 0.15 forward I I I I #
-2468 coedge $-1 -1 $-1 $2468 $2468 $2699 $2700 forward $2231 0 $-1 #
-2469 NMx_Feature_Orientation-NamingMatching-attrib $-1 -1 $-1 $2233 $2026 42 $2701 $2702 #
-2470 NMx_blend_tag-NMx_Brep_Name_tag-NMx_Brep_tag-NamingMatching-attrib $-1 -1 $-1 $-1 $2234 42 1 1382 -1 1 1 81 0 0 0 0 #
-2471 face $2703 5346 $-1 $2023 $2704 $10 $-1 $2705 reversed single #
-2472 loop $-1 -1 $-1 $2160 $2706 $2234 #
-2473 cone-surface $-1 -1 $-1 -8 81.5 1.45 0 0 1 -0.225 0 0 1 I I -0.707107 -0.707107 0.225 forward I I I I #
-2474 loop $-1 -1 $-1 $-1 $2475 $2026 #
-2475 coedge $-1 -1 $-1 $2475 $2475 $2237 $2476 reversed $2474 0 $-1 #
-2476 edge $-1 5518 $-1 $2707 -3.14159 $2707 3.14159 $2475 $2708 forward @7 unknown #
-2477 straight-curve $-1 -1 $-1 -45.5 126.5 2.2 -0 -0 -1 I I #
-2478 ellipse-curve $-1 -1 $-1 -47 126.5 2.2 0 0 -1 -0.15 -0 -0 1 I I #
-2479 NMx_Sweep_Generated_Brep_tag-NMx_Brep_Name_tag-NMx_Brep_tag-NamingMatching-attrib $-1 -1 $2709 $-1 $2240 42 1 1299 -1 18 0 20 0 0 0 0 0 0 0 #
-2480 loop $-1 -1 $-1 $2710 $2711 $2240 #
-2481 cone-surface $-1 -1 $-1 -24 126.5 2.2 0 0 -1 -0.15 0 0 1 I I 0 1 0.15 forward I I I I #
-2482 coedge $-1 -1 $-1 $2482 $2482 $2712 $2713 forward $2241 0 $-1 #
-2483 vertex $-1 -1 $-1 $2245 0 $2714 #
-2484 ellipse-curve $-1 -1 $-1 -47 126.5 0.7 -0 -0 -1 -0.15 0 0 1 I I #
-2485 NMx_Feature_Orientation-NamingMatching-attrib $-1 -1 $-1 $2248 $2036 42 $2715 $2716 #
-2486 edge $-1 5515 $-1 $2717 -3.14159 $2717 3.14159 $2289 $2718 forward @7 unknown #
-2487 loop $-1 -1 $-1 $1184 $2252 $35 #
-2488 vertex $-1 -1 $-1 $2253 0 $2719 #
-2489 ellipse-curve $-1 -1 $-1 -73 140 0 0 0 1 -0.15 0 0 1 I I #
-2490 point $-1 -1 $-1 -71.5 140 0.7 #
-2491 straight-curve $-1 -1 $-1 -77 155 2.2 -0 -0 -1 I I #
-2492 ellipse-curve $-1 -1 $-1 -78.5 155 2.2 0 0 -1 -0.15 -0 -0 1 I I #
-2493 edge $-1 5496 $-1 $2720 -3.14159 $2720 3.14159 $2373 $2721 forward @7 unknown #
-2494 vertex $-1 -1 $-1 $2260 0 $2722 #
-2495 ellipse-curve $-1 -1 $-1 -78.5 155 0.7 -0 -0 -1 -0.15 0 0 1 I I #
-2496 point $-1 -1 $-1 -65.5 155 0 #
-2497 point $-1 -1 $-1 -64 8 2.2 #
-2498 straight-curve $-1 -1 $-1 -60.5 130 2.2 1 0 -0 I I #
-2499 point $-1 -1 $-1 -40 130 2.2 #
-2500 point $-1 -1 $-1 0 130 2.2 #
-2501 straight-curve $-1 -1 $-1 -60.5 130 2.2 1 0 -0 I I #
-2502 point $-1 -1 $-1 -40 130 2.2 #
-2503 point $-1 -1 $-1 0 130 2.2 #
-2504 loop $-1 -1 $-1 $2261 $2723 $35 #
-2505 coedge $-1 -1 $-1 $2505 $2505 $2724 $2725 forward $2282 0 $-1 #
-2506 coedge $-1 -1 $-1 $2506 $2506 $2283 $2507 reversed $2466 0 $-1 #
-2507 edge $-1 5398 $-1 $2726 -3.14159 $2726 3.14159 $2283 $2727 forward @7 unknown #
-2508 vertex $-1 -1 $-1 $2285 0 $2728 #
-2509 ellipse-curve $-1 -1 $-1 -13 126.5 0 0 0 1 -0.15 0 0 1 I I #
-2510 point $-1 -1 $-1 -45.5 126.5 0 #
-2511 vertex $-1 -1 $-1 $2291 0 $2729 #
-2512 ellipse-curve $-1 -1 $-1 -228 101 0.7 -0 -0 -1 -0.15 0 0 1 I I #
-2513 straight-curve $-1 -1 $-1 -226.5 101 2.2 -0 -0 -1 I I #
-2514 ellipse-curve $-1 -1 $-1 -228 101 2.2 0 0 -1 -0.15 -0 -0 1 I I #
-2515 loop $-1 -1 $-1 $-1 $2730 $2085 #
-2516 point $-1 -1 $-1 -236 113.5 0.7 #
-2517 straight-curve $-1 -1 $-1 -172 72.5 2.2 -0 -0 -1 I I #
-2518 ellipse-curve $-1 -1 $-1 -172 74 2.2 0 -0 1 0 0.15 0 1 F 0 F 3.14159 #
-2519 NMx_Feature_Orientation-NamingMatching-attrib $-1 -1 $-1 $2301 $2091 42 $2517 $-1 #
-2520 coedge $-1 -1 $-1 $2520 $2520 $2731 $2732 forward $2307 0 $-1 #
-2521 point $-1 -1 $-1 -236 81.5 0.7 #
-2522 loop $-1 -1 $-1 $2733 $2734 $35 #
-2523 coedge $-1 -1 $-1 $2735 $2736 $2737 $2738 forward $2313 0 $-1 #
-2524 coedge $-1 -1 $-1 $2739 $2314 $2740 $2741 forward $2116 0 $-1 #
-2525 coedge $-1 -1 $-1 $2314 $2739 $2742 $2743 forward $2116 0 $-1 #
-2526 coedge $-1 -1 $-1 $2744 $2745 $2314 $2527 reversed $2746 0 $-1 #
-2527 edge $-1 1892 $-1 $2747 0 $2748 3.14159 $2314 $2749 forward @7 unknown #
-2528 coedge $-1 -1 $-1 $2316 $2315 $2750 $2751 forward $1943 0 $-1 #
-2529 coedge $-1 -1 $-1 $2752 $2753 $2315 $2530 reversed $2754 0 $-1 #
-2530 edge $-1 1896 $-1 $2537 -4.4 $2755 -1.4 $2315 $2756 forward @7 unknown #
-2531 coedge $-1 -1 $-1 $2757 $2758 $2316 $2532 reversed $2759 0 $-1 #
-2532 edge $-1 1979 $-1 $2760 -0.1 $2536 2.9 $2316 $2761 forward @7 unknown #
-2533 coedge $-1 -1 $-1 $2762 $2317 $2758 $2763 reversed $2535 0 $-1 #
-2534 coedge $-1 -1 $-1 $2317 $2762 $2752 $2764 forward $2535 0 $-1 #
-2535 loop $-1 -1 $-1 $-1 $2317 $2765 #
-2536 vertex $-1 -1 $-1 $2318 0 $2766 #
-2537 vertex $-1 -1 $-1 $2318 1 $2767 #
-2538 ellipse-curve $-1 -1 $-1 -143 23.5 0 0 0 1 -0.15 0 0 1 I I #
-2539 coedge $-1 -1 $-1 $2768 $2769 $2319 $2540 reversed $2770 0 $-1 #
-2540 edge $-1 1987 $-1 $2544 0 $2549 3.14159 $2319 $2771 forward @7 unknown #
-2541 coedge $-1 -1 $-1 $2772 $2320 $2325 $2553 reversed $2543 0 $-1 #
-2542 coedge $-1 -1 $-1 $2320 $2772 $2768 $2773 forward $2543 0 $-1 #
-2543 loop $-1 -1 $-1 $-1 $2320 $2774 #
-2544 vertex $-1 -1 $-1 $2321 1 $2775 #
-2545 straight-curve $-1 -1 $-1 -107.5 115.5 0 4.44089e-16 1 -0 I I #
-2546 coedge $-1 -1 $-1 $2776 $2322 $2769 $2777 reversed $2548 0 $-1 #
-2547 coedge $-1 -1 $-1 $2322 $2776 $2324 $2552 forward $2548 0 $-1 #
-2548 loop $-1 -1 $-1 $-1 $2322 $2778 #
-2549 vertex $-1 -1 $-1 $2540 1 $2779 #
-2550 straight-curve $-1 -1 $-1 -110.5 95.5 0 0 -1 0 I I #
-2551 coedge $-1 -1 $-1 $2325 $2324 $2780 $2781 reversed $2326 0 $-1 #
-2552 edge $2782 1879 $-1 $2783 0 $2327 0.22 $2547 $2784 forward @7 tangent #
-2553 edge $2785 1881 $-1 $2786 0 $2328 0.22 $2541 $2787 forward @7 tangent #
-2554 face $2788 1826 $-1 $2774 $2326 $10 $-1 $2789 reversed single #
-2555 point $-1 -1 $-1 -110.5 109.5 0 #
-2556 point $-1 -1 $-1 -107.5 109.5 0 #
-2557 coedge $-1 -1 $-1 $2790 $2330 $2333 $2562 reversed $2559 0 $-1 #
-2558 coedge $-1 -1 $-1 $2330 $2790 $2337 $2566 forward $2559 0 $-1 #
-2559 loop $-1 -1 $-1 $-1 $2330 $2586 #
-2560 ellipse-curve $-1 -1 $-1 -109 53.5 0 0 0 1 0.15 0 0 1 I I #
-2561 coedge $-1 -1 $-1 $2333 $2332 $2791 $2792 reversed $2334 0 $-1 #
-2562 edge $2793 1884 $-1 $2794 0 $2335 0.22 $2557 $2795 forward @7 tangent #
-2563 face $2796 1827 $-1 $2797 $2334 $10 $-1 $2798 reversed single #
-2564 point $-1 -1 $-1 -107.5 53.5 0 #
-2565 coedge $-1 -1 $-1 $2338 $2337 $2799 $2800 reversed $2339 0 $-1 #
-2566 edge $2801 1990 $-1 $2802 0 $2340 0.22 $2337 $2803 forward @7 tangent #
-2567 face $2804 1863 $-1 $2345 $2339 $10 $-1 $2805 reversed single #
-2568 point $-1 -1 $-1 -110.5 53.5 0 #
-2569 coedge $-1 -1 $-1 $2799 $2791 $2342 $2570 forward $2806 0 $-1 #
-2570 edge $-1 1873 $-1 $2575 -3.14159 $2572 0 $2569 $2807 forward @7 unknown #
-2571 NMx_Sweep_Generated_Brep_tag-NMx_Brep_Name_tag-NMx_Brep_tag-NamingMatching-attrib $-1 -1 $-1 $-1 $2343 42 1 785 -1 101 0 18 0 0 0 0 0 0 0 #
-2572 vertex $-1 -1 $-1 $2570 1 $2808 #
-2573 straight-curve $-1 -1 $-1 -110.5 13.5 2.2 0 0 -1 I I #
-2574 NMx_Sweep_Generated_Brep_tag-NMx_Brep_Name_tag-NMx_Brep_tag-NamingMatching-attrib $-1 -1 $-1 $-1 $2344 42 1 785 -1 102 0 18 0 0 0 0 0 0 0 #
-2575 vertex $-1 -1 $-1 $2570 0 $2809 #
-2576 straight-curve $-1 -1 $-1 -107.5 13.5 2.2 0 0 -1 I I #
-2577 NMx_Feature_Orientation-NamingMatching-attrib $-1 -1 $2810 $-1 $2345 42 $2811 $2812 #
-2578 cone-surface $-1 -1 $-1 -109 13.5 2.2 0 0 -1 -0.15 0 0 1 I I 0 1 0.15 forward I I I I #
-2579 coedge $-1 -1 $-1 $2349 $2348 $2813 $2814 reversed $2092 0 $-1 #
-2580 coedge $-1 -1 $-1 $2358 $2813 $2351 $2581 forward $2593 0 $-1 #
-2581 edge $-1 1876 $-1 $2583 -2.55 $2364 5.45 $2580 $2815 forward @7 unknown #
-2582 NMx_Sweep_Generated_Brep_tag-NMx_Brep_Name_tag-NMx_Brep_tag-NamingMatching-attrib $-1 -1 $-1 $-1 $2352 42 1 785 -1 79 0 18 0 0 0 0 0 0 0 #
-2583 vertex $-1 -1 $-1 $2581 0 $2816 #
-2584 straight-curve $-1 -1 $-1 -172 75.5 2.2 0 0 -1 I I #
-2585 NMx_Feature_Orientation-NamingMatching-attrib $-1 -1 $2817 $-1 $2353 42 $2517 $-1 #
-2586 face $2818 1864 $-1 $2567 $2559 $10 $-1 $2819 reversed single #
-2587 plane-surface $-1 -1 $-1 -172 75.5 2.2 0 1 0 1 -0 -0 forward_v I I I I #
-2588 coedge $-1 -1 $-1 $2813 $2358 $2355 $2589 forward $2593 0 $-1 #
-2589 edge $-1 1996 $-1 $2361 -1.45 $2591 6.55 $2588 $2820 forward @7 unknown #
-2590 NMx_Sweep_Generated_Brep_tag-NMx_Brep_Name_tag-NMx_Brep_tag-NamingMatching-attrib $-1 -1 $-1 $-1 $2356 42 1 785 -1 76 0 18 0 0 0 0 0 0 0 #
-2591 vertex $-1 -1 $-1 $2814 0 $2821 #
-2592 straight-curve $-1 -1 $-1 -172 72.5 2.2 0 0 -1 I I #
-2593 loop $-1 -1 $-1 $2822 $2358 $175 #
-2594 ellipse-curve $-1 -1 $-1 -92 74 2.2 -0 -0 -1 0 -0.15 0 1 I I #
-2595 point $-1 -1 $-1 -92 72.5 2.2 #
-2596 point $-1 -1 $-1 -92 75.5 2.2 #
-2597 NMx_Sweep_Generated_Brep_tag-NMx_Brep_Name_tag-NMx_Brep_tag-NamingMatching-attrib $-1 -1 $-1 $2366 $2148 42 1 785 -1 86 0 20 0 0 0 0 0 0 0 #
-2598 ellipse-curve $-1 -1 $-1 -92 74 2.2 -0 0 1 0 -0.15 0 1 F 0 F 3.14159 #
-2599 vertex $-1 -1 $-1 $2368 0 $2823 #
-2600 ellipse-curve $-1 -1 $-1 -211 101 0.7 -0 -0 -1 -0.15 0 0 1 I I #
-2601 straight-curve $-1 -1 $-1 -209.5 101 2.2 -0 -0 -1 I I #
-2602 ellipse-curve $-1 -1 $-1 -211 101 2.2 0 0 -1 -0.15 -0 -0 1 I I #
-2603 vertex $-1 -1 $-1 $2375 0 $2824 #
-2604 ellipse-curve $-1 -1 $-1 -61.5 140 2.2 0 0 1 -0.3 0 0 1 I I #
-2605 point $-1 -1 $-1 -21 126.5 2.2 #
-2606 loop $-1 -1 $-1 $2806 $2780 $175 #
-2607 coedge $-1 -1 $-1 $2825 $2826 $2762 $2827 forward $2381 0 $-1 #
-2608 coedge $-1 -1 $-1 $2828 $2382 $2829 $2830 forward $2168 0 $-1 #
-2609 coedge $-1 -1 $-1 $2382 $2828 $2831 $2832 forward $2168 0 $-1 #
-2610 coedge $-1 -1 $-1 $2745 $2744 $2382 $2611 reversed $2746 0 $-1 #
-2611 edge $-1 1894 $-1 $2833 -3.14159 $2834 0 $2382 $2835 forward @7 unknown #
-2612 coedge $-1 -1 $-1 $2384 $2383 $2836 $2837 forward $1985 0 $-1 #
-2613 coedge $-1 -1 $-1 $2838 $2839 $2383 $2614 reversed $2840 0 $-1 #
-2614 edge $-1 1971 $-1 $2621 1.4 $2841 4.4 $2383 $2842 forward @7 unknown #
-2615 coedge $-1 -1 $-1 $2843 $2844 $2384 $2616 reversed $2845 0 $-1 #
-2616 edge $-1 1911 $-1 $2846 -2.9 $2620 0.1 $2384 $2847 forward @7 unknown #
-2617 coedge $-1 -1 $-1 $2737 $2385 $2844 $2848 forward $2619 0 $-1 #
-2618 coedge $-1 -1 $-1 $2385 $2737 $2838 $2849 reversed $2619 0 $-1 #
-2619 loop $-1 -1 $-1 $-1 $2737 $2850 #
-2620 vertex $-1 -1 $-1 $2386 0 $2851 #
-2621 vertex $-1 -1 $-1 $2386 1 $2852 #
-2622 ellipse-curve $-1 -1 $-1 -126 109.5 2.2 -0 -0 -1 -0.15 0 0 1 I I #
-2623 coedge $-1 -1 $-1 $2853 $2854 $2387 $2624 reversed $2855 0 $-1 #
-2624 edge $-1 1968 $-1 $2628 -3.14159 $2633 0 $2387 $2856 forward @7 unknown #
-2625 coedge $-1 -1 $-1 $2857 $2388 $2393 $2637 forward $2627 0 $-1 #
-2626 coedge $-1 -1 $-1 $2388 $2857 $2853 $2858 reversed $2627 0 $-1 #
-2627 loop $-1 -1 $-1 $-1 $2857 $2859 #
-2628 vertex $-1 -1 $-1 $2624 0 $2860 #
-2629 straight-curve $-1 -1 $-1 -127.5 52.5 2.2 0 1 0 I I #
-2630 coedge $-1 -1 $-1 $2861 $2390 $2854 $2862 forward $2632 0 $-1 #
-2631 coedge $-1 -1 $-1 $2390 $2861 $2392 $2636 reversed $2632 0 $-1 #
-2632 loop $-1 -1 $-1 $-1 $2861 $2863 #
-2633 vertex $-1 -1 $-1 $2391 0 $2864 #
-2634 straight-curve $-1 -1 $-1 -124.5 67.5 2.2 -5.92119e-16 -1 0 I I #
-2635 coedge $-1 -1 $-1 $2393 $2392 $2734 $2865 reversed $2394 0 $-1 #
-2636 edge $2866 1909 $-1 $2395 0 $2867 0.22 $2631 $2868 forward @7 tangent #
-2637 edge $2869 1907 $-1 $2396 0 $2870 0.22 $2625 $2871 forward @7 tangent #
-2638 face $2872 1834 $-1 $2863 $2394 $10 $-1 $2873 reversed single #
-2639 point $-1 -1 $-1 -124.5 23.5 2.2 #
-2640 point $-1 -1 $-1 -127.5 23.5 2.2 #
-2641 coedge $-1 -1 $-1 $2874 $2398 $2401 $2646 forward $2643 0 $-1 #
-2642 coedge $-1 -1 $-1 $2398 $2874 $2405 $2650 reversed $2643 0 $-1 #
-2643 loop $-1 -1 $-1 $-1 $2874 $2875 #
-2644 ellipse-curve $-1 -1 $-1 -92 149.5 2.2 -0 -0 -1 0.15 0 0 1 I I #
-2645 coedge $-1 -1 $-1 $2401 $2400 $2876 $2877 reversed $2402 0 $-1 #
-2646 edge $2878 1960 $-1 $2403 0 $2879 0.22 $2401 $2880 forward @7 tangent #
-2647 face $2881 1851 $-1 $2413 $2402 $10 $-1 $2882 reversed single #
-2648 point $-1 -1 $-1 -93.5 149.5 2.2 #
-2649 coedge $-1 -1 $-1 $2406 $2405 $2883 $2884 reversed $2407 0 $-1 #
-2650 edge $2885 1926 $-1 $2408 0 $2886 0.22 $2642 $2887 forward @7 tangent #
-2651 face $2888 1839 $-1 $2664 $2407 $10 $-1 $2889 reversed single #
-2652 point $-1 -1 $-1 -90.5 149.5 2.2 #
-2653 coedge $-1 -1 $-1 $2883 $2876 $2410 $2654 forward $2733 0 $-1 #
-2654 edge $-1 1913 $-1 $2659 0 $2656 3.14159 $2653 $2890 forward @7 unknown #
-2655 NMx_Sweep_Generated_Brep_tag-NMx_Brep_Name_tag-NMx_Brep_tag-NamingMatching-attrib $-1 -1 $-1 $-1 $2411 42 1 785 -1 18 0 18 0 0 0 0 0 0 0 #
-2656 vertex $-1 -1 $-1 $2654 1 $2891 #
-2657 straight-curve $-1 -1 $-1 -90.5 109.5 2.2 0 0 -1 I I #
-2658 NMx_Sweep_Generated_Brep_tag-NMx_Brep_Name_tag-NMx_Brep_tag-NamingMatching-attrib $-1 -1 $-1 $-1 $2412 42 1 785 -1 17 0 18 0 0 0 0 0 0 0 #
-2659 vertex $-1 -1 $-1 $2654 0 $2892 #
-2660 straight-curve $-1 -1 $-1 -93.5 109.5 2.2 0 0 -1 I I #
-2661 NMx_Feature_Orientation-NamingMatching-attrib $-1 -1 $2893 $-1 $2413 42 $2894 $2895 #
-2662 cone-surface $-1 -1 $-1 -92 109.5 2.2 0 0 -1 -0.15 1.77636e-15 0 1 I I 0 1 0.15 forward I I I I #
-2663 coedge $-1 -1 $-1 $2417 $2416 $2896 $2897 reversed $2418 0 $-1 #
-2664 face $2898 1850 $-1 $2422 $2418 $10 $-1 $2899 reversed single #
-2665 coedge $-1 -1 $-1 $2428 $2896 $2420 $2666 forward $2679 0 $-1 #
-2666 edge $-1 1954 $-1 $2668 -0.6 $2434 3.4 $2665 $2900 forward @7 unknown #
-2667 NMx_Sweep_Generated_Brep_tag-NMx_Brep_Name_tag-NMx_Brep_tag-NamingMatching-attrib $-1 -1 $-1 $-1 $2421 42 1 785 -1 88 0 18 0 0 0 0 0 0 0 #
-2668 vertex $-1 -1 $-1 $2897 1 $2901 #
-2669 straight-curve $-1 -1 $-1 -93.5 53.5 2.2 0 0 -1 I I #
-2670 NMx_Sweep_Generated_Brep_tag-NMx_Brep_Name_tag-NMx_Brep_tag-NamingMatching-attrib $-1 -1 $2902 $-1 $2422 42 1 785 -1 95 0 20 0 0 0 0 0 0 0 #
-2671 plane-surface $-1 -1 $-1 -93.5 13.5 2.2 -1 -0 -0 -0 1 -0 forward_v I I I I #
-2672 coedge $-1 -1 $-1 $2896 $2428 $2424 $2673 forward $2679 0 $-1 #
-2673 edge $-1 1931 $-1 $2431 -5.4 $2675 -1.4 $2672 $2903 forward @7 unknown #
-2674 NMx_Sweep_Generated_Brep_tag-NMx_Brep_Name_tag-NMx_Brep_tag-NamingMatching-attrib $-1 -1 $-1 $-1 $2425 42 1 785 -1 91 0 18 0 0 0 0 0 0 0 #
-2675 vertex $-1 -1 $-1 $2673 1 $2904 #
-2676 straight-curve $-1 -1 $-1 -90.5 53.5 2.2 0 0 -1 I I #
-2677 NMx_Feature_Orientation-NamingMatching-attrib $-1 -1 $2905 $-1 $2426 42 $2684 $-1 #
-2678 plane-surface $-1 -1 $-1 -90.5 53.5 2.2 1 -0 0 -0 -1 -0 forward_v I I I I #
-2679 loop $-1 -1 $-1 $2454 $2428 $35 #
-2680 ellipse-curve $-1 -1 $-1 -92 13.5 0 0 0 1 -0.15 0 0 1 I I #
-2681 point $-1 -1 $-1 -90.5 13.5 0 #
-2682 point $-1 -1 $-1 -93.5 13.5 0 #
-2683 NMx_Sweep_Generated_Brep_tag-NMx_Brep_Name_tag-NMx_Brep_tag-NamingMatching-attrib $-1 -1 $-1 $2436 $2200 42 1 785 -1 98 0 20 0 0 0 0 0 0 0 #
-2684 straight-curve $-1 -1 $-1 -93.5 53.5 2.2 -0 -0 -1 I I #
-2685 ellipse-curve $-1 -1 $-1 -92 13.5 2.2 0 0 1 -0.15 0 0 1 F 0 F 3.14159 #
-2686 coedge $-1 -1 $-1 $2440 $2447 $2438 $2687 forward $2454 0 $-1 #
-2687 edge $-1 1952 $-1 $2450 -3.14159 $2443 0 $2686 $2906 forward @7 unknown #
-2688 NMx_Sweep_Generated_Brep_tag-NMx_Brep_Name_tag-NMx_Brep_tag-NamingMatching-attrib $-1 -1 $2907 $-1 $2439 42 1 785 -1 74 0 20 0 0 0 0 0 0 0 #
-2689 cone-surface $-1 -1 $-1 -92 89 2.2 0 0 -1 0 0.15 0 1 I I 0 1 0.15 forward I I I I #
-2690 straight-curve $-1 -1 $-1 -146.5 90.5 0 -1 -0 0 I I #
-2691 point $-1 -1 $-1 -92 90.5 0 #
-2692 NMx_Feature_Orientation-NamingMatching-attrib $-1 -1 $-1 $2445 $2209 42 $2459 $-1 #
-2693 straight-curve $-1 -1 $-1 -106.5 87.5 0 1 0 0 I I #
-2694 point $-1 -1 $-1 -92 87.5 0 #
-2695 NMx_Sweep_Generated_Brep_tag-NMx_Brep_Name_tag-NMx_Brep_tag-NamingMatching-attrib $-1 -1 $-1 $2452 $2213 42 1 785 -1 72 0 20 0 0 0 0 0 0 0 #
-2696 point $-1 -1 $-1 -225 101 2.2 #
-2697 NMx_Feature_Orientation-NamingMatching-attrib $-1 -1 $-1 $2465 $2230 42 $2908 $2909 #
-2698 loop $-1 -1 $-1 $-1 $2699 $2230 #
-2699 coedge $-1 -1 $-1 $2699 $2699 $2468 $2700 reversed $2698 0 $-1 #
-2700 edge $-1 5520 $-1 $2910 -3.14159 $2910 3.14159 $2699 $2911 forward @7 unknown #
-2701 straight-curve $-1 -1 $-1 -11.5 126.5 2.2 -0 -0 -1 I I #
-2702 ellipse-curve $-1 -1 $-1 -13 126.5 2.2 0 0 -1 -0.15 -0 -0 1 I I #
-2703 NMx_Sweep_Generated_Brep_tag-NMx_Brep_Name_tag-NMx_Brep_tag-NamingMatching-attrib $-1 -1 $2912 $-1 $2471 42 1 1299 -1 14 0 20 0 0 0 0 0 0 0 #
-2704 loop $-1 -1 $-1 $2913 $2724 $2471 #
-2705 cone-surface $-1 -1 $-1 -8 81.5 2.2 0 0 -1 -0.15 0 0 1 I I 0 1 0.15 forward I I I I #
-2706 coedge $-1 -1 $-1 $2706 $2706 $2914 $2915 forward $2472 0 $-1 #
-2707 vertex $-1 -1 $-1 $2476 0 $2916 #
-2708 ellipse-curve $-1 -1 $-1 -13 126.5 0.7 -0 -0 -1 -0.15 0 0 1 I I #
-2709 NMx_Feature_Orientation-NamingMatching-attrib $-1 -1 $-1 $2479 $2240 42 $2917 $2918 #
-2710 loop $-1 -1 $-1 $-1 $2712 $2240 #
-2711 coedge $-1 -1 $-1 $2711 $2711 $2723 $2919 reversed $2480 0 $-1 #
-2712 coedge $-1 -1 $-1 $2712 $2712 $2482 $2713 reversed $2710 0 $-1 #
-2713 edge $-1 5517 $-1 $2920 -3.14159 $2920 3.14159 $2712 $2921 forward @7 unknown #
-2714 point $-1 -1 $-1 -45.5 126.5 0.7 #
-2715 straight-curve $-1 -1 $-1 -60 140 2.2 -0 -0 -1 I I #
-2716 ellipse-curve $-1 -1 $-1 -61.5 140 2.2 0 0 -1 -0.15 -0 -0 1 I I #
-2717 vertex $-1 -1 $-1 $2486 0 $2922 #
-2718 ellipse-curve $-1 -1 $-1 -61.5 140 0.7 -0 -0 -1 -0.15 0 0 1 I I #
-2719 point $-1 -1 $-1 -71.5 140 0 #
-2720 vertex $-1 -1 $-1 $2493 0 $2923 #
-2721 ellipse-curve $-1 -1 $-1 -78.5 155 2.2 0 0 1 -0.3 0 0 1 I I #
-2722 point $-1 -1 $-1 -77 155 0.7 #
-2723 coedge $-1 -1 $-1 $2723 $2723 $2711 $2919 forward $2504 0 $-1 #
-2724 coedge $-1 -1 $-1 $2724 $2724 $2505 $2725 reversed $2704 0 $-1 #
-2725 edge $-1 5399 $-1 $2924 -3.14159 $2924 3.14159 $2505 $2925 forward @7 unknown #
-2726 vertex $-1 -1 $-1 $2507 0 $2926 #
-2727 ellipse-curve $-1 -1 $-1 -15 81.5 0 0 0 1 -0.15 0 0 1 I I #
-2728 point $-1 -1 $-1 -11.5 126.5 0 #
-2729 point $-1 -1 $-1 -226.5 101 0.7 #
-2730 coedge $-1 -1 $-1 $2730 $2730 $2927 $2928 forward $2515 0 $-1 #
-2731 coedge $-1 -1 $-1 $2731 $2731 $2520 $2732 reversed $2929 0 $-1 #
-2732 edge $-1 5484 $-1 $2930 -3.14159 $2930 3.14159 $2731 $2931 forward @7 unknown #
-2733 loop $-1 -1 $-1 $2679 $2653 $35 #
-2734 coedge $-1 -1 $-1 $2932 $2933 $2635 $2865 forward $2522 0 $-1 #
-2735 coedge $-1 -1 $-1 $2934 $2523 $2935 $2936 forward $2313 0 $-1 #
-2736 coedge $-1 -1 $-1 $2523 $2934 $2937 $2938 forward $2313 0 $-1 #
-2737 coedge $-1 -1 $-1 $2618 $2617 $2523 $2738 reversed $2619 0 $-1 #
-2738 edge $-1 1899 $-1 $2939 0 $2940 3.14159 $2523 $2941 forward @7 unknown #
-2739 coedge $-1 -1 $-1 $2525 $2524 $2942 $2943 forward $2116 0 $-1 #
-2740 coedge $-1 -1 $-1 $2944 $2945 $2524 $2741 reversed $2946 0 $-1 #
-2741 edge $-1 1903 $-1 $2748 -0.1 $2947 2.9 $2524 $2948 forward @7 unknown #
-2742 coedge $-1 -1 $-1 $2949 $2950 $2525 $2743 reversed $2951 0 $-1 #
-2743 edge $-1 1974 $-1 $2952 -4.4 $2747 -1.4 $2525 $2953 forward @7 unknown #
-2744 coedge $-1 -1 $-1 $2610 $2526 $2950 $2954 reversed $2746 0 $-1 #
-2745 coedge $-1 -1 $-1 $2526 $2610 $2944 $2955 forward $2746 0 $-1 #
-2746 loop $-1 -1 $-1 $-1 $2526 $2956 #
-2747 vertex $-1 -1 $-1 $2527 0 $2957 #
-2748 vertex $-1 -1 $-1 $2527 1 $2958 #
-2749 ellipse-curve $-1 -1 $-1 -143 109.5 0 0 0 1 -0.15 0 0 1 I I #
-2750 coedge $-1 -1 $-1 $2959 $2960 $2528 $2751 reversed $2961 0 $-1 #
-2751 edge $-1 1982 $-1 $2755 0 $2760 3.14159 $2528 $2962 forward @7 unknown #
-2752 coedge $-1 -1 $-1 $2963 $2529 $2534 $2764 reversed $2754 0 $-1 #
-2753 coedge $-1 -1 $-1 $2529 $2963 $2959 $2964 forward $2754 0 $-1 #
-2754 loop $-1 -1 $-1 $-1 $2529 $2965 #
-2755 vertex $-1 -1 $-1 $2530 1 $2966 #
-2756 straight-curve $-1 -1 $-1 -141.5 67.5 0 0 1 -0 I I #
-2757 coedge $-1 -1 $-1 $2967 $2531 $2960 $2968 reversed $2759 0 $-1 #
-2758 coedge $-1 -1 $-1 $2531 $2967 $2533 $2763 forward $2759 0 $-1 #
-2759 loop $-1 -1 $-1 $-1 $2531 $2969 #
-2760 vertex $-1 -1 $-1 $2751 1 $2970 #
-2761 straight-curve $-1 -1 $-1 -144.5 52.5 0 0 -1 0 I I #
-2762 coedge $-1 -1 $-1 $2534 $2533 $2607 $2827 reversed $2535 0 $-1 #
-2763 edge $2971 1886 $-1 $2972 0 $2536 0.22 $2758 $2973 forward @7 tangent #
-2764 edge $2974 1888 $-1 $2975 0 $2537 0.22 $2752 $2976 forward @7 tangent #
-2765 face $2977 1828 $-1 $2965 $2535 $10 $-1 $2978 reversed single #
-2766 point $-1 -1 $-1 -144.5 23.5 0 #
-2767 point $-1 -1 $-1 -141.5 23.5 0 #
-2768 coedge $-1 -1 $-1 $2979 $2539 $2542 $2773 reversed $2770 0 $-1 #
-2769 coedge $-1 -1 $-1 $2539 $2979 $2546 $2777 forward $2770 0 $-1 #
-2770 loop $-1 -1 $-1 $-1 $2539 $2797 #
-2771 ellipse-curve $-1 -1 $-1 -109 149.5 0 0 0 1 0.15 0 0 1 I I #
-2772 coedge $-1 -1 $-1 $2542 $2541 $2980 $2981 reversed $2543 0 $-1 #
-2773 edge $2982 1891 $-1 $2983 0 $2544 0.22 $2768 $2984 forward @7 tangent #
-2774 face $2985 1829 $-1 $2986 $2543 $10 $-1 $2987 reversed single #
-2775 point $-1 -1 $-1 -107.5 149.5 0 #
-2776 coedge $-1 -1 $-1 $2547 $2546 $2988 $2989 reversed $2548 0 $-1 #
-2777 edge $2990 1985 $-1 $2991 0 $2549 0.22 $2546 $2992 forward @7 tangent #
-2778 face $2993 1861 $-1 $2554 $2548 $10 $-1 $2994 reversed single #
-2779 point $-1 -1 $-1 -110.5 149.5 0 #
-2780 coedge $-1 -1 $-1 $2988 $2980 $2551 $2781 forward $2606 0 $-1 #
-2781 edge $-1 1880 $-1 $2786 -3.14159 $2783 0 $2780 $2995 forward @7 unknown #
-2782 NMx_Sweep_Generated_Brep_tag-NMx_Brep_Name_tag-NMx_Brep_tag-NamingMatching-attrib $-1 -1 $-1 $-1 $2552 42 1 785 -1 29 0 18 0 0 0 0 0 0 0 #
-2783 vertex $-1 -1 $-1 $2781 1 $2996 #
-2784 straight-curve $-1 -1 $-1 -110.5 109.5 2.2 0 0 -1 I I #
-2785 NMx_Sweep_Generated_Brep_tag-NMx_Brep_Name_tag-NMx_Brep_tag-NamingMatching-attrib $-1 -1 $-1 $-1 $2553 42 1 785 -1 30 0 18 0 0 0 0 0 0 0 #
-2786 vertex $-1 -1 $-1 $2781 0 $2997 #
-2787 straight-curve $-1 -1 $-1 -107.5 109.5 2.2 0 0 -1 I I #
-2788 NMx_Feature_Orientation-NamingMatching-attrib $-1 -1 $2998 $-1 $2554 42 $2999 $3000 #
-2789 cone-surface $-1 -1 $-1 -109 109.5 2.2 0 0 -1 -0.15 0 0 1 I I 0 1 0.15 forward I I I I #
-2790 coedge $-1 -1 $-1 $2558 $2557 $3001 $3002 reversed $2559 0 $-1 #
-2791 coedge $-1 -1 $-1 $2569 $3001 $2561 $2792 forward $2806 0 $-1 #
-2792 edge $-1 1883 $-1 $2794 1.4 $2575 5.4 $2791 $3003 forward @7 unknown #
-2793 NMx_Sweep_Generated_Brep_tag-NMx_Brep_Name_tag-NMx_Brep_tag-NamingMatching-attrib $-1 -1 $-1 $-1 $2562 42 1 785 -1 103 0 18 0 0 0 0 0 0 0 #
-2794 vertex $-1 -1 $-1 $2792 0 $3004 #
-2795 straight-curve $-1 -1 $-1 -107.5 53.5 2.2 0 0 -1 I I #
-2796 NMx_Feature_Orientation-NamingMatching-attrib $-1 -1 $3005 $-1 $2563 42 $2811 $-1 #
-2797 face $3006 1862 $-1 $2778 $2770 $10 $-1 $3007 reversed single #
-2798 plane-surface $-1 -1 $-1 -107.5 53.5 2.2 1 -0 0 -0 -1 -0 forward_v I I I I #
-2799 coedge $-1 -1 $-1 $3001 $2569 $2565 $2800 forward $2806 0 $-1 #
-2800 edge $-1 1991 $-1 $2572 -3.4 $2802 0.6 $2799 $3008 forward @7 unknown #
-2801 NMx_Sweep_Generated_Brep_tag-NMx_Brep_Name_tag-NMx_Brep_tag-NamingMatching-attrib $-1 -1 $-1 $-1 $2566 42 1 785 -1 100 0 18 0 0 0 0 0 0 0 #
-2802 vertex $-1 -1 $-1 $3002 0 $3009 #
-2803 straight-curve $-1 -1 $-1 -110.5 53.5 2.2 0 0 -1 I I #
-2804 NMx_Sweep_Generated_Brep_tag-NMx_Brep_Name_tag-NMx_Brep_tag-NamingMatching-attrib $-1 -1 $3010 $-1 $2567 42 1 785 -1 107 0 20 0 0 0 0 0 0 0 #
-2805 plane-surface $-1 -1 $-1 -110.5 13.5 2.2 -1 -0 -0 -0 1 -0 forward_v I I I I #
-2806 loop $-1 -1 $-1 $2593 $2569 $175 #
-2807 ellipse-curve $-1 -1 $-1 -109 13.5 2.2 -0 -0 -1 -0.15 0 0 1 I I #
-2808 point $-1 -1 $-1 -110.5 13.5 2.2 #
-2809 point $-1 -1 $-1 -107.5 13.5 2.2 #
-2810 NMx_Sweep_Generated_Brep_tag-NMx_Brep_Name_tag-NMx_Brep_tag-NamingMatching-attrib $-1 -1 $-1 $2577 $2345 42 1 785 -1 110 0 20 0 0 0 0 0 0 0 #
-2811 straight-curve $-1 -1 $-1 -110.5 53.5 2.2 -0 -0 -1 I I #
-2812 ellipse-curve $-1 -1 $-1 -109 13.5 2.2 0 0 1 -0.15 0 0 1 F 0 F 3.14159 #
-2813 coedge $-1 -1 $-1 $2580 $2588 $2579 $2814 forward $2593 0 $-1 #
-2814 edge $-1 1998 $-1 $2591 -3.14159 $2583 0 $2813 $3011 forward @7 unknown #
-2815 straight-curve $-1 -1 $-1 -146.5 75.5 2.2 1 0 0 I I #
-2816 point $-1 -1 $-1 -172 75.5 2.2 #
-2817 NMx_Sweep_Generated_Brep_tag-NMx_Brep_Name_tag-NMx_Brep_tag-NamingMatching-attrib $-1 -1 $-1 $2585 $2353 42 1 785 -1 84 0 20 0 0 0 0 0 0 0 #
-2818 NMx_Sweep_Generated_Brep_tag-NMx_Brep_Name_tag-NMx_Brep_tag-NamingMatching-attrib $-1 -1 $3012 $-1 $2586 42 1 785 -1 109 0 20 0 0 0 0 0 0 0 #
-2819 cone-surface $-1 -1 $-1 -109 53.5 2.2 0 0 -1 0.15 0 0 1 I I 0 1 0.15 forward I I I I #
-2820 straight-curve $-1 -1 $-1 -106.5 72.5 2.2 -1 0 0 I I #
-2821 point $-1 -1 $-1 -172 72.5 2.2 #
-2822 loop $-1 -1 $-1 $2929 $2927 $175 #
-2823 point $-1 -1 $-1 -209.5 101 0.7 #
-2824 point $-1 -1 $-1 -58.5 140 2.2 #
-2825 coedge $-1 -1 $-1 $3013 $2607 $2967 $3014 forward $2381 0 $-1 #
-2826 coedge $-1 -1 $-1 $2607 $3013 $2963 $3015 forward $2381 0 $-1 #
-2827 edge $-1 1887 $-1 $2975 -3.14159 $2972 0 $2607 $3016 forward @7 unknown #
-2828 coedge $-1 -1 $-1 $2609 $2608 $3017 $3018 forward $2168 0 $-1 #
-2829 coedge $-1 -1 $-1 $2950 $2949 $2608 $2830 reversed $2951 0 $-1 #
-2830 edge $-1 1976 $-1 $2834 1.4 $3019 4.4 $2608 $3020 forward @7 unknown #
-2831 coedge $-1 -1 $-1 $2945 $2944 $2609 $2832 reversed $2946 0 $-1 #
-2832 edge $-1 1904 $-1 $3021 -2.9 $2833 0.1 $2609 $3022 forward @7 unknown #
-2833 vertex $-1 -1 $-1 $2611 0 $3023 #
-2834 vertex $-1 -1 $-1 $2611 1 $3024 #
-2835 ellipse-curve $-1 -1 $-1 -143 109.5 2.2 -0 -0 -1 -0.15 0 0 1 I I #
-2836 coedge $-1 -1 $-1 $3025 $3026 $2612 $2837 reversed $3027 0 $-1 #
-2837 edge $-1 1973 $-1 $2841 -3.14159 $2846 0 $2612 $3028 forward @7 unknown #
-2838 coedge $-1 -1 $-1 $2937 $2613 $2618 $2849 forward $2840 0 $-1 #
-2839 coedge $-1 -1 $-1 $2613 $2937 $3025 $3029 reversed $2840 0 $-1 #
-2840 loop $-1 -1 $-1 $-1 $2937 $3030 #
-2841 vertex $-1 -1 $-1 $2837 0 $3031 #
-2842 straight-curve $-1 -1 $-1 -127.5 95.5 2.2 0 1 0 I I #
-2843 coedge $-1 -1 $-1 $2935 $2615 $3026 $3032 forward $2845 0 $-1 #
-2844 coedge $-1 -1 $-1 $2615 $2935 $2617 $2848 reversed $2845 0 $-1 #
-2845 loop $-1 -1 $-1 $-1 $2935 $3033 #
-2846 vertex $-1 -1 $-1 $2616 0 $3034 #
-2847 straight-curve $-1 -1 $-1 -124.5 110.5 2.2 -0 -1 0 I I #
-2848 edge $3035 1902 $-1 $2620 0 $2940 0.22 $2844 $3036 forward @7 tangent #
-2849 edge $3037 1900 $-1 $2621 0 $2939 0.22 $2838 $3038 forward @7 tangent #
-2850 face $3039 1832 $-1 $3033 $2619 $10 $-1 $3040 reversed single #
-2851 point $-1 -1 $-1 -124.5 109.5 2.2 #
-2852 point $-1 -1 $-1 -127.5 109.5 2.2 #
-2853 coedge $-1 -1 $-1 $3041 $2623 $2626 $2858 forward $2855 0 $-1 #
-2854 coedge $-1 -1 $-1 $2623 $3041 $2630 $2862 reversed $2855 0 $-1 #
-2855 loop $-1 -1 $-1 $-1 $3041 $3042 #
-2856 ellipse-curve $-1 -1 $-1 -126 53.5 2.2 -0 -0 -1 0.15 0 0 1 I I #
-2857 coedge $-1 -1 $-1 $2626 $2625 $2933 $3043 reversed $2627 0 $-1 #
-2858 edge $3044 1965 $-1 $2628 0 $3045 0.22 $2626 $3046 forward @7 tangent #
-2859 face $3047 1853 $-1 $2638 $2627 $10 $-1 $3048 reversed single #
-2860 point $-1 -1 $-1 -127.5 53.5 2.2 #
-2861 coedge $-1 -1 $-1 $2631 $2630 $2932 $3049 reversed $2632 0 $-1 #
-2862 edge $3050 1919 $-1 $2633 0 $3051 0.22 $2854 $3052 forward @7 tangent #
-2863 face $3053 1837 $-1 $2875 $2632 $10 $-1 $3054 reversed single #
-2864 point $-1 -1 $-1 -124.5 53.5 2.2 #
-2865 edge $-1 1906 $-1 $2870 0 $2867 3.14159 $2734 $3055 forward @7 unknown #
-2866 NMx_Sweep_Generated_Brep_tag-NMx_Brep_Name_tag-NMx_Brep_tag-NamingMatching-attrib $-1 -1 $-1 $-1 $2636 42 1 785 -1 114 0 18 0 0 0 0 0 0 0 #
-2867 vertex $-1 -1 $-1 $2865 1 $3056 #
-2868 straight-curve $-1 -1 $-1 -124.5 23.5 2.2 0 0 -1 I I #
-2869 NMx_Sweep_Generated_Brep_tag-NMx_Brep_Name_tag-NMx_Brep_tag-NamingMatching-attrib $-1 -1 $-1 $-1 $2637 42 1 785 -1 113 0 18 0 0 0 0 0 0 0 #
-2870 vertex $-1 -1 $-1 $2865 0 $3057 #
-2871 straight-curve $-1 -1 $-1 -127.5 23.5 2.2 0 0 -1 I I #
-2872 NMx_Feature_Orientation-NamingMatching-attrib $-1 -1 $3058 $-1 $2638 42 $3059 $3060 #
-2873 cone-surface $-1 -1 $-1 -126 23.5 2.2 0 0 -1 -0.15 0 0 1 I I 0 1 0.15 forward I I I I #
-2874 coedge $-1 -1 $-1 $2642 $2641 $3061 $3062 reversed $2643 0 $-1 #
-2875 face $3063 1852 $-1 $2647 $2643 $10 $-1 $3064 reversed single #
-2876 coedge $-1 -1 $-1 $2653 $3061 $2645 $2877 forward $2733 0 $-1 #
-2877 edge $-1 1959 $-1 $2879 -5.4 $2659 -1.4 $2876 $3065 forward @7 unknown #
-2878 NMx_Sweep_Generated_Brep_tag-NMx_Brep_Name_tag-NMx_Brep_tag-NamingMatching-attrib $-1 -1 $-1 $-1 $2646 42 1 785 -1 16 0 18 0 0 0 0 0 0 0 #
-2879 vertex $-1 -1 $-1 $3062 1 $3066 #
-2880 straight-curve $-1 -1 $-1 -93.5 149.5 2.2 0 0 -1 I I #
-2881 NMx_Sweep_Generated_Brep_tag-NMx_Brep_Name_tag-NMx_Brep_tag-NamingMatching-attrib $-1 -1 $3067 $-1 $2647 42 1 785 -1 23 0 20 0 0 0 0 0 0 0 #
-2882 plane-surface $-1 -1 $-1 -93.5 109.5 2.2 -1 -0 -0 -0 1 -0 forward_v I I I I #
-2883 coedge $-1 -1 $-1 $3061 $2653 $2649 $2884 forward $2733 0 $-1 #
-2884 edge $-1 1924 $-1 $2656 -0.6 $2886 3.4 $2883 $3068 forward @7 unknown #
-2885 NMx_Sweep_Generated_Brep_tag-NMx_Brep_Name_tag-NMx_Brep_tag-NamingMatching-attrib $-1 -1 $-1 $-1 $2650 42 1 785 -1 19 0 18 0 0 0 0 0 0 0 #
-2886 vertex $-1 -1 $-1 $2884 1 $3069 #
-2887 straight-curve $-1 -1 $-1 -90.5 149.5 2.2 0 0 -1 I I #
-2888 NMx_Feature_Orientation-NamingMatching-attrib $-1 -1 $3070 $-1 $2651 42 $2894 $-1 #
-2889 plane-surface $-1 -1 $-1 -90.5 149.5 2.2 1 4.44089e-16 0 4.44089e-16 -1 -0 forward_v I I I I #
-2890 ellipse-curve $-1 -1 $-1 -92 109.5 0 0 0 1 -0.15 1.77636e-15 0 1 I I #
-2891 point $-1 -1 $-1 -90.5 109.5 0 #
-2892 point $-1 -1 $-1 -93.5 109.5 0 #
-2893 NMx_Sweep_Generated_Brep_tag-NMx_Brep_Name_tag-NMx_Brep_tag-NamingMatching-attrib $-1 -1 $-1 $2661 $2413 42 1 785 -1 26 0 20 0 0 0 0 0 0 0 #
-2894 straight-curve $-1 -1 $-1 -93.5 149.5 2.2 -0 -0 -1 I I #
-2895 ellipse-curve $-1 -1 $-1 -92 109.5 2.2 0 0 1 -0.15 1.77636e-15 0 1 F 0 F 3.14159 #
-2896 coedge $-1 -1 $-1 $2665 $2672 $2663 $2897 forward $2679 0 $-1 #
-2897 edge $-1 1957 $-1 $2675 0 $2668 3.14159 $2896 $3071 forward @7 unknown #
-2898 NMx_Sweep_Generated_Brep_tag-NMx_Brep_Name_tag-NMx_Brep_tag-NamingMatching-attrib $-1 -1 $3072 $-1 $2664 42 1 785 -1 97 0 20 0 0 0 0 0 0 0 #
-2899 cone-surface $-1 -1 $-1 -92 53.5 2.2 0 0 -1 0.15 0 0 1 I I 0 1 0.15 forward I I I I #
-2900 straight-curve $-1 -1 $-1 -93.5 47.5 0 0 -1 0 I I #
-2901 point $-1 -1 $-1 -93.5 53.5 0 #
-2902 NMx_Feature_Orientation-NamingMatching-attrib $-1 -1 $-1 $2670 $2422 42 $2684 $-1 #
-2903 straight-curve $-1 -1 $-1 -90.5 67.5 0 0 1 -0 I I #
-2904 point $-1 -1 $-1 -90.5 53.5 0 #
-2905 NMx_Sweep_Generated_Brep_tag-NMx_Brep_Name_tag-NMx_Brep_tag-NamingMatching-attrib $-1 -1 $-1 $2677 $2426 42 1 785 -1 96 0 20 0 0 0 0 0 0 0 #
-2906 ellipse-curve $-1 -1 $-1 -92 89 0 0 0 1 0 0.15 0 1 I I #
-2907 NMx_Feature_Orientation-NamingMatching-attrib $-1 -1 $-1 $2688 $2439 42 $2459 $3073 #
-2908 straight-curve $-1 -1 $-1 -13.5 81.5 2.2 -0 -0 -1 I I #
-2909 ellipse-curve $-1 -1 $-1 -15 81.5 2.2 0 0 -1 -0.15 -0 -0 1 I I #
-2910 vertex $-1 -1 $-1 $2700 0 $3074 #
-2911 ellipse-curve $-1 -1 $-1 -15 81.5 0.7 -0 -0 -1 -0.15 0 0 1 I I #
-2912 NMx_Feature_Orientation-NamingMatching-attrib $-1 -1 $-1 $2703 $2471 42 $3075 $3076 #
-2913 loop $-1 -1 $-1 $-1 $2914 $2471 #
-2914 coedge $-1 -1 $-1 $2914 $2914 $2706 $2915 reversed $2913 0 $-1 #
-2915 edge $-1 5519 $-1 $3077 -3.14159 $3077 3.14159 $2914 $3078 forward @7 unknown #
-2916 point $-1 -1 $-1 -11.5 126.5 0.7 #
-2917 straight-curve $-1 -1 $-1 -22.5 126.5 2.2 -0 -0 -1 I I #
-2918 ellipse-curve $-1 -1 $-1 -24 126.5 2.2 0 0 -1 -0.15 -0 -0 1 I I #
-2919 edge $-1 5400 $-1 $3079 -3.14159 $3079 3.14159 $2723 $3080 forward @7 unknown #
-2920 vertex $-1 -1 $-1 $2713 0 $3081 #
-2921 ellipse-curve $-1 -1 $-1 -24 126.5 0.7 -0 -0 -1 -0.15 0 0 1 I I #
-2922 point $-1 -1 $-1 -60 140 0.7 #
-2923 point $-1 -1 $-1 -75.5 155 2.2 #
-2924 vertex $-1 -1 $-1 $2725 0 $3082 #
-2925 ellipse-curve $-1 -1 $-1 -8 81.5 0 0 0 1 -0.15 0 0 1 I I #
-2926 point $-1 -1 $-1 -13.5 81.5 0 #
-2927 coedge $-1 -1 $-1 $2927 $2927 $2730 $2928 reversed $2822 0 $-1 #
-2928 edge $-1 5483 $-1 $3083 -3.14159 $3083 3.14159 $2927 $3084 forward @7 unknown #
-2929 loop $-1 -1 $-1 $2112 $2731 $175 #
-2930 vertex $-1 -1 $-1 $2732 0 $3085 #
-2931 ellipse-curve $-1 -1 $-1 -211 101 2.2 0 0 1 -0.3 0 0 1 I I #
-2932 coedge $-1 -1 $-1 $3086 $2734 $2861 $3049 forward $2522 0 $-1 #
-2933 coedge $-1 -1 $-1 $2734 $3086 $2857 $3043 forward $2522 0 $-1 #
-2934 coedge $-1 -1 $-1 $2736 $2735 $3087 $3088 forward $2313 0 $-1 #
-2935 coedge $-1 -1 $-1 $2844 $2843 $2735 $2936 reversed $2845 0 $-1 #
-2936 edge $-1 1910 $-1 $2940 -0.1 $3089 2.9 $2735 $3090 forward @7 unknown #
-2937 coedge $-1 -1 $-1 $2839 $2838 $2736 $2938 reversed $2840 0 $-1 #
-2938 edge $-1 1969 $-1 $3091 -4.4 $2939 -1.4 $2736 $3092 forward @7 unknown #
-2939 vertex $-1 -1 $-1 $2738 0 $3093 #
-2940 vertex $-1 -1 $-1 $2738 1 $3094 #
-2941 ellipse-curve $-1 -1 $-1 -126 109.5 0 0 0 1 -0.15 0 0 1 I I #
-2942 coedge $-1 -1 $-1 $3095 $3096 $2739 $2943 reversed $3097 0 $-1 #
-2943 edge $-1 1977 $-1 $2947 0 $2952 3.14159 $2739 $3098 forward @7 unknown #
-2944 coedge $-1 -1 $-1 $2831 $2740 $2745 $2955 reversed $2946 0 $-1 #
-2945 coedge $-1 -1 $-1 $2740 $2831 $3095 $3099 forward $2946 0 $-1 #
-2946 loop $-1 -1 $-1 $-1 $2740 $3100 #
-2947 vertex $-1 -1 $-1 $2741 1 $3101 #
-2948 straight-curve $-1 -1 $-1 -141.5 110.5 0 0 1 -0 I I #
-2949 coedge $-1 -1 $-1 $2829 $2742 $3096 $3102 reversed $2951 0 $-1 #
-2950 coedge $-1 -1 $-1 $2742 $2829 $2744 $2954 forward $2951 0 $-1 #
-2951 loop $-1 -1 $-1 $-1 $2742 $3103 #
-2952 vertex $-1 -1 $-1 $2943 1 $3104 #
-2953 straight-curve $-1 -1 $-1 -144.5 95.5 0 0 -1 0 I I #
-2954 edge $3105 1893 $-1 $2834 0 $2747 0.22 $2950 $3106 forward @7 tangent #
-2955 edge $3107 1895 $-1 $2833 0 $2748 0.22 $2944 $3108 forward @7 tangent #
-2956 face $3109 1830 $-1 $3100 $2746 $10 $-1 $3110 reversed single #
-2957 point $-1 -1 $-1 -144.5 109.5 0 #
-2958 point $-1 -1 $-1 -141.5 109.5 0 #
-2959 coedge $-1 -1 $-1 $3111 $2750 $2753 $2964 reversed $2961 0 $-1 #
-2960 coedge $-1 -1 $-1 $2750 $3111 $2757 $2968 forward $2961 0 $-1 #
-2961 loop $-1 -1 $-1 $-1 $2750 $2986 #
-2962 ellipse-curve $-1 -1 $-1 -143 53.5 0 0 0 1 0.15 0 0 1 I I #
-2963 coedge $-1 -1 $-1 $2753 $2752 $2826 $3015 reversed $2754 0 $-1 #
-2964 edge $3112 1898 $-1 $3113 0 $2755 0.22 $2959 $3114 forward @7 tangent #
-2965 face $3115 1831 $-1 $3116 $2754 $10 $-1 $3117 reversed single #
-2966 point $-1 -1 $-1 -141.5 53.5 0 #
-2967 coedge $-1 -1 $-1 $2758 $2757 $2825 $3014 reversed $2759 0 $-1 #
-2968 edge $3118 1980 $-1 $3119 0 $2760 0.22 $2757 $3120 forward @7 tangent #
-2969 face $3121 1859 $-1 $2765 $2759 $10 $-1 $3122 reversed single #
-2970 point $-1 -1 $-1 -144.5 53.5 0 #
-2971 NMx_Sweep_Generated_Brep_tag-NMx_Brep_Name_tag-NMx_Brep_tag-NamingMatching-attrib $-1 -1 $-1 $-1 $2763 42 1 785 -1 125 0 18 0 0 0 0 0 0 0 #
-2972 vertex $-1 -1 $-1 $2827 1 $3123 #
-2973 straight-curve $-1 -1 $-1 -144.5 23.5 2.2 0 0 -1 I I #
-2974 NMx_Sweep_Generated_Brep_tag-NMx_Brep_Name_tag-NMx_Brep_tag-NamingMatching-attrib $-1 -1 $-1 $-1 $2764 42 1 785 -1 126 0 18 0 0 0 0 0 0 0 #
-2975 vertex $-1 -1 $-1 $2827 0 $3124 #
-2976 straight-curve $-1 -1 $-1 -141.5 23.5 2.2 0 0 -1 I I #
-2977 NMx_Feature_Orientation-NamingMatching-attrib $-1 -1 $3125 $-1 $2765 42 $3126 $3127 #
-2978 cone-surface $-1 -1 $-1 -143 23.5 2.2 0 0 -1 -0.15 0 0 1 I I 0 1 0.15 forward I I I I #
-2979 coedge $-1 -1 $-1 $2769 $2768 $3128 $3129 reversed $2770 0 $-1 #
-2980 coedge $-1 -1 $-1 $2780 $3128 $2772 $2981 forward $2606 0 $-1 #
-2981 edge $-1 1890 $-1 $2983 -3.4 $2786 0.6 $2980 $3130 forward @7 unknown #
-2982 NMx_Sweep_Generated_Brep_tag-NMx_Brep_Name_tag-NMx_Brep_tag-NamingMatching-attrib $-1 -1 $-1 $-1 $2773 42 1 785 -1 31 0 18 0 0 0 0 0 0 0 #
-2983 vertex $-1 -1 $-1 $2981 0 $3131 #
-2984 straight-curve $-1 -1 $-1 -107.5 149.5 2.2 0 0 -1 I I #
-2985 NMx_Feature_Orientation-NamingMatching-attrib $-1 -1 $3132 $-1 $2774 42 $2999 $-1 #
-2986 face $3133 1860 $-1 $2969 $2961 $10 $-1 $3134 reversed single #
-2987 plane-surface $-1 -1 $-1 -107.5 149.5 2.2 1 -4.44089e-16 0 -4.44089e-16 -1 -0 forward_v I I I I #
-2988 coedge $-1 -1 $-1 $3128 $2780 $2776 $2989 forward $2606 0 $-1 #
-2989 edge $-1 1986 $-1 $2783 1.4 $2991 5.4 $2988 $3135 forward @7 unknown #
-2990 NMx_Sweep_Generated_Brep_tag-NMx_Brep_Name_tag-NMx_Brep_tag-NamingMatching-attrib $-1 -1 $-1 $-1 $2777 42 1 785 -1 28 0 18 0 0 0 0 0 0 0 #
-2991 vertex $-1 -1 $-1 $3129 0 $3136 #
-2992 straight-curve $-1 -1 $-1 -110.5 149.5 2.2 0 0 -1 I I #
-2993 NMx_Sweep_Generated_Brep_tag-NMx_Brep_Name_tag-NMx_Brep_tag-NamingMatching-attrib $-1 -1 $3137 $-1 $2778 42 1 785 -1 35 0 20 0 0 0 0 0 0 0 #
-2994 plane-surface $-1 -1 $-1 -110.5 109.5 2.2 -1 -0 -0 -0 1 -0 forward_v I I I I #
-2995 ellipse-curve $-1 -1 $-1 -109 109.5 2.2 -0 -0 -1 -0.15 0 0 1 I I #
-2996 point $-1 -1 $-1 -110.5 109.5 2.2 #
-2997 point $-1 -1 $-1 -107.5 109.5 2.2 #
-2998 NMx_Sweep_Generated_Brep_tag-NMx_Brep_Name_tag-NMx_Brep_tag-NamingMatching-attrib $-1 -1 $-1 $2788 $2554 42 1 785 -1 38 0 20 0 0 0 0 0 0 0 #
-2999 straight-curve $-1 -1 $-1 -110.5 149.5 2.2 -0 -0 -1 I I #
-3000 ellipse-curve $-1 -1 $-1 -109 109.5 2.2 0 0 1 -0.15 0 0 1 F 0 F 3.14159 #
-3001 coedge $-1 -1 $-1 $2791 $2799 $2790 $3002 forward $2806 0 $-1 #
-3002 edge $-1 1993 $-1 $2802 -3.14159 $2794 0 $3001 $3138 forward @7 unknown #
-3003 straight-curve $-1 -1 $-1 -107.5 67.5 2.2 -0 -1 0 I I #
-3004 point $-1 -1 $-1 -107.5 53.5 2.2 #
-3005 NMx_Sweep_Generated_Brep_tag-NMx_Brep_Name_tag-NMx_Brep_tag-NamingMatching-attrib $-1 -1 $-1 $2796 $2563 42 1 785 -1 108 0 20 0 0 0 0 0 0 0 #
-3006 NMx_Sweep_Generated_Brep_tag-NMx_Brep_Name_tag-NMx_Brep_tag-NamingMatching-attrib $-1 -1 $3139 $-1 $2797 42 1 785 -1 37 0 20 0 0 0 0 0 0 0 #
-3007 cone-surface $-1 -1 $-1 -109 149.5 2.2 0 0 -1 0.15 0 0 1 I I 0 1 0.15 forward I I I I #
-3008 straight-curve $-1 -1 $-1 -110.5 47.5 2.2 0 1 0 I I #
-3009 point $-1 -1 $-1 -110.5 53.5 2.2 #
-3010 NMx_Feature_Orientation-NamingMatching-attrib $-1 -1 $-1 $2804 $2567 42 $2811 $-1 #
-3011 ellipse-curve $-1 -1 $-1 -172 74 2.2 -0 -0 -1 0 0.15 0 1 I I #
-3012 NMx_Feature_Orientation-NamingMatching-attrib $-1 -1 $-1 $2818 $2586 42 $2811 $3140 #
-3013 coedge $-1 -1 $-1 $2826 $2825 $3111 $3141 forward $2381 0 $-1 #
-3014 edge $-1 1981 $-1 $2972 -2.9 $3119 0.1 $2825 $3142 forward @7 unknown #
-3015 edge $-1 1897 $-1 $3113 1.4 $2975 4.4 $2826 $3143 forward @7 unknown #
-3016 ellipse-curve $-1 -1 $-1 -143 23.5 2.2 -0 -0 -1 -0.15 0 0 1 I I #
-3017 coedge $-1 -1 $-1 $3096 $3095 $2828 $3018 reversed $3097 0 $-1 #
-3018 edge $-1 1978 $-1 $3019 -3.14159 $3021 0 $2828 $3144 forward @7 unknown #
-3019 vertex $-1 -1 $-1 $3018 0 $3145 #
-3020 straight-curve $-1 -1 $-1 -144.5 95.5 2.2 0 1 0 I I #
-3021 vertex $-1 -1 $-1 $2832 0 $3146 #
-3022 straight-curve $-1 -1 $-1 -141.5 110.5 2.2 -0 -1 0 I I #
-3023 point $-1 -1 $-1 -141.5 109.5 2.2 #
-3024 point $-1 -1 $-1 -144.5 109.5 2.2 #
-3025 coedge $-1 -1 $-1 $3087 $2836 $2839 $3029 forward $3027 0 $-1 #
-3026 coedge $-1 -1 $-1 $2836 $3087 $2843 $3032 reversed $3027 0 $-1 #
-3027 loop $-1 -1 $-1 $-1 $3087 $3147 #
-3028 ellipse-curve $-1 -1 $-1 -126 139.5 2.2 -0 -0 -1 0.15 0 0 1 I I #
-3029 edge $3148 1970 $-1 $2841 0 $3091 0.22 $2839 $3149 forward @7 tangent #
-3030 face $3150 1855 $-1 $2850 $2840 $10 $-1 $3151 reversed single #
-3031 point $-1 -1 $-1 -127.5 139.5 2.2 #
-3032 edge $3152 1912 $-1 $2846 0 $3089 0.22 $3026 $3153 forward @7 tangent #
-3033 face $3154 1835 $-1 $3042 $2845 $10 $-1 $3155 reversed single #
-3034 point $-1 -1 $-1 -124.5 139.5 2.2 #
-3035 NMx_Sweep_Generated_Brep_tag-NMx_Brep_Name_tag-NMx_Brep_tag-NamingMatching-attrib $-1 -1 $-1 $-1 $2848 42 1 785 -1 42 0 18 0 0 0 0 0 0 0 #
-3036 straight-curve $-1 -1 $-1 -124.5 109.5 2.2 0 0 -1 I I #
-3037 NMx_Sweep_Generated_Brep_tag-NMx_Brep_Name_tag-NMx_Brep_tag-NamingMatching-attrib $-1 -1 $-1 $-1 $2849 42 1 785 -1 41 0 18 0 0 0 0 0 0 0 #
-3038 straight-curve $-1 -1 $-1 -127.5 109.5 2.2 0 0 -1 I I #
-3039 NMx_Feature_Orientation-NamingMatching-attrib $-1 -1 $3156 $-1 $2850 42 $3157 $3158 #
-3040 cone-surface $-1 -1 $-1 -126 109.5 2.2 0 0 -1 -0.15 0 0 1 I I 0 1 0.15 forward I I I I #
-3041 coedge $-1 -1 $-1 $2854 $2853 $3086 $3159 reversed $2855 0 $-1 #
-3042 face $3160 1854 $-1 $2859 $2855 $10 $-1 $3161 reversed single #
-3043 edge $-1 1964 $-1 $3045 -0.1 $2870 2.9 $2933 $3162 forward @7 unknown #
-3044 NMx_Sweep_Generated_Brep_tag-NMx_Brep_Name_tag-NMx_Brep_tag-NamingMatching-attrib $-1 -1 $-1 $-1 $2858 42 1 785 -1 112 0 18 0 0 0 0 0 0 0 #
-3045 vertex $-1 -1 $-1 $3159 1 $3163 #
-3046 straight-curve $-1 -1 $-1 -127.5 53.5 2.2 0 0 -1 I I #
-3047 NMx_Sweep_Generated_Brep_tag-NMx_Brep_Name_tag-NMx_Brep_tag-NamingMatching-attrib $-1 -1 $3164 $-1 $2859 42 1 785 -1 119 0 20 0 0 0 0 0 0 0 #
-3048 plane-surface $-1 -1 $-1 -127.5 23.5 2.2 -1 -0 -0 -0 1 -0 forward_v I I I I #
-3049 edge $-1 1917 $-1 $2867 -4.4 $3051 -1.4 $2932 $3165 forward @7 unknown #
-3050 NMx_Sweep_Generated_Brep_tag-NMx_Brep_Name_tag-NMx_Brep_tag-NamingMatching-attrib $-1 -1 $-1 $-1 $2862 42 1 785 -1 115 0 18 0 0 0 0 0 0 0 #
-3051 vertex $-1 -1 $-1 $3049 1 $3166 #
-3052 straight-curve $-1 -1 $-1 -124.5 53.5 2.2 0 0 -1 I I #
-3053 NMx_Feature_Orientation-NamingMatching-attrib $-1 -1 $3167 $-1 $2863 42 $3059 $-1 #
-3054 plane-surface $-1 -1 $-1 -124.5 53.5 2.2 1 -5.92119e-16 0 -5.92119e-16 -1 -0 forward_v I I I I #
-3055 ellipse-curve $-1 -1 $-1 -126 23.5 0 0 0 1 -0.15 0 0 1 I I #
-3056 point $-1 -1 $-1 -124.5 23.5 0 #
-3057 point $-1 -1 $-1 -127.5 23.5 0 #
-3058 NMx_Sweep_Generated_Brep_tag-NMx_Brep_Name_tag-NMx_Brep_tag-NamingMatching-attrib $-1 -1 $-1 $2872 $2638 42 1 785 -1 122 0 20 0 0 0 0 0 0 0 #
-3059 straight-curve $-1 -1 $-1 -127.5 53.5 2.2 -0 -0 -1 I I #
-3060 ellipse-curve $-1 -1 $-1 -126 23.5 2.2 0 0 1 -0.15 0 0 1 F 0 F 3.14159 #
-3061 coedge $-1 -1 $-1 $2876 $2883 $2874 $3062 forward $2733 0 $-1 #
-3062 edge $-1 1962 $-1 $2886 0 $2879 3.14159 $3061 $3168 forward @7 unknown #
-3063 NMx_Sweep_Generated_Brep_tag-NMx_Brep_Name_tag-NMx_Brep_tag-NamingMatching-attrib $-1 -1 $3169 $-1 $2875 42 1 785 -1 25 0 20 0 0 0 0 0 0 0 #
-3064 cone-surface $-1 -1 $-1 -92 149.5 2.2 0 0 -1 0.15 0 0 1 I I 0 1 0.15 forward I I I I #
-3065 straight-curve $-1 -1 $-1 -93.5 95.5 0 0 -1 0 I I #
-3066 point $-1 -1 $-1 -93.5 149.5 0 #
-3067 NMx_Feature_Orientation-NamingMatching-attrib $-1 -1 $-1 $2881 $2647 42 $2894 $-1 #
-3068 straight-curve $-1 -1 $-1 -90.5 115.5 0 -4.44089e-16 1 0 I I #
-3069 point $-1 -1 $-1 -90.5 149.5 0 #
-3070 NMx_Sweep_Generated_Brep_tag-NMx_Brep_Name_tag-NMx_Brep_tag-NamingMatching-attrib $-1 -1 $-1 $2888 $2651 42 1 785 -1 24 0 20 0 0 0 0 0 0 0 #
-3071 ellipse-curve $-1 -1 $-1 -92 53.5 0 0 0 1 0.15 0 0 1 I I #
-3072 NMx_Feature_Orientation-NamingMatching-attrib $-1 -1 $-1 $2898 $2664 42 $2684 $3170 #
-3073 ellipse-curve $-1 -1 $-1 -92 89 2.2 0 0 -1 -0 0.15 -0 1 F 0 F 3.14159 #
-3074 point $-1 -1 $-1 -13.5 81.5 0.7 #
-3075 straight-curve $-1 -1 $-1 -6.5 81.5 2.2 -0 -0 -1 I I #
-3076 ellipse-curve $-1 -1 $-1 -8 81.5 2.2 0 0 -1 -0.15 -0 -0 1 I I #
-3077 vertex $-1 -1 $-1 $2915 0 $3171 #
-3078 ellipse-curve $-1 -1 $-1 -8 81.5 0.7 -0 -0 -1 -0.15 0 0 1 I I #
-3079 vertex $-1 -1 $-1 $2919 0 $3172 #
-3080 ellipse-curve $-1 -1 $-1 -24 126.5 0 0 0 1 -0.15 0 0 1 I I #
-3081 point $-1 -1 $-1 -22.5 126.5 0.7 #
-3082 point $-1 -1 $-1 -6.5 81.5 0 #
-3083 vertex $-1 -1 $-1 $2928 0 $3173 #
-3084 ellipse-curve $-1 -1 $-1 -237.5 113.5 2.2 0 0 1 -0.3 0 0 1 I I #
-3085 point $-1 -1 $-1 -208 101 2.2 #
-3086 coedge $-1 -1 $-1 $2933 $2932 $3041 $3159 forward $2522 0 $-1 #
-3087 coedge $-1 -1 $-1 $3026 $3025 $2934 $3088 reversed $3027 0 $-1 #
-3088 edge $-1 1972 $-1 $3089 0 $3091 3.14159 $2934 $3174 forward @7 unknown #
-3089 vertex $-1 -1 $-1 $2936 1 $3175 #
-3090 straight-curve $-1 -1 $-1 -124.5 110.5 0 0 1 -0 I I #
-3091 vertex $-1 -1 $-1 $3088 1 $3176 #
-3092 straight-curve $-1 -1 $-1 -127.5 95.5 0 0 -1 0 I I #
-3093 point $-1 -1 $-1 -127.5 109.5 0 #
-3094 point $-1 -1 $-1 -124.5 109.5 0 #
-3095 coedge $-1 -1 $-1 $3017 $2942 $2945 $3099 reversed $3097 0 $-1 #
-3096 coedge $-1 -1 $-1 $2942 $3017 $2949 $3102 forward $3097 0 $-1 #
-3097 loop $-1 -1 $-1 $-1 $2942 $3116 #
-3098 ellipse-curve $-1 -1 $-1 -143 139.5 0 0 0 1 0.15 0 0 1 I I #
-3099 edge $3177 1905 $-1 $3021 0 $2947 0.22 $3095 $3178 forward @7 tangent #
-3100 face $3179 1833 $-1 $3147 $2946 $10 $-1 $3180 reversed single #
-3101 point $-1 -1 $-1 -141.5 139.5 0 #
-3102 edge $3181 1975 $-1 $3019 0 $2952 0.22 $2949 $3182 forward @7 tangent #
-3103 face $3183 1857 $-1 $2956 $2951 $10 $-1 $3184 reversed single #
-3104 point $-1 -1 $-1 -144.5 139.5 0 #
-3105 NMx_Sweep_Generated_Brep_tag-NMx_Brep_Name_tag-NMx_Brep_tag-NamingMatching-attrib $-1 -1 $-1 $-1 $2954 42 1 785 -1 53 0 18 0 0 0 0 0 0 0 #
-3106 straight-curve $-1 -1 $-1 -144.5 109.5 2.2 0 0 -1 I I #
-3107 NMx_Sweep_Generated_Brep_tag-NMx_Brep_Name_tag-NMx_Brep_tag-NamingMatching-attrib $-1 -1 $-1 $-1 $2955 42 1 785 -1 54 0 18 0 0 0 0 0 0 0 #
-3108 straight-curve $-1 -1 $-1 -141.5 109.5 2.2 0 0 -1 I I #
-3109 NMx_Feature_Orientation-NamingMatching-attrib $-1 -1 $3185 $-1 $2956 42 $3186 $3187 #
-3110 cone-surface $-1 -1 $-1 -143 109.5 2.2 0 0 -1 -0.15 0 0 1 I I 0 1 0.15 forward I I I I #
-3111 coedge $-1 -1 $-1 $2960 $2959 $3013 $3141 reversed $2961 0 $-1 #
-3112 NMx_Sweep_Generated_Brep_tag-NMx_Brep_Name_tag-NMx_Brep_tag-NamingMatching-attrib $-1 -1 $-1 $-1 $2964 42 1 785 -1 127 0 18 0 0 0 0 0 0 0 #
-3113 vertex $-1 -1 $-1 $3015 0 $3188 #
-3114 straight-curve $-1 -1 $-1 -141.5 53.5 2.2 0 0 -1 I I #
-3115 NMx_Feature_Orientation-NamingMatching-attrib $-1 -1 $3189 $-1 $2965 42 $3126 $-1 #
-3116 face $3190 1858 $-1 $3103 $3097 $10 $-1 $3191 reversed single #
-3117 plane-surface $-1 -1 $-1 -141.5 53.5 2.2 1 -0 0 -0 -1 -0 forward_v I I I I #
-3118 NMx_Sweep_Generated_Brep_tag-NMx_Brep_Name_tag-NMx_Brep_tag-NamingMatching-attrib $-1 -1 $-1 $-1 $2968 42 1 785 -1 124 0 18 0 0 0 0 0 0 0 #
-3119 vertex $-1 -1 $-1 $3141 0 $3192 #
-3120 straight-curve $-1 -1 $-1 -144.5 53.5 2.2 0 0 -1 I I #
-3121 NMx_Sweep_Generated_Brep_tag-NMx_Brep_Name_tag-NMx_Brep_tag-NamingMatching-attrib $-1 -1 $3193 $-1 $2969 42 1 785 -1 131 0 20 0 0 0 0 0 0 0 #
-3122 plane-surface $-1 -1 $-1 -144.5 23.5 2.2 -1 -0 -0 -0 1 -0 forward_v I I I I #
-3123 point $-1 -1 $-1 -144.5 23.5 2.2 #
-3124 point $-1 -1 $-1 -141.5 23.5 2.2 #
-3125 NMx_Sweep_Generated_Brep_tag-NMx_Brep_Name_tag-NMx_Brep_tag-NamingMatching-attrib $-1 -1 $-1 $2977 $2765 42 1 785 -1 134 0 20 0 0 0 0 0 0 0 #
-3126 straight-curve $-1 -1 $-1 -144.5 53.5 2.2 -0 -0 -1 I I #
-3127 ellipse-curve $-1 -1 $-1 -143 23.5 2.2 0 0 1 -0.15 0 0 1 F 0 F 3.14159 #
-3128 coedge $-1 -1 $-1 $2980 $2988 $2979 $3129 forward $2606 0 $-1 #
-3129 edge $-1 1988 $-1 $2991 -3.14159 $2983 0 $3128 $3194 forward @7 unknown #
-3130 straight-curve $-1 -1 $-1 -107.5 115.5 2.2 -4.44089e-16 -1 0 I I #
-3131 point $-1 -1 $-1 -107.5 149.5 2.2 #
-3132 NMx_Sweep_Generated_Brep_tag-NMx_Brep_Name_tag-NMx_Brep_tag-NamingMatching-attrib $-1 -1 $-1 $2985 $2774 42 1 785 -1 36 0 20 0 0 0 0 0 0 0 #
-3133 NMx_Sweep_Generated_Brep_tag-NMx_Brep_Name_tag-NMx_Brep_tag-NamingMatching-attrib $-1 -1 $3195 $-1 $2986 42 1 785 -1 133 0 20 0 0 0 0 0 0 0 #
-3134 cone-surface $-1 -1 $-1 -143 53.5 2.2 0 0 -1 0.15 0 0 1 I I 0 1 0.15 forward I I I I #
-3135 straight-curve $-1 -1 $-1 -110.5 95.5 2.2 0 1 0 I I #
-3136 point $-1 -1 $-1 -110.5 149.5 2.2 #
-3137 NMx_Feature_Orientation-NamingMatching-attrib $-1 -1 $-1 $2993 $2778 42 $2999 $-1 #
-3138 ellipse-curve $-1 -1 $-1 -109 53.5 2.2 -0 -0 -1 0.15 0 0 1 I I #
-3139 NMx_Feature_Orientation-NamingMatching-attrib $-1 -1 $-1 $3006 $2797 42 $2999 $3196 #
-3140 ellipse-curve $-1 -1 $-1 -109 53.5 2.2 0 0 1 0.15 0 0 1 F 0 F 3.14159 #
-3141 edge $-1 1983 $-1 $3119 -3.14159 $3113 0 $3013 $3197 forward @7 unknown #
-3142 straight-curve $-1 -1 $-1 -144.5 52.5 2.2 0 1 0 I I #
-3143 straight-curve $-1 -1 $-1 -141.5 67.5 2.2 -0 -1 0 I I #
-3144 ellipse-curve $-1 -1 $-1 -143 139.5 2.2 -0 -0 -1 0.15 0 0 1 I I #
-3145 point $-1 -1 $-1 -144.5 139.5 2.2 #
-3146 point $-1 -1 $-1 -141.5 139.5 2.2 #
-3147 face $3198 1856 $-1 $3030 $3027 $10 $-1 $3199 reversed single #
-3148 NMx_Sweep_Generated_Brep_tag-NMx_Brep_Name_tag-NMx_Brep_tag-NamingMatching-attrib $-1 -1 $-1 $-1 $3029 42 1 785 -1 40 0 18 0 0 0 0 0 0 0 #
-3149 straight-curve $-1 -1 $-1 -127.5 139.5 2.2 0 0 -1 I I #
-3150 NMx_Sweep_Generated_Brep_tag-NMx_Brep_Name_tag-NMx_Brep_tag-NamingMatching-attrib $-1 -1 $3200 $-1 $3030 42 1 785 -1 47 0 20 0 0 0 0 0 0 0 #
-3151 plane-surface $-1 -1 $-1 -127.5 109.5 2.2 -1 -0 -0 -0 1 -0 forward_v I I I I #
-3152 NMx_Sweep_Generated_Brep_tag-NMx_Brep_Name_tag-NMx_Brep_tag-NamingMatching-attrib $-1 -1 $-1 $-1 $3032 42 1 785 -1 43 0 18 0 0 0 0 0 0 0 #
-3153 straight-curve $-1 -1 $-1 -124.5 139.5 2.2 0 0 -1 I I #
-3154 NMx_Feature_Orientation-NamingMatching-attrib $-1 -1 $3201 $-1 $3033 42 $3157 $-1 #
-3155 plane-surface $-1 -1 $-1 -124.5 139.5 2.2 1 -0 0 -0 -1 -0 forward_v I I I I #
-3156 NMx_Sweep_Generated_Brep_tag-NMx_Brep_Name_tag-NMx_Brep_tag-NamingMatching-attrib $-1 -1 $-1 $3039 $2850 42 1 785 -1 50 0 20 0 0 0 0 0 0 0 #
-3157 straight-curve $-1 -1 $-1 -127.5 139.5 2.2 -0 -0 -1 I I #
-3158 ellipse-curve $-1 -1 $-1 -126 109.5 2.2 0 0 1 -0.15 0 0 1 F 0 F 3.14159 #
-3159 edge $-1 1967 $-1 $3051 0 $3045 3.14159 $3086 $3202 forward @7 unknown #
-3160 NMx_Sweep_Generated_Brep_tag-NMx_Brep_Name_tag-NMx_Brep_tag-NamingMatching-attrib $-1 -1 $3203 $-1 $3042 42 1 785 -1 121 0 20 0 0 0 0 0 0 0 #
-3161 cone-surface $-1 -1 $-1 -126 53.5 2.2 0 0 -1 0.15 0 0 1 I I 0 1 0.15 forward I I I I #
-3162 straight-curve $-1 -1 $-1 -127.5 52.5 0 0 -1 0 I I #
-3163 point $-1 -1 $-1 -127.5 53.5 0 #
-3164 NMx_Feature_Orientation-NamingMatching-attrib $-1 -1 $-1 $3047 $2859 42 $3059 $-1 #
-3165 straight-curve $-1 -1 $-1 -124.5 67.5 0 5.92119e-16 1 -0 I I #
-3166 point $-1 -1 $-1 -124.5 53.5 0 #
-3167 NMx_Sweep_Generated_Brep_tag-NMx_Brep_Name_tag-NMx_Brep_tag-NamingMatching-attrib $-1 -1 $-1 $3053 $2863 42 1 785 -1 120 0 20 0 0 0 0 0 0 0 #
-3168 ellipse-curve $-1 -1 $-1 -92 149.5 0 0 0 1 0.15 0 0 1 I I #
-3169 NMx_Feature_Orientation-NamingMatching-attrib $-1 -1 $-1 $3063 $2875 42 $2894 $3204 #
-3170 ellipse-curve $-1 -1 $-1 -92 53.5 2.2 0 0 1 0.15 0 0 1 F 0 F 3.14159 #
-3171 point $-1 -1 $-1 -6.5 81.5 0.7 #
-3172 point $-1 -1 $-1 -22.5 126.5 0 #
-3173 point $-1 -1 $-1 -234.5 113.5 2.2 #
-3174 ellipse-curve $-1 -1 $-1 -126 139.5 0 0 0 1 0.15 0 0 1 I I #
-3175 point $-1 -1 $-1 -124.5 139.5 0 #
-3176 point $-1 -1 $-1 -127.5 139.5 0 #
-3177 NMx_Sweep_Generated_Brep_tag-NMx_Brep_Name_tag-NMx_Brep_tag-NamingMatching-attrib $-1 -1 $-1 $-1 $3099 42 1 785 -1 55 0 18 0 0 0 0 0 0 0 #
-3178 straight-curve $-1 -1 $-1 -141.5 139.5 2.2 0 0 -1 I I #
-3179 NMx_Feature_Orientation-NamingMatching-attrib $-1 -1 $3205 $-1 $3100 42 $3186 $-1 #
-3180 plane-surface $-1 -1 $-1 -141.5 139.5 2.2 1 -0 0 -0 -1 -0 forward_v I I I I #
-3181 NMx_Sweep_Generated_Brep_tag-NMx_Brep_Name_tag-NMx_Brep_tag-NamingMatching-attrib $-1 -1 $-1 $-1 $3102 42 1 785 -1 52 0 18 0 0 0 0 0 0 0 #
-3182 straight-curve $-1 -1 $-1 -144.5 139.5 2.2 0 0 -1 I I #
-3183 NMx_Sweep_Generated_Brep_tag-NMx_Brep_Name_tag-NMx_Brep_tag-NamingMatching-attrib $-1 -1 $3206 $-1 $3103 42 1 785 -1 59 0 20 0 0 0 0 0 0 0 #
-3184 plane-surface $-1 -1 $-1 -144.5 109.5 2.2 -1 -0 -0 -0 1 -0 forward_v I I I I #
-3185 NMx_Sweep_Generated_Brep_tag-NMx_Brep_Name_tag-NMx_Brep_tag-NamingMatching-attrib $-1 -1 $-1 $3109 $2956 42 1 785 -1 62 0 20 0 0 0 0 0 0 0 #
-3186 straight-curve $-1 -1 $-1 -144.5 139.5 2.2 -0 -0 -1 I I #
-3187 ellipse-curve $-1 -1 $-1 -143 109.5 2.2 0 0 1 -0.15 0 0 1 F 0 F 3.14159 #
-3188 point $-1 -1 $-1 -141.5 53.5 2.2 #
-3189 NMx_Sweep_Generated_Brep_tag-NMx_Brep_Name_tag-NMx_Brep_tag-NamingMatching-attrib $-1 -1 $-1 $3115 $2965 42 1 785 -1 132 0 20 0 0 0 0 0 0 0 #
-3190 NMx_Sweep_Generated_Brep_tag-NMx_Brep_Name_tag-NMx_Brep_tag-NamingMatching-attrib $-1 -1 $3207 $-1 $3116 42 1 785 -1 61 0 20 0 0 0 0 0 0 0 #
-3191 cone-surface $-1 -1 $-1 -143 139.5 2.2 0 0 -1 0.15 0 0 1 I I 0 1 0.15 forward I I I I #
-3192 point $-1 -1 $-1 -144.5 53.5 2.2 #
-3193 NMx_Feature_Orientation-NamingMatching-attrib $-1 -1 $-1 $3121 $2969 42 $3126 $-1 #
-3194 ellipse-curve $-1 -1 $-1 -109 149.5 2.2 -0 -0 -1 0.15 0 0 1 I I #
-3195 NMx_Feature_Orientation-NamingMatching-attrib $-1 -1 $-1 $3133 $2986 42 $3126 $3208 #
-3196 ellipse-curve $-1 -1 $-1 -109 149.5 2.2 0 0 1 0.15 0 0 1 F 0 F 3.14159 #
-3197 ellipse-curve $-1 -1 $-1 -143 53.5 2.2 -0 -0 -1 0.15 0 0 1 I I #
-3198 NMx_Sweep_Generated_Brep_tag-NMx_Brep_Name_tag-NMx_Brep_tag-NamingMatching-attrib $-1 -1 $3209 $-1 $3147 42 1 785 -1 49 0 20 0 0 0 0 0 0 0 #
-3199 cone-surface $-1 -1 $-1 -126 139.5 2.2 0 0 -1 0.15 0 0 1 I I 0 1 0.15 forward I I I I #
-3200 NMx_Feature_Orientation-NamingMatching-attrib $-1 -1 $-1 $3150 $3030 42 $3157 $-1 #
-3201 NMx_Sweep_Generated_Brep_tag-NMx_Brep_Name_tag-NMx_Brep_tag-NamingMatching-attrib $-1 -1 $-1 $3154 $3033 42 1 785 -1 48 0 20 0 0 0 0 0 0 0 #
-3202 ellipse-curve $-1 -1 $-1 -126 53.5 0 0 0 1 0.15 0 0 1 I I #
-3203 NMx_Feature_Orientation-NamingMatching-attrib $-1 -1 $-1 $3160 $3042 42 $3059 $3210 #
-3204 ellipse-curve $-1 -1 $-1 -92 149.5 2.2 0 0 1 0.15 0 0 1 F 0 F 3.14159 #
-3205 NMx_Sweep_Generated_Brep_tag-NMx_Brep_Name_tag-NMx_Brep_tag-NamingMatching-attrib $-1 -1 $-1 $3179 $3100 42 1 785 -1 60 0 20 0 0 0 0 0 0 0 #
-3206 NMx_Feature_Orientation-NamingMatching-attrib $-1 -1 $-1 $3183 $3103 42 $3186 $-1 #
-3207 NMx_Feature_Orientation-NamingMatching-attrib $-1 -1 $-1 $3190 $3116 42 $3186 $3211 #
-3208 ellipse-curve $-1 -1 $-1 -143 53.5 2.2 0 0 1 0.15 0 0 1 F 0 F 3.14159 #
-3209 NMx_Feature_Orientation-NamingMatching-attrib $-1 -1 $-1 $3198 $3147 42 $3157 $3212 #
-3210 ellipse-curve $-1 -1 $-1 -126 53.5 2.2 0 0 1 0.15 0 0 1 F 0 F 3.14159 #
-3211 ellipse-curve $-1 -1 $-1 -143 139.5 2.2 0 0 1 0.15 0 0 1 F 0 F 3.14159 #
-3212 ellipse-curve $-1 -1 $-1 -126 139.5 2.2 0 0 1 0.15 0 0 1 F 0 F 3.14159 #


Begin-of-ACIS-History-Data history_stream 63 63 0 5536 $-1 $0 $1 $-1 #
-0 delta_state 63 1 0 $-1 $2 $0 $-1 $0 F 1 $0 2 1 $3213 $568 1 $3214 $-1 1 $3215 $-1 1 $3216 $-1 1 $3217 $-1 1 $3218 $255 1 $3219 $-1 1 $3220 $-1 1 $3221 $443 1 $3222 $-1 1 $3223 $567 1 $3224 $-1 1 $3225 $-1 1 $3226 $-1 1 $3227 $432 1 $3228 $-1 1 $-1 $55 1 $-1 $93 1 $-1 $230 1 $-1 $229 1 $-1 $94 1 $3229 $-1 1 $3230 $-1 1 $3231 $-1 1 $3232 $263 1 $3233 $-1 1 $3234 $-1 1 $3235 $-1 1 $3236 $-1 1 $3237 $-1 1 $3238 $-1 1 $3239 $-1 1 $-1 $324 1 $3240 $-1 1 $3241 $-1 1 $3242 $-1 1 $3243 $-1 1 $3244 $-1 1 $3245 $-1 1 $3246 $254 1 $3247 $559 1 $3248 $-1 1 $3249 $-1 1 $3250 $-1 1 $-1 $153 1 $3251 $-1 1 $-1 $445 1 $-1 $446 1 $-1 $331 1 $-1 $232 1 $-1 $231 1 $-1 $563 1 $-1 $434 1 $-1 $323 1 $-1 $228 1 $-1 $569 1 $-1 $565 1 $-1 $436 1 $-1 $435 1 $-1 $441 1 $-1 $326 1 $-1 $325 1 $-1 $329 1 $3252 $575 1 $3253 $438 1 $3254 $-1 1 $3255 $327 1 $3256 $-1 1 $-1 $330 1 $-1 $430 1 $3257 $560 1 $3258 $-1 1 $-1 $321 1 $3259 $429 1 $3260 $-1 1 $-1 $328 1 $3261 $444 1 $-1 $440 1 $3262 $711 1 $3263 $437 1 $3264 $564 1 $3265 $-1 1 $-1 $433 1 $3266 $562 1 $3267 $322 1 $3268 $-1 1 $3269 $431 1 $3270 $243 1 $3271 $-1 1 $3272 $-1 1 $-1 $439 1 $3273 $566 1 $3274 $151 1 $3275 $-1 1 $3276 $361 1 $3277 $260 1 $3278 $172 1 $3279 $-1 1 $3280 $-1 1 $3281 $-1 1 $3282 $171 1 $3283 $257 1 $3284 $355 1 $3285 $474 1 $3286 $614 1 $3287 $767 1 $3288 $703 1 $3289 $175 1 $3290 $-1 1 $3291 $56 1 $3292 $95 1 $3293 $154 1 $3294 $233 1 $3295 $332 1 $3296 $447 1 $3297 $578 1 $3298 $722 1 $3299 $864 1 $3300 $997 1 $3301 $1132 1 $3302 $1272 1 $3303 $1423 1 $3304 $1582 1 $3305 $1735 1 $3306 $1895 1 $3307 $2075 1 $3308 $2282 1 $3309 $2504 1 $3310 $2261 1 $3311 $2487 1 $3312 $1184 1 $3313 $1333 1 $3314 $1495 1 $3315 $1649 1 $3316 $1794 1 $3317 $1960 1 $3318 $1918 1 $3319 $1766 1 $3320 $1085 1 $3321 $1229 1 $3322 $1175 1 $3323 $1324 1 $3324 $1482 1 $3325 $1640 1 $3326 $1786 1 $3327 $1943 1 $3328 $2116 1 $3329 $2313 1 $3330 $2522 1 $3331 $2733 1 $3332 $2679 1 $3333 $2454 1 $3334 $1514 1 $3335 $10 1 $-1 $92 1 $-1 $149 1 $3336 $267 1 $3337 $-1 1 $3338 $225 1 $3339 $-1 1 $3340 $-1 1 $3341 $-1 1 $3342 $425 1 $3343 $-1 1 $3344 $-1 1 $3345 $-1 1 $3346 $-1 1 $3347 $-1 1 $3348 $-1 1 $3349 $-1 1 $3350 $-1 1 $3351 $-1 1 $3352 $-1 1 $3353 $-1 1 $3354 $-1 1 $3355 $-1 1 $3356 $-1 1 $-1 $15 1 $-1 $24 1 $-1 $60 1 $-1 $59 1 $-1 $25 1 $-1 $100 1 $-1 $38 1 $3357 $-1 1 $-1 $256 1 $-1 $250 1 $-1 $252 1 $-1 $165 1 $-1 $164 1 $-1 $177 1 $-1 $170 1 $-1 $102 1 $-1 $101 1 $-1 $176 1 $-1 $108 1 $-1 $62 1 $-1 $61 1 $-1 $163 1 $-1 $99 1 $-1 $58 1 $-1 $169 1 $3358 $351 1 $3359 $167 1 $3360 $-1 1 $3361 $251 1 $3362 $-1 1 $-1 $162 1 $-1 $160 1 $3363 $246 1 $-1 $244 1 $3364 $-1 1 $-1 $97 1 $3365 $158 1 $3366 $-1 1 $-1 $159 1 $3367 $242 1 $-1 $107 1 $-1 $173 1 $3368 $264 1 $3369 $-1 1 $-1 $166 1 $3370 $253 1 $-1 $104 1 $-1 $106 1 $-1 $161 1 $3371 $249 1 $-1 $247 1 $3372 $-1 1 $-1 $98 1 $-1 $103 1 $3373 $-1 1 $-1 $168 1 $-1 $105 1 $3374 $36 1 $3375 $-1 1 $-1 $35 1 $-1 $90 1 $-1 $54 1 $-1 $23 1 $-1 $53 1 $-1 $34 1 $3376 $-1 1 $3377 $-1 1 $3378 $-1 1 $3379 $-1 1 $3380 $-1 1 $3381 $-1 1 $3382 $777 1 $3383 $-1 1 $3384 $-1 1 $3385 $-1 1 $3386 $-1 1 $3387 $920 1 $3388 $-1 1 $3389 $-1 1 $3390 $-1 1 $3391 $-1 1 $3392 $-1 1 $3393 $-1 1 $3394 $-1 1 $3395 $-1 1 $-1 $91 1 $-1 $22 0 0 0 #
-1 delta_state 2 1 0 $3 $-1 $1 $-1 $0 F 0 0 #
-2 delta_state 62 1 0 $0 $4 $2 $-1 $0 F 1 $2 2 1 $3396 $568 1 $3397 $3215 1 $3398 $-1 1 $3399 $-1 1 $3400 $-1 1 $3401 $-1 1 $3402 $-1 1 $3403 $-1 1 $3404 $-1 1 $3405 $-1 1 $3406 $-1 1 $3407 $-1 1 $3408 $-1 1 $3409 $-1 1 $3410 $-1 1 $3411 $-1 1 $3412 $-1 1 $3413 $716 1 $-1 $317 1 $-1 $426 1 $-1 $702 1 $-1 $701 1 $-1 $427 1 $3414 $-1 1 $3415 $-1 1 $3416 $-1 1 $3417 $601 1 $3418 $-1 1 $3419 $-1 1 $3420 $-1 1 $3421 $-1 1 $3422 $-1 1 $3423 $3243 1 $-1 $571 1 $3424 $-1 1 $3425 $-1 1 $3426 $3239 1 $3427 $-1 1 $3428 $-1 1 $3429 $357 1 $3430 $917 1 $3431 $-1 1 $3432 $-1 1 $3433 $-1 1 $-1 $556 1 $3434 $-1 1 $-1 $994 1 $-1 $862 1 $-1 $993 1 $-1 $850 1 $-1 $700 1 $-1 $855 1 $-1 $852 1 $-1 $704 1 $-1 $703 1 $-1 $719 1 $-1 $718 1 $-1 $572 1 $-1 $442 1 $-1 $853 1 $-1 $708 1 $-1 $566 1 $-1 $851 1 $-1 $914 1 $3435 $1060 1 $3436 $-1 1 $-1 $849 1 $3437 $859 1 $3438 $-1 1 $-1 $767 1 $3439 $614 1 $-1 $717 1 $3440 $861 1 $3441 $715 1 $3442 $-1 1 $3443 $570 1 $3444 $-1 1 $-1 $710 1 $-1 $567 1 $3445 $711 1 $-1 $854 1 $-1 $709 1 $3446 $-1 1 $-1 $437 1 $3447 $3254 1 $3448 $-1 1 $-1 $564 1 $3449 $3265 1 $-1 $574 1 $-1 $443 1 $3450 $575 1 $-1 $573 1 $3451 $-1 1 $-1 $438 1 $3452 $-1 1 $-1 $327 1 $3453 $3256 1 $3454 $554 1 $3455 $-1 1 $3456 $431 1 $3457 $361 1 $3458 $260 1 $3459 $172 1 $3460 $3279 1 $3461 $3280 1 $3462 $3281 1 $3463 $-1 1 $3464 $257 1 $3465 $355 1 $3466 $474 1 $3467 $175 1 $3468 $243 1 $3469 $-1 1 $3470 $-1 1 $-1 $3272 1 $-1 $425 1 $3471 $10 1 $-1 $553 1 $3472 $267 1 $3473 $1846 1 $3474 $-1 1 $3475 $56 1 $3476 $95 1 $3477 $154 1 $3478 $233 1 $3479 $332 1 $3480 $447 1 $3481 $578 1 $3482 $722 1 $3483 $864 1 $3484 $997 1 $3485 $1132 1 $3486 $1272 1 $3487 $1423 1 $3488 $1582 1 $3489 $1735 1 $3490 $1895 1 $3491 $2075 1 $3492 $2282 1 $3493 $2504 1 $3494 $2261 1 $3495 $2487 1 $3496 $1184 1 $3497 $1333 1 $3498 $1495 1 $3499 $1649 1 $3500 $1794 1 $3501 $1960 1 $3502 $1918 1 $3503 $1766 1 $3504 $1085 1 $3505 $1229 1 $3506 $1175 1 $3507 $1324 1 $3508 $1482 1 $3509 $1640 1 $3510 $1786 1 $3511 $1943 1 $3512 $2116 1 $3513 $2313 1 $3514 $2522 1 $3515 $2733 1 $3516 $2679 1 $3517 $2454 1 $3518 $1514 1 $3519 $-1 1 $3520 $920 1 $3521 $-1 1 $3522 $-1 1 $3523 $-1 1 $3524 $-1 1 $3525 $-1 1 $3526 $-1 1 $3527 $-1 1 $3528 $-1 1 $3529 $-1 1 $3530 $777 1 $3531 $-1 1 $3532 $-1 1 $3533 $-1 1 $3534 $-1 1 $3535 $-1 1 $3536 $-1 1 $3537 $-1 1 $3538 $-1 1 $3539 $-1 1 $3540 $-1 1 $3541 $-1 1 $3542 $-1 1 $-1 $150 1 $-1 $226 1 $-1 $240 1 $-1 $358 1 $-1 $227 1 $-1 $258 1 $-1 $320 1 $3543 $-1 1 $-1 $345 1 $-1 $603 1 $-1 $465 1 $-1 $344 1 $-1 $242 1 $-1 $481 1 $-1 $625 1 $-1 $480 1 $-1 $428 1 $-1 $346 1 $-1 $360 1 $-1 $259 1 $-1 $171 1 $-1 $342 1 $-1 $241 1 $-1 $158 1 $-1 $245 1 $3544 $246 1 $3545 $3364 1 $3546 $-1 1 $3547 $3366 1 $3548 $-1 1 $-1 $464 1 $-1 $463 1 $3549 $602 1 $3550 $-1 1 $-1 $462 1 $3551 $477 1 $3552 $-1 1 $-1 $343 1 $3553 $461 1 $-1 $248 1 $3554 $249 1 $3555 $3372 1 $-1 $359 1 $3556 $479 1 $3557 $356 1 $3558 $-1 1 $3559 $-1 1 $-1 $36 1 $3560 $3375 1 $3561 $318 1 $-1 $3275 1 $-1 $3271 1 $-1 $3339 1 $-1 $3290 1 $-1 $225 1 $-1 $316 1 $3562 $-1 1 $3563 $353 1 $3564 $-1 1 $3565 $-1 1 $3566 $-1 1 $3567 $-1 1 $3568 $-1 1 $3569 $-1 1 $3570 $-1 1 $3571 $-1 1 $3572 $-1 1 $3573 $-1 1 $3574 $-1 1 $3575 $-1 1 $3576 $-1 1 $3577 $-1 1 $3578 $-1 1 $-1 $424 1 $-1 $224 0 0 0 #
-3 delta_state 3 1 0 $5 $1 $3 $-1 $0 F 1 $3 2 1 $-1 $1 1 $-1 $3579 1 $-1 $3580 1 $-1 $3581 1 $-1 $3582 1 $-1 $3583 1 $-1 $3584 1 $-1 $3585 1 $-1 $3586 1 $-1 $3587 1 $-1 $3588 1 $-1 $906 1 $-1 $3589 1 $-1 $3590 1 $-1 $3591 1 $-1 $575 1 $-1 $3592 1 $-1 $3593 1 $-1 $246 1 $-1 $3594 1 $-1 $3595 1 $-1 $3596 1 $-1 $3597 1 $-1 $3598 1 $-1 $758 1 $-1 $3599 1 $-1 $3600 1 $-1 $3601 1 $-1 $3602 1 $-1 $3603 1 $-1 $3604 1 $-1 $10 1 $-1 $4 1 $-1 $57 1 $-1 $3605 1 $-1 $3606 1 $-1 $3607 1 $-1 $3608 1 $-1 $3609 1 $-1 $243 1 $-1 $3610 1 $-1 $3611 1 $-1 $3612 1 $-1 $3613 1 $-1 $3614 1 $-1 $3615 1 $-1 $3616 1 $-1 $3617 1 $-1 $3618 1 $-1 $3619 1 $-1 $3620 1 $-1 $3621 1 $-1 $3622 1 $-1 $3623 1 $-1 $3624 1 $-1 $3625 1 $-1 $775 1 $-1 $3626 1 $-1 $3627 1 $-1 $3628 1 $-1 $3629 1 $-1 $3630 1 $-1 $1065 1 $-1 $3631 1 $-1 $711 1 $-1 $3632 1 $-1 $3633 1 $-1 $3634 1 $-1 $3635 1 $-1 $3636 1 $-1 $713 1 $-1 $568 1 $-1 $489 1 $-1 $3637 1 $-1 $3638 1 $-1 $3639 1 $-1 $3640 1 $-1 $3641 1 $-1 $784 1 $-1 $631 1 $-1 $249 1 $-1 $3642 1 $-1 $3643 1 $-1 $3644 1 $-1 $3645 1 $-1 $3646 1 $-1 $37 1 $-1 $3215 1 $-1 $3647 1 $-1 $3648 1 $-1 $3649 1 $-1 $3650 1 $-1 $269 1 $-1 $3651 1 $-1 $856 1 $-1 $930 1 $-1 $3388 1 $-1 $3652 1 $-1 $3653 1 $-1 $3654 1 $-1 $3655 1 $-1 $3656 1 $-1 $3657 1 $-1 $3658 1 $-1 $3659 1 $-1 $3660 1 $-1 $3661 1 $-1 $3662 1 $-1 $3663 1 $-1 $3664 1 $-1 $3665 1 $-1 $89 1 $-1 $3214 1 $-1 $783 1 $-1 $712 1 $-1 $3666 0 0 0 #
-4 delta_state 61 1 0 $2 $6 $4 $-1 $0 F 1 $4 2 1 $-1 $3225 1 $3667 $3226 1 $-1 $3235 1 $3668 $3236 1 $-1 $3240 1 $3669 $3241 1 $-1 $3219 1 $3670 $3220 1 $-1 $3249 1 $3671 $3250 1 $-1 $3229 1 $3672 $3230 1 $-1 $3410 1 $3673 $3411 1 $-1 $3420 1 $3674 $3421 1 $-1 $3424 1 $3675 $3425 1 $-1 $3404 1 $3676 $3405 1 $-1 $3432 1 $3677 $3433 1 $-1 $3414 1 $3678 $3415 0 0 0 #
-5 delta_state 4 1 0 $7 $3 $5 $-1 $0 F 1 $5 2 1 $-1 $3679 1 $3680 $3653 1 $3681 $3603 0 0 0 #
-6 delta_state 60 1 0 $4 $8 $6 $-1 $0 F 1 $6 2 1 $3682 $-1 1 $3683 $769 1 $3684 $-1 1 $3685 $-1 1 $3686 $3409 1 $3687 $-1 1 $3688 $-1 1 $3689 $-1 1 $3690 $-1 1 $3691 $-1 1 $3692 $-1 1 $3693 $-1 1 $-1 $3399 1 $-1 $554 1 $-1 $3442 1 $-1 $859 1 $-1 $555 1 $-1 $716 1 $-1 $715 1 $-1 $570 1 $-1 $3412 1 $-1 $3436 1 $-1 $3438 1 $-1 $1060 1 $-1 $861 1 $3694 $3474 1 $3695 $267 1 $3696 $-1 1 $3697 $-1 1 $3698 $-1 1 $3699 $-1 1 $-1 $996 1 $-1 $3539 1 $-1 $1062 1 $-1 $3541 1 $-1 $1059 1 $-1 $913 1 $-1 $766 1 $-1 $3540 1 $-1 $3434 1 $-1 $3522 1 $-1 $917 1 $3700 $918 1 $3701 $614 1 $3702 $-1 1 $3703 $768 1 $3704 $-1 1 $-1 $860 1 $-1 $858 1 $3705 $995 1 $3706 $-1 1 $-1 $714 1 $3707 $598 1 $3708 $-1 1 $-1 $857 1 $3709 $915 1 $-1 $3431 1 $-1 $3406 1 $3710 $3534 1 $-1 $3526 1 $3711 $3448 1 $3712 $-1 1 $-1 $3527 1 $3713 $3525 1 $-1 $3416 1 $3714 $3523 1 $3715 $3444 1 $3716 $3519 1 $3717 $-1 1 $3718 $612 1 $3719 $-1 1 $3720 $-1 1 $-1 $3528 1 $3721 $3529 1 $3722 $-1 1 $-1 $472 1 $3723 $10 1 $-1 $760 1 $-1 $610 1 $3724 $-1 1 $3725 $-1 1 $3726 $-1 1 $3727 $-1 1 $3728 $-1 1 $3729 $-1 1 $3730 $-1 1 $3731 $-1 1 $3732 $-1 1 $3733 $-1 1 $3734 $269 1 $3735 $57 1 $3736 $-1 1 $3737 $-1 1 $3738 $3428 1 $3739 $-1 1 $3740 $600 1 $3741 $-1 1 $3742 $262 1 $3743 $-1 1 $3744 $3245 1 $3745 $-1 1 $3746 $-1 1 $3747 $3224 1 $3748 $-1 1 $3749 $577 1 $-1 $3401 1 $-1 $318 1 $-1 $477 1 $-1 $3558 1 $-1 $319 1 $-1 $3419 1 $-1 $3550 1 $-1 $3552 1 $-1 $357 1 $-1 $356 1 $-1 $257 1 $-1 $479 1 $-1 $602 1 $3750 $-1 1 $3751 $-1 1 $3752 $-1 1 $3753 $-1 1 $-1 $756 1 $-1 $3573 1 $-1 $624 1 $-1 $3578 1 $-1 $780 1 $-1 $623 1 $-1 $617 1 $-1 $3564 1 $-1 $3543 1 $-1 $3562 1 $-1 $478 1 $-1 $476 1 $3754 $622 1 $-1 $620 1 $3755 $-1 1 $-1 $355 1 $3756 $474 1 $3757 $-1 1 $-1 $475 1 $3758 $618 1 $-1 $3427 1 $3759 $3577 1 $3760 $3463 1 $3761 $3565 1 $3762 $-1 1 $-1 $601 1 $3763 $755 1 $3764 $461 1 $3765 $-1 1 $3766 $599 1 $3767 $-1 1 $-1 $3418 1 $-1 $3422 1 $3768 $3574 1 $-1 $3548 1 $3769 $3366 1 $3770 $-1 1 $-1 $3567 1 $3771 $3566 1 $3772 $-1 1 $-1 $619 1 $3773 $777 1 $3774 $3568 1 $3775 $-1 1 $-1 $3542 1 $-1 $3570 1 $-1 $3571 1 $3776 $-1 1 $3777 $-1 1 $3778 $-1 1 $3779 $-1 1 $3780 $-1 1 $3781 $-1 1 $3782 $-1 1 $-1 $255 1 $-1 $3373 1 $-1 $3360 1 $-1 $253 1 $-1 $354 1 $-1 $254 1 $-1 $167 1 $-1 $251 1 $-1 $3234 1 $-1 $3369 1 $-1 $3279 1 $-1 $264 1 $-1 $351 1 $3783 $-1 1 $3784 $-1 1 $3785 $-1 1 $3786 $-1 1 $-1 $470 1 $-1 $3391 1 $-1 $368 1 $-1 $3393 1 $-1 $469 1 $-1 $349 1 $-1 $348 1 $-1 $3392 1 $-1 $3357 1 $-1 $3376 1 $-1 $263 1 $3787 $367 1 $3788 $172 1 $3789 $-1 1 $3790 $261 1 $3791 $-1 1 $-1 $350 1 $-1 $468 1 $3792 $607 1 $3793 $-1 1 $-1 $347 1 $3794 $466 1 $3795 $-1 1 $-1 $467 1 $3796 $364 1 $-1 $3233 1 $-1 $3237 1 $3797 $3394 1 $-1 $3280 1 $3798 $3281 1 $3799 $-1 1 $-1 $3379 1 $3800 $3378 1 $-1 $3244 1 $3801 $3390 1 $3802 $3362 1 $3803 $3377 1 $3804 $-1 1 $3805 $365 1 $3806 $-1 1 $3807 $-1 1 $-1 $3380 1 $3808 $3381 1 $3809 $-1 1 $-1 $353 1 $-1 $608 1 $-1 $471 1 $3810 $-1 1 $3811 $-1 1 $3812 $-1 1 $3813 $-1 1 $3814 $-1 1 $-1 $3217 1 $-1 $151 1 $-1 $429 1 $-1 $3268 1 $-1 $152 1 $-1 $3228 1 $-1 $3258 1 $-1 $3260 1 $-1 $432 1 $-1 $322 1 $-1 $431 1 $-1 $562 1 $-1 $560 1 $3815 $-1 1 $3816 $-1 1 $3817 $-1 1 $3818 $-1 1 $-1 $3350 1 $-1 $706 1 $-1 $3345 1 $-1 $707 1 $-1 $3344 1 $-1 $3251 1 $-1 $3341 1 $-1 $705 1 $-1 $558 1 $-1 $557 1 $-1 $3231 1 $3819 $3346 1 $3820 $3265 1 $3821 $-1 1 $3822 $3343 1 $3823 $-1 1 $-1 $3248 1 $-1 $3222 1 $3824 $3351 1 $3825 $-1 1 $-1 $3256 1 $3826 $3452 1 $3827 $-1 1 $-1 $3337 1 $3828 $3340 1 $-1 $561 1 $-1 $483 1 $3829 $629 1 $-1 $628 1 $-1 $361 1 $3830 $260 1 $3831 $-1 1 $-1 $482 1 $3832 $626 1 $-1 $559 1 $3833 $721 1 $3834 $444 1 $3835 $576 1 $3836 $-1 1 $3837 $3352 1 $3838 $-1 1 $3839 $-1 1 $-1 $627 1 $3840 $781 1 $3841 $-1 1 $-1 $3353 1 $-1 $3355 1 $-1 $3356 1 $3842 $2213 1 $3843 $-1 1 $3844 $-1 1 $3845 $-1 1 $3846 $-1 1 $3847 $-1 1 $3848 $-1 1 $3849 $-1 1 $-1 $3398 1 $-1 $3400 1 $-1 $352 1 $-1 $3216 0 0 0 #
-7 delta_state 5 1 0 $9 $5 $7 $-1 $0 F 1 $7 2 1 $-1 $3850 1 $3851 $3663 1 $3852 $3615 1 $-1 $3853 1 $3854 $3664 1 $3855 $3619 1 $-1 $3856 1 $3857 $3659 1 $3858 $3632 0 0 0 #
-8 delta_state 59 1 0 $6 $10 $8 $-1 $0 F 1 $8 2 1 $-1 $3692 1 $3859 $3845 1 $3860 $3693 1 $-1 $3817 1 $3861 $3847 1 $3862 $3818 1 $-1 $3815 1 $3863 $3816 1 $-1 $3690 1 $3864 $3812 1 $3865 $3691 1 $-1 $3785 1 $3866 $3786 1 $-1 $3783 1 $3867 $3784 1 $-1 $3688 1 $3868 $3778 1 $3869 $3689 1 $-1 $3752 1 $3870 $3780 1 $3871 $3753 1 $-1 $3750 1 $3872 $3751 1 $-1 $3684 1 $3873 $3727 1 $3874 $3685 1 $-1 $3698 1 $3875 $3729 1 $3876 $3699 1 $-1 $3696 1 $3877 $3697 0 0 0 #
-9 delta_state 8 1 0 $11 $7 $9 $-1 $0 F 1 $9 2 1 $3878 $3632 1 $3879 $3659 1 $3856 $-1 1 $-1 $3880 1 $-1 $3881 1 $3850 $-1 1 $3882 $3615 1 $-1 $3883 1 $3853 $-1 1 $3884 $3619 1 $3885 $3664 1 $-1 $3886 1 $3887 $3663 1 $-1 $3888 1 $3889 $3603 1 $3890 $3653 1 $3679 $-1 1 $-1 $3891 0 0 0 #
-10 delta_state 58 1 0 $8 $12 $10 $-1 $0 F 1 $10 2 1 $3892 $-1 1 $3893 $-1 1 $3894 $-1 1 $3895 $-1 1 $3896 $-1 1 $3897 $-1 1 $3898 $-1 1 $3899 $-1 1 $3900 $-1 1 $3901 $-1 1 $3902 $-1 1 $3903 $-1 1 $3904 $-1 1 $-1 $1500 1 $-1 $1658 1 $-1 $1810 1 $-1 $1971 1 $-1 $1659 1 $-1 $1978 1 $-1 $1975 1 $-1 $1815 1 $-1 $1820 1 $-1 $1806 1 $-1 $1670 1 $-1 $1980 1 $-1 $2165 1 $3905 $3521 1 $3906 $3469 1 $3907 $373 1 $3908 $175 1 $3909 $-1 1 $3910 $-1 1 $3911 $-1 1 $3912 $-1 1 $-1 $1979 1 $-1 $2380 1 $-1 $1977 1 $-1 $1984 1 $-1 $1976 1 $-1 $1811 1 $-1 $1662 1 $-1 $2167 1 $-1 $1983 1 $-1 $1825 1 $-1 $1813 1 $-1 $1663 1 $3913 $1814 1 $-1 $1812 1 $3914 $-1 1 $-1 $1508 1 $3915 $-1 1 $3916 $-1 1 $-1 $1503 1 $3917 $-1 1 $-1 $1826 1 $3918 $1827 1 $3919 $-1 1 $3920 $-1 1 $3921 $-1 1 $-1 $1816 1 $3922 $1817 1 $3923 $-1 1 $3924 $-1 1 $3925 $-1 1 $3926 $-1 1 $-1 $2164 1 $-1 $1981 1 $3927 $2166 1 $-1 $1821 1 $3928 $-1 1 $3929 $-1 1 $-1 $1972 1 $3930 $-1 1 $3931 $-1 1 $-1 $1194 1 $3932 $-1 1 $3933 $-1 1 $3934 $-1 1 $3935 $-1 1 $3936 $10 1 $3937 $-1 1 $-1 $1657 1 $-1 $1970 1 $-1 $1803 1 $3938 $-1 1 $3939 $-1 1 $3940 $-1 1 $3941 $-1 1 $3942 $-1 1 $3943 $-1 1 $3944 $-1 1 $3945 $269 1 $3946 $57 1 $3947 $-1 1 $3948 $-1 1 $3949 $-1 1 $3950 $-1 1 $3951 $-1 1 $-1 $1193 1 $-1 $1340 1 $-1 $1661 1 $-1 $1660 1 $-1 $1341 1 $-1 $1822 1 $-1 $1807 1 $-1 $1674 1 $-1 $1524 1 $-1 $1502 1 $-1 $1360 1 $-1 $1681 1 $-1 $1982 1 $3952 $-1 1 $3953 $-1 1 $3954 $-1 1 $3955 $-1 1 $-1 $2163 1 $-1 $1824 1 $-1 $1828 1 $-1 $1682 1 $-1 $1974 1 $-1 $1809 1 $-1 $1808 1 $-1 $1823 1 $-1 $1675 1 $-1 $1520 1 $-1 $1680 1 $-1 $1679 1 $-1 $1523 1 $-1 $1678 1 $-1 $1526 1 $3956 $1527 1 $3957 $-1 1 $3958 $-1 1 $3959 $-1 1 $-1 $1973 1 $-1 $1676 1 $-1 $1521 1 $3960 $1677 1 $3961 $-1 1 $-1 $1518 1 $3962 $-1 1 $3963 $-1 1 $-1 $1355 1 $3964 $-1 1 $-1 $1804 1 $3965 $-1 1 $3966 $-1 1 $3967 $-1 1 $-1 $1339 1 $-1 $1655 1 $-1 $1499 1 $3968 $-1 1 $3969 $-1 1 $3970 $-1 1 $3971 $-1 1 $3972 $-1 1 $3973 $-1 1 $3974 $1514 1 $3975 $-1 1 $-1 $909 1 $-1 $1052 1 $-1 $1344 1 $-1 $1343 1 $-1 $1053 1 $-1 $1668 1 $-1 $1506 1 $-1 $1513 1 $-1 $1346 1 $-1 $1196 1 $-1 $1345 1 $-1 $1511 1 $-1 $1819 1 $3976 $-1 1 $3977 $-1 1 $3978 $-1 1 $3979 $-1 1 $-1 $1818 1 $-1 $1673 1 $-1 $1672 1 $-1 $1671 1 $-1 $1667 1 $-1 $1505 1 $-1 $1342 1 $-1 $1669 1 $-1 $1507 1 $-1 $1347 1 $-1 $1510 1 $-1 $1666 1 $-1 $1665 1 $-1 $1664 1 $-1 $1504 1 $-1 $1509 1 $-1 $1348 1 $3980 $1512 1 $-1 $1204 1 $3981 $-1 1 $-1 $1197 1 $3982 $-1 1 $-1 $1515 1 $3983 $1516 1 $3984 $-1 1 $3985 $-1 1 $3986 $-1 1 $-1 $910 1 $3987 $-1 1 $-1 $1051 1 $-1 $1337 1 $-1 $1192 1 $3988 $-1 1 $3989 $2213 1 $3990 $-1 1 $3991 $-1 1 $3992 $-1 1 $3993 $-1 1 $3994 $-1 1 $3995 $-1 1 $3996 $-1 1 $-1 $611 1 $-1 $764 1 $-1 $1056 1 $-1 $1055 1 $-1 $765 1 $-1 $1354 1 $-1 $1200 1 $-1 $1353 1 $-1 $1058 1 $-1 $912 1 $-1 $1057 1 $-1 $1208 1 $-1 $1519 1 $3997 $-1 1 $3998 $-1 1 $3999 $-1 1 $-1 $1522 1 $-1 $1517 1 $-1 $1363 1 $-1 $1364 1 $-1 $1359 1 $-1 $1202 1 $-1 $1201 1 $-1 $1352 1 $-1 $1199 1 $-1 $1054 1 $-1 $1206 1 $-1 $1361 1 $-1 $1525 1 $-1 $1203 1 $-1 $1356 1 $-1 $1207 1 $-1 $1358 1 $-1 $1351 1 $-1 $1350 1 $-1 $1349 1 $-1 $1198 1 $-1 $1357 1 $-1 $763 1 $-1 $1049 1 $-1 $908 1 $4000 $-1 1 $4001 $-1 1 $4002 $-1 1 $4003 $1205 1 $4004 $-1 1 $4005 $-1 1 $4006 $-1 1 $4007 $-1 1 $-1 $1656 1 $-1 $3474 1 $-1 $267 1 $-1 $1338 1 $-1 $1050 1 $-1 $762 0 0 0 #
-11 delta_state 9 1 0 $13 $9 $11 $-1 $0 F 1 $11 2 1 $-1 $781 1 $-1 $928 1 $-1 $1070 1 $-1 $929 1 $-1 $3529 1 $-1 $1071 1 $-1 $3354 1 $-1 $3352 1 $-1 $3831 1 $-1 $3381 1 $-1 $3533 1 $-1 $3532 1 $-1 $3531 1 $-1 $1211 1 $-1 $926 1 $-1 $3772 1 $-1 $3343 1 $-1 $626 1 $-1 $3836 1 $-1 $3385 1 $-1 $3384 1 $-1 $3383 1 $-1 $761 1 $-1 $613 1 $-1 $612 1 $-1 $3712 1 $-1 $3569 1 $-1 $3568 1 $-1 $3757 1 $-1 $3823 1 $-1 $3340 1 $-1 $3693 1 $-1 $609 1 $-1 $473 1 $-1 $365 1 $-1 $3799 1 $-1 $768 1 $-1 $3525 1 $-1 $3717 1 $-1 $3565 1 $-1 $618 1 $-1 $3767 1 $-1 $3845 1 $-1 $3844 1 $-1 $261 1 $-1 $3378 1 $-1 $3804 1 $-1 $3704 1 $-1 $915 1 $-1 $3685 1 $-1 $3762 1 $-1 $3566 1 $-1 $3689 1 $-1 $3791 1 $-1 $364 1 $-1 $3691 1 $-1 $3727 1 $-1 $3726 1 $-1 $3778 1 $-1 $3777 1 $-1 $3812 1 $-1 $3811 1 $-1 $492 1 $-1 $366 1 $3637 $-1 1 $3638 $-1 1 $3639 $-1 1 $3650 $-1 1 $3649 $-1 1 $-1 $634 1 $-1 $488 1 $-1 $363 1 $-1 $632 1 $-1 $362 1 $-1 $260 1 $-1 $3347 1 $-1 $3230 1 $3632 $-1 1 $3633 $-1 1 $3634 $-1 1 $3648 $-1 1 $-1 $3536 1 $-1 $3433 1 $-1 $3403 1 $-1 $3535 1 $-1 $3402 1 $-1 $3446 1 $-1 $3448 1 $-1 $923 1 $-1 $774 1 $3626 $-1 1 $3627 $-1 1 $3628 $-1 1 $3647 $-1 1 $-1 $779 1 $-1 $621 1 $-1 $616 1 $-1 $1066 1 $-1 $615 1 $-1 $474 1 $-1 $3576 1 $-1 $3425 1 $3642 $-1 1 $3643 $-1 1 $3644 $-1 1 $-1 $3395 1 $-1 $3236 1 $-1 $3239 1 $-1 $3238 1 $-1 $3372 1 $-1 $3281 1 $3886 $-1 1 $3619 $-1 1 $3662 $-1 1 $3611 $-1 1 $3888 $-1 1 $3615 $-1 1 $3665 $-1 1 $3623 $-1 1 $3599 $-1 1 $3591 $-1 1 $3594 $-1 1 $3587 $-1 1 $3596 $-1 1 $3588 $-1 1 $3601 $-1 1 $3593 $-1 1 $3656 $-1 1 $3621 $-1 1 $3660 $-1 1 $3658 $-1 1 $3654 $-1 1 $3613 $-1 1 $3655 $-1 1 $3617 $-1 1 $3880 $-1 1 $3657 $-1 1 $3625 $-1 1 $3661 $-1 1 $3598 $-1 1 $3589 $-1 1 $3590 $-1 1 $3584 $-1 1 $3592 $-1 1 $3585 $-1 1 $3586 $-1 1 $3582 $-1 1 $-1 $863 1 $-1 $782 1 $-1 $630 1 $-1 $484 1 $-1 $3846 1 $-1 $3818 1 $-1 $629 1 $-1 $3746 1 $-1 $3821 1 $-1 $3849 1 $-1 $3816 1 $-1 $721 1 $-1 $577 1 $-1 $576 1 $-1 $444 1 $-1 $3349 1 $-1 $3348 1 $-1 $3220 1 $-1 $3254 1 $-1 $3346 1 $-1 $3224 1 $-1 $3265 1 $-1 $3351 1 $-1 $3748 1 $-1 $3827 1 $-1 $3825 1 $-1 $907 1 $-1 $924 1 $-1 $776 1 $-1 $770 1 $-1 $3779 1 $-1 $3753 1 $-1 $622 1 $-1 $3737 1 $-1 $3755 1 $-1 $3782 1 $-1 $3751 1 $-1 $755 1 $-1 $600 1 $-1 $599 1 $-1 $461 1 $-1 $3575 1 $-1 $3572 1 $-1 $3411 1 $-1 $3546 1 $-1 $3577 1 $-1 $3428 1 $-1 $3463 1 $-1 $3574 1 $-1 $3739 1 $-1 $3770 1 $-1 $3765 1 $-1 $3538 1 $-1 $3537 1 $-1 $3405 1 $-1 $3524 1 $-1 $3728 1 $-1 $3699 1 $-1 $3534 1 $-1 $3682 1 $-1 $3702 1 $-1 $3733 1 $-1 $3697 1 $-1 $3523 1 $-1 $3409 1 $-1 $3519 1 $-1 $3444 1 $-1 $1048 1 $-1 $1063 1 $-1 $919 1 $-1 $771 1 $-1 $918 1 $-1 $769 1 $-1 $614 1 $-1 $995 1 $-1 $3687 1 $-1 $3708 1 $-1 $3706 1 $-1 $3389 1 $-1 $3386 1 $-1 $3226 1 $-1 $3375 1 $-1 $3813 1 $-1 $3786 1 $-1 $3394 1 $-1 $3741 1 $-1 $3789 1 $-1 $3814 1 $-1 $3784 1 $-1 $3390 1 $-1 $3245 1 $-1 $3377 1 $-1 $3362 1 $-1 $759 1 $-1 $635 1 $-1 $490 1 $-1 $485 1 $-1 $367 1 $-1 $262 1 $-1 $172 1 $-1 $607 1 $-1 $3743 1 $-1 $3795 1 $-1 $3793 1 $-1 $3807 1 $-1 $3720 1 $-1 $3839 1 $-1 $606 1 $4008 $758 1 $3583 $-1 1 $3609 $-1 1 $3608 $-1 1 $-1 $3241 1 $-1 $3243 1 $4009 $246 1 $-1 $3242 1 $-1 $3364 1 $3581 $-1 1 $-1 $3366 1 $3606 $-1 1 $-1 $905 1 $4010 $906 1 $3579 $-1 1 $3607 $-1 1 $-1 $3415 1 $-1 $3408 1 $4011 $575 1 $-1 $3407 1 $-1 $3451 1 $3580 $-1 1 $-1 $3452 1 $-1 $3421 1 $-1 $754 1 $-1 $753 1 $-1 $904 1 $-1 $752 1 $-1 $598 1 $-1 $3250 1 $-1 $720 1 $-1 $605 1 $-1 $757 1 $-1 $604 1 $-1 $466 1 $3645 $-1 1 $3641 $-1 1 $3640 $-1 1 $4012 $631 1 $3604 $-1 1 $3603 $-1 1 $3646 $-1 1 $4013 $3215 1 $4014 $243 1 $3605 $-1 1 $3635 $-1 1 $3630 $-1 1 $-1 $772 1 $3629 $-1 1 $3631 $-1 1 $3636 $-1 1 $4015 $568 1 $-1 $3559 1 $-1 $3455 1 $-1 $3470 1 $-1 $486 1 $-1 $3806 1 $-1 $3810 1 $-1 $3809 1 $-1 $3719 1 $-1 $3725 1 $-1 $3722 1 $-1 $3724 1 $-1 $3776 1 $-1 $3775 1 $-1 $777 1 $-1 $1068 1 $-1 $925 1 $-1 $3838 1 $-1 $3843 1 $-1 $3841 1 $4016 $10 1 $-1 $4017 1 $-1 $4018 1 $-1 $4019 1 $-1 $3469 1 $-1 $3521 1 $-1 $920 1 $-1 $1209 1 $-1 $1064 1 $3653 $-1 1 $3891 $-1 1 $3652 $-1 1 $3651 $-1 1 $3666 $-1 1 $3881 $-1 1 $3663 $-1 1 $3659 $-1 1 $3883 $-1 1 $3664 $-1 1 $3602 $-1 1 $3622 $-1 1 $3597 $-1 1 $3614 $-1 1 $3595 $-1 1 $3610 $-1 1 $3600 $-1 1 $3618 $-1 1 $3624 $-1 1 $3616 $-1 1 $3612 $-1 1 $3620 $-1 0 0 0 #
-12 delta_state 57 1 0 $10 $14 $12 $-1 $0 F 1 $12 2 1 $4020 $-1 1 $4021 $-1 1 $4022 $-1 1 $4023 $-1 1 $4024 $-1 1 $4025 $-1 1 $4026 $-1 1 $4027 $-1 1 $-1 $732 1 $-1 $641 1 $-1 $495 1 $-1 $1019 1 $-1 $880 1 $-1 $879 1 $-1 $793 1 $-1 $642 1 $-1 $643 1 $-1 $496 1 $-1 $370 1 $-1 $1463 1 $-1 $1307 1 $-1 $1308 1 $-1 $1161 1 $-1 $1160 1 $-1 $1158 1 $4028 $-1 1 $-1 $265 1 $4029 $-1 1 $4030 $-1 1 $4031 $1017 1 $-1 $878 1 $4032 $10 1 $-1 $1153 1 $-1 $1015 1 $4033 $-1 1 $4034 $369 1 $4035 $493 1 $4036 $637 1 $4037 $786 1 $4038 $932 1 $4039 $1072 1 $4040 $1213 1 $4041 $1367 1 $4042 $1531 1 $4043 $1690 1 $4044 $1846 1 $4045 $3455 1 $4046 $1205 1 $4047 $1362 1 $4048 $1528 1 $4049 $1683 1 $4050 $1829 1 $4051 $1985 1 $4052 $2168 1 $4053 $2381 1 $4054 $2606 1 $4055 $2806 1 $4056 $2593 1 $4057 $-1 1 $4058 $-1 1 $4059 $-1 1 $4060 $-1 1 $4061 $2822 1 $4062 $2929 1 $4063 $2112 1 $4064 $1477 1 $4065 $1623 1 $4066 $1187 1 $4067 $1335 1 $4068 $1497 1 $4069 $1653 1 $4070 $1801 1 $4071 $1966 1 $4072 $2156 1 $4073 $2096 1 $4074 $2265 1 $4075 $1921 1 $4076 $1769 1 $4077 $-1 1 $4078 $-1 1 $4079 $-1 1 $4080 $-1 1 $4081 $-1 1 $4082 $-1 1 $4083 $-1 1 $4084 $-1 1 $4085 $-1 1 $4086 $1016 1 $4087 $-1 1 $4088 $-1 1 $4089 $-1 1 $-1 $649 1 $-1 $943 1 $-1 $1084 1 $-1 $874 1 $-1 $798 1 $-1 $797 1 $-1 $1553 1 $-1 $1385 1 $-1 $1386 1 $-1 $1228 1 $-1 $1227 1 $-1 $1152 1 $-1 $1011 1 $-1 $1012 1 $-1 $875 1 $-1 $730 1 $-1 $584 1 $4090 $-1 1 $-1 $1384 1 $4091 $-1 1 $4092 $451 1 $-1 $585 1 $-1 $876 1 $-1 $731 1 $4093 $-1 1 $4094 $-1 1 $4095 $-1 1 $4096 $-1 1 $4097 $-1 1 $4098 $1743 1 $4099 $-1 1 $4100 $-1 1 $4101 $-1 1 $-1 $375 1 $-1 $497 1 $-1 $371 1 $-1 $652 1 $-1 $505 1 $-1 $504 1 $-1 $644 1 $-1 $498 1 $-1 $499 1 $-1 $372 1 $-1 $266 1 $-1 $1088 1 $-1 $946 1 $-1 $947 1 $-1 $802 1 $-1 $801 1 $-1 $799 1 $-1 $174 1 $4102 $-1 1 $4103 $650 1 $-1 $503 1 $-1 $795 1 $-1 $648 1 $4104 $-1 1 $4105 $-1 1 $4106 $-1 1 $4107 $-1 1 $4108 $-1 1 $4109 $-1 1 $4110 $-1 1 $4111 $-1 1 $4112 $-1 1 $-1 $1090 1 $-1 $1089 1 $-1 $1231 1 $-1 $803 1 $-1 $1233 1 $-1 $948 1 $-1 $1714 1 $-1 $1554 1 $-1 $1555 1 $-1 $1388 1 $-1 $1387 1 $-1 $1091 1 $-1 $949 1 $-1 $950 1 $-1 $804 1 $-1 $653 1 $-1 $506 1 $-1 $1552 1 $4113 $-1 1 $4114 $376 1 $-1 $268 1 $-1 $501 1 $-1 $374 1 $-1 $175 1 $-1 $794 1 $-1 $645 1 $-1 $500 1 $-1 $373 1 $4115 $-1 1 $4116 $-1 1 $4117 $-1 1 $4118 $-1 1 $4119 $-1 1 $4120 $-1 1 $4121 $-1 1 $4122 $-1 1 $-1 $877 1 $-1 $796 1 $-1 $502 1 $-1 $1232 0 0 0 #
-13 delta_state 10 1 0 $15 $11 $13 $-1 $0 F 1 $13 2 1 $-1 $4123 1 $4124 $4019 1 $4125 $4017 0 0 0 #
-14 delta_state 56 1 0 $12 $16 $14 $-1 $0 F 1 $14 2 1 $4126 $-1 1 $4127 $-1 1 $4128 $-1 1 $4129 $-1 1 $4130 $-1 1 $4131 $-1 1 $4132 $-1 1 $4133 $-1 1 $4134 $-1 1 $4135 $-1 1 $4136 $-1 1 $4137 $-1 1 $4138 $-1 1 $4139 $-1 1 $4140 $-1 1 $4141 $-1 1 $4142 $-1 1 $4143 $-1 1 $4144 $-1 1 $4145 $-1 1 $4146 $-1 1 $4147 $-1 1 $4148 $-1 1 $4149 $-1 1 $4150 $-1 1 $4151 $-1 1 $4152 $-1 1 $4153 $-1 1 $4154 $-1 1 $4155 $-1 1 $4156 $-1 1 $4157 $-1 1 $4158 $-1 1 $4159 $-1 1 $4160 $-1 1 $4161 $-1 1 $4162 $-1 1 $4163 $-1 1 $4164 $-1 1 $4165 $-1 1 $4166 $-1 1 $4167 $-1 1 $4168 $-1 1 $4169 $-1 1 $4170 $-1 1 $4171 $-1 1 $4172 $-1 1 $4173 $-1 1 $4174 $-1 1 $4175 $-1 1 $4176 $-1 1 $4177 $-1 1 $4178 $-1 1 $4179 $-1 1 $4180 $-1 1 $4181 $-1 1 $4182 $-1 1 $4183 $-1 1 $-1 $2085 1 $-1 $2515 1 $-1 $2730 1 $-1 $2087 1 $-1 $2295 1 $-1 $2294 1 $-1 $2516 1 $-1 $2296 1 $-1 $2297 1 $-1 $2088 1 $-1 $1905 1 $-1 $3173 1 $-1 $3083 1 $-1 $3084 1 $-1 $2928 1 $-1 $2927 1 $-1 $2822 1 $4017 $-1 1 $-1 $1742 1 $4184 $-1 1 $4185 $-1 1 $4186 $-1 1 $4187 $-1 1 $4188 $4060 1 $4189 $4059 1 $4190 $-1 1 $4191 $-1 1 $4192 $-1 1 $4193 $-1 1 $4194 $-1 1 $4195 $-1 1 $4196 $-1 1 $4197 $-1 1 $4198 $-1 1 $4199 $-1 1 $4200 $-1 1 $4201 $-1 1 $4202 $-1 1 $4203 $-1 1 $4204 $-1 1 $4205 $-1 1 $4206 $-1 1 $4207 $-1 1 $4208 $-1 1 $4209 $-1 1 $4210 $-1 1 $4211 $-1 1 $4212 $-1 1 $4213 $-1 1 $4214 $-1 1 $4215 $4058 1 $4216 $4057 1 $4217 $-1 1 $4218 $-1 1 $4219 $2593 1 $4220 $2806 1 $4221 $2606 1 $4222 $2381 1 $4223 $2168 1 $4224 $1985 1 $4225 $1829 1 $4226 $1683 1 $4227 $1528 1 $4228 $1362 1 $4229 $1205 1 $4230 $3455 1 $4231 $10 1 $4232 $-1 1 $4233 $1586 1 $-1 $1743 1 $-1 $2089 1 $-1 $1906 1 $4234 $-1 1 $4235 $-1 1 $4236 $-1 1 $4237 $-1 1 $4238 $3469 1 $4239 $-1 1 $4019 $-1 1 $4018 $-1 1 $4240 $-1 1 $4241 $-1 1 $4242 $-1 1 $4243 $-1 1 $4244 $-1 1 $-1 $2154 1 $-1 $2461 1 $-1 $2225 1 $-1 $2290 1 $-1 $2372 1 $-1 $2371 1 $-1 $2696 1 $-1 $2462 1 $-1 $2463 1 $-1 $2226 1 $-1 $2020 1 $-1 $2729 1 $-1 $2511 1 $-1 $2512 1 $-1 $2291 1 $-1 $2083 1 $-1 $1902 1 $4245 $-1 1 $-1 $1846 1 $4246 $-1 1 $4247 $1739 1 $-1 $1903 1 $-1 $2292 1 $-1 $2084 1 $4248 $-1 1 $4249 $-1 1 $4250 $-1 1 $4251 $-1 1 $4252 $-1 1 $4253 $-1 1 $4254 $-1 1 $4255 $-1 1 $-1 $1932 1 $-1 $2307 1 $-1 $2520 1 $-1 $2308 1 $-1 $2106 1 $-1 $2105 1 $-1 $3085 1 $-1 $2930 1 $-1 $2931 1 $-1 $2732 1 $-1 $2731 1 $-1 $2823 1 $-1 $2599 1 $-1 $2600 1 $-1 $2368 1 $-1 $2152 1 $-1 $1963 1 $4256 $-1 1 $-1 $2929 1 $4257 $-1 1 $4258 $1798 1 $-1 $1964 1 $-1 $2369 1 $-1 $2153 1 $4259 $-1 1 $4260 $-1 1 $4261 $-1 1 $4262 $-1 1 $4263 $-1 1 $4264 $-1 1 $4265 $-1 1 $4266 $-1 1 $4267 $-1 1 $-1 $1630 1 $-1 $1935 1 $-1 $2021 1 $-1 $1936 1 $-1 $1777 1 $-1 $1776 1 $-1 $2464 1 $-1 $2227 1 $-1 $2228 1 $-1 $2022 1 $-1 $1847 1 $-1 $2521 1 $-1 $2309 1 $-1 $2310 1 $-1 $2109 1 $-1 $2108 1 $-1 $2107 1 $4268 $-1 1 $-1 $1690 1 $4269 $-1 1 $4270 $1933 1 $-1 $1775 1 $-1 $2103 1 $-1 $1931 1 $4271 $-1 1 $4272 $-1 1 $4273 $-1 1 $4274 $-1 1 $4275 $-1 1 $4276 $-1 1 $4277 $-1 1 $4278 $-1 1 $-1 $1314 1 $-1 $1633 1 $-1 $1780 1 $-1 $1634 1 $-1 $1473 1 $-1 $1472 1 $-1 $2312 1 $-1 $2113 1 $-1 $2114 1 $-1 $1939 1 $-1 $1938 1 $-1 $2115 1 $-1 $1940 1 $-1 $1941 1 $-1 $1782 1 $-1 $1781 1 $-1 $1778 1 $4279 $-1 1 $-1 $2112 1 $4280 $-1 1 $4281 $1631 1 $-1 $1471 1 $-1 $1773 1 $-1 $1629 1 $4282 $-1 1 $4283 $-1 1 $4284 $-1 1 $4285 $-1 1 $4286 $-1 1 $4287 $-1 1 $4288 $-1 1 $4289 $-1 1 $-1 $1025 1 $-1 $1316 1 $-1 $1474 1 $-1 $1317 1 $-1 $1167 1 $-1 $1166 1 $-1 $1942 1 $-1 $1783 1 $-1 $1784 1 $-1 $1636 1 $-1 $1635 1 $-1 $1785 1 $-1 $1637 1 $-1 $1638 1 $-1 $1476 1 $-1 $1475 1 $-1 $1429 1 $4290 $-1 1 $-1 $1531 1 $4291 $-1 1 $4292 $1275 1 $-1 $1165 1 $-1 $1469 1 $-1 $1313 1 $4293 $-1 1 $4294 $-1 1 $4295 $-1 1 $4296 $-1 1 $4297 $-1 1 $4298 $-1 1 $4299 $-1 1 $4300 $-1 1 $4301 $-1 1 $-1 $738 1 $-1 $1028 1 $-1 $1170 1 $-1 $1029 1 $-1 $890 1 $-1 $889 1 $-1 $1639 1 $-1 $1478 1 $-1 $1479 1 $-1 $1319 1 $-1 $1318 1 $-1 $1480 1 $-1 $1320 1 $-1 $1321 1 $-1 $1172 1 $-1 $1171 1 $-1 $1168 1 $-1 $1477 1 $4302 $-1 1 $4303 $1026 1 $-1 $888 1 $-1 $1163 1 $-1 $1024 1 $4304 $-1 1 $4305 $-1 1 $4306 $-1 1 $4307 $-1 1 $4308 $-1 1 $4309 $-1 1 $4310 $-1 1 $4311 $-1 1 $-1 $1040 1 $-1 $1173 1 $-1 $1041 1 $-1 $1182 1 $-1 $1648 1 $-1 $1481 1 $-1 $1322 1 $-1 $1323 1 $-1 $1174 1 $-1 $1030 1 $-1 $891 1 $4312 $-1 1 $4313 $-1 1 $4314 $739 1 $-1 $589 1 $-1 $886 1 $-1 $737 1 $4315 $-1 1 $4316 $-1 1 $4317 $-1 1 $4318 $-1 1 $4319 $-1 1 $4320 $4028 1 $4321 $-1 1 $4322 $-1 1 $4323 $-1 1 $-1 $747 1 $-1 $1020 1 $-1 $1309 1 $-1 $734 1 $-1 $898 1 $-1 $881 1 $-1 $1162 1 $-1 $1625 1 $-1 $1626 1 $-1 $1468 1 $-1 $1310 1 $-1 $1183 1 $-1 $1624 1 $-1 $1465 1 $-1 $1464 1 $-1 $1021 1 $-1 $882 1 $-1 $883 1 $-1 $735 1 $-1 $587 1 $-1 $1466 1 $-1 $1494 1 $-1 $1493 1 $-1 $1332 1 $-1 $1467 1 $-1 $454 1 $4324 $-1 1 $-1 $1623 1 $4325 $-1 1 $4326 $336 1 $-1 $455 1 $-1 $736 1 $-1 $588 1 $-1 $897 1 $4327 $-1 1 $4328 $-1 1 $4329 $-1 1 $4330 $-1 1 $4331 $-1 1 $4332 $-1 1 $4333 $-1 1 $4334 $-1 1 $4335 $-1 1 $-1 $459 1 $-1 $750 1 $-1 $901 1 $-1 $751 1 $-1 $597 1 $-1 $596 1 $-1 $1336 1 $-1 $1188 1 $-1 $1189 1 $-1 $1045 1 $-1 $1044 1 $-1 $1190 1 $-1 $1046 1 $-1 $1047 1 $-1 $903 1 $-1 $902 1 $-1 $899 1 $-1 $1187 1 $4336 $-1 1 $4337 $748 1 $-1 $595 1 $-1 $895 1 $-1 $746 1 $4338 $-1 1 $4339 $-1 1 $4340 $-1 1 $4341 $-1 1 $4342 $-1 1 $4343 $-1 1 $4344 $-1 1 $4345 $-1 1 $4346 $-1 1 $-1 $1035 1 $-1 $1329 1 $-1 $591 1 $-1 $1036 1 $-1 $741 1 $-1 $1644 1 $-1 $1488 1 $-1 $1487 1 $-1 $894 1 $-1 $742 1 $-1 $743 1 $-1 $592 1 $-1 $457 1 $-1 $339 1 $4347 $-1 1 $4348 $237 1 $-1 $340 1 $-1 $593 1 $-1 $458 1 $4349 $-1 1 $4350 $-1 1 $4351 $-1 1 $4352 $-1 1 $4353 $-1 1 $4354 $-1 1 $4355 $-1 1 $4356 $-1 1 $-1 $1009 1 $-1 $1296 1 $-1 $1489 1 $-1 $1297 1 $-1 $1151 1 $-1 $1150 1 $-1 $1330 1 $-1 $1646 1 $-1 $1647 1 $-1 $1492 1 $-1 $1331 1 $-1 $1181 1 $-1 $1793 1 $-1 $1645 1 $-1 $1498 1 $-1 $1765 1 $-1 $1612 1 $-1 $1613 1 $-1 $1454 1 $-1 $1453 1 $-1 $1490 1 $-1 $1491 1 $-1 $1327 1 $4357 $-1 1 $-1 $1335 1 $4358 $-1 1 $4359 $1179 1 $-1 $1034 1 $-1 $1326 1 $-1 $1178 1 $-1 $893 1 $4360 $-1 1 $4361 $-1 1 $4362 $-1 1 $4363 $-1 1 $4364 $-1 1 $4365 $-1 1 $4366 $-1 1 $4367 $-1 1 $-1 $1451 1 $-1 $1450 1 $-1 $1609 1 $-1 $1146 1 $-1 $1611 1 $-1 $1291 1 $-1 $2102 1 $-1 $1925 1 $-1 $1926 1 $-1 $1764 1 $-1 $1654 1 $-1 $1452 1 $-1 $1292 1 $-1 $1293 1 $-1 $1147 1 $-1 $1007 1 $-1 $871 1 $4368 $-1 1 $-1 $1497 1 $4369 $-1 1 $4370 $726 1 $-1 $872 1 $-1 $1148 1 $-1 $1008 1 $4371 $-1 1 $4372 $-1 1 $4373 $-1 1 $4374 $-1 1 $4375 $-1 1 $4376 $4109 1 $4377 $-1 1 $4378 $-1 1 $4379 $-1 1 $-1 $2023 1 $-1 $1848 1 $-1 $1691 1 $-1 $2468 1 $-1 $2232 1 $-1 $2231 1 $-1 $2024 1 $-1 $1849 1 $-1 $1850 1 $-1 $1692 1 $-1 $1532 1 $-1 $3074 1 $-1 $2910 1 $-1 $2911 1 $-1 $2700 1 $-1 $2699 1 $-1 $2698 1 $4380 $-1 1 $-1 $1367 1 $4381 $-1 1 $4382 $2466 1 $-1 $2230 1 $-1 $2697 1 $-1 $2465 1 $4383 $-1 1 $4384 $-1 1 $4385 $-1 1 $4386 $-1 1 $4387 $-1 1 $4388 $-1 1 $4389 $-1 1 $4390 $-1 1 $4391 $-1 1 $-1 $2234 1 $-1 $2160 1 $-1 $1968 1 $-1 $2706 1 $-1 $2473 1 $-1 $2472 1 $-1 $2379 1 $-1 $2161 1 $-1 $2162 1 $-1 $1969 1 $-1 $1802 1 $-1 $3171 1 $-1 $3077 1 $-1 $3078 1 $-1 $2915 1 $-1 $2914 1 $-1 $2913 1 $4392 $-1 1 $-1 $1653 1 $4393 $-1 1 $4394 $2704 1 $-1 $2471 1 $-1 $2912 1 $-1 $2703 1 $4395 $-1 1 $4396 $-1 1 $4397 $-1 1 $4398 $-1 1 $4399 $-1 1 $4400 $-1 1 $4401 $-1 1 $4402 $-1 1 $-1 $1851 1 $-1 $1693 1 $-1 $1533 1 $-1 $2237 1 $-1 $2028 1 $-1 $2027 1 $-1 $1852 1 $-1 $1694 1 $-1 $1695 1 $-1 $1534 1 $-1 $1368 1 $-1 $2916 1 $-1 $2707 1 $-1 $2708 1 $-1 $2476 1 $-1 $2475 1 $-1 $2474 1 $-1 $1213 1 $4403 $-1 1 $4404 $2235 1 $-1 $2026 1 $-1 $2469 1 $-1 $2233 1 $4405 $-1 1 $4406 $-1 1 $4407 $-1 1 $4408 $-1 1 $4409 $-1 1 $4410 $-1 1 $4411 $-1 1 $4412 $-1 1 $4413 $-1 1 $-1 $2030 1 $-1 $2376 1 $-1 $2158 1 $-1 $2482 1 $-1 $2242 1 $-1 $2241 1 $-1 $2605 1 $-1 $2377 1 $-1 $2378 1 $-1 $2159 1 $-1 $1967 1 $-1 $3081 1 $-1 $2920 1 $-1 $2921 1 $-1 $2713 1 $-1 $2712 1 $-1 $2710 1 $4414 $-1 1 $-1 $1801 1 $4415 $-1 1 $4416 $2480 1 $-1 $2240 1 $-1 $2709 1 $-1 $2479 1 $4417 $-1 1 $4418 $-1 1 $4419 $-1 1 $4420 $-1 1 $4421 $-1 1 $4422 $-1 1 $4423 $-1 1 $4424 $-1 1 $-1 $1696 1 $-1 $1535 1 $-1 $1369 1 $-1 $2033 1 $-1 $1856 1 $-1 $1855 1 $-1 $1697 1 $-1 $1536 1 $-1 $1537 1 $-1 $1370 1 $-1 $1214 1 $-1 $2714 1 $-1 $2483 1 $-1 $2484 1 $-1 $2245 1 $-1 $2244 1 $-1 $2243 1 $-1 $1072 1 $4425 $-1 1 $4426 $2031 1 $-1 $1854 1 $-1 $2238 1 $-1 $2029 1 $4427 $-1 1 $4428 $-1 1 $4429 $-1 1 $4430 $-1 1 $4431 $-1 1 $4432 $-1 1 $4433 $-1 1 $4434 $-1 1 $4435 $-1 1 $-1 $1858 1 $-1 $2250 1 $-1 $2374 1 $-1 $2251 1 $-1 $2038 1 $-1 $2037 1 $-1 $2824 1 $-1 $2603 1 $-1 $2604 1 $-1 $2375 1 $-1 $2157 1 $-1 $2922 1 $-1 $2717 1 $-1 $2718 1 $-1 $2486 1 $-1 $2289 1 $-1 $2081 1 $4436 $-1 1 $-1 $1966 1 $4437 $-1 1 $4438 $1899 1 $-1 $2036 1 $-1 $2485 1 $-1 $2248 1 $4439 $-1 1 $4440 $-1 1 $4441 $-1 1 $4442 $-1 1 $4443 $-1 1 $4444 $-1 1 $4445 $-1 1 $4446 $-1 1 $-1 $1538 1 $-1 $1371 1 $-1 $1215 1 $-1 $1861 1 $-1 $1701 1 $-1 $1700 1 $-1 $1539 1 $-1 $1372 1 $-1 $1373 1 $-1 $1216 1 $-1 $1073 1 $-1 $2490 1 $-1 $2254 1 $-1 $2255 1 $-1 $2042 1 $-1 $2041 1 $-1 $2039 1 $-1 $932 1 $4447 $-1 1 $4448 $1859 1 $-1 $1699 1 $-1 $2034 1 $-1 $1857 1 $4449 $-1 1 $4450 $-1 1 $4451 $-1 1 $4452 $-1 1 $4453 $-1 1 $4454 $-1 1 $4455 $-1 1 $4456 $-1 1 $4457 $-1 1 $-1 $1703 1 $-1 $2048 1 $-1 $2258 1 $-1 $2049 1 $-1 $1866 1 $-1 $1865 1 $-1 $2923 1 $-1 $2720 1 $-1 $2721 1 $-1 $2493 1 $-1 $2373 1 $-1 $2722 1 $-1 $2494 1 $-1 $2495 1 $-1 $2260 1 $-1 $2259 1 $-1 $2257 1 $-1 $2156 1 $4458 $-1 1 $4459 $2046 1 $-1 $1864 1 $-1 $2256 1 $-1 $2045 1 $4460 $-1 1 $4461 $-1 1 $4462 $-1 1 $4463 $-1 1 $4464 $-1 1 $4465 $-1 1 $4466 $-1 1 $4467 $-1 1 $-1 $1374 1 $-1 $1217 1 $-1 $1074 1 $-1 $1706 1 $-1 $1543 1 $-1 $1542 1 $-1 $1375 1 $-1 $1218 1 $-1 $1219 1 $-1 $1075 1 $-1 $933 1 $-1 $2264 1 $-1 $2052 1 $-1 $2053 1 $-1 $1870 1 $-1 $1869 1 $-1 $1867 1 $-1 $786 1 $4468 $-1 1 $4469 $1704 1 $-1 $1541 1 $-1 $1862 1 $-1 $1702 1 $4470 $-1 1 $4471 $-1 1 $4472 $-1 1 $4473 $-1 1 $4474 $-1 1 $4475 $-1 1 $4476 $-1 1 $4477 $-1 1 $-1 $1283 1 $-1 $1600 1 $-1 $1753 1 $-1 $1601 1 $-1 $1440 1 $-1 $1439 1 $-1 $2304 1 $-1 $2097 1 $-1 $2098 1 $-1 $1915 1 $-1 $1914 1 $-1 $2099 1 $-1 $1916 1 $-1 $1917 1 $-1 $1755 1 $-1 $1754 1 $-1 $1751 1 $4478 $-1 1 $-1 $2096 1 $4479 $-1 1 $4480 $1598 1 $-1 $1438 1 $-1 $1750 1 $-1 $1597 1 $4481 $-1 1 $4482 $-1 1 $4483 $-1 1 $4484 $-1 1 $4485 $-1 1 $4486 $-1 1 $4487 $-1 1 $4488 $-1 1 $4489 $-1 1 $-1 $1220 1 $-1 $1076 1 $-1 $934 1 $-1 $1434 1 $-1 $1378 1 $-1 $1377 1 $-1 $1221 1 $-1 $1077 1 $-1 $1078 1 $-1 $935 1 $-1 $787 1 $-1 $1749 1 $-1 $1593 1 $-1 $1594 1 $-1 $1435 1 $-1 $1281 1 $-1 $1139 1 $4490 $-1 1 $-1 $637 1 $4491 $-1 1 $4492 $1001 1 $-1 $1140 1 $-1 $1436 1 $-1 $1282 1 $4493 $-1 1 $4494 $-1 1 $4495 $-1 1 $4496 $-1 1 $4497 $-1 1 $4498 $-1 1 $4499 $-1 1 $4500 $-1 1 $4501 $-1 1 $-1 $1380 1 $-1 $1709 1 $-1 $1871 1 $-1 $1590 1 $-1 $1547 1 $-1 $1546 1 $-1 $2497 1 $-1 $2266 1 $-1 $2267 1 $-1 $2055 1 $-1 $2054 1 $-1 $1909 1 $-1 $1745 1 $-1 $1746 1 $-1 $1591 1 $-1 $1431 1 $-1 $1278 1 $-1 $2265 1 $4502 $-1 1 $4503 $1136 1 $-1 $1279 1 $-1 $1592 1 $-1 $1432 1 $4504 $-1 1 $4505 $-1 1 $4506 $-1 1 $4507 $-1 1 $4508 $-1 1 $4509 $-1 1 $4510 $-1 1 $4511 $-1 1 $-1 $1079 1 $-1 $936 1 $-1 $788 1 $-1 $1383 1 $-1 $1225 1 $-1 $1224 1 $-1 $1080 1 $-1 $937 1 $-1 $938 1 $-1 $789 1 $-1 $638 1 $-1 $1874 1 $-1 $1712 1 $-1 $1713 1 $-1 $1551 1 $-1 $1550 1 $-1 $1548 1 $-1 $493 1 $4512 $-1 1 $4513 $1381 1 $-1 $1223 1 $-1 $1544 1 $-1 $1379 1 $4514 $-1 1 $4515 $-1 1 $4516 $-1 1 $4517 $-1 1 $4518 $-1 1 $4519 $-1 1 $4520 $-1 1 $4521 $-1 1 $-1 $1144 1 $-1 $1448 1 $-1 $1606 1 $-1 $1449 1 $-1 $1290 1 $-1 $1289 1 $-1 $2101 1 $-1 $1922 1 $-1 $1923 1 $-1 $1761 1 $-1 $1760 1 $-1 $1924 1 $-1 $1762 1 $-1 $1763 1 $-1 $1608 1 $-1 $1607 1 $-1 $1604 1 $4522 $-1 1 $-1 $1921 1 $4523 $-1 1 $4524 $1446 1 $-1 $1288 1 $-1 $1603 1 $-1 $1445 1 $4525 $-1 1 $4526 $-1 1 $4527 $-1 1 $4528 $-1 1 $4529 $-1 1 $4530 $-1 1 $4531 $-1 1 $4532 $-1 1 $-1 $939 1 $-1 $790 1 $-1 $639 1 $-1 $1226 1 $-1 $1083 1 $-1 $1082 1 $-1 $940 1 $-1 $791 1 $-1 $792 1 $-1 $640 1 $-1 $494 1 $-1 $1602 1 $-1 $1441 1 $-1 $1442 1 $-1 $1285 1 $-1 $1142 1 $-1 $1004 1 $-1 $369 1 $4533 $-1 1 $4534 $868 1 $-1 $1005 1 $-1 $1286 1 $-1 $1143 1 $4535 $-1 1 $4536 $-1 1 $4537 $-1 1 $4538 $-1 1 $4539 $-1 1 $4540 $-1 1 $4541 $-1 1 $4542 $-1 1 $-1 $1016 1 $-1 $1303 1 $-1 $1458 1 $-1 $1304 1 $-1 $1157 1 $-1 $1156 1 $-1 $1928 1 $-1 $1770 1 $-1 $1771 1 $-1 $1619 1 $-1 $1618 1 $-1 $1772 1 $-1 $1620 1 $-1 $1621 1 $-1 $1460 1 $-1 $1459 1 $-1 $1456 1 $4543 $-1 1 $-1 $1769 1 $4544 $-1 1 $4545 $1301 1 $-1 $1155 1 $-1 $1455 1 $-1 $1300 1 $-1 $4029 1 $-1 $4089 1 $-1 $4088 1 $-1 $4087 1 $-1 $4033 1 $4546 $-1 1 $4547 $-1 1 $4548 $-1 1 $4549 $-1 1 $4550 $-1 1 $4551 $-1 1 $4552 $-1 1 $4553 $-1 1 $-1 $2293 1 $-1 $2370 1 $-1 $2104 1 $-1 $1774 1 $-1 $1470 1 $-1 $1164 1 $-1 $887 1 $-1 $896 1 $-1 $1039 1 $-1 $594 1 $-1 $1149 1 $-1 $1033 1 $-1 $1610 1 $-1 $2229 1 $-1 $2470 1 $-1 $2025 1 $-1 $2239 1 $-1 $1853 1 $-1 $2035 1 $-1 $1698 1 $-1 $1863 1 $-1 $1540 1 $-1 $1437 1 $-1 $1376 1 $-1 $1545 1 $-1 $1222 1 $-1 $1287 1 $-1 $1081 1 $-1 $1154 0 0 0 #
-15 delta_state 11 1 0 $17 $13 $15 $-1 $0 F 1 $15 2 1 $-1 $4554 1 $4555 $621 1 $-1 $4556 1 $4557 $774 1 $-1 $4558 1 $4559 $1066 1 $4560 $616 0 0 0 #
-16 delta_state 55 1 0 $14 $18 $16 $-1 $0 F 1 $16 2 1 $-1 $4026 1 $4561 $4027 1 $-1 $4117 1 $4562 $4116 1 $-1 $4024 1 $4563 $4025 1 $-1 $4106 1 $4564 $4105 1 $-1 $4022 1 $4565 $4023 1 $-1 $4095 1 $4566 $4094 1 $-1 $4020 1 $4567 $4021 1 $-1 $4079 1 $4568 $4078 1 $-1 $4182 1 $4569 $4183 1 $-1 $4548 1 $4570 $4547 1 $-1 $4180 1 $4571 $4181 1 $-1 $4537 1 $4572 $4536 1 $-1 $4178 1 $4573 $4179 1 $-1 $4527 1 $4574 $4526 1 $-1 $4176 1 $4575 $4177 1 $-1 $4516 1 $4576 $4515 1 $-1 $4174 1 $4577 $4175 1 $-1 $4506 1 $4578 $4505 1 $-1 $4172 1 $4579 $4173 1 $-1 $4495 1 $4580 $4494 1 $-1 $4170 1 $4581 $4171 1 $-1 $4483 1 $4582 $4482 1 $-1 $4168 1 $4583 $4169 1 $-1 $4472 1 $4584 $4471 1 $-1 $4166 1 $4585 $4167 1 $-1 $4462 1 $4586 $4461 1 $-1 $4164 1 $4587 $4165 1 $-1 $4451 1 $4588 $4450 1 $-1 $4162 1 $4589 $4163 1 $-1 $4441 1 $4590 $4440 1 $-1 $4160 1 $4591 $4161 1 $-1 $4429 1 $4592 $4428 1 $-1 $4158 1 $4593 $4159 1 $-1 $4419 1 $4594 $4418 1 $-1 $4156 1 $4595 $4157 1 $-1 $4407 1 $4596 $4406 1 $-1 $4154 1 $4597 $4155 1 $-1 $4397 1 $4598 $4396 1 $-1 $4152 1 $4599 $4153 1 $-1 $4385 1 $4600 $4384 1 $-1 $4150 1 $4601 $4151 1 $-1 $4373 1 $4602 $4372 1 $-1 $4148 1 $4603 $4149 1 $-1 $4362 1 $4604 $4361 1 $-1 $4146 1 $4605 $4147 1 $-1 $4351 1 $4606 $4350 1 $-1 $4144 1 $4607 $4145 1 $-1 $4340 1 $4608 $4339 1 $-1 $4142 1 $4609 $4143 1 $-1 $4329 1 $4610 $4328 1 $-1 $4140 1 $4611 $4141 1 $-1 $4317 1 $4612 $4316 1 $-1 $4138 1 $4613 $4139 1 $-1 $4306 1 $4614 $4305 1 $-1 $4136 1 $4615 $4137 1 $-1 $4295 1 $4616 $4294 1 $-1 $4134 1 $4617 $4135 1 $-1 $4284 1 $4618 $4283 1 $-1 $4132 1 $4619 $4133 1 $-1 $4273 1 $4620 $4272 1 $-1 $4130 1 $4621 $4131 1 $-1 $4261 1 $4622 $4260 1 $-1 $4128 1 $4623 $4129 1 $-1 $4250 1 $4624 $4249 1 $-1 $4126 1 $4625 $4127 1 $-1 $4236 1 $4626 $4235 0 0 0 #
-17 delta_state 12 1 0 $19 $15 $17 $-1 $0 F 1 $17 2 1 $-1 $4627 1 $4628 $3699 1 $-1 $4629 1 $4630 $769 0 0 0 #
-18 delta_state 54 1 0 $16 $20 $18 $-1 $0 F 1 $18 2 1 $-1 $4332 1 $-1 $4324 1 $-1 $4347 1 $-1 $4354 1 $-1 $460 1 $-1 $4090 1 $-1 $4325 1 $-1 $4333 1 $-1 $590 1 $-1 $744 1 $-1 $745 1 $-1 $4353 1 $-1 $4109 1 $-1 $4091 1 $-1 $4099 1 $-1 $733 1 $-1 $884 1 $-1 $885 1 $-1 $4331 1 $-1 $4352 1 $-1 $4368 1 $-1 $4113 1 $-1 $4120 1 $-1 $377 1 $-1 $1013 1 $-1 $1014 1 $-1 $4097 1 $-1 $4330 1 $-1 $4498 1 $-1 $4369 1 $-1 $4377 1 $-1 $1010 1 $-1 $646 1 $-1 $647 1 $-1 $4119 1 $-1 $4096 1 $-1 $4490 1 $-1 $4533 1 $-1 $4540 1 $-1 $1145 1 $-1 $1294 1 $-1 $1295 1 $-1 $4375 1 $-1 $4118 1 $-1 $4298 1 $-1 $4491 1 $-1 $4499 1 $-1 $1284 1 $-1 $1443 1 $-1 $1444 1 $-1 $4539 1 $-1 $4374 1 $-1 $4290 1 $-1 $4502 1 $-1 $4509 1 $-1 $1433 1 $-1 $1595 1 $-1 $1596 1 $-1 $4497 1 $-1 $4538 1 $-1 $4243 1 $-1 $4291 1 $-1 $4299 1 $-1 $1315 1 $-1 $1747 1 $-1 $1748 1 $-1 $4508 1 $-1 $4496 1 $-1 $4184 1 $-1 $4302 1 $-1 $4309 1 $-1 $1027 1 $-1 $1627 1 $-1 $1628 1 $-1 $4297 1 $-1 $4507 1 $-1 $4245 1 $-1 $4232 1 $-1 $4244 1 $-1 $1908 1 $-1 $1311 1 $-1 $1312 1 $-1 $4308 1 $-1 $4296 1 $-1 $4436 1 $-1 $4246 1 $-1 $4253 1 $-1 $2086 1 $-1 $2298 1 $-1 $2299 1 $-1 $4242 1 $-1 $4307 1 $-1 $4432 1 $-1 $4437 1 $-1 $4444 1 $-1 $2249 1 $-1 $2513 1 $-1 $2514 1 $-1 $4252 1 $-1 $4234 1 $-1 $4410 1 $-1 $4458 1 $-1 $4465 1 $-1 $2047 1 $-1 $2715 1 $-1 $2716 1 $-1 $4443 1 $-1 $4251 1 $-1 $4388 1 $-1 $4425 1 $-1 $4433 1 $-1 $2032 1 $-1 $2491 1 $-1 $2492 1 $-1 $4464 1 $-1 $4442 1 $-1 $4380 1 $-1 $4403 1 $-1 $4411 1 $-1 $2236 1 $-1 $2477 1 $-1 $2478 1 $-1 $4431 1 $-1 $4463 1 $-1 $4392 1 $-1 $4381 1 $-1 $4389 1 $-1 $2467 1 $-1 $2701 1 $-1 $2702 1 $-1 $4409 1 $-1 $4430 1 $-1 $4414 1 $-1 $4393 1 $-1 $4400 1 $-1 $2705 1 $-1 $2908 1 $-1 $2909 1 $-1 $4387 1 $-1 $4408 1 $-1 $4454 1 $-1 $4415 1 $-1 $4422 1 $-1 $2481 1 $-1 $3075 1 $-1 $3076 1 $-1 $4399 1 $-1 $4386 1 $-1 $4343 1 $-1 $4468 1 $-1 $4475 1 $-1 $1705 1 $-1 $2917 1 $-1 $2918 1 $-1 $4421 1 $-1 $4398 1 $-1 $4264 1 $-1 $4447 1 $-1 $4455 1 $-1 $1860 1 $-1 $2043 1 $-1 $2044 1 $-1 $4474 1 $-1 $4420 1 $-1 $4256 1 $-1 $4336 1 $-1 $4344 1 $-1 $749 1 $-1 $2246 1 $-1 $2247 1 $-1 $4453 1 $-1 $4473 1 $-1 $4268 1 $-1 $4257 1 $-1 $4265 1 $-1 $2155 1 $-1 $1037 1 $-1 $1038 1 $-1 $4342 1 $-1 $4452 1 $-1 $4279 1 $-1 $4269 1 $-1 $4276 1 $-1 $1934 1 $-1 $2601 1 $-1 $2602 1 $-1 $4263 1 $-1 $4341 1 $-1 $4486 1 $-1 $4280 1 $-1 $4287 1 $-1 $1632 1 $-1 $2305 1 $-1 $2306 1 $-1 $4275 1 $-1 $4262 1 $-1 $4478 1 $-1 $4512 1 $-1 $4519 1 $-1 $1382 1 $-1 $1929 1 $-1 $1930 1 $-1 $4286 1 $-1 $4274 1 $-1 $4522 1 $-1 $4479 1 $-1 $4487 1 $-1 $1599 1 $-1 $1707 1 $-1 $1708 1 $-1 $4518 1 $-1 $4285 1 $-1 $4543 1 $-1 $4523 1 $-1 $4530 1 $-1 $1447 1 $-1 $1910 1 $-1 $1911 1 $-1 $4485 1 $-1 $4517 1 $-1 $4082 1 $-1 $4544 1 $-1 $4551 1 $-1 $1302 1 $-1 $1756 1 $-1 $1757 1 $-1 $4529 1 $-1 $4484 1 $-1 $4028 1 $-1 $4102 1 $-1 $4110 1 $-1 $651 1 $-1 $1614 1 $-1 $1615 1 $-1 $4550 1 $-1 $4528 1 $-1 $4312 1 $-1 $4030 1 $-1 $4083 1 $-1 $1018 1 $-1 $941 1 $-1 $942 1 $-1 $4108 1 $-1 $4549 1 $-1 $4357 1 $-1 $4313 1 $-1 $4321 1 $-1 $740 1 $-1 $1298 1 $-1 $1299 1 $-1 $4081 1 $-1 $4107 1 $-1 $4358 1 $-1 $4365 1 $-1 $1180 1 $-1 $1022 1 $-1 $1023 1 $-1 $4319 1 $-1 $4080 1 $-1 $1484 1 $-1 $1485 1 $-1 $4364 1 $-1 $4318 1 $-1 $4363 1 $-1 $341 1 $-1 $238 1 $-1 $239 1 $-1 $157 1 $-1 $156 1 $-1 $96 1 $-1 $4355 1 $-1 $4350 1 $-1 $4356 1 $-1 $4147 1 $-1 $4349 1 $-1 $456 1 $-1 $337 1 $-1 $338 1 $-1 $236 1 $-1 $235 1 $-1 $155 1 $-1 $4334 1 $-1 $4328 1 $-1 $4335 1 $-1 $4143 1 $-1 $4327 1 $-1 $586 1 $-1 $452 1 $-1 $453 1 $-1 $335 1 $-1 $334 1 $-1 $234 1 $-1 $4100 1 $-1 $4094 1 $-1 $4101 1 $-1 $4023 1 $-1 $4093 1 $-1 $729 1 $-1 $582 1 $-1 $583 1 $-1 $450 1 $-1 $449 1 $-1 $333 1 $-1 $4121 1 $-1 $4116 1 $-1 $4122 1 $-1 $4027 1 $-1 $4115 1 $-1 $873 1 $-1 $727 1 $-1 $728 1 $-1 $581 1 $-1 $580 1 $-1 $448 1 $-1 $4378 1 $-1 $4372 1 $-1 $4379 1 $-1 $4151 1 $-1 $4371 1 $-1 $1006 1 $-1 $869 1 $-1 $870 1 $-1 $725 1 $-1 $724 1 $-1 $579 1 $-1 $4541 1 $-1 $4536 1 $-1 $4542 1 $-1 $4181 1 $-1 $4535 1 $-1 $1141 1 $-1 $1002 1 $-1 $1003 1 $-1 $867 1 $-1 $866 1 $-1 $723 1 $-1 $4500 1 $-1 $4494 1 $-1 $4501 1 $-1 $4173 1 $-1 $4493 1 $-1 $1280 1 $-1 $1137 1 $-1 $1138 1 $-1 $1000 1 $-1 $999 1 $-1 $865 1 $-1 $4510 1 $-1 $4505 1 $-1 $4511 1 $-1 $4175 1 $-1 $4504 1 $-1 $1430 1 $-1 $1276 1 $-1 $1277 1 $-1 $1135 1 $-1 $1134 1 $-1 $998 1 $-1 $4300 1 $-1 $4294 1 $-1 $4301 1 $-1 $4137 1 $-1 $4293 1 $-1 $1589 1 $-1 $1427 1 $-1 $1428 1 $-1 $1274 1 $-1 $1169 1 $-1 $1133 1 $-1 $4310 1 $-1 $4305 1 $-1 $4311 1 $-1 $4139 1 $-1 $4304 1 $-1 $1744 1 $-1 $1587 1 $-1 $1588 1 $-1 $1426 1 $-1 $1425 1 $-1 $1273 1 $-1 $4240 1 $-1 $4235 1 $-1 $4241 1 $-1 $4127 1 $-1 $4237 1 $-1 $1904 1 $-1 $1740 1 $-1 $1741 1 $-1 $1585 1 $-1 $1584 1 $-1 $1424 1 $-1 $4254 1 $-1 $4249 1 $-1 $4255 1 $-1 $4129 1 $-1 $4248 1 $-1 $2082 1 $-1 $1900 1 $-1 $1901 1 $-1 $1738 1 $-1 $1737 1 $-1 $1583 1 $-1 $4445 1 $-1 $4440 1 $-1 $4446 1 $-1 $4163 1 $-1 $4439 1 $-1 $2288 1 $-1 $2079 1 $-1 $2080 1 $-1 $1898 1 $-1 $1897 1 $-1 $1736 1 $-1 $4466 1 $-1 $4461 1 $-1 $4467 1 $-1 $4167 1 $-1 $4460 1 $-1 $2510 1 $-1 $2286 1 $-1 $2287 1 $-1 $2078 1 $-1 $2077 1 $-1 $1896 1 $-1 $4434 1 $-1 $4428 1 $-1 $4435 1 $-1 $4161 1 $-1 $4427 1 $-1 $2728 1 $-1 $2508 1 $-1 $2509 1 $-1 $2285 1 $-1 $2284 1 $-1 $2076 1 $-1 $4412 1 $-1 $4406 1 $-1 $4413 1 $-1 $4157 1 $-1 $4405 1 $-1 $2926 1 $-1 $2726 1 $-1 $2727 1 $-1 $2507 1 $-1 $2506 1 $-1 $2283 1 $-1 $4390 1 $-1 $4384 1 $-1 $4391 1 $-1 $4153 1 $-1 $4383 1 $-1 $3082 1 $-1 $2924 1 $-1 $2925 1 $-1 $2725 1 $-1 $2724 1 $-1 $2505 1 $-1 $4401 1 $-1 $4396 1 $-1 $4402 1 $-1 $4155 1 $-1 $4395 1 $-1 $3172 1 $-1 $3079 1 $-1 $3080 1 $-1 $2919 1 $-1 $2711 1 $-1 $2723 1 $-1 $4423 1 $-1 $4418 1 $-1 $4424 1 $-1 $4159 1 $-1 $4417 1 $-1 $2496 1 $-1 $2262 1 $-1 $2263 1 $-1 $2051 1 $-1 $1868 1 $-1 $2050 1 $-1 $4476 1 $-1 $4471 1 $-1 $4477 1 $-1 $4169 1 $-1 $4470 1 $-1 $2719 1 $-1 $2488 1 $-1 $2489 1 $-1 $2253 1 $-1 $2040 1 $-1 $2252 1 $-1 $4456 1 $-1 $4450 1 $-1 $4457 1 $-1 $4165 1 $-1 $4449 1 $-1 $1334 1 $-1 $1185 1 $-1 $1186 1 $-1 $1043 1 $-1 $900 1 $-1 $1042 1 $-1 $4345 1 $-1 $4339 1 $-1 $4346 1 $-1 $4145 1 $-1 $4338 1 $-1 $1965 1 $-1 $1799 1 $-1 $1800 1 $-1 $1652 1 $-1 $1651 1 $-1 $1496 1 $-1 $4266 1 $-1 $4260 1 $-1 $4267 1 $-1 $4131 1 $-1 $4259 1 $-1 $2151 1 $-1 $1961 1 $-1 $1962 1 $-1 $1797 1 $-1 $1796 1 $-1 $1650 1 $-1 $4277 1 $-1 $4272 1 $-1 $4278 1 $-1 $4133 1 $-1 $4271 1 $-1 $2311 1 $-1 $2110 1 $-1 $2111 1 $-1 $1937 1 $-1 $1779 1 $-1 $1795 1 $-1 $4288 1 $-1 $4283 1 $-1 $4289 1 $-1 $4135 1 $-1 $4282 1 $-1 $2056 1 $-1 $1872 1 $-1 $1873 1 $-1 $1711 1 $-1 $1549 1 $-1 $1710 1 $-1 $4520 1 $-1 $4515 1 $-1 $4521 1 $-1 $4177 1 $-1 $4514 1 $-1 $2303 1 $-1 $2094 1 $-1 $2095 1 $-1 $1913 1 $-1 $1752 1 $-1 $1912 1 $-1 $4488 1 $-1 $4482 1 $-1 $4489 1 $-1 $4171 1 $-1 $4481 1 $-1 $2100 1 $-1 $1919 1 $-1 $1920 1 $-1 $1759 1 $-1 $1605 1 $-1 $1758 1 $-1 $4531 1 $-1 $4526 1 $-1 $4532 1 $-1 $4179 1 $-1 $4525 1 $-1 $1927 1 $-1 $1767 1 $-1 $1768 1 $-1 $1617 1 $-1 $1457 1 $-1 $1616 1 $-1 $4552 1 $-1 $4547 1 $-1 $4553 1 $-1 $4183 1 $-1 $4546 1 $-1 $1230 1 $-1 $1086 1 $-1 $1087 1 $-1 $945 1 $-1 $800 1 $-1 $944 1 $-1 $4111 1 $-1 $4105 1 $-1 $4112 1 $-1 $4025 1 $-1 $4104 1 $-1 $1622 1 $-1 $1461 1 $-1 $1462 1 $-1 $1306 1 $-1 $1159 1 $-1 $1305 1 $-1 $4084 1 $-1 $4078 1 $-1 $4085 1 $-1 $4021 1 $-1 $4077 1 $-1 $1325 1 $-1 $1176 1 $-1 $1177 1 $-1 $1032 1 $-1 $892 1 $-1 $1031 1 $-1 $4322 1 $-1 $4316 1 $-1 $4323 1 $-1 $4141 1 $-1 $4315 1 $-1 $1792 1 $-1 $1642 1 $-1 $1643 1 $-1 $1486 1 $-1 $1328 1 $-1 $1483 1 $-1 $4366 1 $-1 $4361 1 $-1 $4367 1 $-1 $4149 1 $-1 $4360 1 $-1 $1179 1 $-1 $739 1 $-1 $1017 1 $-1 $650 1 $-1 $1301 1 $-1 $1446 1 $-1 $1598 1 $-1 $1381 1 $-1 $1631 1 $-1 $1933 1 $-1 $1798 1 $-1 $748 1 $-1 $1859 1 $-1 $1704 1 $-1 $2480 1 $-1 $2704 1 $-1 $2466 1 $-1 $2235 1 $-1 $2031 1 $-1 $2046 1 $-1 $1899 1 $-1 $1739 1 $-1 $1586 1 $-1 $1026 1 $-1 $1275 1 $-1 $1136 1 $-1 $1001 1 $-1 $868 1 $-1 $726 1 $-1 $376 1 $-1 $451 1 $-1 $336 1 $-1 $237 1 $-1 $4218 1 $4631 $4017 1 $-1 $1324 1 $4632 $3469 1 $-1 $4217 1 $-1 $1175 1 $-1 $4057 1 $-1 $1229 1 $-1 $4058 1 $-1 $1085 1 $-1 $4214 1 $-1 $1766 1 $-1 $4213 1 $-1 $1918 1 $-1 $4212 1 $-1 $1960 1 $-1 $4211 1 $-1 $1794 1 $-1 $4210 1 $-1 $1649 1 $-1 $4209 1 $-1 $1495 1 $-1 $4208 1 $-1 $1333 1 $-1 $4207 1 $-1 $1184 1 $-1 $4206 1 $-1 $2487 1 $-1 $4205 1 $-1 $2261 1 $-1 $4204 1 $-1 $2504 1 $-1 $4203 1 $-1 $2282 1 $-1 $4202 1 $-1 $2075 1 $-1 $4201 1 $-1 $1895 1 $-1 $4200 1 $-1 $1735 1 $-1 $4199 1 $-1 $1582 1 $-1 $4198 1 $-1 $1423 1 $-1 $4197 1 $-1 $1272 1 $-1 $4196 1 $-1 $1132 1 $-1 $4195 1 $-1 $997 1 $-1 $4194 1 $-1 $864 1 $-1 $4193 1 $-1 $722 1 $-1 $4192 1 $-1 $578 1 $-1 $4191 1 $-1 $447 1 $-1 $4190 1 $-1 $332 1 $-1 $4059 1 $-1 $233 1 $-1 $4060 1 $-1 $154 1 $-1 $4187 1 $-1 $95 1 $-1 $4186 1 $-1 $56 1 $4633 $10 0 0 0 #
-19 delta_state 15 1 0 $21 $17 $19 $-1 $0 F 1 $19 2 1 $4634 $4017 1 $4635 $4019 1 $4123 $-1 1 $-1 $4239 1 $4636 $769 1 $4629 $-1 1 $-1 $1061 1 $-1 $1689 1 $4556 $-1 1 $4637 $774 1 $-1 $3732 1 $4627 $-1 1 $4638 $3699 1 $-1 $3731 1 $4639 $616 1 $4640 $1066 1 $4558 $-1 1 $-1 $921 1 $-1 $1366 1 $4554 $-1 1 $4641 $621 1 $-1 $1530 1 $-1 $1365 1 $-1 $1212 0 0 0 #
-20 delta_state 43 1 0 $18 $22 $20 $-1 $0 F 1 $20 2 1 $-1 $3903 1 $4642 $4002 1 $4643 $3904 1 $-1 $3998 1 $4644 $4005 1 $4645 $3999 1 $-1 $3997 1 $4646 $3961 1 $-1 $3901 1 $4647 $3992 1 $4648 $3902 1 $-1 $3978 1 $4649 $3994 1 $4650 $3979 1 $-1 $3976 1 $4651 $3977 1 $-1 $3899 1 $4652 $3970 1 $4653 $3900 1 $-1 $3954 1 $4654 $3972 1 $4655 $3955 1 $-1 $3952 1 $4656 $3953 1 $-1 $3895 1 $4657 $3940 1 $4658 $3896 1 $-1 $3911 1 $4659 $3942 1 $4660 $3912 1 $-1 $3909 1 $4661 $3910 0 0 0 #
-21 delta_state 16 1 0 $23 $19 $21 $-1 $0 F 1 $21 2 1 $-1 $2148 1 $-1 $2345 1 $-1 $2366 1 $-1 $2597 1 $-1 $2353 1 $-1 $2367 1 $-1 $2554 1 $-1 $2577 1 $-1 $2810 1 $-1 $2563 1 $-1 $2578 1 $-1 $2517 1 $-1 $2598 1 $-1 $2585 1 $-1 $2817 1 $-1 $2587 1 $-1 $2145 1 $-1 $2765 1 $-1 $2788 1 $-1 $2998 1 $-1 $2774 1 $-1 $2789 1 $-1 $2811 1 $-1 $2812 1 $-1 $2796 1 $-1 $3005 1 $-1 $2798 1 $-1 $2342 1 $-1 $2093 1 $-1 $2092 1 $-1 $2351 1 $-1 $1954 1 $-1 $1955 1 $-1 $2956 1 $-1 $2977 1 $-1 $3125 1 $-1 $2965 1 $-1 $2978 1 $-1 $2999 1 $-1 $3000 1 $-1 $2985 1 $-1 $3132 1 $-1 $2987 1 $-1 $2551 1 $-1 $2819 1 $-1 $2559 1 $-1 $2561 1 $-1 $2127 1 $-1 $2128 1 $-1 $2518 1 $-1 $2302 1 $-1 $2142 1 $-1 $2579 1 $-1 $2135 1 $-1 $2136 1 $-1 $2141 1 $-1 $2146 1 $-1 $2147 1 $-1 $2850 1 $-1 $3109 1 $-1 $3185 1 $-1 $3100 1 $-1 $3110 1 $-1 $3126 1 $-1 $3127 1 $-1 $3115 1 $-1 $3189 1 $-1 $3117 1 $-1 $2762 1 $-1 $3007 1 $-1 $2770 1 $-1 $2772 1 $-1 $2324 1 $-1 $2325 1 $-1 $3140 1 $-1 $2805 1 $-1 $2339 1 $-1 $2790 1 $-1 $2332 1 $-1 $2333 1 $-1 $2338 1 $-1 $2343 1 $-1 $2344 1 $-1 $2355 1 $-1 $2348 1 $-1 $2349 1 $-1 $2352 1 $-1 $2360 1 $-1 $2362 1 $-1 $2363 1 $-1 $2365 1 $-1 $2638 1 $-1 $3039 1 $-1 $3156 1 $-1 $3033 1 $-1 $3040 1 $-1 $3186 1 $-1 $3187 1 $-1 $3179 1 $-1 $3205 1 $-1 $3180 1 $-1 $2610 1 $-1 $3134 1 $-1 $2961 1 $-1 $2963 1 $-1 $2533 1 $-1 $2534 1 $-1 $3196 1 $-1 $2994 1 $-1 $2548 1 $-1 $2979 1 $-1 $2541 1 $-1 $2542 1 $-1 $2547 1 $-1 $2552 1 $-1 $2553 1 $-1 $2565 1 $-1 $2557 1 $-1 $2558 1 $-1 $2562 1 $-1 $2571 1 $-1 $2573 1 $-1 $2574 1 $-1 $2576 1 $-1 $2140 1 $-1 $2356 1 $-1 $2582 1 $-1 $2584 1 $-1 $2413 1 $-1 $2872 1 $-1 $3058 1 $-1 $2863 1 $-1 $2873 1 $-1 $3157 1 $-1 $3158 1 $-1 $3154 1 $-1 $3201 1 $-1 $3155 1 $-1 $2385 1 $-1 $3191 1 $-1 $3097 1 $-1 $2831 1 $-1 $2744 1 $-1 $2745 1 $-1 $3208 1 $-1 $3122 1 $-1 $2759 1 $-1 $3111 1 $-1 $2752 1 $-1 $2753 1 $-1 $2758 1 $-1 $2763 1 $-1 $2764 1 $-1 $2776 1 $-1 $2768 1 $-1 $2769 1 $-1 $2773 1 $-1 $2782 1 $-1 $2784 1 $-1 $2785 1 $-1 $2787 1 $-1 $2337 1 $-1 $2566 1 $-1 $2793 1 $-1 $2795 1 $-1 $2590 1 $-1 $2592 1 $-1 $2200 1 $-1 $2661 1 $-1 $2893 1 $-1 $2651 1 $-1 $2662 1 $-1 $3059 1 $-1 $3060 1 $-1 $3053 1 $-1 $3167 1 $-1 $3054 1 $-1 $2172 1 $-1 $3199 1 $-1 $3027 1 $-1 $2615 1 $-1 $2618 1 $-1 $2617 1 $-1 $3211 1 $-1 $3184 1 $-1 $2951 1 $-1 $3017 1 $-1 $2944 1 $-1 $2945 1 $-1 $2950 1 $-1 $2954 1 $-1 $2955 1 $-1 $2967 1 $-1 $2959 1 $-1 $2960 1 $-1 $2964 1 $-1 $2971 1 $-1 $2973 1 $-1 $2974 1 $-1 $2976 1 $-1 $2546 1 $-1 $2777 1 $-1 $2982 1 $-1 $2984 1 $-1 $2801 1 $-1 $2803 1 $-1 $2017 1 $-1 $2436 1 $-1 $2683 1 $-1 $2426 1 $-1 $2437 1 $-1 $2894 1 $-1 $2895 1 $-1 $2888 1 $-1 $3070 1 $-1 $2889 1 $-1 $1989 1 $-1 $3161 1 $-1 $2855 1 $-1 $2390 1 $-1 $2393 1 $-1 $2392 1 $-1 $3212 1 $-1 $3151 1 $-1 $2840 1 $-1 $2836 1 $-1 $2844 1 $-1 $2843 1 $-1 $2838 1 $-1 $2849 1 $-1 $2848 1 $-1 $2829 1 $-1 $3095 1 $-1 $3096 1 $-1 $3099 1 $-1 $3105 1 $-1 $3106 1 $-1 $3107 1 $-1 $3108 1 $-1 $2757 1 $-1 $2968 1 $-1 $3112 1 $-1 $3114 1 $-1 $2990 1 $-1 $2992 1 $-1 $3966 1 $-1 $2223 1 $-1 $2458 1 $-1 $2213 1 $-1 $2224 1 $-1 $2684 1 $-1 $2685 1 $-1 $2677 1 $-1 $2905 1 $-1 $2678 1 $-1 $1833 1 $-1 $3064 1 $-1 $2643 1 $-1 $2177 1 $-1 $2180 1 $-1 $2179 1 $-1 $3210 1 $-1 $3048 1 $-1 $2627 1 $-1 $2623 1 $-1 $2631 1 $-1 $2630 1 $-1 $2625 1 $-1 $2637 1 $-1 $2636 1 $-1 $2613 1 $-1 $3026 1 $-1 $3025 1 $-1 $3032 1 $-1 $3037 1 $-1 $3038 1 $-1 $3035 1 $-1 $3036 1 $-1 $2949 1 $-1 $3102 1 $-1 $3177 1 $-1 $3178 1 $-1 $3118 1 $-1 $3120 1 $-1 $3967 1 $-1 $3968 1 $-1 $3987 1 $-1 $1501 1 $-1 $2459 1 $-1 $2460 1 $-1 $2452 1 $-1 $2695 1 $-1 $2453 1 $-1 $1687 1 $-1 $2899 1 $-1 $2418 1 $-1 $1994 1 $-1 $1997 1 $-1 $1996 1 $-1 $3204 1 $-1 $2882 1 $-1 $2402 1 $-1 $2398 1 $-1 $2406 1 $-1 $2405 1 $-1 $2400 1 $-1 $2412 1 $-1 $2411 1 $-1 $2388 1 $-1 $2854 1 $-1 $2853 1 $-1 $2862 1 $-1 $2869 1 $-1 $2871 1 $-1 $2866 1 $-1 $2868 1 $-1 $2839 1 $-1 $3029 1 $-1 $3152 1 $-1 $3153 1 $-1 $3181 1 $-1 $3182 1 $-1 $1191 1 $-1 $3988 1 $-1 $4000 1 $-1 $911 1 $-1 $3958 1 $-1 $2689 1 $-1 $2205 1 $-1 $1838 1 $-1 $1841 1 $-1 $1840 1 $-1 $3170 1 $-1 $2671 1 $-1 $2189 1 $-1 $2185 1 $-1 $2193 1 $-1 $2192 1 $-1 $2187 1 $-1 $2199 1 $-1 $2198 1 $-1 $2175 1 $-1 $2642 1 $-1 $2641 1 $-1 $2650 1 $-1 $2658 1 $-1 $2660 1 $-1 $2655 1 $-1 $2657 1 $-1 $2626 1 $-1 $2858 1 $-1 $3050 1 $-1 $3052 1 $-1 $3148 1 $-1 $3149 1 $-1 $1195 1 $-1 $3931 1 $-1 $3981 1 $-1 $3959 1 $-1 $3964 1 $-1 $3073 1 $-1 $2446 1 $-1 $2006 1 $-1 $2002 1 $-1 $2010 1 $-1 $2009 1 $-1 $2004 1 $-1 $2016 1 $-1 $2015 1 $-1 $1992 1 $-1 $2417 1 $-1 $2416 1 $-1 $2425 1 $-1 $2433 1 $-1 $2435 1 $-1 $2430 1 $-1 $2432 1 $-1 $2401 1 $-1 $2646 1 $-1 $2885 1 $-1 $2887 1 $-1 $3044 1 $-1 $3046 1 $-1 $1805 1 $-1 $3933 1 $-1 $3916 1 $-1 $3982 1 $-1 $3985 1 $-1 $3930 1 $-1 $3900 1 $-1 $3904 1 $-1 $1836 1 $-1 $2204 1 $-1 $2203 1 $-1 $2212 1 $-1 $2220 1 $-1 $2222 1 $-1 $2217 1 $-1 $2219 1 $-1 $2188 1 $-1 $2421 1 $-1 $2674 1 $-1 $2676 1 $-1 $2878 1 $-1 $2880 1 $-1 $3920 1 $-1 $3917 1 $-1 $3926 1 $-1 $3902 1 $-1 $3970 1 $-1 $3969 1 $-1 $4002 1 $-1 $4001 1 $-1 $2005 1 $-1 $2208 1 $-1 $2449 1 $-1 $2451 1 $-1 $2667 1 $-1 $2669 1 $-1 $3921 1 $-1 $3896 1 $-1 $3992 1 $-1 $3991 1 $-1 $2442 1 $-1 $2444 1 $-1 $3940 1 $-1 $3939 1 $-1 $2149 1 $-1 $1957 1 $-1 $2150 1 $-1 $1958 1 $-1 $1959 1 $-1 $1791 1 $-1 $1790 1 $-1 $1641 1 $-1 $2596 1 $-1 $2364 1 $-1 $2595 1 $-1 $2361 1 $-1 $2594 1 $-1 $2359 1 $-1 $2358 1 $-1 $2354 1 $-1 $2138 1 $-1 $2139 1 $-1 $1951 1 $-1 $1950 1 $-1 $1788 1 $-1 $2816 1 $-1 $2583 1 $-1 $2815 1 $-1 $2581 1 $-1 $2580 1 $-1 $2357 1 $-1 $2143 1 $-1 $2350 1 $-1 $2134 1 $-1 $2133 1 $-1 $1949 1 $-1 $2821 1 $-1 $2591 1 $-1 $3011 1 $-1 $2814 1 $-1 $2813 1 $-1 $2144 1 $-1 $1953 1 $-1 $1952 1 $-1 $1789 1 $-1 $2820 1 $-1 $2589 1 $-1 $2588 1 $-1 $2346 1 $-1 $2130 1 $-1 $2347 1 $-1 $2131 1 $-1 $2132 1 $-1 $1948 1 $-1 $1947 1 $-1 $1787 1 $-1 $2809 1 $-1 $2575 1 $-1 $2808 1 $-1 $2572 1 $-1 $2807 1 $-1 $2570 1 $-1 $2569 1 $-1 $2564 1 $-1 $2335 1 $-1 $2336 1 $-1 $2124 1 $-1 $2123 1 $-1 $1945 1 $-1 $3004 1 $-1 $2794 1 $-1 $3003 1 $-1 $2792 1 $-1 $2791 1 $-1 $2568 1 $-1 $2340 1 $-1 $2560 1 $-1 $2331 1 $-1 $2330 1 $-1 $2122 1 $-1 $3009 1 $-1 $2802 1 $-1 $3138 1 $-1 $3002 1 $-1 $3001 1 $-1 $2341 1 $-1 $2126 1 $-1 $2125 1 $-1 $1946 1 $-1 $3008 1 $-1 $2800 1 $-1 $2799 1 $-1 $2555 1 $-1 $2327 1 $-1 $2556 1 $-1 $2328 1 $-1 $2329 1 $-1 $2121 1 $-1 $2120 1 $-1 $1944 1 $-1 $2997 1 $-1 $2786 1 $-1 $2996 1 $-1 $2783 1 $-1 $2995 1 $-1 $2781 1 $-1 $2780 1 $-1 $2775 1 $-1 $2544 1 $-1 $2545 1 $-1 $2321 1 $-1 $2320 1 $-1 $2118 1 $-1 $3131 1 $-1 $2983 1 $-1 $3130 1 $-1 $2981 1 $-1 $2980 1 $-1 $2779 1 $-1 $2549 1 $-1 $2771 1 $-1 $2540 1 $-1 $2539 1 $-1 $2319 1 $-1 $3136 1 $-1 $2991 1 $-1 $3194 1 $-1 $3129 1 $-1 $3128 1 $-1 $2550 1 $-1 $2323 1 $-1 $2322 1 $-1 $2119 1 $-1 $3135 1 $-1 $2989 1 $-1 $2988 1 $-1 $2766 1 $-1 $2536 1 $-1 $2767 1 $-1 $2537 1 $-1 $2538 1 $-1 $2318 1 $-1 $2317 1 $-1 $2117 1 $-1 $3124 1 $-1 $2975 1 $-1 $3123 1 $-1 $2972 1 $-1 $3016 1 $-1 $2827 1 $-1 $2607 1 $-1 $2966 1 $-1 $2755 1 $-1 $2756 1 $-1 $2530 1 $-1 $2529 1 $-1 $2315 1 $-1 $3188 1 $-1 $3113 1 $-1 $3143 1 $-1 $3015 1 $-1 $2826 1 $-1 $2970 1 $-1 $2760 1 $-1 $2962 1 $-1 $2751 1 $-1 $2750 1 $-1 $2528 1 $-1 $3192 1 $-1 $3119 1 $-1 $3197 1 $-1 $3141 1 $-1 $3013 1 $-1 $2761 1 $-1 $2532 1 $-1 $2531 1 $-1 $2316 1 $-1 $3142 1 $-1 $3014 1 $-1 $2825 1 $-1 $2957 1 $-1 $2747 1 $-1 $2958 1 $-1 $2748 1 $-1 $2749 1 $-1 $2527 1 $-1 $2526 1 $-1 $2314 1 $-1 $3023 1 $-1 $2833 1 $-1 $3024 1 $-1 $2834 1 $-1 $2835 1 $-1 $2611 1 $-1 $2382 1 $-1 $3101 1 $-1 $2947 1 $-1 $2948 1 $-1 $2741 1 $-1 $2740 1 $-1 $2524 1 $-1 $3146 1 $-1 $3021 1 $-1 $3022 1 $-1 $2832 1 $-1 $2609 1 $-1 $3104 1 $-1 $2952 1 $-1 $3098 1 $-1 $2943 1 $-1 $2942 1 $-1 $2739 1 $-1 $3145 1 $-1 $3019 1 $-1 $3144 1 $-1 $3018 1 $-1 $2828 1 $-1 $2953 1 $-1 $2743 1 $-1 $2742 1 $-1 $2525 1 $-1 $3020 1 $-1 $2830 1 $-1 $2608 1 $-1 $3093 1 $-1 $2939 1 $-1 $3094 1 $-1 $2940 1 $-1 $2941 1 $-1 $2738 1 $-1 $2737 1 $-1 $2523 1 $-1 $2851 1 $-1 $2620 1 $-1 $2852 1 $-1 $2621 1 $-1 $2622 1 $-1 $2386 1 $-1 $2169 1 $-1 $3175 1 $-1 $3089 1 $-1 $3090 1 $-1 $2936 1 $-1 $2935 1 $-1 $2735 1 $-1 $3034 1 $-1 $2846 1 $-1 $2847 1 $-1 $2616 1 $-1 $2384 1 $-1 $3176 1 $-1 $3091 1 $-1 $3174 1 $-1 $3088 1 $-1 $3087 1 $-1 $2934 1 $-1 $3031 1 $-1 $2841 1 $-1 $3028 1 $-1 $2837 1 $-1 $2612 1 $-1 $3092 1 $-1 $2938 1 $-1 $2937 1 $-1 $2736 1 $-1 $2842 1 $-1 $2614 1 $-1 $2383 1 $-1 $3057 1 $-1 $2870 1 $-1 $3056 1 $-1 $2867 1 $-1 $3055 1 $-1 $2865 1 $-1 $2635 1 $-1 $2734 1 $-1 $2639 1 $-1 $2395 1 $-1 $2640 1 $-1 $2396 1 $-1 $2397 1 $-1 $2173 1 $-1 $1986 1 $-1 $3166 1 $-1 $3051 1 $-1 $3165 1 $-1 $3049 1 $-1 $2861 1 $-1 $2932 1 $-1 $2864 1 $-1 $2633 1 $-1 $2634 1 $-1 $2391 1 $-1 $2171 1 $-1 $3163 1 $-1 $3045 1 $-1 $3202 1 $-1 $3159 1 $-1 $3041 1 $-1 $3086 1 $-1 $2860 1 $-1 $2628 1 $-1 $2856 1 $-1 $2624 1 $-1 $2387 1 $-1 $3162 1 $-1 $3043 1 $-1 $2857 1 $-1 $2933 1 $-1 $2629 1 $-1 $2389 1 $-1 $2170 1 $-1 $2892 1 $-1 $2659 1 $-1 $2891 1 $-1 $2656 1 $-1 $2890 1 $-1 $2654 1 $-1 $2410 1 $-1 $2653 1 $-1 $2414 1 $-1 $2182 1 $-1 $2415 1 $-1 $2183 1 $-1 $2184 1 $-1 $1990 1 $-1 $1830 1 $-1 $3069 1 $-1 $2886 1 $-1 $3068 1 $-1 $2884 1 $-1 $2649 1 $-1 $2883 1 $-1 $2652 1 $-1 $2408 1 $-1 $2409 1 $-1 $2178 1 $-1 $1988 1 $-1 $3066 1 $-1 $2879 1 $-1 $3168 1 $-1 $3062 1 $-1 $2874 1 $-1 $3061 1 $-1 $2648 1 $-1 $2403 1 $-1 $2644 1 $-1 $2399 1 $-1 $2174 1 $-1 $3065 1 $-1 $2877 1 $-1 $2645 1 $-1 $2876 1 $-1 $2404 1 $-1 $2176 1 $-1 $1987 1 $-1 $2682 1 $-1 $2434 1 $-1 $2681 1 $-1 $2431 1 $-1 $2680 1 $-1 $2429 1 $-1 $2197 1 $-1 $2428 1 $-1 $2201 1 $-1 $1999 1 $-1 $2202 1 $-1 $2000 1 $-1 $2001 1 $-1 $1834 1 $-1 $1684 1 $-1 $2904 1 $-1 $2675 1 $-1 $2903 1 $-1 $2673 1 $-1 $2424 1 $-1 $2672 1 $-1 $2427 1 $-1 $2195 1 $-1 $2196 1 $-1 $1995 1 $-1 $1832 1 $-1 $2901 1 $-1 $2668 1 $-1 $3071 1 $-1 $2897 1 $-1 $2663 1 $-1 $2896 1 $-1 $2423 1 $-1 $2190 1 $-1 $2419 1 $-1 $2186 1 $-1 $1991 1 $-1 $2900 1 $-1 $2666 1 $-1 $2420 1 $-1 $2665 1 $-1 $2191 1 $-1 $1993 1 $-1 $1831 1 $-1 $2457 1 $-1 $2221 1 $-1 $2456 1 $-1 $2218 1 $-1 $2455 1 $-1 $2216 1 $-1 $2014 1 $-1 $2215 1 $-1 $2018 1 $-1 $1843 1 $-1 $2019 1 $-1 $1844 1 $-1 $1845 1 $-1 $1688 1 $-1 $1529 1 $-1 $2694 1 $-1 $2450 1 $-1 $2693 1 $-1 $2448 1 $-1 $2211 1 $-1 $2447 1 $-1 $2214 1 $-1 $2012 1 $-1 $2013 1 $-1 $1839 1 $-1 $1686 1 $-1 $2691 1 $-1 $2443 1 $-1 $2906 1 $-1 $2687 1 $-1 $2438 1 $-1 $2686 1 $-1 $2210 1 $-1 $2007 1 $-1 $2206 1 $-1 $2003 1 $-1 $1835 1 $-1 $2690 1 $-1 $2441 1 $-1 $2207 1 $-1 $2440 1 $-1 $2008 1 $-1 $1837 1 $-1 $1685 1 $-1 $3975 1 $-1 $3953 1 $-1 $4007 1 $-1 $3961 1 $-1 $1677 1 $-1 $3949 1 $-1 $3963 1 $-1 $3928 1 $-1 $4004 1 $-1 $3999 1 $-1 $3971 1 $-1 $3955 1 $-1 $1527 1 $-1 $3948 1 $-1 $3957 1 $-1 $3996 1 $-1 $3977 1 $-1 $1516 1 $-1 $3951 1 $-1 $3984 1 $-1 $3962 1 $-1 $3993 1 $-1 $3979 1 $-1 $1512 1 $-1 $3950 1 $-1 $3915 1 $-1 $3944 1 $-1 $3910 1 $-1 $1817 1 $-1 $3897 1 $-1 $3925 1 $-1 $3923 1 $-1 $3941 1 $-1 $3912 1 $-1 $1814 1 $-1 $3893 1 $-1 $3914 1 $-1 $2166 1 $-1 $3898 1 $-1 $3929 1 $-1 $3924 1 $-1 $1827 1 $-1 $3894 1 $-1 $3919 1 $-1 $3965 1 $-1 $3986 1 $-1 $1842 1 $-1 $2011 1 $-1 $1998 1 $-1 $2194 1 $-1 $2181 1 $-1 $2407 1 $-1 $2394 1 $-1 $2632 1 $-1 $2619 1 $-1 $2845 1 $-1 $2746 1 $-1 $2946 1 $-1 $2535 1 $-1 $2754 1 $-1 $2326 1 $-1 $2543 1 $-1 $2129 1 $-1 $2334 1 $-1 $1956 1 $-1 $2137 1 $-1 $1205 1 $4662 $4017 1 $-1 $1514 1 $4663 $3469 1 $-1 $1362 1 $-1 $2454 1 $-1 $1528 1 $-1 $2679 1 $-1 $1683 1 $-1 $2733 1 $-1 $1829 1 $-1 $2522 1 $-1 $1985 1 $-1 $2313 1 $-1 $2168 1 $-1 $2116 1 $-1 $2381 1 $-1 $1943 1 $-1 $2606 1 $-1 $1786 1 $-1 $2806 1 $-1 $1640 1 $-1 $2593 1 $-1 $1482 1 $-1 $3934 1 $-1 $3938 1 $-1 $3937 1 $-1 $3932 1 $-1 $3990 1 $-1 $3935 1 $-1 $2209 1 $-1 $2692 1 $-1 $2445 1 $-1 $2439 1 $-1 $2907 1 $-1 $2688 1 $-1 $2422 1 $-1 $2902 1 $-1 $2670 1 $-1 $2664 1 $-1 $3072 1 $-1 $2898 1 $-1 $2647 1 $-1 $3067 1 $-1 $2881 1 $-1 $2875 1 $-1 $3169 1 $-1 $3063 1 $-1 $2859 1 $-1 $3164 1 $-1 $3047 1 $-1 $3042 1 $-1 $3203 1 $-1 $3160 1 $-1 $3030 1 $-1 $3200 1 $-1 $3150 1 $-1 $3147 1 $-1 $3209 1 $-1 $3198 1 $-1 $3103 1 $-1 $3206 1 $-1 $3183 1 $-1 $3116 1 $-1 $3207 1 $-1 $3190 1 $-1 $2969 1 $-1 $3193 1 $-1 $3121 1 $-1 $2986 1 $-1 $3195 1 $-1 $3133 1 $-1 $2778 1 $-1 $3137 1 $-1 $2993 1 $-1 $2797 1 $-1 $3139 1 $-1 $3006 1 $-1 $2567 1 $-1 $3010 1 $-1 $2804 1 $-1 $2586 1 $-1 $3012 1 $-1 $2818 1 $-1 $2091 1 $-1 $2519 1 $-1 $2301 1 $-1 $1907 1 $-1 $2300 1 $-1 $2090 1 $4664 $10 0 0 0 #
-22 delta_state 28 1 0 $20 $24 $22 $-1 $0 F 1 $22 2 1 $4665 $4017 1 $4666 $4239 1 $4667 $-1 1 $-1 $4185 1 $4668 $616 1 $4669 $921 1 $4670 $-1 1 $-1 $773 1 $-1 $1069 1 $4671 $-1 1 $4672 $621 1 $-1 $1210 1 $4673 $-1 1 $4674 $774 1 $4675 $363 1 $4676 $632 1 $4677 $-1 1 $-1 $487 1 $-1 $931 1 $4678 $-1 1 $4679 $488 1 $-1 $636 1 $4680 $-1 1 $4681 $366 1 $-1 $491 1 $4682 $3746 1 $4683 $-1 1 $-1 $3745 1 $-1 $3848 1 $4684 $-1 1 $4685 $3818 1 $-1 $785 1 $-1 $633 1 $-1 $3847 1 $4686 $769 1 $4687 $1061 1 $4688 $-1 1 $-1 $916 1 $-1 $1067 1 $-1 $3730 1 $4689 $-1 1 $4690 $3699 1 $4691 $3731 1 $-1 $3729 1 $4692 $1365 1 $-1 $922 1 $4693 $3737 1 $4694 $-1 1 $-1 $3736 1 $-1 $3781 1 $4695 $-1 1 $4696 $3753 1 $-1 $927 1 $4697 $1212 1 $-1 $778 1 $-1 $3780 1 $4698 $3948 1 $4699 $-1 1 $-1 $3947 1 $-1 $4006 1 $4700 $-1 1 $4701 $3999 1 $-1 $3973 1 $4702 $-1 1 $4703 $3955 1 $-1 $3972 1 $-1 $4005 1 $4704 $3893 1 $4705 $-1 1 $-1 $3892 1 $-1 $3943 1 $4706 $-1 1 $4707 $3912 1 $-1 $3995 1 $4708 $-1 1 $4709 $3979 1 $-1 $3994 1 $-1 $3942 0 0 0 #
-23 delta_state 17 1 0 $25 $21 $23 $-1 $0 F 1 $23 2 1 $-1 $4667 1 $4710 $4239 1 $4711 $4017 0 0 0 #
-24 delta_state 25 1 0 $22 $26 $24 $-1 $0 F 1 $24 2 1 $-1 $3 1 $-1 $9 1 $-1 $147 1 $-1 $86 1 $-1 $148 1 $-1 $87 1 $-1 $88 1 $-1 $52 1 $-1 $33 1 $-1 $21 1 $-1 $222 1 $-1 $143 1 $-1 $144 1 $-1 $84 1 $-1 $50 1 $-1 $223 1 $-1 $145 1 $-1 $221 1 $-1 $142 1 $-1 $83 1 $-1 $146 1 $-1 $85 1 $-1 $51 1 $-1 $219 1 $-1 $139 1 $-1 $220 1 $-1 $140 1 $-1 $141 1 $-1 $82 1 $-1 $49 1 $-1 $32 1 $-1 $314 1 $-1 $215 1 $-1 $216 1 $-1 $137 1 $-1 $80 1 $-1 $315 1 $-1 $217 1 $-1 $313 1 $-1 $214 1 $-1 $136 1 $-1 $218 1 $-1 $138 1 $-1 $81 1 $-1 $311 1 $-1 $211 1 $-1 $312 1 $-1 $212 1 $-1 $213 1 $-1 $135 1 $-1 $79 1 $-1 $48 1 $-1 $422 1 $-1 $307 1 $-1 $308 1 $-1 $209 1 $-1 $133 1 $-1 $423 1 $-1 $309 1 $-1 $421 1 $-1 $306 1 $-1 $208 1 $-1 $310 1 $-1 $210 1 $-1 $134 1 $-1 $419 1 $-1 $303 1 $-1 $420 1 $-1 $304 1 $-1 $305 1 $-1 $207 1 $-1 $132 1 $-1 $78 1 $-1 $551 1 $-1 $415 1 $-1 $416 1 $-1 $301 1 $-1 $205 1 $-1 $552 1 $-1 $417 1 $-1 $550 1 $-1 $414 1 $-1 $300 1 $-1 $418 1 $-1 $302 1 $-1 $206 1 $-1 $548 1 $-1 $411 1 $-1 $549 1 $-1 $412 1 $-1 $413 1 $-1 $299 1 $-1 $204 1 $-1 $131 1 $-1 $698 1 $-1 $544 1 $-1 $545 1 $-1 $409 1 $-1 $297 1 $-1 $699 1 $-1 $546 1 $-1 $697 1 $-1 $543 1 $-1 $408 1 $-1 $547 1 $-1 $410 1 $-1 $298 1 $-1 $695 1 $-1 $540 1 $-1 $696 1 $-1 $541 1 $-1 $542 1 $-1 $407 1 $-1 $296 1 $-1 $203 1 $-1 $847 1 $-1 $691 1 $-1 $692 1 $-1 $538 1 $-1 $405 1 $-1 $848 1 $-1 $693 1 $-1 $846 1 $-1 $690 1 $-1 $537 1 $-1 $694 1 $-1 $539 1 $-1 $406 1 $-1 $844 1 $-1 $687 1 $-1 $845 1 $-1 $688 1 $-1 $689 1 $-1 $536 1 $-1 $404 1 $-1 $295 1 $-1 $991 1 $-1 $840 1 $-1 $841 1 $-1 $685 1 $-1 $534 1 $-1 $992 1 $-1 $842 1 $-1 $990 1 $-1 $839 1 $-1 $684 1 $-1 $843 1 $-1 $686 1 $-1 $535 1 $-1 $988 1 $-1 $836 1 $-1 $989 1 $-1 $837 1 $-1 $838 1 $-1 $683 1 $-1 $533 1 $-1 $403 1 $-1 $1130 1 $-1 $984 1 $-1 $985 1 $-1 $834 1 $-1 $681 1 $-1 $1131 1 $-1 $986 1 $-1 $1129 1 $-1 $983 1 $-1 $833 1 $-1 $987 1 $-1 $835 1 $-1 $682 1 $-1 $1127 1 $-1 $980 1 $-1 $1128 1 $-1 $981 1 $-1 $982 1 $-1 $832 1 $-1 $680 1 $-1 $532 1 $-1 $1270 1 $-1 $1123 1 $-1 $1124 1 $-1 $978 1 $-1 $830 1 $-1 $1271 1 $-1 $1125 1 $-1 $1269 1 $-1 $1122 1 $-1 $977 1 $-1 $1126 1 $-1 $979 1 $-1 $831 1 $-1 $1267 1 $-1 $1119 1 $-1 $1268 1 $-1 $1120 1 $-1 $1121 1 $-1 $976 1 $-1 $829 1 $-1 $679 1 $-1 $1421 1 $-1 $1263 1 $-1 $1264 1 $-1 $1117 1 $-1 $974 1 $-1 $1422 1 $-1 $1265 1 $-1 $1420 1 $-1 $1262 1 $-1 $1116 1 $-1 $1266 1 $-1 $1118 1 $-1 $975 1 $-1 $1418 1 $-1 $1259 1 $-1 $1419 1 $-1 $1260 1 $-1 $1261 1 $-1 $1115 1 $-1 $973 1 $-1 $828 1 $-1 $1580 1 $-1 $1414 1 $-1 $1415 1 $-1 $1257 1 $-1 $1113 1 $-1 $1581 1 $-1 $1416 1 $-1 $1579 1 $-1 $1413 1 $-1 $1256 1 $-1 $1417 1 $-1 $1258 1 $-1 $1114 1 $-1 $1889 1 $-1 $1727 1 $-1 $2070 1 $-1 $1887 1 $-1 $1888 1 $-1 $1726 1 $-1 $1569 1 $-1 $1729 1 $-1 $1571 1 $-1 $1728 1 $-1 $1570 1 $-1 $1406 1 $-1 $2281 1 $-1 $2072 1 $-1 $2074 1 $-1 $1892 1 $-1 $2073 1 $-1 $1891 1 $-1 $1730 1 $-1 $1894 1 $-1 $1732 1 $-1 $1893 1 $-1 $1731 1 $-1 $1573 1 $-1 $2502 1 $-1 $2276 1 $-1 $2503 1 $-1 $2279 1 $-1 $2501 1 $-1 $2275 1 $-1 $2066 1 $-1 $2278 1 $-1 $2068 1 $-1 $2277 1 $-1 $2067 1 $-1 $1885 1 $-1 $1577 1 $-1 $1410 1 $-1 $1578 1 $-1 $1411 1 $-1 $1412 1 $-1 $1255 1 $-1 $1112 1 $-1 $972 1 $-1 $1734 1 $-1 $1575 1 $-1 $1576 1 $-1 $1409 1 $-1 $1254 1 $-1 $2280 1 $-1 $2071 1 $-1 $1890 1 $-1 $1733 1 $-1 $1574 1 $-1 $1408 1 $-1 $1572 1 $-1 $1407 1 $-1 $1253 1 $-1 $2069 1 $-1 $1886 1 $-1 $1725 1 $-1 $827 1 $-1 $677 1 $-1 $678 1 $-1 $530 1 $-1 $531 1 $-1 $401 1 $-1 $402 1 $-1 $293 1 $-1 $294 1 $-1 $201 1 $-1 $202 1 $-1 $129 1 $-1 $130 1 $-1 $76 1 $-1 $77 1 $-1 $46 1 $-1 $47 1 $-1 $30 1 $-1 $31 1 $-1 $19 1 $-1 $20 1 $-1 $13 1 $-1 $14 1 $-1 $8 0 0 0 #
-25 delta_state 18 1 0 $27 $23 $25 $-1 $0 F 1 $25 2 1 $-1 $4695 1 $4712 $3753 1 $-1 $4671 1 $4713 $1212 1 $4714 $621 1 $-1 $4694 1 $4715 $3737 1 $-1 $4673 1 $4716 $1365 1 $4717 $774 1 $-1 $4689 1 $4718 $3731 1 $4719 $3699 1 $-1 $4688 1 $4720 $1061 1 $4721 $769 0 0 0 #
-26 delta_state 24 1 0 $24 $28 $26 $-1 $0 F 1 $26 2 1 $4722 $1 1 $-1 $5 1 $-1 $2 1 $-1 $7 1 $-1 $127 1 $-1 $73 1 $-1 $128 1 $-1 $74 1 $-1 $75 1 $-1 $45 1 $-1 $29 1 $-1 $18 1 $-1 $199 1 $-1 $123 1 $-1 $124 1 $-1 $71 1 $-1 $43 1 $-1 $200 1 $-1 $125 1 $-1 $198 1 $-1 $122 1 $-1 $70 1 $-1 $126 1 $-1 $72 1 $-1 $44 1 $-1 $196 1 $-1 $119 1 $-1 $197 1 $-1 $120 1 $-1 $121 1 $-1 $69 1 $-1 $42 1 $-1 $28 1 $-1 $291 1 $-1 $192 1 $-1 $193 1 $-1 $117 1 $-1 $67 1 $-1 $292 1 $-1 $194 1 $-1 $290 1 $-1 $191 1 $-1 $116 1 $-1 $195 1 $-1 $118 1 $-1 $68 1 $-1 $288 1 $-1 $188 1 $-1 $289 1 $-1 $189 1 $-1 $190 1 $-1 $115 1 $-1 $66 1 $-1 $41 1 $-1 $399 1 $-1 $284 1 $-1 $285 1 $-1 $186 1 $-1 $113 1 $-1 $400 1 $-1 $286 1 $-1 $398 1 $-1 $283 1 $-1 $185 1 $-1 $287 1 $-1 $187 1 $-1 $114 1 $-1 $396 1 $-1 $280 1 $-1 $397 1 $-1 $281 1 $-1 $282 1 $-1 $184 1 $-1 $112 1 $-1 $65 1 $-1 $528 1 $-1 $392 1 $-1 $393 1 $-1 $278 1 $-1 $182 1 $-1 $529 1 $-1 $394 1 $-1 $527 1 $-1 $391 1 $-1 $277 1 $-1 $395 1 $-1 $279 1 $-1 $183 1 $-1 $525 1 $-1 $388 1 $-1 $526 1 $-1 $389 1 $-1 $390 1 $-1 $276 1 $-1 $181 1 $-1 $111 1 $-1 $675 1 $-1 $521 1 $-1 $522 1 $-1 $386 1 $-1 $274 1 $-1 $676 1 $-1 $523 1 $-1 $674 1 $-1 $520 1 $-1 $385 1 $-1 $524 1 $-1 $387 1 $-1 $275 1 $-1 $672 1 $-1 $517 1 $-1 $673 1 $-1 $518 1 $-1 $519 1 $-1 $384 1 $-1 $273 1 $-1 $180 1 $-1 $825 1 $-1 $668 1 $-1 $669 1 $-1 $515 1 $-1 $382 1 $-1 $826 1 $-1 $670 1 $-1 $824 1 $-1 $667 1 $-1 $514 1 $-1 $671 1 $-1 $516 1 $-1 $383 1 $-1 $822 1 $-1 $664 1 $-1 $823 1 $-1 $665 1 $-1 $666 1 $-1 $513 1 $-1 $381 1 $-1 $272 1 $-1 $970 1 $-1 $818 1 $-1 $819 1 $-1 $662 1 $-1 $511 1 $-1 $971 1 $-1 $820 1 $-1 $969 1 $-1 $817 1 $-1 $661 1 $-1 $821 1 $-1 $663 1 $-1 $512 1 $-1 $967 1 $-1 $814 1 $-1 $968 1 $-1 $815 1 $-1 $816 1 $-1 $660 1 $-1 $510 1 $-1 $380 1 $-1 $1110 1 $-1 $963 1 $-1 $964 1 $-1 $812 1 $-1 $658 1 $-1 $1111 1 $-1 $965 1 $-1 $1109 1 $-1 $962 1 $-1 $811 1 $-1 $966 1 $-1 $813 1 $-1 $659 1 $-1 $1107 1 $-1 $959 1 $-1 $1108 1 $-1 $960 1 $-1 $961 1 $-1 $810 1 $-1 $657 1 $-1 $509 1 $-1 $1251 1 $-1 $1103 1 $-1 $1104 1 $-1 $957 1 $-1 $808 1 $-1 $1252 1 $-1 $1105 1 $-1 $1250 1 $-1 $1102 1 $-1 $956 1 $-1 $1106 1 $-1 $958 1 $-1 $809 1 $-1 $1248 1 $-1 $1099 1 $-1 $1249 1 $-1 $1100 1 $-1 $1101 1 $-1 $955 1 $-1 $807 1 $-1 $656 1 $-1 $1404 1 $-1 $1244 1 $-1 $1245 1 $-1 $1097 1 $-1 $953 1 $-1 $1405 1 $-1 $1246 1 $-1 $1403 1 $-1 $1243 1 $-1 $1096 1 $-1 $1247 1 $-1 $1098 1 $-1 $954 1 $-1 $1401 1 $-1 $1240 1 $-1 $1402 1 $-1 $1241 1 $-1 $1242 1 $-1 $1095 1 $-1 $952 1 $-1 $806 1 $-1 $1567 1 $-1 $1397 1 $-1 $1398 1 $-1 $1238 1 $-1 $1093 1 $-1 $1568 1 $-1 $1399 1 $-1 $1566 1 $-1 $1396 1 $-1 $1237 1 $-1 $1400 1 $-1 $1239 1 $-1 $1094 1 $-1 $1879 1 $-1 $1717 1 $-1 $2061 1 $-1 $1877 1 $-1 $1878 1 $-1 $1716 1 $-1 $1556 1 $-1 $1719 1 $-1 $1558 1 $-1 $1718 1 $-1 $1557 1 $-1 $1389 1 $-1 $2274 1 $-1 $2063 1 $-1 $2065 1 $-1 $1882 1 $-1 $2064 1 $-1 $1881 1 $-1 $1720 1 $-1 $1884 1 $-1 $1722 1 $-1 $1883 1 $-1 $1721 1 $-1 $1560 1 $-1 $2499 1 $-1 $2269 1 $-1 $2500 1 $-1 $2272 1 $-1 $2498 1 $-1 $2268 1 $-1 $2057 1 $-1 $2271 1 $-1 $2059 1 $-1 $2270 1 $-1 $2058 1 $-1 $1875 1 $-1 $1564 1 $-1 $1393 1 $-1 $1565 1 $-1 $1394 1 $-1 $1395 1 $-1 $1236 1 $-1 $1092 1 $-1 $951 1 $-1 $1724 1 $-1 $1562 1 $-1 $1563 1 $-1 $1392 1 $-1 $1235 1 $-1 $2273 1 $-1 $2062 1 $-1 $1880 1 $-1 $1723 1 $-1 $1561 1 $-1 $1391 1 $-1 $1559 1 $-1 $1390 1 $-1 $1234 1 $-1 $2060 1 $-1 $1876 1 $-1 $1715 1 $-1 $805 1 $-1 $654 1 $-1 $655 1 $-1 $507 1 $-1 $508 1 $-1 $378 1 $-1 $379 1 $-1 $270 1 $-1 $271 1 $-1 $178 1 $-1 $179 1 $-1 $109 1 $-1 $110 1 $-1 $63 1 $-1 $64 1 $-1 $39 1 $-1 $40 1 $-1 $26 1 $-1 $27 1 $-1 $16 1 $-1 $17 1 $-1 $11 1 $-1 $12 1 $-1 $6 0 0 0 #
-27 delta_state 19 1 0 $29 $25 $27 $-1 $0 F 1 $27 2 1 $-1 $4684 1 $4723 $3818 1 $-1 $4678 1 $4724 $488 1 $-1 $4683 1 $4725 $3746 0 0 0 #
-28 delta_state 23 1 0 $26 $30 $28 $-1 $0 F 1 $28 2 1 $-1 $4700 1 $4726 $3999 1 $-1 $4702 1 $4727 $3955 1 $-1 $4699 1 $4728 $3948 0 0 0 #
-29 delta_state 20 1 0 $31 $27 $29 $-1 $0 F 1 $29 2 1 $-1 $4680 1 $4729 $366 1 $-1 $4677 1 $4730 $632 1 $4731 $363 0 0 0 #
-30 delta_state 22 1 0 $28 $31 $30 $-1 $0 F 1 $30 2 1 $-1 $4670 1 $4732 $921 1 $4733 $616 0 0 0 #
-31 delta_state 21 1 0 $30 $29 $31 $-1 $0 F 1 $31 2 1 $-1 $4706 1 $4734 $3912 1 $-1 $4708 1 $4735 $3979 1 $-1 $4705 1 $4736 $3893 0 0 0 #
End-of-ACIS-History-Section
-3213 face $712 62 $-1 $-1 $3272 $10 $-1 $713 forward single #
-3214 NMx_Feature_Orientation-NamingMatching-attrib $-1 -1 $3388 $-1 $3215 42 $89 $-1 #
-3215 face $3214 60 $-1 $631 $36 $10 $-1 $37 forward single #
-3216 NMx_blend_tag-NMx_Brep_Name_tag-NMx_Brep_tag-NamingMatching-attrib $-1 -1 $-1 $-1 $3217 42 1 1446 -1 1 1 160 0 0 0 0 #
-3217 face $3216 -1 $-1 $3353 $151 $10 $-1 $152 F F #
-3218 face $352 5297 $-1 $353 $3373 $10 $-1 $354 F F #
-3219 NMx_Matched_Entity-NamingMatching-attrib $-1 -1 $-1 $-1 $3220 42 1 1514 -1 218 0 #
-3220 edge $3219 316 $-1 $3250 -0.11 $3230 0.11 $3254 $3348 F @7 unknown #
-3221 edge $573 5427 $-1 $574 5.93827 $3250 16.6 $438 $575 forward @7 unknown #
-3222 edge $-1 -1 $-1 $3248 1.925 $3250 4.075 $3256 $3351 F @7 unknown #
-3223 edge $709 5468 $-1 $710 5.93827 $3230 16.6 $437 $711 F @7 unknown #
-3224 edge $-1 315 $-1 $3230 -4.075 $3231 -1.925 $3265 $3346 F @7 unknown #
-3225 NMx_Matched_Entity-NamingMatching-attrib $-1 -1 $-1 $-1 $3226 42 1 1516 -1 221 0 #
-3226 edge $3225 339 $-1 $3236 -0.11 $3241 0.11 $3375 $3386 F @7 unknown #
-3227 edge $-1 5437 $-1 $561 -0.785398 $3231 0.785398 $322 $562 F @7 unknown #
-3228 edge $-1 -1 $-1 $3248 -0.785398 $559 0.785398 $3258 $560 F @7 unknown #
-3229 NMx_Matched_Entity-NamingMatching-attrib $-1 -1 $-1 $-1 $3230 42 1 1514 -1 217 1 #
-3230 vertex $3229 -1 $-1 $3220 1 $3347 #
-3231 vertex $-1 -1 $-1 $432 1 $3345 #
-3232 vertex $-1 -1 $-1 $3234 1 $368 #
-3233 vertex $-1 -1 $-1 $3237 0 $3393 #
-3234 edge $-1 -1 $-1 $3233 -0.785398 $263 0.785398 $3369 $264 forward @7 unknown #
-3235 NMx_Matched_Entity-NamingMatching-attrib $-1 -1 $-1 $-1 $3236 42 1 1516 -1 219 1 #
-3236 vertex $3235 -1 $-1 $3239 0 $3395 #
-3237 edge $-1 -1 $-1 $3233 4 $3236 6.15 $3280 $3394 F @7 unknown #
-3238 NMx_Sweep_Generated_Brep_tag-NMx_Brep_Name_tag-NMx_Brep_tag-NamingMatching-attrib $-1 -1 $-1 $-1 $3239 42 1 62 -1 7 0 10 0 0 0 0 0 0 0 #
-3239 edge $3238 347 $-1 $3236 7.6 $248 18.2617 $3372 $249 F @7 unknown #
-3240 NMx_Matched_Entity-NamingMatching-attrib $-1 -1 $-1 $-1 $3241 42 1 1516 -1 220 1 #
-3241 vertex $3240 -1 $-1 $3243 0 $3389 #
-3242 NMx_Generated_Brep_tag-NMx_Brep_Name_tag-NMx_Brep_tag-NamingMatching-attrib $-1 -1 $-1 $-1 $3243 42 1 62 -1 7 0 2 #
-3243 edge $3242 344 $-1 $3241 7.6 $245 18.2617 $3364 $246 F @7 unknown #
-3244 vertex $-1 -1 $-1 $254 1 $3391 #
-3245 edge $-1 338 $-1 $3241 -6.15 $3244 -4 $3362 $3390 F @7 unknown #
-3246 edge $-1 5423 $-1 $350 -0.785398 $3244 0.785398 $167 $351 F @7 unknown #
-3247 vertex $-1 -1 $-1 $3228 1 $706 #
-3248 vertex $-1 -1 $-1 $3222 0 $3350 #
-3249 NMx_Matched_Entity-NamingMatching-attrib $-1 -1 $-1 $-1 $3250 42 1 1514 -1 216 1 #
-3250 vertex $3249 -1 $-1 $3220 0 $3349 #
-3251 edge $-1 -1 $-1 $3231 0 $3248 0.22 $3341 $3344 F @7 tangent #
-3252 straight-curve $-1 -1 $-1 0 163 0 -1 -0 -0 F -0 F 24.2 #
-3253 coedge $-1 -1 $-1 $3254 $566 $327 $443 F $3272 0 $-1 #
-3254 coedge $-1 -1 $-1 $437 $438 $3340 $3220 F $3272 0 $-1 #
-3255 coedge $-1 -1 $-1 $442 $3256 $438 $443 reversed $243 0 $-1 #
-3256 coedge $-1 -1 $-1 $327 $3260 $3337 $3222 F $243 0 $-1 #
-3257 ellipse-curve $-1 -1 $-1 -186 141.5 0 -0 -0 -1 1.41421 -1.41421 0 1 I I #
-3258 coedge $-1 -1 $-1 $429 $3268 $3260 $3228 F $151 0 $-1 #
-3259 coedge $-1 -1 $-1 $322 $3258 $557 $558 forward $151 0 $-1 #
-3260 coedge $-1 -1 $-1 $3256 $444 $3258 $3228 reversed $243 0 $-1 #
-3261 coedge $-1 -1 $-1 $3260 $466 $576 $577 forward $243 0 $-1 #
-3262 straight-curve $-1 -1 $-1 0 163 2.2 -1 -0 -0 I I #
-3263 coedge $-1 -1 $-1 $566 $3254 $564 $567 T $3272 0 $-1 #
-3264 coedge $-1 -1 $-1 $3265 $703 $437 $567 forward $3275 0 $-1 #
-3265 coedge $-1 -1 $-1 $431 $564 $3343 $3224 forward $3275 0 $-1 #
-3266 ellipse-curve $-1 -1 $-1 -186 141.5 2.2 0 0 1 1.41421 -1.41421 0 1 I I #
-3267 coedge $-1 -1 $-1 $3268 $429 $431 $432 F $151 0 $-1 #
-3268 coedge $-1 -1 $-1 $3258 $322 $3341 $3251 F $151 0 $-1 #
-3269 coedge $-1 -1 $-1 $361 $3265 $322 $432 reversed $3275 0 $-1 #
-3270 loop $-1 -1 $-1 $-1 $242 $3271 #
-3271 face $3290 -1 $-1 $317 $56 $10 $-1 $57 reversed single #
-3272 loop $-1 -1 $-1 $-1 $566 $568 #
-3273 coedge $-1 -1 $-1 $438 $437 $702 $708 reversed $3272 0 $-1 #
-3274 loop $-1 -1 $-1 $-1 $322 $3217 #
-3275 loop $-1 -1 $-1 $174 $171 $175 #
-3276 coedge $-1 -1 $-1 $260 $431 $482 $483 forward $3275 0 $-1 #
-3277 coedge $-1 -1 $-1 $172 $361 $362 $363 forward $3275 0 $-1 #
-3278 coedge $-1 -1 $-1 $3279 $260 $261 $262 forward $3275 0 $-1 #
-3279 coedge $-1 -1 $-1 $3280 $172 $3369 $3234 T $3275 0 $-1 #
-3280 coedge $-1 -1 $-1 $3281 $3279 $3379 $3237 F $3275 0 $-1 #
-3281 coedge $-1 -1 $-1 $171 $3280 $3372 $3239 forward $3275 0 $-1 #
-3282 coedge $-1 -1 $-1 $257 $3281 $258 $259 reversed $3275 0 $-1 #
-3283 coedge $-1 -1 $-1 $355 $171 $356 $357 reversed $3275 0 $-1 #
-3284 coedge $-1 -1 $-1 $474 $257 $475 $476 forward $3275 0 $-1 #
-3285 coedge $-1 -1 $-1 $614 $355 $615 $616 forward $3275 0 $-1 #
-3286 coedge $-1 -1 $-1 $767 $474 $768 $769 forward $3275 0 $-1 #
-3287 coedge $-1 -1 $-1 $703 $614 $849 $914 reversed $3275 0 $-1 #
-3288 coedge $-1 -1 $-1 $564 $767 $556 $704 reversed $3275 0 $-1 #
-3289 face $267 5309 $-1 $268 $3275 $10 $-1 $269 F F #
-3290 NMx_feature_dependency_attrib-NamingMatching-attrib $-1 -1 $3339 $-1 $3271 42 2 1416 1446 #
-3291 loop $-1 -1 $-1 $95 $96 $3271 #
-3292 loop $-1 -1 $-1 $154 $155 $3271 #
-3293 loop $-1 -1 $-1 $233 $234 $3271 #
-3294 loop $-1 -1 $-1 $332 $333 $3271 #
-3295 loop $-1 -1 $-1 $447 $448 $3271 #
-3296 loop $-1 -1 $-1 $578 $579 $3271 #
-3297 loop $-1 -1 $-1 $722 $723 $3271 #
-3298 loop $-1 -1 $-1 $864 $865 $3271 #
-3299 loop $-1 -1 $-1 $997 $998 $3271 #
-3300 loop $-1 -1 $-1 $1132 $1133 $3271 #
-3301 loop $-1 -1 $-1 $1272 $1273 $3271 #
-3302 loop $-1 -1 $-1 $1423 $1424 $3271 #
-3303 loop $-1 -1 $-1 $1582 $1583 $3271 #
-3304 loop $-1 -1 $-1 $1735 $1736 $3271 #
-3305 loop $-1 -1 $-1 $1895 $1896 $3271 #
-3306 loop $-1 -1 $-1 $2075 $2076 $3271 #
-3307 loop $-1 -1 $-1 $2282 $2283 $3271 #
-3308 loop $-1 -1 $-1 $2504 $2505 $3271 #
-3309 loop $-1 -1 $-1 $2261 $2723 $3271 #
-3310 loop $-1 -1 $-1 $2487 $2050 $3271 #
-3311 loop $-1 -1 $-1 $1184 $2252 $3271 #
-3312 loop $-1 -1 $-1 $1333 $1042 $3271 #
-3313 loop $-1 -1 $-1 $1495 $1496 $3271 #
-3314 loop $-1 -1 $-1 $1649 $1650 $3271 #
-3315 loop $-1 -1 $-1 $1794 $1795 $3271 #
-3316 loop $-1 -1 $-1 $1960 $1710 $3271 #
-3317 loop $-1 -1 $-1 $1918 $1912 $3271 #
-3318 loop $-1 -1 $-1 $1766 $1758 $3271 #
-3319 loop $-1 -1 $-1 $1085 $1616 $3271 #
-3320 loop $-1 -1 $-1 $1229 $944 $3271 #
-3321 loop $-1 -1 $-1 $1175 $1305 $3271 #
-3322 loop $-1 -1 $-1 $1324 $1031 $3271 #
-3323 loop $-1 -1 $-1 $1482 $1483 $3271 #
-3324 loop $-1 -1 $-1 $1640 $1641 $3271 #
-3325 loop $-1 -1 $-1 $1786 $1787 $3271 #
-3326 loop $-1 -1 $-1 $1943 $1944 $3271 #
-3327 loop $-1 -1 $-1 $2116 $2117 $3271 #
-3328 loop $-1 -1 $-1 $2313 $2314 $3271 #
-3329 loop $-1 -1 $-1 $2522 $2523 $3271 #
-3330 loop $-1 -1 $-1 $2733 $2734 $3271 #
-3331 loop $-1 -1 $-1 $2679 $2653 $3271 #
-3332 loop $-1 -1 $-1 $2454 $2428 $3271 #
-3333 loop $-1 -1 $-1 $1514 $2215 $3271 #
-3334 loop $-1 -1 $-1 $243 $1518 $3271 #
-3335 shell $-1 -1 $-1 $-1 $-1 $150 $-1 $4 #
-3336 NMx_feature_dependency_attrib-NamingMatching-attrib $-1 -1 $373 $-1 $175 42 2 1416 1446 #
-3337 coedge $-1 -1 $-1 $3341 $3340 $3256 $3222 T $3352 0 $-1 #
-3338 face $316 5294 $-1 $3271 $318 $10 $-1 $319 F F #
-3339 NMx_Sweep_Generated_Brep_tag-NMx_Brep_Name_tag-NMx_Brep_tag-NamingMatching-attrib $-1 -1 $-1 $3290 $3271 42 1 62 -1 0 0 4 0 0 0 0 0 0 0 #
-3340 coedge $-1 -1 $-1 $3337 $3343 $3254 $3220 T $3352 0 $-1 #
-3341 coedge $-1 -1 $-1 $3343 $3337 $3268 $3251 T $3352 0 $-1 #
-3342 face $553 5296 $-1 $3217 $554 $10 $-1 $555 forward single #
-3343 coedge $-1 -1 $-1 $3340 $3341 $3265 $3224 T $3352 0 $-1 #
-3344 straight-curve $-1 -1 $-1 -166 141.5 2.2 0 0 -1 F -6.2 F 6.42 #
-3345 point $-1 -1 $-1 -166 141.5 2.2 #
-3346 straight-curve $-1 -1 $-1 -166 122.25 2.2 0 -1 0 I I #
-3347 point $-1 -1 $-1 -166 163 2.2 #
-3348 straight-curve $-1 -1 $-1 -166 163 1.1 0 0 1 I I #
-3349 point $-1 -1 $-1 -166 163 0 #
-3350 point $-1 -1 $-1 -166 141.5 0 #
-3351 straight-curve $-1 -1 $-1 -166 122.25 0 0 1 0 I I #
-3352 loop $-1 -1 $-1 $-1 $3341 $3353 #
-3353 face $3356 -1 $-1 $255 $3352 $10 $-1 $3354 T F #
-3354 plane-surface $-1 -1 $-1 -166 163 2.2 1 0 0 0 -1 0 forward_v I I I I #
-3355 NMx_Sweep_Generated_Brep_tag-NMx_Brep_Name_tag-NMx_Brep_tag-NamingMatching-attrib $-1 -1 $-1 $3356 $3353 42 1 236 -1 23 0 20 0 0 0 0 0 0 0 #
-3356 NMx_Feature_Orientation-NamingMatching-attrib $-1 -1 $3355 $-1 $3353 42 $1071 $-1 #
-3357 edge $-1 -1 $-1 $3244 -0.22 $3233 0 $3376 $3392 F @7 tangent #
-3358 ellipse-curve $-1 -1 $-1 -186 21.5 0 -0 -0 -1 1.41421 1.41421 0 1 I I #
-3359 coedge $-1 -1 $-1 $3360 $253 $251 $254 F $3373 0 $-1 #
-3360 coedge $-1 -1 $-1 $3369 $167 $3376 $3357 F $3373 0 $-1 #
-3361 coedge $-1 -1 $-1 $347 $3362 $167 $254 reversed $243 0 $-1 #
-3362 coedge $-1 -1 $-1 $251 $3366 $3377 $3245 forward $243 0 $-1 #
-3363 straight-curve $-1 -1 $-1 -242 0 0 1 -0 -0 F 0 F 24.2 #
-3364 coedge $-1 -1 $-1 $158 $3375 $3366 $3243 F $36 0 $-1 #
-3365 coedge $-1 -1 $-1 $3372 $3364 $240 $241 reversed $36 0 $-1 #
-3366 coedge $-1 -1 $-1 $3362 $242 $3364 $3243 T $243 0 $-1 #
-3367 coedge $-1 -1 $-1 $3366 $343 $320 $344 reversed $243 0 $-1 #
-3368 ellipse-curve $-1 -1 $-1 -186 21.5 2.2 0 0 1 1.41421 1.41421 0 1 I I #
-3369 coedge $-1 -1 $-1 $253 $3360 $3279 $3234 F $3373 0 $-1 #
-3370 coedge $-1 -1 $-1 $167 $3369 $348 $349 forward $3373 0 $-1 #
-3371 straight-curve $-1 -1 $-1 -242 0 2.2 1 0 0 I I #
-3372 coedge $-1 -1 $-1 $3375 $158 $3281 $3239 T $36 0 $-1 #
-3373 loop $-1 -1 $-1 $-1 $3369 $255 #
-3374 loop $-1 -1 $-1 $-1 $158 $3215 #
-3375 coedge $-1 -1 $-1 $3364 $3372 $3378 $3226 forward $36 0 $-1 #
-3376 coedge $-1 -1 $-1 $3377 $3379 $3360 $3357 T $3380 0 $-1 #
-3377 coedge $-1 -1 $-1 $3378 $3376 $3362 $3245 T $3380 0 $-1 #
-3378 coedge $-1 -1 $-1 $3379 $3377 $3375 $3226 T $3380 0 $-1 #
-3379 coedge $-1 -1 $-1 $3376 $3378 $3280 $3237 T $3380 0 $-1 #
-3380 loop $-1 -1 $-1 $-1 $3376 $3381 #
-3381 face $3385 309 $-1 $920 $3380 $10 $-1 $3383 T F #
-3382 face $925 304 $-1 $3381 $619 $10 $-1 $926 T F #
-3383 plane-surface $-1 -1 $-1 -166 41.5 2.2 1 -0 0 -0 -1 -0 forward_v I I I I #
-3384 NMx_Sweep_Generated_Brep_tag-NMx_Brep_Name_tag-NMx_Brep_tag-NamingMatching-attrib $-1 -1 $-1 $3385 $3381 42 1 236 -1 31 0 20 0 0 0 0 0 0 0 #
-3385 NMx_Feature_Orientation-NamingMatching-attrib $-1 -1 $3384 $-1 $3381 42 $609 $-1 #
-3386 straight-curve $-1 -1 $-1 -166 0 1.1 0 0 -1 I I #
-3387 face $1064 310 $-1 $3215 $772 $10 $-1 $1065 forward single #
-3388 NMx_Sweep_Generated_Brep_tag-NMx_Brep_Name_tag-NMx_Brep_tag-NamingMatching-attrib $-1 -1 $-1 $3214 $3215 42 1 62 -1 7 0 20 0 0 0 0 0 0 0 #
-3389 point $-1 -1 $-1 -166 0 0 #
-3390 straight-curve $-1 -1 $-1 -166 61.5 0 0 1 -0 I I #
-3391 point $-1 -1 $-1 -166 21.5 0 #
-3392 straight-curve $-1 -1 $-1 -166 21.5 2.2 -0 0 1 F -6.42 F 6.2 #
-3393 point $-1 -1 $-1 -166 21.5 2.2 #
-3394 straight-curve $-1 -1 $-1 -166 61.5 2.2 -0 -1 0 I I #
-3395 point $-1 -1 $-1 -166 -1.77636e-14 2.2 #
-3396 face $712 62 $-1 $-1 $3470 $10 $-1 $713 forward single #
-3397 face $3214 60 $-1 $631 $3559 $10 $-1 $37 F F #
-3398 NMx_blend_tag-NMx_Brep_Name_tag-NMx_Brep_tag-NamingMatching-attrib $-1 -1 $-1 $-1 $3399 42 1 1446 -1 1 1 152 0 0 0 0 #
-3399 face $3398 -1 $-1 $472 $554 $10 $-1 $555 forward single #
-3400 NMx_blend_tag-NMx_Brep_Name_tag-NMx_Brep_tag-NamingMatching-attrib $-1 -1 $-1 $-1 $3401 42 1 1446 -1 1 1 154 0 0 0 0 #
-3401 face $3400 -1 $-1 $3542 $318 $10 $-1 $319 F F #
-3402 NMx_Sweep_Generated_Brep_tag-NMx_Brep_Name_tag-NMx_Brep_tag-NamingMatching-attrib $-1 -1 $3535 $-1 $3403 42 1 62 -1 5 0 10 0 0 0 0 0 0 0 #
-3403 edge $3402 348 $-1 $3433 4 $3230 16.6 $3446 $711 F @7 unknown #
-3404 NMx_Matched_Entity-NamingMatching-attrib $-1 -1 $-1 $-1 $3405 42 1 1488 -1 189 0 #
-3405 edge $3404 332 $-1 $3433 -0.11 $3415 0.11 $3524 $3537 F @7 unknown #
-3406 edge $-1 -1 $-1 $3431 4.425 $3433 5.725 $3526 $3534 F @7 unknown #
-3407 NMx_Generated_Brep_tag-NMx_Brep_Name_tag-NMx_Brep_tag-NamingMatching-attrib $-1 -1 $-1 $-1 $3408 42 1 62 -1 5 0 2 #
-3408 edge $3407 343 $-1 $3415 4 $3250 16.6 $3451 $575 F @7 unknown #
-3409 edge $-1 331 $-1 $3415 -5.725 $3416 -4.425 $3444 $3523 F @7 unknown #
-3410 NMx_Matched_Entity-NamingMatching-attrib $-1 -1 $-1 $-1 $3411 42 1 1490 -1 193 0 #
-3411 edge $3410 326 $-1 $3421 -0.11 $3425 0.11 $3546 $3572 F @7 unknown #
-3412 edge $-1 -1 $-1 $3431 -0.785398 $917 0.785398 $3436 $1060 F @7 unknown #
-3413 edge $-1 5429 $-1 $860 -0.785398 $3416 0.785398 $715 $861 F @7 unknown #
-3414 NMx_Matched_Entity-NamingMatching-attrib $-1 -1 $-1 $-1 $3415 42 1 1488 -1 188 1 #
-3415 vertex $3414 -1 $-1 $3408 0 $3538 #
-3416 vertex $-1 -1 $-1 $716 1 $3539 #
-3417 vertex $-1 -1 $-1 $3419 1 $756 #
-3418 vertex $-1 -1 $-1 $3422 0 $3573 #
-3419 edge $-1 -1 $-1 $3418 -0.785398 $601 0.785398 $3550 $602 forward @7 unknown #
-3420 NMx_Matched_Entity-NamingMatching-attrib $-1 -1 $-1 $-1 $3421 42 1 1490 -1 191 1 #
-3421 vertex $3420 -1 $-1 $3411 0 $3575 #
-3422 edge $-1 -1 $-1 $3418 2.775 $3421 4.075 $3548 $3574 F @7 unknown #
-3423 edge $3242 344 $-1 $3241 7.6 $3421 20.2 $3364 $246 F @7 unknown #
-3424 NMx_Matched_Entity-NamingMatching-attrib $-1 -1 $-1 $-1 $3425 42 1 1490 -1 192 1 #
-3425 vertex $3424 -1 $-1 $3411 1 $3576 #
-3426 edge $3238 347 $-1 $3236 7.6 $3425 20.2 $3372 $249 F @7 unknown #
-3427 vertex $-1 -1 $-1 $357 1 $3578 #
-3428 edge $-1 325 $-1 $3425 -4.075 $3427 -2.775 $3463 $3577 F @7 unknown #
-3429 edge $-1 5441 $-1 $478 -0.785398 $3427 0.785398 $356 $479 forward @7 unknown #
-3430 vertex $-1 -1 $-1 $3412 1 $1062 #
-3431 vertex $-1 -1 $-1 $3406 0 $3541 #
-3432 NMx_Matched_Entity-NamingMatching-attrib $-1 -1 $-1 $-1 $3433 42 1 1488 -1 187 1 #
-3433 vertex $3432 -1 $-1 $3403 0 $3536 #
-3434 edge $-1 -1 $-1 $3416 -0.22 $3431 0 $3522 $3540 F @7 tangent #
-3435 ellipse-curve $-1 -1 $-1 -20 150 2.2 0 0 1 -1.41421 -1.41421 0 1 I I #
-3436 coedge $-1 -1 $-1 $859 $3442 $3438 $3412 F $554 0 $-1 #
-3437 coedge $-1 -1 $-1 $715 $3436 $766 $913 F $554 0 $-1 #
-3438 coedge $-1 -1 $-1 $3526 $614 $3436 $3412 T $3455 0 $-1 #
-3439 coedge $-1 -1 $-1 $3438 $474 $768 $769 forward $3455 0 $-1 #
-3440 ellipse-curve $-1 -1 $-1 -20 150 0 -0 -0 -1 -1.41421 -1.41421 0 1 I I #
-3441 coedge $-1 -1 $-1 $3442 $859 $570 $716 F $554 0 $-1 #
-3442 coedge $-1 -1 $-1 $3436 $715 $3522 $3434 F $554 0 $-1 #
-3443 coedge $-1 -1 $-1 $714 $3444 $715 $716 reversed $243 0 $-1 #
-3444 coedge $-1 -1 $-1 $570 $3452 $3519 $3409 F $243 0 $-1 #
-3445 straight-curve $-1 -1 $-1 0 163 2.2 -1 -0 -0 I I #
-3446 coedge $-1 -1 $-1 $3524 $3254 $3448 $3403 T $3470 0 $-1 #
-3447 coedge $-1 -1 $-1 $3446 $3451 $3340 $3220 F $3470 0 $-1 #
-3448 coedge $-1 -1 $-1 $3265 $3526 $3446 $3403 F $3455 0 $-1 #
-3449 coedge $-1 -1 $-1 $431 $3448 $3343 $3224 forward $3455 0 $-1 #
-3450 straight-curve $-1 -1 $-1 0 163 0 -1 -0 -0 F -0 F 24.2 #
-3451 coedge $-1 -1 $-1 $3254 $3524 $3452 $3408 F $3470 0 $-1 #
-3452 coedge $-1 -1 $-1 $3444 $3256 $3451 $3408 reversed $243 0 $-1 #
-3453 coedge $-1 -1 $-1 $3452 $3260 $3337 $3222 F $243 0 $-1 #
-3454 loop $-1 -1 $-1 $-1 $3436 $3399 #
-3455 loop $-1 -1 $-1 $1205 $3265 $175 #
-3456 coedge $-1 -1 $-1 $361 $3265 $322 $432 reversed $3455 0 $-1 #
-3457 coedge $-1 -1 $-1 $260 $431 $482 $483 forward $3455 0 $-1 #
-3458 coedge $-1 -1 $-1 $172 $361 $362 $363 forward $3455 0 $-1 #
-3459 coedge $-1 -1 $-1 $3279 $260 $261 $262 forward $3455 0 $-1 #
-3460 coedge $-1 -1 $-1 $3280 $172 $3369 $3234 T $3455 0 $-1 #
-3461 coedge $-1 -1 $-1 $3281 $3279 $3379 $3237 F $3455 0 $-1 #
-3462 coedge $-1 -1 $-1 $3463 $3280 $3372 $3239 forward $3455 0 $-1 #
-3463 coedge $-1 -1 $-1 $257 $3281 $3565 $3428 F $3455 0 $-1 #
-3464 coedge $-1 -1 $-1 $355 $3463 $356 $357 reversed $3455 0 $-1 #
-3465 coedge $-1 -1 $-1 $474 $257 $475 $476 forward $3455 0 $-1 #
-3466 coedge $-1 -1 $-1 $614 $355 $615 $616 forward $3455 0 $-1 #
-3467 face $267 5309 $-1 $268 $174 $10 $-1 $269 forward single #
-3468 loop $-1 -1 $-1 $-1 $444 $3469 #
-3469 face $3474 311 $-1 $3215 $56 $10 $-1 $57 reversed single #
-3470 loop $-1 -1 $-1 $-1 $3254 $568 #
-3471 shell $-1 -1 $-1 $-1 $-1 $3217 $-1 $4 #
-3472 NMx_feature_dependency_attrib-NamingMatching-attrib $-1 -1 $373 $-1 $175 42 2 1416 1446 #
-3473 loop $-1 -1 $-1 $3455 $2020 $175 #
-3474 NMx_feature_dependency_attrib-NamingMatching-attrib $-1 -1 $3521 $-1 $3469 42 2 1416 1446 #
-3475 loop $-1 -1 $-1 $95 $96 $3469 #
-3476 loop $-1 -1 $-1 $154 $155 $3469 #
-3477 loop $-1 -1 $-1 $233 $234 $3469 #
-3478 loop $-1 -1 $-1 $332 $333 $3469 #
-3479 loop $-1 -1 $-1 $447 $448 $3469 #
-3480 loop $-1 -1 $-1 $578 $579 $3469 #
-3481 loop $-1 -1 $-1 $722 $723 $3469 #
-3482 loop $-1 -1 $-1 $864 $865 $3469 #
-3483 loop $-1 -1 $-1 $997 $998 $3469 #
-3484 loop $-1 -1 $-1 $1132 $1133 $3469 #
-3485 loop $-1 -1 $-1 $1272 $1273 $3469 #
-3486 loop $-1 -1 $-1 $1423 $1424 $3469 #
-3487 loop $-1 -1 $-1 $1582 $1583 $3469 #
-3488 loop $-1 -1 $-1 $1735 $1736 $3469 #
-3489 loop $-1 -1 $-1 $1895 $1896 $3469 #
-3490 loop $-1 -1 $-1 $2075 $2076 $3469 #
-3491 loop $-1 -1 $-1 $2282 $2283 $3469 #
-3492 loop $-1 -1 $-1 $2504 $2505 $3469 #
-3493 loop $-1 -1 $-1 $2261 $2723 $3469 #
-3494 loop $-1 -1 $-1 $2487 $2050 $3469 #
-3495 loop $-1 -1 $-1 $1184 $2252 $3469 #
-3496 loop $-1 -1 $-1 $1333 $1042 $3469 #
-3497 loop $-1 -1 $-1 $1495 $1496 $3469 #
-3498 loop $-1 -1 $-1 $1649 $1650 $3469 #
-3499 loop $-1 -1 $-1 $1794 $1795 $3469 #
-3500 loop $-1 -1 $-1 $1960 $1710 $3469 #
-3501 loop $-1 -1 $-1 $1918 $1912 $3469 #
-3502 loop $-1 -1 $-1 $1766 $1758 $3469 #
-3503 loop $-1 -1 $-1 $1085 $1616 $3469 #
-3504 loop $-1 -1 $-1 $1229 $944 $3469 #
-3505 loop $-1 -1 $-1 $1175 $1305 $3469 #
-3506 loop $-1 -1 $-1 $1324 $1031 $3469 #
-3507 loop $-1 -1 $-1 $1482 $1483 $3469 #
-3508 loop $-1 -1 $-1 $1640 $1641 $3469 #
-3509 loop $-1 -1 $-1 $1786 $1787 $3469 #
-3510 loop $-1 -1 $-1 $1943 $1944 $3469 #
-3511 loop $-1 -1 $-1 $2116 $2117 $3469 #
-3512 loop $-1 -1 $-1 $2313 $2314 $3469 #
-3513 loop $-1 -1 $-1 $2522 $2523 $3469 #
-3514 loop $-1 -1 $-1 $2733 $2734 $3469 #
-3515 loop $-1 -1 $-1 $2679 $2653 $3469 #
-3516 loop $-1 -1 $-1 $2454 $2428 $3469 #
-3517 loop $-1 -1 $-1 $1514 $2215 $3469 #
-3518 loop $-1 -1 $-1 $243 $1518 $3469 #
-3519 coedge $-1 -1 $-1 $3525 $3522 $3444 $3409 T $3528 0 $-1 #
-3520 face $1064 310 $-1 $3469 $772 $10 $-1 $1065 forward single #
-3521 NMx_Sweep_Generated_Brep_tag-NMx_Brep_Name_tag-NMx_Brep_tag-NamingMatching-attrib $-1 -1 $-1 $3474 $3469 42 1 62 -1 0 0 4 0 0 0 0 0 0 0 #
-3522 coedge $-1 -1 $-1 $3519 $3527 $3442 $3434 T $3528 0 $-1 #
-3523 straight-curve $-1 -1 $-1 -40 105.75 0 0 -1 0 I I #
-3524 coedge $-1 -1 $-1 $3451 $3446 $3525 $3405 F $3470 0 $-1 #
-3525 coedge $-1 -1 $-1 $3527 $3519 $3524 $3405 T $3528 0 $-1 #
-3526 coedge $-1 -1 $-1 $3448 $3438 $3527 $3406 F $3455 0 $-1 #
-3527 coedge $-1 -1 $-1 $3522 $3525 $3526 $3406 T $3528 0 $-1 #
-3528 loop $-1 -1 $-1 $-1 $3522 $3529 #
-3529 face $3533 307 $-1 $3381 $3528 $10 $-1 $3531 T F #
-3530 face $925 304 $-1 $3529 $619 $10 $-1 $926 T F #
-3531 plane-surface $-1 -1 $-1 -40 130 2.2 -1 -0 -0 -0 1 -0 forward_v I I I I #
-3532 NMx_Sweep_Generated_Brep_tag-NMx_Brep_Name_tag-NMx_Brep_tag-NamingMatching-attrib $-1 -1 $-1 $3533 $3529 42 1 236 -1 16 0 20 0 0 0 0 0 0 0 #
-3533 NMx_Feature_Orientation-NamingMatching-attrib $-1 -1 $3532 $-1 $3529 42 $761 $-1 #
-3534 straight-curve $-1 -1 $-1 -40 105.75 2.2 0 1 0 I I #
-3535 NMx_Matched_Entity-NamingMatching-attrib $-1 -1 $-1 $3402 $3403 42 1 117 -1 5 0 #
-3536 point $-1 -1 $-1 -40 163 2.2 #
-3537 straight-curve $-1 -1 $-1 -40 163 1.1 0 0 -1 I I #
-3538 point $-1 -1 $-1 -40 163 0 #
-3539 point $-1 -1 $-1 -40 150 0 #
-3540 straight-curve $-1 -1 $-1 -40 150 2.2 -0 0 1 F -6.42 F 6.2 #
-3541 point $-1 -1 $-1 -40 150 2.2 #
-3542 face $3571 -1 $-1 $3399 $3568 $10 $-1 $3569 T F #
-3543 edge $-1 -1 $-1 $3427 0 $3418 0.22 $3562 $3564 F @7 tangent #
-3544 straight-curve $-1 -1 $-1 -242 0 0 1 -0 -0 F 0 F 24.2 #
-3545 coedge $-1 -1 $-1 $3546 $3375 $3366 $3243 F $3559 0 $-1 #
-3546 coedge $-1 -1 $-1 $3372 $3364 $3566 $3411 F $3559 0 $-1 #
-3547 coedge $-1 -1 $-1 $3362 $3548 $3364 $3243 T $243 0 $-1 #
-3548 coedge $-1 -1 $-1 $3366 $3552 $3567 $3422 F $243 0 $-1 #
-3549 ellipse-curve $-1 -1 $-1 -20 13 0 -0 -0 -1 -1.41421 1.41421 0 1 I I #
-3550 coedge $-1 -1 $-1 $477 $3558 $3552 $3419 F $318 0 $-1 #
-3551 coedge $-1 -1 $-1 $356 $3550 $617 $623 forward $318 0 $-1 #
-3552 coedge $-1 -1 $-1 $3548 $461 $3550 $3419 T $243 0 $-1 #
-3553 coedge $-1 -1 $-1 $3552 $598 $599 $600 forward $243 0 $-1 #
-3554 straight-curve $-1 -1 $-1 -242 0 2.2 1 0 0 I I #
-3555 coedge $-1 -1 $-1 $3375 $3546 $3281 $3239 T $3559 0 $-1 #
-3556 ellipse-curve $-1 -1 $-1 -20 13 2.2 0 0 1 -1.41421 1.41421 0 1 I I #
-3557 coedge $-1 -1 $-1 $3558 $477 $257 $357 F $318 0 $-1 #
-3558 coedge $-1 -1 $-1 $3550 $356 $3562 $3543 F $318 0 $-1 #
-3559 loop $-1 -1 $-1 $-1 $3546 $3215 #
-3560 coedge $-1 -1 $-1 $3364 $3372 $3378 $3226 forward $3559 0 $-1 #
-3561 loop $-1 -1 $-1 $-1 $356 $3401 #
-3562 coedge $-1 -1 $-1 $3565 $3567 $3558 $3543 T $3568 0 $-1 #
-3563 face $471 5298 $-1 $3401 $365 $10 $-1 $473 reversed single #
-3564 straight-curve $-1 -1 $-1 -40 13 2.2 -0 0 -1 F -6.2 F 6.42 #
-3565 coedge $-1 -1 $-1 $3566 $3562 $3463 $3428 T $3568 0 $-1 #
-3566 coedge $-1 -1 $-1 $3567 $3565 $3546 $3411 T $3568 0 $-1 #
-3567 coedge $-1 -1 $-1 $3562 $3566 $3548 $3422 T $3568 0 $-1 #
-3568 loop $-1 -1 $-1 $-1 $3562 $3542 #
-3569 plane-surface $-1 -1 $-1 -40 -1.77636e-14 2.2 -1 0 0 0 1 0 forward_v I I I I #
-3570 NMx_Sweep_Generated_Brep_tag-NMx_Brep_Name_tag-NMx_Brep_tag-NamingMatching-attrib $-1 -1 $-1 $3571 $3542 42 1 236 -1 6 0 20 0 0 0 0 0 0 0 #
-3571 NMx_Feature_Orientation-NamingMatching-attrib $-1 -1 $3570 $-1 $3542 42 $1211 $-1 #
-3572 straight-curve $-1 -1 $-1 -40 0 1.1 0 0 1 I I #
-3573 point $-1 -1 $-1 -40 13 0 #
-3574 straight-curve $-1 -1 $-1 -40 40.75 0 0 -1 0 I I #
-3575 point $-1 -1 $-1 -40 0 0 #
-3576 point $-1 -1 $-1 -40 -1.77636e-14 2.2 #
-3577 straight-curve $-1 -1 $-1 -40 40.75 2.2 0 1 -0 I I #
-3578 point $-1 -1 $-1 -40 13 2.2 #
-3579 coedge $-1 -1 $-1 $3627 $3629 $3606 $3582 F $3630 0 $-1 #
-3580 coedge $-1 -1 $-1 $3633 $3635 $3607 $3584 F $3636 0 $-1 #
-3581 coedge $-1 -1 $-1 $3643 $3645 $3609 $3585 F $3646 0 $-1 #
-3582 edge $3586 76 $-1 $3587 0 $3588 16.3 $3579 $906 F @7 unknown #
-3583 coedge $-1 -1 $-1 $3638 $3640 $3608 $3589 F $3641 0 $-1 #
-3584 edge $3590 73 $-1 $3588 9.98087e-16 $3591 24.2 $3580 $575 F @7 unknown #
-3585 edge $3592 66 $-1 $3593 0 $3587 24.2 $3581 $246 F @7 unknown #
-3586 NMx_Generated_Brep_tag-NMx_Brep_Name_tag-NMx_Brep_tag-NamingMatching-attrib $-1 -1 $-1 $-1 $3582 42 1 62 -1 6 0 2 #
-3587 vertex $3594 -1 $-1 $3582 0 $3595 #
-3588 vertex $3596 -1 $-1 $3582 1 $3597 #
-3589 edge $3598 70 $-1 $3591 -0 $3593 16.3 $3583 $758 F @7 unknown #
-3590 NMx_Generated_Brep_tag-NMx_Brep_Name_tag-NMx_Brep_tag-NamingMatching-attrib $-1 -1 $-1 $-1 $3584 42 1 62 -1 5 0 2 #
-3591 vertex $3599 -1 $-1 $3584 1 $3600 #
-3592 NMx_Generated_Brep_tag-NMx_Brep_Name_tag-NMx_Brep_tag-NamingMatching-attrib $-1 -1 $-1 $-1 $3585 42 1 62 -1 7 0 2 #
-3593 vertex $3601 -1 $-1 $3589 1 $3602 #
-3594 NMx_Generated_Brep_tag-NMx_Brep_Name_tag-NMx_Brep_tag-NamingMatching-attrib $-1 -1 $-1 $-1 $3587 42 1 62 -1 1 0 1 #
-3595 point $-1 -1 $-1 0 0 0 #
-3596 NMx_Generated_Brep_tag-NMx_Brep_Name_tag-NMx_Brep_tag-NamingMatching-attrib $-1 -1 $-1 $-1 $3588 42 1 62 -1 3 0 1 #
-3597 point $-1 -1 $-1 -9.98087e-15 163 0 #
-3598 NMx_Generated_Brep_tag-NMx_Brep_Name_tag-NMx_Brep_tag-NamingMatching-attrib $-1 -1 $-1 $-1 $3589 42 1 62 -1 8 0 2 #
-3599 NMx_Generated_Brep_tag-NMx_Brep_Name_tag-NMx_Brep_tag-NamingMatching-attrib $-1 -1 $-1 $-1 $3591 42 1 62 -1 2 0 1 #
-3600 point $-1 -1 $-1 -242 163 0 #
-3601 NMx_Generated_Brep_tag-NMx_Brep_Name_tag-NMx_Brep_tag-NamingMatching-attrib $-1 -1 $-1 $-1 $3593 42 1 62 -1 4 0 1 #
-3602 point $-1 -1 $-1 -242 0 0 #
-3603 face $3891 64 $-1 $3605 $3604 $10 $-1 $269 F F #
-3604 loop $-1 -1 $-1 $-1 $3647 $3603 #
-3605 face $3652 65 $-1 $-1 $243 $10 $-1 $57 reversed single #
-3606 coedge $-1 -1 $-1 $3609 $3607 $3579 $3582 T $243 0 $-1 #
-3607 coedge $-1 -1 $-1 $3606 $3608 $3580 $3584 T $243 0 $-1 #
-3608 coedge $-1 -1 $-1 $3607 $3609 $3583 $3589 T $243 0 $-1 #
-3609 coedge $-1 -1 $-1 $3608 $3606 $3581 $3585 T $243 0 $-1 #
-3610 point $-1 -1 $-1 0 0 2.2 #
-3611 vertex $3662 -1 $-1 $3613 1 $3610 #
-3612 straight-curve $-1 -1 $-1 0 0 0 0 0 1 I I #
-3613 edge $3654 67 $-1 $3587 0 $3611 0.22 $3629 $3612 F @7 unknown #
-3614 point $-1 -1 $-1 -9.98087e-15 163 2.2 #
-3615 vertex $3888 -1 $-1 $3617 1 $3614 #
-3616 straight-curve $-1 -1 $-1 -9.98087e-15 163 0 0 0 1 I I #
-3617 edge $3655 75 $-1 $3588 0 $3615 0.22 $3627 $3616 F @7 unknown #
-3618 point $-1 -1 $-1 -242 163 2.2 #
-3619 vertex $3886 -1 $-1 $3621 1 $3618 #
-3620 straight-curve $-1 -1 $-1 -242 163 0 0 0 1 I I #
-3621 edge $3656 72 $-1 $3591 0 $3619 0.22 $3633 $3620 F @7 unknown #
-3622 point $-1 -1 $-1 -242 0 2.2 #
-3623 vertex $3665 -1 $-1 $3625 1 $3622 #
-3624 straight-curve $-1 -1 $-1 -242 0 0 0 0 1 I I #
-3625 edge $3657 69 $-1 $3593 0 $3623 0.22 $3638 $3624 F @7 unknown #
-3626 edge $3658 77 $-1 $3611 0 $3615 16.3 $3628 $775 F @7 unknown #
-3627 coedge $-1 -1 $-1 $3628 $3579 $3635 $3617 F $3630 0 $-1 #
-3628 coedge $-1 -1 $-1 $3629 $3627 $3647 $3626 T $3630 0 $-1 #
-3629 coedge $-1 -1 $-1 $3579 $3628 $3643 $3613 T $3630 0 $-1 #
-3630 loop $-1 -1 $-1 $-1 $3579 $3631 #
-3631 face $3666 63 $-1 $3603 $3630 $10 $-1 $1065 F F #
-3632 edge $3880 74 $-1 $3615 9.98087e-16 $3619 24.2 $3634 $711 F @7 unknown #
-3633 coedge $-1 -1 $-1 $3634 $3580 $3640 $3621 F $3636 0 $-1 #
-3634 coedge $-1 -1 $-1 $3635 $3633 $3648 $3632 T $3636 0 $-1 #
-3635 coedge $-1 -1 $-1 $3580 $3634 $3627 $3617 T $3636 0 $-1 #
-3636 loop $-1 -1 $-1 $-1 $3580 $568 #
-3637 edge $3660 71 $-1 $3619 -0 $3623 16.3 $3639 $489 F @7 unknown #
-3638 coedge $-1 -1 $-1 $3639 $3583 $3645 $3625 F $3641 0 $-1 #
-3639 coedge $-1 -1 $-1 $3640 $3638 $3649 $3637 T $3641 0 $-1 #
-3640 coedge $-1 -1 $-1 $3583 $3639 $3633 $3621 T $3641 0 $-1 #
-3641 loop $-1 -1 $-1 $-1 $3583 $631 #
-3642 edge $3661 68 $-1 $3623 0 $3611 24.2 $3644 $249 F @7 unknown #
-3643 coedge $-1 -1 $-1 $3644 $3581 $3629 $3613 F $3646 0 $-1 #
-3644 coedge $-1 -1 $-1 $3645 $3643 $3650 $3642 T $3646 0 $-1 #
-3645 coedge $-1 -1 $-1 $3581 $3644 $3638 $3625 T $3646 0 $-1 #
-3646 loop $-1 -1 $-1 $-1 $3581 $3215 #
-3647 coedge $-1 -1 $-1 $3648 $3650 $3628 $3626 F $3604 0 $-1 #
-3648 coedge $-1 -1 $-1 $3649 $3647 $3634 $3632 F $3604 0 $-1 #
-3649 coedge $-1 -1 $-1 $3650 $3648 $3639 $3637 F $3604 0 $-1 #
-3650 coedge $-1 -1 $-1 $3647 $3649 $3644 $3642 F $3604 0 $-1 #
-3651 NMx_Sweep_Generated_Brep_tag-NMx_Brep_Name_tag-NMx_Brep_tag-NamingMatching-attrib $-1 -1 $-1 $3666 $3631 42 1 62 -1 6 0 20 0 0 0 0 0 0 0 #
-3652 NMx_Sweep_Generated_Brep_tag-NMx_Brep_Name_tag-NMx_Brep_tag-NamingMatching-attrib $-1 -1 $-1 $-1 $3605 42 1 62 -1 0 0 4 0 0 0 0 0 0 0 #
-3653 NMx_Sweep_Generated_Brep_tag-NMx_Brep_Name_tag-NMx_Brep_tag-NamingMatching-attrib $-1 -1 $-1 $3891 $3603 42 1 62 -1 0 0 12 0 0 0 0 0 0 0 #
-3654 NMx_Sweep_Generated_Brep_tag-NMx_Brep_Name_tag-NMx_Brep_tag-NamingMatching-attrib $-1 -1 $-1 $-1 $3613 42 1 62 -1 1 0 18 0 0 0 0 0 0 0 #
-3655 NMx_Sweep_Generated_Brep_tag-NMx_Brep_Name_tag-NMx_Brep_tag-NamingMatching-attrib $-1 -1 $-1 $-1 $3617 42 1 62 -1 3 0 18 0 0 0 0 0 0 0 #
-3656 NMx_Sweep_Generated_Brep_tag-NMx_Brep_Name_tag-NMx_Brep_tag-NamingMatching-attrib $-1 -1 $-1 $-1 $3621 42 1 62 -1 2 0 18 0 0 0 0 0 0 0 #
-3657 NMx_Sweep_Generated_Brep_tag-NMx_Brep_Name_tag-NMx_Brep_tag-NamingMatching-attrib $-1 -1 $-1 $-1 $3625 42 1 62 -1 4 0 18 0 0 0 0 0 0 0 #
-3658 NMx_Sweep_Generated_Brep_tag-NMx_Brep_Name_tag-NMx_Brep_tag-NamingMatching-attrib $-1 -1 $-1 $-1 $3626 42 1 62 -1 6 0 10 0 0 0 0 0 0 0 #
-3659 NMx_Sweep_Generated_Brep_tag-NMx_Brep_Name_tag-NMx_Brep_tag-NamingMatching-attrib $-1 -1 $-1 $3880 $3632 42 1 62 -1 5 0 10 0 0 0 0 0 0 0 #
-3660 NMx_Sweep_Generated_Brep_tag-NMx_Brep_Name_tag-NMx_Brep_tag-NamingMatching-attrib $-1 -1 $-1 $-1 $3637 42 1 62 -1 8 0 10 0 0 0 0 0 0 0 #
-3661 NMx_Sweep_Generated_Brep_tag-NMx_Brep_Name_tag-NMx_Brep_tag-NamingMatching-attrib $-1 -1 $-1 $-1 $3642 42 1 62 -1 7 0 10 0 0 0 0 0 0 0 #
-3662 NMx_Sweep_Generated_Brep_tag-NMx_Brep_Name_tag-NMx_Brep_tag-NamingMatching-attrib $-1 -1 $-1 $-1 $3611 42 1 62 -1 1 0 9 0 0 0 0 0 0 0 #
-3663 NMx_Sweep_Generated_Brep_tag-NMx_Brep_Name_tag-NMx_Brep_tag-NamingMatching-attrib $-1 -1 $-1 $3881 $3615 42 1 62 -1 3 0 9 0 0 0 0 0 0 0 #
-3664 NMx_Sweep_Generated_Brep_tag-NMx_Brep_Name_tag-NMx_Brep_tag-NamingMatching-attrib $-1 -1 $-1 $3883 $3619 42 1 62 -1 2 0 9 0 0 0 0 0 0 0 #
-3665 NMx_Sweep_Generated_Brep_tag-NMx_Brep_Name_tag-NMx_Brep_tag-NamingMatching-attrib $-1 -1 $-1 $-1 $3623 42 1 62 -1 4 0 9 0 0 0 0 0 0 0 #
-3666 NMx_Feature_Orientation-NamingMatching-attrib $-1 -1 $3651 $-1 $3631 42 $89 $-1 #
-3667 edge $-1 339 $-1 $3236 -0.11 $3241 0.11 $3375 $3386 F @7 unknown #
-3668 vertex $-1 -1 $-1 $3239 0 $3395 #
-3669 vertex $-1 -1 $-1 $3243 0 $3389 #
-3670 edge $-1 316 $-1 $3250 -0.11 $3230 0.11 $3254 $3348 F @7 unknown #
-3671 vertex $-1 -1 $-1 $3220 0 $3349 #
-3672 vertex $-1 -1 $-1 $3220 1 $3347 #
-3673 edge $-1 326 $-1 $3421 -0.11 $3425 0.11 $3546 $3572 F @7 unknown #
-3674 vertex $-1 -1 $-1 $3411 0 $3575 #
-3675 vertex $-1 -1 $-1 $3411 1 $3576 #
-3676 edge $-1 332 $-1 $3433 -0.11 $3415 0.11 $3524 $3537 F @7 unknown #
-3677 vertex $-1 -1 $-1 $3403 0 $3536 #
-3678 vertex $-1 -1 $-1 $3408 0 $3538 #
-3679 NMx_Matched_Entity-NamingMatching-attrib $-1 -1 $3653 $-1 $3603 42 1 83 -1 1 1 #
-3680 NMx_Sweep_Generated_Brep_tag-NMx_Brep_Name_tag-NMx_Brep_tag-NamingMatching-attrib $-1 -1 $-1 $-1 $3603 42 1 62 -1 0 0 12 0 0 0 0 0 0 0 #
-3681 face $3653 64 $-1 $3605 $3604 $10 $-1 $269 F F #
-3682 edge $-1 333 $-1 $3699 2.425 $3433 5.725 $3702 $3534 F @7 unknown #
-3683 edge $916 329 $-1 $774 -6.05 $3699 -2.05 $614 $918 forward @7 unknown #
-3684 NMx_Matched_Entity-NamingMatching-attrib $-1 -1 $3727 $-1 $3685 42 1 1458 -1 152 0 #
-3685 edge $3684 328 $-1 $3699 0 $3697 0.22 $3704 $3726 F @7 unknown #
-3686 edge $-1 331 $-1 $3415 -5.725 $3697 -2.425 $3444 $3523 F @7 unknown #
-3687 edge $-1 327 $-1 $3697 2.05 $905 6.05 $3706 $995 F @7 unknown #
-3688 NMx_Matched_Entity-NamingMatching-attrib $-1 -1 $3778 $-1 $3689 42 1 1460 -1 154 0 #
-3689 edge $3688 323 $-1 $3753 0 $3751 0.22 $3762 $3777 F @7 unknown #
-3690 NMx_Matched_Entity-NamingMatching-attrib $-1 -1 $3812 $-1 $3691 42 1 1462 -1 158 0 #
-3691 edge $3690 335 $-1 $3786 0 $3784 0.22 $3791 $3811 F @7 unknown #
-3692 NMx_Matched_Entity-NamingMatching-attrib $-1 -1 $3845 $-1 $3693 42 1 1464 -1 160 0 #
-3693 edge $3692 314 $-1 $3818 0 $3816 0.22 $3823 $3844 F @7 unknown #
-3694 NMx_feature_dependency_attrib-NamingMatching-attrib $-1 -1 $3521 $-1 $3469 42 1 1416 #
-3695 NMx_feature_dependency_attrib-NamingMatching-attrib $-1 -1 $373 $-1 $175 42 1 1416 #
-3696 NMx_Matched_Entity-NamingMatching-attrib $-1 -1 $-1 $-1 $3697 42 1 1458 -1 151 1 #
-3697 vertex $3696 -1 $-1 $3409 1 $3733 #
-3698 NMx_Matched_Entity-NamingMatching-attrib $-1 -1 $3729 $-1 $3699 42 1 1458 -1 13 1 #
-3699 vertex $3698 -1 $-1 $3682 0 $3728 #
-3700 straight-curve $-1 -1 $-1 -60.5 130 2.2 -1 0 0 I I #
-3701 coedge $-1 -1 $-1 $3702 $474 $768 $769 F $3455 0 $-1 #
-3702 coedge $-1 -1 $-1 $3448 $614 $3712 $3682 F $3455 0 $-1 #
-3703 coedge $-1 -1 $-1 $915 $3704 $614 $769 reversed $612 0 $-1 #
-3704 coedge $-1 -1 $-1 $768 $3708 $3717 $3685 reversed $612 0 $-1 #
-3705 straight-curve $-1 -1 $-1 -60.5 130 0 1 0 -0 I I #
-3706 coedge $-1 -1 $-1 $598 $3444 $3708 $3687 forward $243 0 $-1 #
-3707 coedge $-1 -1 $-1 $461 $3706 $752 $753 reversed $243 0 $-1 #
-3708 coedge $-1 -1 $-1 $3704 $915 $3706 $3687 reversed $612 0 $-1 #
-3709 coedge $-1 -1 $-1 $3708 $768 $771 $919 reversed $612 0 $-1 #
-3710 straight-curve $-1 -1 $-1 -40 105.75 2.2 0 1 0 I I #
-3711 coedge $-1 -1 $-1 $3265 $3702 $3446 $3403 F $3455 0 $-1 #
-3712 coedge $-1 -1 $-1 $3717 $3525 $3702 $3682 T $3720 0 $-1 #
-3713 coedge $-1 -1 $-1 $3712 $3519 $3524 $3405 T $3720 0 $-1 #
-3714 straight-curve $-1 -1 $-1 -40 105.75 0 0 -1 0 I I #
-3715 coedge $-1 -1 $-1 $3706 $3452 $3519 $3409 F $243 0 $-1 #
-3716 coedge $-1 -1 $-1 $3525 $3717 $3444 $3409 T $3720 0 $-1 #
-3717 coedge $-1 -1 $-1 $3519 $3712 $3704 $3685 F $3720 0 $-1 #
-3718 loop $-1 -1 $-1 $-1 $3708 $3719 #
-3719 face $3722 306 $-1 $3529 $612 $10 $-1 $613 T F #
-3720 loop $-1 -1 $-1 $-1 $3519 $3529 #
-3721 face $3533 307 $-1 $3806 $3720 $10 $-1 $3531 T F #
-3722 NMx_Sweep_Generated_Brep_tag-NMx_Brep_Name_tag-NMx_Brep_tag-NamingMatching-attrib $-1 -1 $3725 $-1 $3719 42 1 236 -1 17 0 20 0 0 0 0 0 0 0 #
-3723 shell $-1 -1 $-1 $-1 $-1 $611 $-1 $4 #
-3724 face $3775 305 $-1 $3719 $3568 $10 $-1 $3569 T F #
-3725 NMx_Feature_Orientation-NamingMatching-attrib $-1 -1 $-1 $3722 $3719 42 $761 $-1 #
-3726 straight-curve $-1 -1 $-1 -40 130 2.2 0 0 -1 I I #
-3727 NMx_Sweep_Generated_Brep_tag-NMx_Brep_Name_tag-NMx_Brep_tag-NamingMatching-attrib $-1 -1 $-1 $3684 $3685 42 1 236 -1 12 0 18 0 0 0 0 0 0 0 #
-3728 point $-1 -1 $-1 -40 130 2.2 #
-3729 NMx_Matched_Entity-NamingMatching-attrib $-1 -1 $3730 $3698 $3699 42 1 835 -1 13 1 #
-3730 NMx_Matched_Entity-NamingMatching-attrib $-1 -1 $3731 $3729 $3699 42 1 839 -1 13 1 #
-3731 NMx_Matched_Entity-NamingMatching-attrib $-1 -1 $3732 $3730 $3699 42 1 319 -1 13 1 #
-3732 NMx_Matched_Entity-NamingMatching-attrib $-1 -1 $-1 $3731 $3699 42 1 323 -1 13 1 #
-3733 point $-1 -1 $-1 -40 130 0 #
-3734 plane-surface $-1 -1 $-1 -121 81.5 2.2 0 0 1 1 0 0 forward_v I I I I #
-3735 plane-surface $-1 -1 $-1 -121 81.5 0 0 0 1 1 0 0 forward_v I I I I #
-3736 NMx_Matched_Entity-NamingMatching-attrib $-1 -1 $-1 $-1 $3737 42 1 827 -1 17 0 #
-3737 edge $3736 322 $-1 $3753 4.05 $621 8.05 $3755 $622 F @7 unknown #
-3738 edge $-1 325 $-1 $3425 -4.075 $3753 -0.775 $3463 $3577 F @7 unknown #
-3739 edge $-1 324 $-1 $3751 0.775 $3421 4.075 $3765 $3574 F @7 unknown #
-3740 edge $-1 320 $-1 $754 -8.05 $3751 -4.05 $461 $755 F @7 unknown #
-3741 edge $-1 340 $-1 $3786 2 $3236 6.15 $3789 $3394 F @7 unknown #
-3742 edge $-1 336 $-1 $366 -6.05 $3786 1.55 $172 $367 forward @7 unknown #
-3743 edge $-1 334 $-1 $3784 -1.55 $606 6.05 $3793 $607 F @7 unknown #
-3744 edge $-1 338 $-1 $3241 -6.15 $3784 -2 $3362 $3390 F @7 unknown #
-3745 NMx_Matched_Entity-NamingMatching-attrib $-1 -1 $-1 $-1 $3746 42 1 1144 -1 23 0 #
-3746 edge $3745 319 $-1 $3818 2.25 $488 9.85 $3821 $629 F @7 unknown #
-3747 edge $-1 315 $-1 $3230 -4.075 $3818 0.075 $3265 $3346 F @7 unknown #
-3748 edge $-1 313 $-1 $3816 -0.075 $3250 4.075 $3825 $3351 F @7 unknown #
-3749 edge $-1 317 $-1 $720 -9.85 $3816 -2.25 $444 $721 F @7 unknown #
-3750 NMx_Matched_Entity-NamingMatching-attrib $-1 -1 $-1 $-1 $3751 42 1 1460 -1 153 1 #
-3751 vertex $3750 -1 $-1 $600 1 $3782 #
-3752 NMx_Matched_Entity-NamingMatching-attrib $-1 -1 $3780 $-1 $3753 42 1 1460 -1 16 1 #
-3753 vertex $3752 -1 $-1 $3737 0 $3779 #
-3754 straight-curve $-1 -1 $-1 -80.5 33 2.2 1 1.11022e-16 -0 I I #
-3755 coedge $-1 -1 $-1 $474 $3463 $3757 $3737 F $3455 0 $-1 #
-3756 coedge $-1 -1 $-1 $614 $3755 $615 $616 F $3455 0 $-1 #
-3757 coedge $-1 -1 $-1 $3767 $618 $3755 $3737 T $3772 0 $-1 #
-3758 coedge $-1 -1 $-1 $3757 $599 $770 $776 reversed $3772 0 $-1 #
-3759 straight-curve $-1 -1 $-1 -40 40.75 2.2 0 1 -0 I I #
-3760 coedge $-1 -1 $-1 $3755 $3281 $3565 $3428 F $3455 0 $-1 #
-3761 coedge $-1 -1 $-1 $3566 $3762 $3463 $3428 T $3568 0 $-1 #
-3762 coedge $-1 -1 $-1 $3565 $3770 $3767 $3689 T $3568 0 $-1 #
-3763 straight-curve $-1 -1 $-1 -80.5 33 0 -1 -1.11022e-16 0 I I #
-3764 coedge $-1 -1 $-1 $3765 $598 $599 $600 F $243 0 $-1 #
-3765 coedge $-1 -1 $-1 $3366 $461 $3770 $3739 F $243 0 $-1 #
-3766 coedge $-1 -1 $-1 $618 $3767 $461 $600 reversed $3772 0 $-1 #
-3767 coedge $-1 -1 $-1 $599 $3757 $3762 $3689 forward $3772 0 $-1 #
-3768 straight-curve $-1 -1 $-1 -40 40.75 0 0 -1 0 I I #
-3769 coedge $-1 -1 $-1 $3362 $3765 $3364 $3243 T $243 0 $-1 #
-3770 coedge $-1 -1 $-1 $3762 $3566 $3765 $3739 T $3568 0 $-1 #
-3771 coedge $-1 -1 $-1 $3770 $3565 $3546 $3411 T $3568 0 $-1 #
-3772 loop $-1 -1 $-1 $-1 $599 $777 #
-3773 face $925 304 $-1 $3724 $3772 $10 $-1 $926 T F #
-3774 loop $-1 -1 $-1 $-1 $3770 $3724 #
-3775 NMx_Sweep_Generated_Brep_tag-NMx_Brep_Name_tag-NMx_Brep_tag-NamingMatching-attrib $-1 -1 $3776 $-1 $3724 42 1 236 -1 6 0 20 0 0 0 0 0 0 0 #
-3776 NMx_Feature_Orientation-NamingMatching-attrib $-1 -1 $-1 $3775 $3724 42 $1211 $-1 #
-3777 straight-curve $-1 -1 $-1 -40 33 2.2 0 0 -1 I I #
-3778 NMx_Sweep_Generated_Brep_tag-NMx_Brep_Name_tag-NMx_Brep_tag-NamingMatching-attrib $-1 -1 $-1 $3688 $3689 42 1 236 -1 2 0 18 0 0 0 0 0 0 0 #
-3779 point $-1 -1 $-1 -40 33 2.2 #
-3780 NMx_Matched_Entity-NamingMatching-attrib $-1 -1 $3781 $3752 $3753 42 1 819 -1 16 1 #
-3781 NMx_Matched_Entity-NamingMatching-attrib $-1 -1 $-1 $3780 $3753 42 1 827 -1 16 1 #
-3782 point $-1 -1 $-1 -40 33 0 #
-3783 NMx_Matched_Entity-NamingMatching-attrib $-1 -1 $-1 $-1 $3784 42 1 1462 -1 157 1 #
-3784 vertex $3783 -1 $-1 $3245 1 $3814 #
-3785 NMx_Matched_Entity-NamingMatching-attrib $-1 -1 $-1 $-1 $3786 42 1 1462 -1 156 1 #
-3786 vertex $3785 -1 $-1 $3741 0 $3813 #
-3787 straight-curve $-1 -1 $-1 -181.5 41.5 2.2 1 0 0 I I #
-3788 coedge $-1 -1 $-1 $3789 $260 $261 $262 F $3455 0 $-1 #
-3789 coedge $-1 -1 $-1 $3281 $172 $3799 $3741 F $3455 0 $-1 #
-3790 coedge $-1 -1 $-1 $364 $3791 $172 $262 reversed $365 0 $-1 #
-3791 coedge $-1 -1 $-1 $261 $3795 $3804 $3691 reversed $365 0 $-1 #
-3792 straight-curve $-1 -1 $-1 -181.5 41.5 0 -1 0 0 I I #
-3793 coedge $-1 -1 $-1 $466 $3362 $3795 $3743 forward $243 0 $-1 #
-3794 coedge $-1 -1 $-1 $444 $3793 $604 $605 reversed $243 0 $-1 #
-3795 coedge $-1 -1 $-1 $3791 $364 $3793 $3743 reversed $365 0 $-1 #
-3796 coedge $-1 -1 $-1 $3795 $261 $485 $490 reversed $365 0 $-1 #
-3797 straight-curve $-1 -1 $-1 -166 61.5 2.2 -0 -1 0 I I #
-3798 coedge $-1 -1 $-1 $3463 $3789 $3372 $3239 F $3455 0 $-1 #
-3799 coedge $-1 -1 $-1 $3804 $3378 $3789 $3741 T $3807 0 $-1 #
-3800 coedge $-1 -1 $-1 $3799 $3377 $3375 $3226 T $3807 0 $-1 #
-3801 straight-curve $-1 -1 $-1 -166 61.5 0 0 1 -0 I I #
-3802 coedge $-1 -1 $-1 $3793 $3366 $3377 $3245 forward $243 0 $-1 #
-3803 coedge $-1 -1 $-1 $3378 $3804 $3362 $3245 reversed $3807 0 $-1 #
-3804 coedge $-1 -1 $-1 $3377 $3799 $3791 $3691 F $3807 0 $-1 #
-3805 loop $-1 -1 $-1 $-1 $3795 $3806 #
-3806 face $3809 308 $-1 $3381 $365 $10 $-1 $473 T F #
-3807 loop $-1 -1 $-1 $-1 $3377 $3381 #
-3808 face $3385 309 $-1 $920 $3807 $10 $-1 $3383 T F #
-3809 NMx_Sweep_Generated_Brep_tag-NMx_Brep_Name_tag-NMx_Brep_tag-NamingMatching-attrib $-1 -1 $3810 $-1 $3806 42 1 236 -1 32 0 20 0 0 0 0 0 0 0 #
-3810 NMx_Feature_Orientation-NamingMatching-attrib $-1 -1 $-1 $3809 $3806 42 $609 $-1 #
-3811 straight-curve $-1 -1 $-1 -166 41.5 2.2 0 0 -1 I I #
-3812 NMx_Sweep_Generated_Brep_tag-NMx_Brep_Name_tag-NMx_Brep_tag-NamingMatching-attrib $-1 -1 $-1 $3690 $3691 42 1 236 -1 27 0 18 0 0 0 0 0 0 0 #
-3813 point $-1 -1 $-1 -166 41.5 2.2 #
-3814 point $-1 -1 $-1 -166 41.5 0 #
-3815 NMx_Matched_Entity-NamingMatching-attrib $-1 -1 $-1 $-1 $3816 42 1 1464 -1 159 1 #
-3816 vertex $3815 -1 $-1 $577 1 $3849 #
-3817 NMx_Matched_Entity-NamingMatching-attrib $-1 -1 $3847 $-1 $3818 42 1 1464 -1 20 1 #
-3818 vertex $3817 -1 $-1 $3746 0 $3846 #
-3819 straight-curve $-1 -1 $-1 -166 122.25 2.2 0 -1 0 I I #
-3820 coedge $-1 -1 $-1 $3821 $3448 $3343 $3224 F $3455 0 $-1 #
-3821 coedge $-1 -1 $-1 $260 $3265 $3831 $3746 F $3455 0 $-1 #
-3822 coedge $-1 -1 $-1 $3340 $3823 $3265 $3224 T $3352 0 $-1 #
-3823 coedge $-1 -1 $-1 $3343 $3827 $3836 $3693 reversed $3352 0 $-1 #
-3824 straight-curve $-1 -1 $-1 -166 122.25 0 0 1 0 I I #
-3825 coedge $-1 -1 $-1 $3452 $444 $3827 $3748 F $243 0 $-1 #
-3826 coedge $-1 -1 $-1 $3444 $3825 $3451 $3408 reversed $243 0 $-1 #
-3827 coedge $-1 -1 $-1 $3823 $3340 $3825 $3748 T $3352 0 $-1 #
-3828 coedge $-1 -1 $-1 $3827 $3343 $3254 $3220 T $3352 0 $-1 #
-3829 straight-curve $-1 -1 $-1 -143.5 121.5 2.2 -1 2.33731e-16 0 I I #
-3830 coedge $-1 -1 $-1 $172 $3821 $362 $363 F $3455 0 $-1 #
-3831 coedge $-1 -1 $-1 $3836 $626 $3821 $3746 T $3839 0 $-1 #
-3832 coedge $-1 -1 $-1 $3831 $576 $484 $630 T $3839 0 $-1 #
-3833 straight-curve $-1 -1 $-1 -143.5 121.5 0 1 -2.33731e-16 0 I I #
-3834 coedge $-1 -1 $-1 $3825 $466 $576 $577 forward $243 0 $-1 #
-3835 coedge $-1 -1 $-1 $626 $3836 $444 $577 reversed $3839 0 $-1 #
-3836 coedge $-1 -1 $-1 $576 $3831 $3823 $3693 F $3839 0 $-1 #
-3837 loop $-1 -1 $-1 $-1 $3827 $3838 #
-3838 face $3841 302 $-1 $781 $3352 $10 $-1 $3354 T F #
-3839 loop $-1 -1 $-1 $-1 $576 $781 #
-3840 face $928 303 $-1 $777 $3839 $10 $-1 $929 reversed single #
-3841 NMx_Sweep_Generated_Brep_tag-NMx_Brep_Name_tag-NMx_Brep_tag-NamingMatching-attrib $-1 -1 $3843 $-1 $3838 42 1 236 -1 23 0 20 0 0 0 0 0 0 0 #
-3842 face $2452 1843 $-1 $3838 $2011 $10 $-1 $2453 T F #
-3843 NMx_Feature_Orientation-NamingMatching-attrib $-1 -1 $-1 $3841 $3838 42 $1071 $-1 #
-3844 straight-curve $-1 -1 $-1 -166 121.5 2.2 0 0 -1 I I #
-3845 NMx_Sweep_Generated_Brep_tag-NMx_Brep_Name_tag-NMx_Brep_tag-NamingMatching-attrib $-1 -1 $-1 $3692 $3693 42 1 236 -1 19 0 18 0 0 0 0 0 0 0 #
-3846 point $-1 -1 $-1 -166 121.5 2.2 #
-3847 NMx_Matched_Entity-NamingMatching-attrib $-1 -1 $3848 $3817 $3818 42 1 1136 -1 20 1 #
-3848 NMx_Matched_Entity-NamingMatching-attrib $-1 -1 $-1 $3847 $3818 42 1 1144 -1 20 1 #
-3849 point $-1 -1 $-1 -166 121.5 0 #
-3850 NMx_Matched_Entity-NamingMatching-attrib $-1 -1 $3663 $-1 $3615 42 1 109 -1 2 1 #
-3851 NMx_Sweep_Generated_Brep_tag-NMx_Brep_Name_tag-NMx_Brep_tag-NamingMatching-attrib $-1 -1 $-1 $-1 $3615 42 1 62 -1 3 0 9 0 0 0 0 0 0 0 #
-3852 vertex $3663 -1 $-1 $3617 1 $3614 #
-3853 NMx_Matched_Entity-NamingMatching-attrib $-1 -1 $3664 $-1 $3619 42 1 113 -1 3 1 #
-3854 NMx_Sweep_Generated_Brep_tag-NMx_Brep_Name_tag-NMx_Brep_tag-NamingMatching-attrib $-1 -1 $-1 $-1 $3619 42 1 62 -1 2 0 9 0 0 0 0 0 0 0 #
-3855 vertex $3664 -1 $-1 $3621 1 $3618 #
-3856 NMx_Matched_Entity-NamingMatching-attrib $-1 -1 $3659 $-1 $3632 42 1 117 -1 5 1 #
-3857 NMx_Sweep_Generated_Brep_tag-NMx_Brep_Name_tag-NMx_Brep_tag-NamingMatching-attrib $-1 -1 $-1 $-1 $3632 42 1 62 -1 5 0 10 0 0 0 0 0 0 0 #
-3858 edge $3659 74 $-1 $3615 9.98087e-16 $3619 24.2 $3634 $711 F @7 unknown #
-3859 NMx_Sweep_Generated_Brep_tag-NMx_Brep_Name_tag-NMx_Brep_tag-NamingMatching-attrib $-1 -1 $-1 $-1 $3693 42 1 236 -1 19 0 18 0 0 0 0 0 0 0 #
-3860 edge $3845 314 $-1 $3818 0 $3816 0.22 $3823 $3844 F @7 unknown #
-3861 NMx_Matched_Entity-NamingMatching-attrib $-1 -1 $3848 $-1 $3818 42 1 1136 -1 20 1 #
-3862 vertex $3847 -1 $-1 $3746 0 $3846 #
-3863 vertex $-1 -1 $-1 $577 1 $3849 #
-3864 NMx_Sweep_Generated_Brep_tag-NMx_Brep_Name_tag-NMx_Brep_tag-NamingMatching-attrib $-1 -1 $-1 $-1 $3691 42 1 236 -1 27 0 18 0 0 0 0 0 0 0 #
-3865 edge $3812 335 $-1 $3786 0 $3784 0.22 $3791 $3811 F @7 unknown #
-3866 vertex $-1 -1 $-1 $3741 0 $3813 #
-3867 vertex $-1 -1 $-1 $3245 1 $3814 #
-3868 NMx_Sweep_Generated_Brep_tag-NMx_Brep_Name_tag-NMx_Brep_tag-NamingMatching-attrib $-1 -1 $-1 $-1 $3689 42 1 236 -1 2 0 18 0 0 0 0 0 0 0 #
-3869 edge $3778 323 $-1 $3753 0 $3751 0.22 $3762 $3777 F @7 unknown #
-3870 NMx_Matched_Entity-NamingMatching-attrib $-1 -1 $3781 $-1 $3753 42 1 819 -1 16 1 #
-3871 vertex $3780 -1 $-1 $3737 0 $3779 #
-3872 vertex $-1 -1 $-1 $600 1 $3782 #
-3873 NMx_Sweep_Generated_Brep_tag-NMx_Brep_Name_tag-NMx_Brep_tag-NamingMatching-attrib $-1 -1 $-1 $-1 $3685 42 1 236 -1 12 0 18 0 0 0 0 0 0 0 #
-3874 edge $3727 328 $-1 $3699 0 $3697 0.22 $3704 $3726 F @7 unknown #
-3875 NMx_Matched_Entity-NamingMatching-attrib $-1 -1 $3730 $-1 $3699 42 1 835 -1 13 1 #
-3876 vertex $3729 -1 $-1 $3682 0 $3728 #
-3877 vertex $-1 -1 $-1 $3409 1 $3733 #
-3878 edge $3856 74 $-1 $3615 9.98087e-16 $3619 24.2 $3634 $711 F @7 unknown #
-3879 NMx_Sweep_Generated_Brep_tag-NMx_Brep_Name_tag-NMx_Brep_tag-NamingMatching-attrib $-1 -1 $-1 $3856 $3632 42 1 62 -1 5 0 10 0 0 0 0 0 0 0 #
-3880 NMx_Matched_Entity-NamingMatching-attrib $-1 -1 $3659 $-1 $3632 42 1 117 -1 5 0 #
-3881 NMx_Matched_Entity-NamingMatching-attrib $-1 -1 $3663 $3888 $3615 42 1 117 -1 2 1 #
-3882 vertex $3850 -1 $-1 $3617 1 $3614 #
-3883 NMx_Matched_Entity-NamingMatching-attrib $-1 -1 $3664 $3886 $3619 42 1 117 -1 3 1 #
-3884 vertex $3853 -1 $-1 $3621 1 $3618 #
-3885 NMx_Sweep_Generated_Brep_tag-NMx_Brep_Name_tag-NMx_Brep_tag-NamingMatching-attrib $-1 -1 $-1 $3853 $3619 42 1 62 -1 2 0 9 0 0 0 0 0 0 0 #
-3886 NMx_Matched_Entity-NamingMatching-attrib $-1 -1 $3883 $-1 $3619 42 1 113 -1 3 1 #
-3887 NMx_Sweep_Generated_Brep_tag-NMx_Brep_Name_tag-NMx_Brep_tag-NamingMatching-attrib $-1 -1 $-1 $3850 $3615 42 1 62 -1 3 0 9 0 0 0 0 0 0 0 #
-3888 NMx_Matched_Entity-NamingMatching-attrib $-1 -1 $3881 $-1 $3615 42 1 109 -1 2 1 #
-3889 face $3679 64 $-1 $3605 $3604 $10 $-1 $269 F F #
-3890 NMx_Sweep_Generated_Brep_tag-NMx_Brep_Name_tag-NMx_Brep_tag-NamingMatching-attrib $-1 -1 $-1 $3679 $3603 42 1 62 -1 0 0 12 0 0 0 0 0 0 0 #
-3891 NMx_Matched_Entity-NamingMatching-attrib $-1 -1 $3653 $-1 $3603 42 1 83 -1 1 1 #
-3892 NMx_Matched_Entity-NamingMatching-attrib $-1 -1 $-1 $-1 $3893 42 1 1195 -1 32 0 #
-3893 edge $3892 1948 $-1 $3912 -1.9 $3979 5.7 $3914 $1814 F @7 unknown #
-3894 edge $-1 1946 $-1 $3955 3.9 $3912 6.2 $3919 $1827 forward @7 unknown #
-3895 NMx_Matched_Entity-NamingMatching-attrib $-1 -1 $3940 $-1 $3896 42 1 1428 -1 138 0 #
-3896 edge $3895 1945 $-1 $3912 0 $3910 0.22 $3921 $3939 F @7 unknown #
-3897 edge $-1 1947 $-1 $3977 -5.7 $3910 1.9 $3923 $1817 F @7 unknown #
-3898 edge $-1 1944 $-1 $3910 -6.2 $3953 -3.9 $3924 $2166 F @7 unknown #
-3899 NMx_Matched_Entity-NamingMatching-attrib $-1 -1 $3970 $-1 $3900 42 1 1430 -1 140 0 #
-3900 edge $3899 1935 $-1 $3955 0 $3953 0.22 $3930 $3969 F @7 unknown #
-3901 NMx_Matched_Entity-NamingMatching-attrib $-1 -1 $3992 $-1 $3902 42 1 1432 -1 142 0 #
-3902 edge $3901 1943 $-1 $3979 0 $3977 0.22 $3917 $3991 F @7 unknown #
-3903 NMx_Matched_Entity-NamingMatching-attrib $-1 -1 $4002 $-1 $3904 42 1 1434 -1 144 0 #
-3904 edge $3903 1937 $-1 $3999 0 $3961 0.22 $3982 $4001 F @7 unknown #
-3905 NMx_Sweep_Generated_Brep_tag-NMx_Brep_Name_tag-NMx_Brep_tag-NamingMatching-attrib $-1 -1 $-1 $-1 $3469 42 1 62 -1 0 0 4 0 0 0 0 0 0 0 #
-3906 face $3521 311 $-1 $3215 $56 $10 $-1 $57 reversed single #
-3907 NMx_Matched_Entity-NamingMatching-attrib $-1 -1 $500 $-1 $175 42 1 83 -1 1 1 #
-3908 face $373 5309 $-1 $268 $174 $10 $-1 $269 forward single #
-3909 NMx_Matched_Entity-NamingMatching-attrib $-1 -1 $-1 $-1 $3910 42 1 1428 -1 137 1 #
-3910 vertex $3909 -1 $-1 $3897 1 $3944 #
-3911 NMx_Matched_Entity-NamingMatching-attrib $-1 -1 $3942 $-1 $3912 42 1 1428 -1 29 1 #
-3912 vertex $3911 -1 $-1 $3893 0 $3941 #
-3913 straight-curve $-1 -1 $-1 -20 100.5 2.2 2.04515e-16 -1 0 I I #
-3914 coedge $-1 -1 $-1 $3915 $3919 $3916 $3893 F $1205 0 $-1 #
-3915 coedge $-1 -1 $-1 $3957 $3914 $3981 $3950 F $1205 0 $-1 #
-3916 coedge $-1 -1 $-1 $3926 $3917 $3914 $3893 T $3931 0 $-1 #
-3917 coedge $-1 -1 $-1 $3916 $3925 $3985 $3902 T $3931 0 $-1 #
-3918 straight-curve $-1 -1 $-1 -82 119.5 2.2 1 0 -0 I I #
-3919 coedge $-1 -1 $-1 $3914 $3957 $3920 $3894 F $1205 0 $-1 #
-3920 coedge $-1 -1 $-1 $3930 $3921 $3919 $3894 T $3933 0 $-1 #
-3921 coedge $-1 -1 $-1 $3920 $3929 $3926 $3896 T $3933 0 $-1 #
-3922 straight-curve $-1 -1 $-1 -20 100.5 0 -2.04515e-16 1 0 I I #
-3923 coedge $-1 -1 $-1 $3924 $3962 $3925 $3897 F $1514 0 $-1 #
-3924 coedge $-1 -1 $-1 $3928 $3923 $3929 $3898 F $1514 0 $-1 #
-3925 coedge $-1 -1 $-1 $3917 $3926 $3923 $3897 T $3931 0 $-1 #
-3926 coedge $-1 -1 $-1 $3925 $3916 $3921 $3896 forward $3931 0 $-1 #
-3927 straight-curve $-1 -1 $-1 -82 119.5 0 -1 -0 0 I I #
-3928 coedge $-1 -1 $-1 $3962 $3924 $3963 $3949 F $1514 0 $-1 #
-3929 coedge $-1 -1 $-1 $3921 $3930 $3924 $3898 T $3933 0 $-1 #
-3930 coedge $-1 -1 $-1 $3929 $3920 $3959 $3900 F $3933 0 $-1 #
-3931 loop $-1 -1 $-1 $-1 $3925 $3932 #
-3932 face $3935 1846 $-1 $3934 $3931 $10 $-1 $1195 T F #
-3933 loop $-1 -1 $-1 $-1 $3929 $3934 #
-3934 face $3937 1845 $-1 $3966 $3933 $10 $-1 $1805 T F #
-3935 NMx_Sweep_Generated_Brep_tag-NMx_Brep_Name_tag-NMx_Brep_tag-NamingMatching-attrib $-1 -1 $3990 $-1 $3932 42 1 785 -1 7 0 20 0 0 0 0 0 0 0 #
-3936 shell $-1 -1 $-1 $-1 $-1 $1090 $-1 $4 #
-3937 NMx_Sweep_Generated_Brep_tag-NMx_Brep_Name_tag-NMx_Brep_tag-NamingMatching-attrib $-1 -1 $3938 $-1 $3934 42 1 785 -1 6 0 20 0 0 0 0 0 0 0 #
-3938 NMx_Feature_Orientation-NamingMatching-attrib $-1 -1 $-1 $3937 $3934 42 $1191 $-1 #
-3939 straight-curve $-1 -1 $-1 -20 119.5 2.2 0 0 -1 I I #
-3940 NMx_Sweep_Generated_Brep_tag-NMx_Brep_Name_tag-NMx_Brep_tag-NamingMatching-attrib $-1 -1 $-1 $3895 $3896 42 1 785 -1 4 0 18 0 0 0 0 0 0 0 #
-3941 point $-1 -1 $-1 -20 119.5 2.2 #
-3942 NMx_Matched_Entity-NamingMatching-attrib $-1 -1 $3943 $3911 $3912 42 1 1187 -1 29 1 #
-3943 NMx_Matched_Entity-NamingMatching-attrib $-1 -1 $-1 $3942 $3912 42 1 1195 -1 29 1 #
-3944 point $-1 -1 $-1 -20 119.5 0 #
-3945 plane-surface $-1 -1 $-1 -121 81.5 2.2 0 0 1 1 0 0 forward_v I I I I #
-3946 plane-surface $-1 -1 $-1 -121 81.5 0 0 0 1 1 0 0 forward_v I I I I #
-3947 NMx_Matched_Entity-NamingMatching-attrib $-1 -1 $-1 $-1 $3948 42 1 1235 -1 36 0 #
-3948 edge $3947 1936 $-1 $3999 -1.9 $3955 5.7 $3957 $1527 F @7 unknown #
-3949 edge $-1 1934 $-1 $3953 -5.7 $3961 1.9 $3928 $1677 F @7 unknown #
-3950 edge $-1 1942 $-1 $3979 -5.05 $3999 -2.75 $3915 $1512 F @7 unknown #
-3951 edge $-1 1941 $-1 $3961 2.75 $3977 5.05 $3962 $1516 F @7 unknown #
-3952 NMx_Matched_Entity-NamingMatching-attrib $-1 -1 $-1 $-1 $3953 42 1 1430 -1 139 1 #
-3953 vertex $3952 -1 $-1 $3949 0 $3975 #
-3954 NMx_Matched_Entity-NamingMatching-attrib $-1 -1 $3972 $-1 $3955 42 1 1430 -1 35 1 #
-3955 vertex $3954 -1 $-1 $3948 1 $3971 #
-3956 straight-curve $-1 -1 $-1 -43 62.5 2.2 -2.33731e-16 1 0 I I #
-3957 coedge $-1 -1 $-1 $3919 $3915 $3958 $3948 F $1205 0 $-1 #
-3958 coedge $-1 -1 $-1 $3964 $3959 $3957 $3948 T $3965 0 $-1 #
-3959 coedge $-1 -1 $-1 $3958 $3963 $3930 $3900 T $3965 0 $-1 #
-3960 straight-curve $-1 -1 $-1 -43 62.5 0 2.33731e-16 -1 0 I I #
-3961 vertex $3997 -1 $-1 $3949 1 $4007 #
-3962 coedge $-1 -1 $-1 $3923 $3928 $3984 $3951 forward $1514 0 $-1 #
-3963 coedge $-1 -1 $-1 $3959 $3964 $3928 $3949 T $3965 0 $-1 #
-3964 coedge $-1 -1 $-1 $3963 $3958 $3982 $3904 F $3965 0 $-1 #
-3965 loop $-1 -1 $-1 $-1 $3963 $3966 #
-3966 face $3967 1842 $-1 $3987 $3965 $10 $-1 $1501 T F #
-3967 NMx_Feature_Orientation-NamingMatching-attrib $-1 -1 $3968 $-1 $3966 42 $1191 $-1 #
-3968 NMx_Sweep_Generated_Brep_tag-NMx_Brep_Name_tag-NMx_Brep_tag-NamingMatching-attrib $-1 -1 $-1 $3967 $3966 42 1 785 -1 9 0 20 0 0 0 0 0 0 0 #
-3969 straight-curve $-1 -1 $-1 -43 119.5 2.2 0 0 -1 I I #
-3970 NMx_Sweep_Generated_Brep_tag-NMx_Brep_Name_tag-NMx_Brep_tag-NamingMatching-attrib $-1 -1 $-1 $3899 $3900 42 1 785 -1 2 0 18 0 0 0 0 0 0 0 #
-3971 point $-1 -1 $-1 -43 119.5 2.2 #
-3972 NMx_Matched_Entity-NamingMatching-attrib $-1 -1 $3973 $3954 $3955 42 1 1231 -1 35 1 #
-3973 NMx_Matched_Entity-NamingMatching-attrib $-1 -1 $-1 $3972 $3955 42 1 1235 -1 35 1 #
-3974 loop $-1 -1 $-1 $243 $3928 $3469 #
-3975 point $-1 -1 $-1 -43 119.5 0 #
-3976 NMx_Matched_Entity-NamingMatching-attrib $-1 -1 $-1 $-1 $3977 42 1 1432 -1 141 1 #
-3977 vertex $3976 -1 $-1 $3951 1 $3996 #
-3978 NMx_Matched_Entity-NamingMatching-attrib $-1 -1 $3994 $-1 $3979 42 1 1432 -1 31 1 #
-3979 vertex $3978 -1 $-1 $3950 0 $3993 #
-3980 straight-curve $-1 -1 $-1 -70.5 43.5 2.2 -1 0 0 I I #
-3981 coedge $-1 -1 $-1 $3985 $3982 $3915 $3950 T $3986 0 $-1 #
-3982 coedge $-1 -1 $-1 $3981 $3984 $3964 $3904 T $3986 0 $-1 #
-3983 straight-curve $-1 -1 $-1 -70.5 43.5 0 1 0 0 I I #
-3984 coedge $-1 -1 $-1 $3982 $3985 $3962 $3951 T $3986 0 $-1 #
-3985 coedge $-1 -1 $-1 $3984 $3981 $3917 $3902 F $3986 0 $-1 #
-3986 loop $-1 -1 $-1 $-1 $3984 $3987 #
-3987 face $3988 1844 $-1 $3838 $3986 $10 $-1 $911 T F #
-3988 NMx_Feature_Orientation-NamingMatching-attrib $-1 -1 $4000 $-1 $3987 42 $1191 $-1 #
-3989 face $2452 1843 $-1 $3932 $2011 $10 $-1 $2453 T F #
-3990 NMx_Feature_Orientation-NamingMatching-attrib $-1 -1 $-1 $3935 $3932 42 $1191 $-1 #
-3991 straight-curve $-1 -1 $-1 -20 43.5 2.2 0 0 -1 I I #
-3992 NMx_Sweep_Generated_Brep_tag-NMx_Brep_Name_tag-NMx_Brep_tag-NamingMatching-attrib $-1 -1 $-1 $3901 $3902 42 1 785 -1 3 0 18 0 0 0 0 0 0 0 #
-3993 point $-1 -1 $-1 -20 43.5 2.2 #
-3994 NMx_Matched_Entity-NamingMatching-attrib $-1 -1 $3995 $3978 $3979 42 1 1191 -1 31 1 #
-3995 NMx_Matched_Entity-NamingMatching-attrib $-1 -1 $-1 $3994 $3979 42 1 1195 -1 31 1 #
-3996 point $-1 -1 $-1 -20 43.5 0 #
-3997 NMx_Matched_Entity-NamingMatching-attrib $-1 -1 $-1 $-1 $3961 42 1 1434 -1 143 1 #
-3998 NMx_Matched_Entity-NamingMatching-attrib $-1 -1 $4005 $-1 $3999 42 1 1434 -1 34 1 #
-3999 vertex $3998 -1 $-1 $3948 0 $4004 #
-4000 NMx_Sweep_Generated_Brep_tag-NMx_Brep_Name_tag-NMx_Brep_tag-NamingMatching-attrib $-1 -1 $-1 $3988 $3987 42 1 785 -1 8 0 20 0 0 0 0 0 0 0 #
-4001 straight-curve $-1 -1 $-1 -43 43.5 2.2 0 0 -1 I I #
-4002 NMx_Sweep_Generated_Brep_tag-NMx_Brep_Name_tag-NMx_Brep_tag-NamingMatching-attrib $-1 -1 $-1 $3903 $3904 42 1 785 -1 5 0 18 0 0 0 0 0 0 0 #
-4003 loop $-1 -1 $-1 $1362 $3957 $175 #
-4004 point $-1 -1 $-1 -43 43.5 2.2 #
-4005 NMx_Matched_Entity-NamingMatching-attrib $-1 -1 $4006 $3998 $3999 42 1 1227 -1 34 1 #
-4006 NMx_Matched_Entity-NamingMatching-attrib $-1 -1 $-1 $4005 $3999 42 1 1235 -1 34 1 #
-4007 point $-1 -1 $-1 -43 43.5 0 #
-4008 straight-curve $-1 -1 $-1 -242 163 0 -0 -1 -0 F -0 F 16.3 #
-4009 straight-curve $-1 -1 $-1 -242 0 0 1 -0 -0 F 0 F 24.2 #
-4010 straight-curve $-1 -1 $-1 0 0 0 -6.12323e-17 1 -0 F 0 F 16.3 #
-4011 straight-curve $-1 -1 $-1 0 163 0 -1 -0 -0 F -0 F 24.2 #
-4012 face $783 61 $-1 $568 $3641 $10 $-1 $784 F F #
-4013 face $3214 60 $-1 $631 $3646 $10 $-1 $37 F F #
-4014 loop $-1 -1 $-1 $-1 $3606 $3605 #
-4015 face $712 62 $-1 $3631 $3636 $10 $-1 $713 F F #
-4016 shell $-1 -1 $-1 $-1 $-1 $3215 $-1 $4 #
-4017 face $4185 312 $-1 $3215 $4186 $10 $-1 $269 F F #
-4018 NMx_Matched_Entity-NamingMatching-attrib $-1 -1 $-1 $4019 $4017 42 1 83 -1 1 1 #
-4019 NMx_Sweep_Generated_Brep_tag-NMx_Brep_Name_tag-NMx_Brep_tag-NamingMatching-attrib $-1 -1 $4018 $4239 $4017 42 1 62 -1 0 0 12 0 0 0 0 0 0 0 #
-4020 NMx_Matched_Entity-NamingMatching-attrib $-1 -1 $-1 $-1 $4021 42 1 1398 -1 126 0 #
-4021 edge $4020 -1 $-1 $4078 -3.14159 $4078 3.14159 $4077 $4085 F @7 unknown #
-4022 NMx_Matched_Entity-NamingMatching-attrib $-1 -1 $-1 $-1 $4023 42 1 1400 -1 129 0 #
-4023 edge $4022 -1 $-1 $4094 -3.14159 $4094 3.14159 $4093 $4101 F @7 unknown #
-4024 NMx_Matched_Entity-NamingMatching-attrib $-1 -1 $-1 $-1 $4025 42 1 1402 -1 132 0 #
-4025 edge $4024 -1 $-1 $4105 -3.14159 $4105 3.14159 $4104 $4112 F @7 unknown #
-4026 NMx_Matched_Entity-NamingMatching-attrib $-1 -1 $-1 $-1 $4027 42 1 1404 -1 135 0 #
-4027 edge $4026 -1 $-1 $4116 -3.14159 $4116 3.14159 $4115 $4122 F @7 unknown #
-4028 face $4030 -1 $-1 $1907 $1017 $10 $-1 $1018 reversed single #
-4029 face $4033 -1 $-1 $1155 $369 $10 $-1 $269 forward single #
-4030 NMx_Feature_Orientation-NamingMatching-attrib $-1 -1 $4083 $-1 $4028 42 $1298 $1299 #
-4031 loop $-1 -1 $-1 $4081 $1159 $4028 #
-4032 shell $-1 -1 $-1 $-1 $-1 $1016 $-1 $4 #
-4033 NMx_Matched_Entity-NamingMatching-attrib $-1 -1 $4087 $-1 $4029 42 1 83 -1 1 1 #
-4034 loop $-1 -1 $-1 $493 $494 $4029 #
-4035 loop $-1 -1 $-1 $637 $638 $4029 #
-4036 loop $-1 -1 $-1 $786 $787 $4029 #
-4037 loop $-1 -1 $-1 $932 $933 $4029 #
-4038 loop $-1 -1 $-1 $1072 $1073 $4029 #
-4039 loop $-1 -1 $-1 $1213 $1214 $4029 #
-4040 loop $-1 -1 $-1 $1367 $1368 $4029 #
-4041 loop $-1 -1 $-1 $1531 $1532 $4029 #
-4042 loop $-1 -1 $-1 $1690 $1635 $4029 #
-4043 loop $-1 -1 $-1 $1846 $1847 $4029 #
-4044 loop $-1 -1 $-1 $3455 $2020 $4029 #
-4045 loop $-1 -1 $-1 $1205 $3265 $4029 #
-4046 loop $-1 -1 $-1 $1362 $3957 $4029 #
-4047 loop $-1 -1 $-1 $1528 $1529 $4029 #
-4048 loop $-1 -1 $-1 $1683 $1684 $4029 #
-4049 loop $-1 -1 $-1 $1829 $1830 $4029 #
-4050 loop $-1 -1 $-1 $1985 $1986 $4029 #
-4051 loop $-1 -1 $-1 $2168 $2169 $4029 #
-4052 loop $-1 -1 $-1 $2381 $2382 $4029 #
-4053 loop $-1 -1 $-1 $2606 $2607 $4029 #
-4054 loop $-1 -1 $-1 $2806 $2780 $4029 #
-4055 loop $-1 -1 $-1 $2593 $2569 $4029 #
-4056 loop $-1 -1 $-1 $4057 $2358 $4029 #
-4057 loop $-1 -1 $-1 $4058 $4077 $4029 #
-4058 loop $-1 -1 $-1 $4059 $4104 $4029 #
-4059 loop $-1 -1 $-1 $4060 $4115 $4029 #
-4060 loop $-1 -1 $-1 $2822 $4093 $4029 #
-4061 loop $-1 -1 $-1 $2929 $2927 $4029 #
-4062 loop $-1 -1 $-1 $2112 $2731 $4029 #
-4063 loop $-1 -1 $-1 $1477 $1938 $4029 #
-4064 loop $-1 -1 $-1 $1623 $1318 $4029 #
-4065 loop $-1 -1 $-1 $1187 $1464 $4029 #
-4066 loop $-1 -1 $-1 $1335 $1044 $4029 #
-4067 loop $-1 -1 $-1 $1497 $1498 $4029 #
-4068 loop $-1 -1 $-1 $1653 $1654 $4029 #
-4069 loop $-1 -1 $-1 $1801 $1802 $4029 #
-4070 loop $-1 -1 $-1 $1966 $1967 $4029 #
-4071 loop $-1 -1 $-1 $2156 $2157 $4029 #
-4072 loop $-1 -1 $-1 $2096 $2373 $4029 #
-4073 loop $-1 -1 $-1 $2265 $1914 $4029 #
-4074 loop $-1 -1 $-1 $1921 $2054 $4029 #
-4075 loop $-1 -1 $-1 $1769 $1760 $4029 #
-4076 loop $-1 -1 $-1 $-1 $1618 $4029 #
-4077 coedge $-1 -1 $-1 $4077 $4077 $4080 $4021 F $4057 0 $-1 #
-4078 vertex $4079 -1 $-1 $4021 0 $4084 #
-4079 NMx_Matched_Entity-NamingMatching-attrib $-1 -1 $-1 $-1 $4078 42 1 1398 -1 125 1 #
-4080 coedge $-1 -1 $-1 $4080 $4080 $4077 $4021 T $4081 0 $-1 #
-4081 loop $-1 -1 $-1 $-1 $4080 $4028 #
-4082 face $4102 -1 $-1 $4028 $650 $10 $-1 $651 T F #
-4083 NMx_Sweep_Generated_Brep_tag-NMx_Brep_Name_tag-NMx_Brep_tag-NamingMatching-attrib $-1 -1 $-1 $4030 $4028 42 1 1299 -1 77 0 20 0 0 0 0 0 0 0 #
-4084 point $-1 -1 $-1 -216.5 48.5 2.2 #
-4085 ellipse-curve $-1 -1 $-1 -218.5 48.5 2.2 -0 -0 -1 -0.2 0 0 1 I I #
-4086 face $1154 5317 $-1 $4029 $1156 $10 $-1 $1157 F F #
-4087 NMx_Sweep_Generated_Brep_tag-NMx_Brep_Name_tag-NMx_Brep_tag-NamingMatching-attrib $-1 -1 $4088 $4033 $4029 42 1 62 -1 0 0 12 0 0 0 0 0 0 0 #
-4088 NMx_Matched_Entity-NamingMatching-attrib $-1 -1 $4089 $4087 $4029 42 1 257 -1 1 1 #
-4089 NMx_Matched_Entity-NamingMatching-attrib $-1 -1 $-1 $4088 $4029 42 1 806 -1 1 1 #
-4090 face $4091 -1 $-1 $4109 $451 $10 $-1 $733 T F #
-4091 NMx_Feature_Orientation-NamingMatching-attrib $-1 -1 $4099 $-1 $4090 42 $1013 $1014 #
-4092 loop $-1 -1 $-1 $4097 $334 $4090 #
-4093 coedge $-1 -1 $-1 $4093 $4093 $4096 $4023 F $4060 0 $-1 #
-4094 vertex $4095 -1 $-1 $4023 0 $4100 #
-4095 NMx_Matched_Entity-NamingMatching-attrib $-1 -1 $-1 $-1 $4094 42 1 1400 -1 128 1 #
-4096 coedge $-1 -1 $-1 $4096 $4096 $4093 $4023 T $4097 0 $-1 #
-4097 loop $-1 -1 $-1 $-1 $4096 $4090 #
-4098 face $1906 5374 $-1 $4090 $1586 $10 $-1 $1908 T F #
-4099 NMx_Sweep_Generated_Brep_tag-NMx_Brep_Name_tag-NMx_Brep_tag-NamingMatching-attrib $-1 -1 $-1 $4091 $4090 42 1 1299 -1 85 0 20 0 0 0 0 0 0 0 #
-4100 point $-1 -1 $-1 -189 48.5 2.2 #
-4101 ellipse-curve $-1 -1 $-1 -191 48.5 2.2 -0 -0 -1 -0.2 0 0 1 I I #
-4102 NMx_Feature_Orientation-NamingMatching-attrib $-1 -1 $4110 $-1 $4082 42 $941 $942 #
-4103 loop $-1 -1 $-1 $4108 $800 $4082 #
-4104 coedge $-1 -1 $-1 $4104 $4104 $4107 $4025 F $4058 0 $-1 #
-4105 vertex $4106 -1 $-1 $4025 0 $4111 #
-4106 NMx_Matched_Entity-NamingMatching-attrib $-1 -1 $-1 $-1 $4105 42 1 1402 -1 131 1 #
-4107 coedge $-1 -1 $-1 $4107 $4107 $4104 $4025 T $4108 0 $-1 #
-4108 loop $-1 -1 $-1 $-1 $4107 $4082 #
-4109 face $4113 -1 $-1 $4082 $376 $10 $-1 $377 T F #
-4110 NMx_Sweep_Generated_Brep_tag-NMx_Brep_Name_tag-NMx_Brep_tag-NamingMatching-attrib $-1 -1 $-1 $4102 $4082 42 1 1299 -1 70 0 20 0 0 0 0 0 0 0 #
-4111 point $-1 -1 $-1 -216.5 114.5 2.2 #
-4112 ellipse-curve $-1 -1 $-1 -218.5 114.5 2.2 -0 -0 -1 -0.2 0 0 1 I I #
-4113 NMx_Feature_Orientation-NamingMatching-attrib $-1 -1 $4120 $-1 $4109 42 $646 $647 #
-4114 loop $-1 -1 $-1 $4119 $449 $4109 #
-4115 coedge $-1 -1 $-1 $4115 $4115 $4118 $4027 F $4059 0 $-1 #
-4116 vertex $4117 -1 $-1 $4027 0 $4121 #
-4117 NMx_Matched_Entity-NamingMatching-attrib $-1 -1 $-1 $-1 $4116 42 1 1404 -1 134 1 #
-4118 coedge $-1 -1 $-1 $4118 $4118 $4115 $4027 T $4119 0 $-1 #
-4119 loop $-1 -1 $-1 $-1 $4118 $4109 #
-4120 NMx_Sweep_Generated_Brep_tag-NMx_Brep_Name_tag-NMx_Brep_tag-NamingMatching-attrib $-1 -1 $-1 $4113 $4109 42 1 1299 -1 72 0 20 0 0 0 0 0 0 0 #
-4121 point $-1 -1 $-1 -189 114.5 2.2 #
-4122 ellipse-curve $-1 -1 $-1 -191 114.5 2.2 -0 -0 -1 -0.2 0 0 1 I I #
-4123 NMx_Matched_Entity-NamingMatching-attrib $-1 -1 $4019 $-1 $4017 42 1 257 -1 1 1 #
-4124 NMx_Sweep_Generated_Brep_tag-NMx_Brep_Name_tag-NMx_Brep_tag-NamingMatching-attrib $-1 -1 $4018 $-1 $4017 42 1 62 -1 0 0 12 0 0 0 0 0 0 0 #
-4125 face $4019 312 $-1 $3215 $3455 $10 $-1 $269 F F #
-4126 NMx_Matched_Entity-NamingMatching-attrib $-1 -1 $-1 $-1 $4127 42 1 1325 -1 39 0 #
-4127 edge $4126 -1 $-1 $4235 -3.14159 $4235 3.14159 $4237 $4241 F @7 unknown #
-4128 NMx_Matched_Entity-NamingMatching-attrib $-1 -1 $-1 $-1 $4129 42 1 1327 -1 42 0 #
-4129 edge $4128 -1 $-1 $4249 -3.14159 $4249 3.14159 $4248 $4255 F @7 unknown #
-4130 NMx_Matched_Entity-NamingMatching-attrib $-1 -1 $-1 $-1 $4131 42 1 1329 -1 45 0 #
-4131 edge $4130 -1 $-1 $4260 -3.14159 $4260 3.14159 $4259 $4267 F @7 unknown #
-4132 NMx_Matched_Entity-NamingMatching-attrib $-1 -1 $-1 $-1 $4133 42 1 1331 -1 48 0 #
-4133 edge $4132 -1 $-1 $4272 -3.14159 $4272 3.14159 $4271 $4278 F @7 unknown #
-4134 NMx_Matched_Entity-NamingMatching-attrib $-1 -1 $-1 $-1 $4135 42 1 1333 -1 51 0 #
-4135 edge $4134 -1 $-1 $4283 -3.14159 $4283 3.14159 $4282 $4289 F @7 unknown #
-4136 NMx_Matched_Entity-NamingMatching-attrib $-1 -1 $-1 $-1 $4137 42 1 1335 -1 54 0 #
-4137 edge $4136 -1 $-1 $4294 -3.14159 $4294 3.14159 $4293 $4301 F @7 unknown #
-4138 NMx_Matched_Entity-NamingMatching-attrib $-1 -1 $-1 $-1 $4139 42 1 1337 -1 57 0 #
-4139 edge $4138 -1 $-1 $4305 -3.14159 $4305 3.14159 $4304 $4311 F @7 unknown #
-4140 NMx_Matched_Entity-NamingMatching-attrib $-1 -1 $-1 $-1 $4141 42 1 1339 -1 60 0 #
-4141 edge $4140 -1 $-1 $4316 -3.14159 $4316 3.14159 $4315 $4323 F @7 unknown #
-4142 NMx_Matched_Entity-NamingMatching-attrib $-1 -1 $-1 $-1 $4143 42 1 1341 -1 63 0 #
-4143 edge $4142 -1 $-1 $4328 -3.14159 $4328 3.14159 $4327 $4335 F @7 unknown #
-4144 NMx_Matched_Entity-NamingMatching-attrib $-1 -1 $-1 $-1 $4145 42 1 1343 -1 66 0 #
-4145 edge $4144 -1 $-1 $4339 -3.14159 $4339 3.14159 $4338 $4346 F @7 unknown #
-4146 NMx_Matched_Entity-NamingMatching-attrib $-1 -1 $-1 $-1 $4147 42 1 1345 -1 69 0 #
-4147 edge $4146 -1 $-1 $4350 -3.14159 $4350 3.14159 $4349 $4356 F @7 unknown #
-4148 NMx_Matched_Entity-NamingMatching-attrib $-1 -1 $-1 $-1 $4149 42 1 1347 -1 72 0 #
-4149 edge $4148 -1 $-1 $4361 -3.14159 $4361 3.14159 $4360 $4367 F @7 unknown #
-4150 NMx_Matched_Entity-NamingMatching-attrib $-1 -1 $-1 $-1 $4151 42 1 1349 -1 75 0 #
-4151 edge $4150 -1 $-1 $4372 -3.14159 $4372 3.14159 $4371 $4379 F @7 unknown #
-4152 NMx_Matched_Entity-NamingMatching-attrib $-1 -1 $-1 $-1 $4153 42 1 1351 -1 78 0 #
-4153 edge $4152 -1 $-1 $4384 -3.14159 $4384 3.14159 $4383 $4391 F @7 unknown #
-4154 NMx_Matched_Entity-NamingMatching-attrib $-1 -1 $-1 $-1 $4155 42 1 1353 -1 81 0 #
-4155 edge $4154 -1 $-1 $4396 -3.14159 $4396 3.14159 $4395 $4402 F @7 unknown #
-4156 NMx_Matched_Entity-NamingMatching-attrib $-1 -1 $-1 $-1 $4157 42 1 1355 -1 84 0 #
-4157 edge $4156 -1 $-1 $4406 -3.14159 $4406 3.14159 $4405 $4413 F @7 unknown #
-4158 NMx_Matched_Entity-NamingMatching-attrib $-1 -1 $-1 $-1 $4159 42 1 1357 -1 87 0 #
-4159 edge $4158 -1 $-1 $4418 -3.14159 $4418 3.14159 $4417 $4424 F @7 unknown #
-4160 NMx_Matched_Entity-NamingMatching-attrib $-1 -1 $-1 $-1 $4161 42 1 1359 -1 90 0 #
-4161 edge $4160 -1 $-1 $4428 -3.14159 $4428 3.14159 $4427 $4435 F @7 unknown #
-4162 NMx_Matched_Entity-NamingMatching-attrib $-1 -1 $-1 $-1 $4163 42 1 1361 -1 93 0 #
-4163 edge $4162 -1 $-1 $4440 -3.14159 $4440 3.14159 $4439 $4446 F @7 unknown #
-4164 NMx_Matched_Entity-NamingMatching-attrib $-1 -1 $-1 $-1 $4165 42 1 1363 -1 96 0 #
-4165 edge $4164 -1 $-1 $4450 -3.14159 $4450 3.14159 $4449 $4457 F @7 unknown #
-4166 NMx_Matched_Entity-NamingMatching-attrib $-1 -1 $-1 $-1 $4167 42 1 1365 -1 99 0 #
-4167 edge $4166 -1 $-1 $4461 -3.14159 $4461 3.14159 $4460 $4467 F @7 unknown #
-4168 NMx_Matched_Entity-NamingMatching-attrib $-1 -1 $-1 $-1 $4169 42 1 1367 -1 102 0 #
-4169 edge $4168 -1 $-1 $4471 -3.14159 $4471 3.14159 $4470 $4477 F @7 unknown #
-4170 NMx_Matched_Entity-NamingMatching-attrib $-1 -1 $-1 $-1 $4171 42 1 1369 -1 105 0 #
-4171 edge $4170 -1 $-1 $4482 -3.14159 $4482 3.14159 $4481 $4489 F @7 unknown #
-4172 NMx_Matched_Entity-NamingMatching-attrib $-1 -1 $-1 $-1 $4173 42 1 1371 -1 108 0 #
-4173 edge $4172 -1 $-1 $4494 -3.14159 $4494 3.14159 $4493 $4501 F @7 unknown #
-4174 NMx_Matched_Entity-NamingMatching-attrib $-1 -1 $-1 $-1 $4175 42 1 1373 -1 111 0 #
-4175 edge $4174 -1 $-1 $4505 -3.14159 $4505 3.14159 $4504 $4511 F @7 unknown #
-4176 NMx_Matched_Entity-NamingMatching-attrib $-1 -1 $-1 $-1 $4177 42 1 1375 -1 114 0 #
-4177 edge $4176 -1 $-1 $4515 -3.14159 $4515 3.14159 $4514 $4521 F @7 unknown #
-4178 NMx_Matched_Entity-NamingMatching-attrib $-1 -1 $-1 $-1 $4179 42 1 1377 -1 117 0 #
-4179 edge $4178 -1 $-1 $4526 -3.14159 $4526 3.14159 $4525 $4532 F @7 unknown #
-4180 NMx_Matched_Entity-NamingMatching-attrib $-1 -1 $-1 $-1 $4181 42 1 1379 -1 120 0 #
-4181 edge $4180 -1 $-1 $4536 -3.14159 $4536 3.14159 $4535 $4542 F @7 unknown #
-4182 NMx_Matched_Entity-NamingMatching-attrib $-1 -1 $-1 $-1 $4183 42 1 1381 -1 123 0 #
-4183 edge $4182 -1 $-1 $4547 -3.14159 $4547 3.14159 $4546 $4553 F @7 unknown #
-4184 face $4232 -1 $-1 $4245 $1586 $10 $-1 $1908 reversed single #
-4185 NMx_Matched_Entity-NamingMatching-attrib $-1 -1 $4239 $-1 $4017 42 1 806 -1 1 1 #
-4186 loop $-1 -1 $-1 $4187 $4349 $4017 #
-4187 loop $-1 -1 $-1 $4060 $4327 $4017 #
-4188 loop $-1 -1 $-1 $4059 $4093 $4017 #
-4189 loop $-1 -1 $-1 $4190 $4115 $4017 #
-4190 loop $-1 -1 $-1 $4191 $4371 $4017 #
-4191 loop $-1 -1 $-1 $4192 $4535 $4017 #
-4192 loop $-1 -1 $-1 $4193 $4493 $4017 #
-4193 loop $-1 -1 $-1 $4194 $4504 $4017 #
-4194 loop $-1 -1 $-1 $4195 $4293 $4017 #
-4195 loop $-1 -1 $-1 $4196 $4304 $4017 #
-4196 loop $-1 -1 $-1 $4197 $4237 $4017 #
-4197 loop $-1 -1 $-1 $4198 $4248 $4017 #
-4198 loop $-1 -1 $-1 $4199 $4439 $4017 #
-4199 loop $-1 -1 $-1 $4200 $4460 $4017 #
-4200 loop $-1 -1 $-1 $4201 $4427 $4017 #
-4201 loop $-1 -1 $-1 $4202 $4405 $4017 #
-4202 loop $-1 -1 $-1 $4203 $4383 $4017 #
-4203 loop $-1 -1 $-1 $4204 $4395 $4017 #
-4204 loop $-1 -1 $-1 $4205 $4417 $4017 #
-4205 loop $-1 -1 $-1 $4206 $4470 $4017 #
-4206 loop $-1 -1 $-1 $4207 $4449 $4017 #
-4207 loop $-1 -1 $-1 $4208 $4338 $4017 #
-4208 loop $-1 -1 $-1 $4209 $4259 $4017 #
-4209 loop $-1 -1 $-1 $4210 $4271 $4017 #
-4210 loop $-1 -1 $-1 $4211 $4282 $4017 #
-4211 loop $-1 -1 $-1 $4212 $4514 $4017 #
-4212 loop $-1 -1 $-1 $4213 $4481 $4017 #
-4213 loop $-1 -1 $-1 $4214 $4525 $4017 #
-4214 loop $-1 -1 $-1 $4058 $4546 $4017 #
-4215 loop $-1 -1 $-1 $4057 $4104 $4017 #
-4216 loop $-1 -1 $-1 $4217 $4077 $4017 #
-4217 loop $-1 -1 $-1 $4218 $4315 $4017 #
-4218 loop $-1 -1 $-1 $2593 $4360 $4017 #
-4219 loop $-1 -1 $-1 $2806 $2358 $4017 #
-4220 loop $-1 -1 $-1 $2606 $2569 $4017 #
-4221 loop $-1 -1 $-1 $2381 $2780 $4017 #
-4222 loop $-1 -1 $-1 $2168 $2607 $4017 #
-4223 loop $-1 -1 $-1 $1985 $2382 $4017 #
-4224 loop $-1 -1 $-1 $1829 $2169 $4017 #
-4225 loop $-1 -1 $-1 $1683 $1986 $4017 #
-4226 loop $-1 -1 $-1 $1528 $1830 $4017 #
-4227 loop $-1 -1 $-1 $1362 $1684 $4017 #
-4228 loop $-1 -1 $-1 $1205 $1529 $4017 #
-4229 loop $-1 -1 $-1 $3455 $3957 $4017 #
-4230 loop $-1 -1 $-1 $-1 $3265 $4017 #
-4231 shell $-1 -1 $-1 $-1 $-1 $4332 $-1 $4 #
-4232 NMx_Feature_Orientation-NamingMatching-attrib $-1 -1 $4244 $-1 $4184 42 $2298 $2299 #
-4233 loop $-1 -1 $-1 $4242 $1425 $4184 #
-4234 coedge $-1 -1 $-1 $4234 $4234 $4237 $4127 T $4242 0 $-1 #
-4235 vertex $4236 -1 $-1 $4127 0 $4240 #
-4236 NMx_Matched_Entity-NamingMatching-attrib $-1 -1 $-1 $-1 $4235 42 1 1325 -1 38 1 #
-4237 coedge $-1 -1 $-1 $4237 $4237 $4234 $4127 F $4196 0 $-1 #
-4238 face $3521 311 $-1 $4017 $56 $10 $-1 $57 reversed single #
-4239 NMx_Matched_Entity-NamingMatching-attrib $-1 -1 $4019 $4185 $4017 42 1 257 -1 1 1 #
-4240 point $-1 -1 $-1 -236 113.5 2.2 #
-4241 ellipse-curve $-1 -1 $-1 -237.5 113.5 2.2 -0 -0 -1 -0.15 0 0 1 I I #
-4242 loop $-1 -1 $-1 $-1 $4234 $4184 #
-4243 face $4302 -1 $-1 $4184 $1026 $10 $-1 $1027 T F #
-4244 NMx_Sweep_Generated_Brep_tag-NMx_Brep_Name_tag-NMx_Brep_tag-NamingMatching-attrib $-1 -1 $-1 $4232 $4184 42 1 1299 -1 64 0 20 0 0 0 0 0 0 0 #
-4245 face $4246 -1 $-1 $4436 $1739 $10 $-1 $2086 T F #
-4246 NMx_Feature_Orientation-NamingMatching-attrib $-1 -1 $4253 $-1 $4245 42 $2513 $2514 #
-4247 loop $-1 -1 $-1 $4252 $1584 $4245 #
-4248 coedge $-1 -1 $-1 $4248 $4248 $4251 $4129 F $4197 0 $-1 #
-4249 vertex $4250 -1 $-1 $4129 0 $4254 #
-4250 NMx_Matched_Entity-NamingMatching-attrib $-1 -1 $-1 $-1 $4249 42 1 1327 -1 41 1 #
-4251 coedge $-1 -1 $-1 $4251 $4251 $4248 $4129 T $4252 0 $-1 #
-4252 loop $-1 -1 $-1 $-1 $4251 $4245 #
-4253 NMx_Sweep_Generated_Brep_tag-NMx_Brep_Name_tag-NMx_Brep_tag-NamingMatching-attrib $-1 -1 $-1 $4246 $4245 42 1 1299 -1 56 0 20 0 0 0 0 0 0 0 #
-4254 point $-1 -1 $-1 -226.5 101 2.2 #
-4255 ellipse-curve $-1 -1 $-1 -228 101 2.2 -0 -0 -1 -0.15 0 0 1 I I #
-4256 face $4257 -1 $-1 $4268 $1798 $10 $-1 $2155 T F #
-4257 NMx_Feature_Orientation-NamingMatching-attrib $-1 -1 $4265 $-1 $4256 42 $2601 $2602 #
-4258 loop $-1 -1 $-1 $4263 $1651 $4256 #
-4259 coedge $-1 -1 $-1 $4259 $4259 $4262 $4131 F $4208 0 $-1 #
-4260 vertex $4261 -1 $-1 $4131 0 $4266 #
-4261 NMx_Matched_Entity-NamingMatching-attrib $-1 -1 $-1 $-1 $4260 42 1 1329 -1 44 1 #
-4262 coedge $-1 -1 $-1 $4262 $4262 $4259 $4131 T $4263 0 $-1 #
-4263 loop $-1 -1 $-1 $-1 $4262 $4256 #
-4264 face $4336 -1 $-1 $4256 $748 $10 $-1 $749 T F #
-4265 NMx_Sweep_Generated_Brep_tag-NMx_Brep_Name_tag-NMx_Brep_tag-NamingMatching-attrib $-1 -1 $-1 $4257 $4256 42 1 1299 -1 58 0 20 0 0 0 0 0 0 0 #
-4266 point $-1 -1 $-1 -209.5 101 2.2 #
-4267 ellipse-curve $-1 -1 $-1 -211 101 2.2 -0 -0 -1 -0.15 0 0 1 I I #
-4268 face $4269 -1 $-1 $4279 $1933 $10 $-1 $1934 T F #
-4269 NMx_Feature_Orientation-NamingMatching-attrib $-1 -1 $4276 $-1 $4268 42 $2305 $2306 #
-4270 loop $-1 -1 $-1 $4275 $1796 $4268 #
-4271 coedge $-1 -1 $-1 $4271 $4271 $4274 $4133 F $4209 0 $-1 #
-4272 vertex $4273 -1 $-1 $4133 0 $4277 #
-4273 NMx_Matched_Entity-NamingMatching-attrib $-1 -1 $-1 $-1 $4272 42 1 1331 -1 47 1 #
-4274 coedge $-1 -1 $-1 $4274 $4274 $4271 $4133 T $4275 0 $-1 #
-4275 loop $-1 -1 $-1 $-1 $4274 $4268 #
-4276 NMx_Sweep_Generated_Brep_tag-NMx_Brep_Name_tag-NMx_Brep_tag-NamingMatching-attrib $-1 -1 $-1 $4269 $4268 42 1 1299 -1 66 0 20 0 0 0 0 0 0 0 #
-4277 point $-1 -1 $-1 -236 81.5 2.2 #
-4278 ellipse-curve $-1 -1 $-1 -237.5 81.5 2.2 -0 -0 -1 -0.15 0 0 1 I I #
-4279 face $4280 -1 $-1 $4486 $1631 $10 $-1 $1632 T F #
-4280 NMx_Feature_Orientation-NamingMatching-attrib $-1 -1 $4287 $-1 $4279 42 $1929 $1930 #
-4281 loop $-1 -1 $-1 $4286 $1779 $4279 #
-4282 coedge $-1 -1 $-1 $4282 $4282 $4285 $4135 F $4210 0 $-1 #
-4283 vertex $4284 -1 $-1 $4135 0 $4288 #
-4284 NMx_Matched_Entity-NamingMatching-attrib $-1 -1 $-1 $-1 $4283 42 1 1333 -1 50 1 #
-4285 coedge $-1 -1 $-1 $4285 $4285 $4282 $4135 T $4286 0 $-1 #
-4286 loop $-1 -1 $-1 $-1 $4285 $4279 #
-4287 NMx_Sweep_Generated_Brep_tag-NMx_Brep_Name_tag-NMx_Brep_tag-NamingMatching-attrib $-1 -1 $-1 $4280 $4279 42 1 1299 -1 81 0 20 0 0 0 0 0 0 0 #
-4288 point $-1 -1 $-1 -226.5 62 2.2 #
-4289 ellipse-curve $-1 -1 $-1 -228 62 2.2 -0 -0 -1 -0.15 0 0 1 I I #
-4290 face $4291 -1 $-1 $4243 $1275 $10 $-1 $1315 T F #
-4291 NMx_Feature_Orientation-NamingMatching-attrib $-1 -1 $4299 $-1 $4290 42 $1627 $1628 #
-4292 loop $-1 -1 $-1 $4297 $1134 $4290 #
-4293 coedge $-1 -1 $-1 $4293 $4293 $4296 $4137 F $4194 0 $-1 #
-4294 vertex $4295 -1 $-1 $4137 0 $4300 #
-4295 NMx_Matched_Entity-NamingMatching-attrib $-1 -1 $-1 $-1 $4294 42 1 1335 -1 53 1 #
-4296 coedge $-1 -1 $-1 $4296 $4296 $4293 $4137 T $4297 0 $-1 #
-4297 loop $-1 -1 $-1 $-1 $4296 $4290 #
-4298 face $4502 -1 $-1 $4290 $1136 $10 $-1 $1433 T F #
-4299 NMx_Sweep_Generated_Brep_tag-NMx_Brep_Name_tag-NMx_Brep_tag-NamingMatching-attrib $-1 -1 $-1 $4291 $4290 42 1 1299 -1 83 0 20 0 0 0 0 0 0 0 #
-4300 point $-1 -1 $-1 -209.5 62 2.2 #
-4301 ellipse-curve $-1 -1 $-1 -211 62 2.2 -0 -0 -1 -0.15 0 0 1 I I #
-4302 NMx_Feature_Orientation-NamingMatching-attrib $-1 -1 $4309 $-1 $4243 42 $1311 $1312 #
-4303 loop $-1 -1 $-1 $4308 $1169 $4243 #
-4304 coedge $-1 -1 $-1 $4304 $4304 $4307 $4139 F $4195 0 $-1 #
-4305 vertex $4306 -1 $-1 $4139 0 $4310 #
-4306 NMx_Matched_Entity-NamingMatching-attrib $-1 -1 $-1 $-1 $4305 42 1 1337 -1 56 1 #
-4307 coedge $-1 -1 $-1 $4307 $4307 $4304 $4139 T $4308 0 $-1 #
-4308 loop $-1 -1 $-1 $-1 $4307 $4243 #
-4309 NMx_Sweep_Generated_Brep_tag-NMx_Brep_Name_tag-NMx_Brep_tag-NamingMatching-attrib $-1 -1 $-1 $4302 $4243 42 1 1299 -1 79 0 20 0 0 0 0 0 0 0 #
-4310 point $-1 -1 $-1 -236 49.5 2.2 #
-4311 ellipse-curve $-1 -1 $-1 -237.5 49.5 2.2 -0 -0 -1 -0.15 0 0 1 I I #
-4312 face $4313 -1 $-1 $4357 $739 $10 $-1 $740 T F #
-4313 NMx_Feature_Orientation-NamingMatching-attrib $-1 -1 $4321 $-1 $4312 42 $1022 $1023 #
-4314 loop $-1 -1 $-1 $4319 $892 $4312 #
-4315 coedge $-1 -1 $-1 $4315 $4315 $4318 $4141 F $4217 0 $-1 #
-4316 vertex $4317 -1 $-1 $4141 0 $4322 #
-4317 NMx_Matched_Entity-NamingMatching-attrib $-1 -1 $-1 $-1 $4316 42 1 1339 -1 59 1 #
-4318 coedge $-1 -1 $-1 $4318 $4318 $4315 $4141 T $4319 0 $-1 #
-4319 loop $-1 -1 $-1 $-1 $4318 $4312 #
-4320 face $4030 -1 $-1 $4312 $1017 $10 $-1 $1018 T F #
-4321 NMx_Sweep_Generated_Brep_tag-NMx_Brep_Name_tag-NMx_Brep_tag-NamingMatching-attrib $-1 -1 $-1 $4313 $4312 42 1 1299 -1 54 0 20 0 0 0 0 0 0 0 #
-4322 point $-1 -1 $-1 -79.5 94.5 2.2 #
-4323 ellipse-curve $-1 -1 $-1 -81 94.5 2.2 -0 -0 -1 -0.15 0 0 1 I I #
-4324 face $4325 -1 $-1 $4090 $336 $10 $-1 $590 T F #
-4325 NMx_Feature_Orientation-NamingMatching-attrib $-1 -1 $4333 $-1 $4324 42 $884 $885 #
-4326 loop $-1 -1 $-1 $4331 $235 $4324 #
-4327 coedge $-1 -1 $-1 $4327 $4327 $4330 $4143 F $4187 0 $-1 #
-4328 vertex $4329 -1 $-1 $4143 0 $4334 #
-4329 NMx_Matched_Entity-NamingMatching-attrib $-1 -1 $-1 $-1 $4328 42 1 1341 -1 62 1 #
-4330 coedge $-1 -1 $-1 $4330 $4330 $4327 $4143 T $4331 0 $-1 #
-4331 loop $-1 -1 $-1 $-1 $4330 $4324 #
-4332 face $4347 -1 $-1 $4324 $237 $10 $-1 $460 T F #
-4333 NMx_Sweep_Generated_Brep_tag-NMx_Brep_Name_tag-NMx_Brep_tag-NamingMatching-attrib $-1 -1 $-1 $4325 $4324 42 1 1299 -1 48 0 20 0 0 0 0 0 0 0 #
-4334 point $-1 -1 $-1 -74.5 92.5 2.2 #
-4335 ellipse-curve $-1 -1 $-1 -76 92.5 2.2 -0 -0 -1 -0.15 0 0 1 I I #
-4336 NMx_Feature_Orientation-NamingMatching-attrib $-1 -1 $4344 $-1 $4264 42 $1037 $1038 #
-4337 loop $-1 -1 $-1 $4342 $900 $4264 #
-4338 coedge $-1 -1 $-1 $4338 $4338 $4341 $4145 F $4207 0 $-1 #
-4339 vertex $4340 -1 $-1 $4145 0 $4345 #
-4340 NMx_Matched_Entity-NamingMatching-attrib $-1 -1 $-1 $-1 $4339 42 1 1343 -1 65 1 #
-4341 coedge $-1 -1 $-1 $4341 $4341 $4338 $4145 T $4342 0 $-1 #
-4342 loop $-1 -1 $-1 $-1 $4341 $4264 #
-4343 face $4447 -1 $-1 $4264 $1859 $10 $-1 $1860 T F #
-4344 NMx_Sweep_Generated_Brep_tag-NMx_Brep_Name_tag-NMx_Brep_tag-NamingMatching-attrib $-1 -1 $-1 $4336 $4264 42 1 1299 -1 44 0 20 0 0 0 0 0 0 0 #
-4345 point $-1 -1 $-1 -54.5 91.5 2.2 #
-4346 ellipse-curve $-1 -1 $-1 -56 91.5 2.2 -0 -0 -1 -0.15 0 0 1 I I #
-4347 NMx_Feature_Orientation-NamingMatching-attrib $-1 -1 $4354 $-1 $4332 42 $744 $745 #
-4348 loop $-1 -1 $-1 $4353 $156 $4332 #
-4349 coedge $-1 -1 $-1 $4349 $4349 $4352 $4147 F $4186 0 $-1 #
-4350 vertex $4351 -1 $-1 $4147 0 $4355 #
-4351 NMx_Matched_Entity-NamingMatching-attrib $-1 -1 $-1 $-1 $4350 42 1 1345 -1 68 1 #
-4352 coedge $-1 -1 $-1 $4352 $4352 $4349 $4147 T $4353 0 $-1 #
-4353 loop $-1 -1 $-1 $-1 $4352 $4332 #
-4354 NMx_Sweep_Generated_Brep_tag-NMx_Brep_Name_tag-NMx_Brep_tag-NamingMatching-attrib $-1 -1 $-1 $4347 $4332 42 1 1299 -1 103 0 20 0 0 0 0 0 0 0 #
-4355 point $-1 -1 $-1 -74.5 70.5 2.2 #
-4356 ellipse-curve $-1 -1 $-1 -76 70.5 2.2 -0 -0 -1 -0.15 0 0 1 I I #
-4357 face $4358 -1 $-1 $1907 $1179 $10 $-1 $1180 reversed single #
-4358 NMx_Feature_Orientation-NamingMatching-attrib $-1 -1 $4365 $-1 $4357 42 $1484 $1485 #
-4359 loop $-1 -1 $-1 $4364 $1328 $4357 #
-4360 coedge $-1 -1 $-1 $4360 $4360 $4363 $4149 F $4218 0 $-1 #
-4361 vertex $4362 -1 $-1 $4149 0 $4366 #
-4362 NMx_Matched_Entity-NamingMatching-attrib $-1 -1 $-1 $-1 $4361 42 1 1347 -1 71 1 #
-4363 coedge $-1 -1 $-1 $4363 $4363 $4360 $4149 T $4364 0 $-1 #
-4364 loop $-1 -1 $-1 $-1 $4363 $4357 #
-4365 NMx_Sweep_Generated_Brep_tag-NMx_Brep_Name_tag-NMx_Brep_tag-NamingMatching-attrib $-1 -1 $-1 $4358 $4357 42 1 1299 -1 105 0 20 0 0 0 0 0 0 0 #
-4366 point $-1 -1 $-1 -79.5 68.5 2.2 #
-4367 ellipse-curve $-1 -1 $-1 -81 68.5 2.2 -0 -0 -1 -0.15 0 0 1 I I #
-4368 face $4369 -1 $-1 $4498 $726 $10 $-1 $1010 T F #
-4369 NMx_Feature_Orientation-NamingMatching-attrib $-1 -1 $4377 $-1 $4368 42 $1294 $1295 #
-4370 loop $-1 -1 $-1 $4375 $580 $4368 #
-4371 coedge $-1 -1 $-1 $4371 $4371 $4374 $4151 F $4190 0 $-1 #
-4372 vertex $4373 -1 $-1 $4151 0 $4378 #
-4373 NMx_Matched_Entity-NamingMatching-attrib $-1 -1 $-1 $-1 $4372 42 1 1349 -1 74 1 #
-4374 coedge $-1 -1 $-1 $4374 $4374 $4371 $4151 T $4375 0 $-1 #
-4375 loop $-1 -1 $-1 $-1 $4374 $4368 #
-4376 face $4113 -1 $-1 $4368 $376 $10 $-1 $377 T F #
-4377 NMx_Sweep_Generated_Brep_tag-NMx_Brep_Name_tag-NMx_Brep_tag-NamingMatching-attrib $-1 -1 $-1 $4369 $4368 42 1 1299 -1 101 0 20 0 0 0 0 0 0 0 #
-4378 point $-1 -1 $-1 -54.5 71.5 2.2 #
-4379 ellipse-curve $-1 -1 $-1 -56 71.5 2.2 -0 -0 -1 -0.15 0 0 1 I I #
-4380 face $4381 -1 $-1 $4392 $2466 $10 $-1 $2467 T F #
-4381 NMx_Feature_Orientation-NamingMatching-attrib $-1 -1 $4389 $-1 $4380 42 $2908 $2909 #
-4382 loop $-1 -1 $-1 $4387 $2506 $4380 #
-4383 coedge $-1 -1 $-1 $4383 $4383 $4386 $4153 F $4202 0 $-1 #
-4384 vertex $4385 -1 $-1 $4153 0 $4390 #
-4385 NMx_Matched_Entity-NamingMatching-attrib $-1 -1 $-1 $-1 $4384 42 1 1351 -1 77 1 #
-4386 coedge $-1 -1 $-1 $4386 $4386 $4383 $4153 T $4387 0 $-1 #
-4387 loop $-1 -1 $-1 $-1 $4386 $4380 #
-4388 face $4403 -1 $-1 $4380 $2235 $10 $-1 $2236 T F #
-4389 NMx_Sweep_Generated_Brep_tag-NMx_Brep_Name_tag-NMx_Brep_tag-NamingMatching-attrib $-1 -1 $-1 $4381 $4380 42 1 1299 -1 12 0 20 0 0 0 0 0 0 0 #
-4390 point $-1 -1 $-1 -13.5 81.5 2.2 #
-4391 ellipse-curve $-1 -1 $-1 -15 81.5 2.2 -0 -0 -1 -0.15 0 0 1 I I #
-4392 face $4393 -1 $-1 $4414 $2704 $10 $-1 $2705 T F #
-4393 NMx_Feature_Orientation-NamingMatching-attrib $-1 -1 $4400 $-1 $4392 42 $3075 $3076 #
-4394 loop $-1 -1 $-1 $4399 $2724 $4392 #
-4395 coedge $-1 -1 $-1 $4395 $4395 $4398 $4155 F $4203 0 $-1 #
-4396 vertex $4397 -1 $-1 $4155 0 $4401 #
-4397 NMx_Matched_Entity-NamingMatching-attrib $-1 -1 $-1 $-1 $4396 42 1 1353 -1 80 1 #
-4398 coedge $-1 -1 $-1 $4398 $4398 $4395 $4155 T $4399 0 $-1 #
-4399 loop $-1 -1 $-1 $-1 $4398 $4392 #
-4400 NMx_Sweep_Generated_Brep_tag-NMx_Brep_Name_tag-NMx_Brep_tag-NamingMatching-attrib $-1 -1 $-1 $4393 $4392 42 1 1299 -1 14 0 20 0 0 0 0 0 0 0 #
-4401 point $-1 -1 $-1 -6.5 81.5 2.2 #
-4402 ellipse-curve $-1 -1 $-1 -8 81.5 2.2 -0 -0 -1 -0.15 0 0 1 I I #
-4403 NMx_Feature_Orientation-NamingMatching-attrib $-1 -1 $4411 $-1 $4388 42 $2701 $2702 #
-4404 loop $-1 -1 $-1 $4409 $2284 $4388 #
-4405 coedge $-1 -1 $-1 $4405 $4405 $4408 $4157 F $4201 0 $-1 #
-4406 vertex $4407 -1 $-1 $4157 0 $4412 #
-4407 NMx_Matched_Entity-NamingMatching-attrib $-1 -1 $-1 $-1 $4406 42 1 1355 -1 83 1 #
-4408 coedge $-1 -1 $-1 $4408 $4408 $4405 $4157 T $4409 0 $-1 #
-4409 loop $-1 -1 $-1 $-1 $4408 $4388 #
-4410 face $4425 -1 $-1 $4388 $2031 $10 $-1 $2032 T F #
-4411 NMx_Sweep_Generated_Brep_tag-NMx_Brep_Name_tag-NMx_Brep_tag-NamingMatching-attrib $-1 -1 $-1 $4403 $4388 42 1 1299 -1 16 0 20 0 0 0 0 0 0 0 #
-4412 point $-1 -1 $-1 -11.5 126.5 2.2 #
-4413 ellipse-curve $-1 -1 $-1 -13 126.5 2.2 -0 -0 -1 -0.15 0 0 1 I I #
-4414 face $4415 -1 $-1 $4454 $2480 $10 $-1 $2481 T F #
-4415 NMx_Feature_Orientation-NamingMatching-attrib $-1 -1 $4422 $-1 $4414 42 $2917 $2918 #
-4416 loop $-1 -1 $-1 $4421 $2711 $4414 #
-4417 coedge $-1 -1 $-1 $4417 $4417 $4420 $4159 F $4204 0 $-1 #
-4418 vertex $4419 -1 $-1 $4159 0 $4423 #
-4419 NMx_Matched_Entity-NamingMatching-attrib $-1 -1 $-1 $-1 $4418 42 1 1357 -1 86 1 #
-4420 coedge $-1 -1 $-1 $4420 $4420 $4417 $4159 T $4421 0 $-1 #
-4421 loop $-1 -1 $-1 $-1 $4420 $4414 #
-4422 NMx_Sweep_Generated_Brep_tag-NMx_Brep_Name_tag-NMx_Brep_tag-NamingMatching-attrib $-1 -1 $-1 $4415 $4414 42 1 1299 -1 18 0 20 0 0 0 0 0 0 0 #
-4423 point $-1 -1 $-1 -22.5 126.5 2.2 #
-4424 ellipse-curve $-1 -1 $-1 -24 126.5 2.2 -0 -0 -1 -0.15 0 0 1 I I #
-4425 NMx_Feature_Orientation-NamingMatching-attrib $-1 -1 $4433 $-1 $4410 42 $2477 $2478 #
-4426 loop $-1 -1 $-1 $4431 $2077 $4410 #
-4427 coedge $-1 -1 $-1 $4427 $4427 $4430 $4161 F $4200 0 $-1 #
-4428 vertex $4429 -1 $-1 $4161 0 $4434 #
-4429 NMx_Matched_Entity-NamingMatching-attrib $-1 -1 $-1 $-1 $4428 42 1 1359 -1 89 1 #
-4430 coedge $-1 -1 $-1 $4430 $4430 $4427 $4161 T $4431 0 $-1 #
-4431 loop $-1 -1 $-1 $-1 $4430 $4410 #
-4432 face $4458 -1 $-1 $4410 $2046 $10 $-1 $2047 T F #
-4433 NMx_Sweep_Generated_Brep_tag-NMx_Brep_Name_tag-NMx_Brep_tag-NamingMatching-attrib $-1 -1 $-1 $4425 $4410 42 1 1299 -1 24 0 20 0 0 0 0 0 0 0 #
-4434 point $-1 -1 $-1 -45.5 126.5 2.2 #
-4435 ellipse-curve $-1 -1 $-1 -47 126.5 2.2 -0 -0 -1 -0.15 0 0 1 I I #
-4436 face $4437 -1 $-1 $4432 $1899 $10 $-1 $2249 T F #
-4437 NMx_Feature_Orientation-NamingMatching-attrib $-1 -1 $4444 $-1 $4436 42 $2715 $2716 #
-4438 loop $-1 -1 $-1 $4443 $1737 $4436 #
-4439 coedge $-1 -1 $-1 $4439 $4439 $4442 $4163 F $4198 0 $-1 #
-4440 vertex $4441 -1 $-1 $4163 0 $4445 #
-4441 NMx_Matched_Entity-NamingMatching-attrib $-1 -1 $-1 $-1 $4440 42 1 1361 -1 92 1 #
-4442 coedge $-1 -1 $-1 $4442 $4442 $4439 $4163 T $4443 0 $-1 #
-4443 loop $-1 -1 $-1 $-1 $4442 $4436 #
-4444 NMx_Sweep_Generated_Brep_tag-NMx_Brep_Name_tag-NMx_Brep_tag-NamingMatching-attrib $-1 -1 $-1 $4437 $4436 42 1 1299 -1 42 0 20 0 0 0 0 0 0 0 #
-4445 point $-1 -1 $-1 -60 140 2.2 #
-4446 ellipse-curve $-1 -1 $-1 -61.5 140 2.2 -0 -0 -1 -0.15 0 0 1 I I #
-4447 NMx_Feature_Orientation-NamingMatching-attrib $-1 -1 $4455 $-1 $4343 42 $2246 $2247 #
-4448 loop $-1 -1 $-1 $4453 $2040 $4343 #
-4449 coedge $-1 -1 $-1 $4449 $4449 $4452 $4165 F $4206 0 $-1 #
-4450 vertex $4451 -1 $-1 $4165 0 $4456 #
-4451 NMx_Matched_Entity-NamingMatching-attrib $-1 -1 $-1 $-1 $4450 42 1 1363 -1 95 1 #
-4452 coedge $-1 -1 $-1 $4452 $4452 $4449 $4165 T $4453 0 $-1 #
-4453 loop $-1 -1 $-1 $-1 $4452 $4343 #
-4454 face $4468 -1 $-1 $4343 $1704 $10 $-1 $1705 T F #
-4455 NMx_Sweep_Generated_Brep_tag-NMx_Brep_Name_tag-NMx_Brep_tag-NamingMatching-attrib $-1 -1 $-1 $4447 $4343 42 1 1299 -1 40 0 20 0 0 0 0 0 0 0 #
-4456 point $-1 -1 $-1 -71.5 140 2.2 #
-4457 ellipse-curve $-1 -1 $-1 -73 140 2.2 -0 -0 -1 -0.15 0 0 1 I I #
-4458 NMx_Feature_Orientation-NamingMatching-attrib $-1 -1 $4465 $-1 $4432 42 $2491 $2492 #
-4459 loop $-1 -1 $-1 $4464 $1897 $4432 #
-4460 coedge $-1 -1 $-1 $4460 $4460 $4463 $4167 F $4199 0 $-1 #
-4461 vertex $4462 -1 $-1 $4167 0 $4466 #
-4462 NMx_Matched_Entity-NamingMatching-attrib $-1 -1 $-1 $-1 $4461 42 1 1365 -1 98 1 #
-4463 coedge $-1 -1 $-1 $4463 $4463 $4460 $4167 T $4464 0 $-1 #
-4464 loop $-1 -1 $-1 $-1 $4463 $4432 #
-4465 NMx_Sweep_Generated_Brep_tag-NMx_Brep_Name_tag-NMx_Brep_tag-NamingMatching-attrib $-1 -1 $-1 $4458 $4432 42 1 1299 -1 38 0 20 0 0 0 0 0 0 0 #
-4466 point $-1 -1 $-1 -77 155 2.2 #
-4467 ellipse-curve $-1 -1 $-1 -78.5 155 2.2 -0 -0 -1 -0.15 0 0 1 I I #
-4468 NMx_Feature_Orientation-NamingMatching-attrib $-1 -1 $4475 $-1 $4454 42 $2043 $2044 #
-4469 loop $-1 -1 $-1 $4474 $1868 $4454 #
-4470 coedge $-1 -1 $-1 $4470 $4470 $4473 $4169 F $4205 0 $-1 #
-4471 vertex $4472 -1 $-1 $4169 0 $4476 #
-4472 NMx_Matched_Entity-NamingMatching-attrib $-1 -1 $-1 $-1 $4471 42 1 1367 -1 101 1 #
-4473 coedge $-1 -1 $-1 $4473 $4473 $4470 $4169 T $4474 0 $-1 #
-4474 loop $-1 -1 $-1 $-1 $4473 $4454 #
-4475 NMx_Sweep_Generated_Brep_tag-NMx_Brep_Name_tag-NMx_Brep_tag-NamingMatching-attrib $-1 -1 $-1 $4468 $4454 42 1 1299 -1 36 0 20 0 0 0 0 0 0 0 #
-4476 point $-1 -1 $-1 -65.5 155 2.2 #
-4477 ellipse-curve $-1 -1 $-1 -67 155 2.2 -0 -0 -1 -0.15 0 0 1 I I #
-4478 face $4479 -1 $-1 $4522 $1598 $10 $-1 $1599 T F #
-4479 NMx_Feature_Orientation-NamingMatching-attrib $-1 -1 $4487 $-1 $4478 42 $1910 $1911 #
-4480 loop $-1 -1 $-1 $4485 $1752 $4478 #
-4481 coedge $-1 -1 $-1 $4481 $4481 $4484 $4171 F $4212 0 $-1 #
-4482 vertex $4483 -1 $-1 $4171 0 $4488 #
-4483 NMx_Matched_Entity-NamingMatching-attrib $-1 -1 $-1 $-1 $4482 42 1 1369 -1 104 1 #
-4484 coedge $-1 -1 $-1 $4484 $4484 $4481 $4171 T $4485 0 $-1 #
-4485 loop $-1 -1 $-1 $-1 $4484 $4478 #
-4486 face $4512 -1 $-1 $4478 $1381 $10 $-1 $1382 T F #
-4487 NMx_Sweep_Generated_Brep_tag-NMx_Brep_Name_tag-NMx_Brep_tag-NamingMatching-attrib $-1 -1 $-1 $4479 $4478 42 1 1299 -1 91 0 20 0 0 0 0 0 0 0 #
-4488 point $-1 -1 $-1 -71.5 23 2.2 #
-4489 ellipse-curve $-1 -1 $-1 -73 23 2.2 -0 -0 -1 -0.15 0 0 1 I I #
-4490 face $4491 -1 $-1 $4298 $1001 $10 $-1 $1284 T F #
-4491 NMx_Feature_Orientation-NamingMatching-attrib $-1 -1 $4499 $-1 $4490 42 $1595 $1596 #
-4492 loop $-1 -1 $-1 $4497 $866 $4490 #
-4493 coedge $-1 -1 $-1 $4493 $4493 $4496 $4173 F $4192 0 $-1 #
-4494 vertex $4495 -1 $-1 $4173 0 $4500 #
-4495 NMx_Matched_Entity-NamingMatching-attrib $-1 -1 $-1 $-1 $4494 42 1 1371 -1 107 1 #
-4496 coedge $-1 -1 $-1 $4496 $4496 $4493 $4173 T $4497 0 $-1 #
-4497 loop $-1 -1 $-1 $-1 $4496 $4490 #
-4498 face $4533 -1 $-1 $4490 $868 $10 $-1 $1145 T F #
-4499 NMx_Sweep_Generated_Brep_tag-NMx_Brep_Name_tag-NMx_Brep_tag-NamingMatching-attrib $-1 -1 $-1 $4491 $4490 42 1 1299 -1 93 0 20 0 0 0 0 0 0 0 #
-4500 point $-1 -1 $-1 -60 23 2.2 #
-4501 ellipse-curve $-1 -1 $-1 -61.5 23 2.2 -0 -0 -1 -0.15 0 0 1 I I #
-4502 NMx_Feature_Orientation-NamingMatching-attrib $-1 -1 $4509 $-1 $4298 42 $1747 $1748 #
-4503 loop $-1 -1 $-1 $4508 $999 $4298 #
-4504 coedge $-1 -1 $-1 $4504 $4504 $4507 $4175 F $4193 0 $-1 #
-4505 vertex $4506 -1 $-1 $4175 0 $4510 #
-4506 NMx_Matched_Entity-NamingMatching-attrib $-1 -1 $-1 $-1 $4505 42 1 1373 -1 110 1 #
-4507 coedge $-1 -1 $-1 $4507 $4507 $4504 $4175 T $4508 0 $-1 #
-4508 loop $-1 -1 $-1 $-1 $4507 $4298 #
-4509 NMx_Sweep_Generated_Brep_tag-NMx_Brep_Name_tag-NMx_Brep_tag-NamingMatching-attrib $-1 -1 $-1 $4502 $4298 42 1 1299 -1 89 0 20 0 0 0 0 0 0 0 #
-4510 point $-1 -1 $-1 -65.5 8 2.2 #
-4511 ellipse-curve $-1 -1 $-1 -67 8 2.2 -0 -0 -1 -0.15 0 0 1 I I #
-4512 NMx_Feature_Orientation-NamingMatching-attrib $-1 -1 $4519 $-1 $4486 42 $1707 $1708 #
-4513 loop $-1 -1 $-1 $4518 $1549 $4486 #
-4514 coedge $-1 -1 $-1 $4514 $4514 $4517 $4177 F $4211 0 $-1 #
-4515 vertex $4516 -1 $-1 $4177 0 $4520 #
-4516 NMx_Matched_Entity-NamingMatching-attrib $-1 -1 $-1 $-1 $4515 42 1 1375 -1 113 1 #
-4517 coedge $-1 -1 $-1 $4517 $4517 $4514 $4177 T $4518 0 $-1 #
-4518 loop $-1 -1 $-1 $-1 $4517 $4486 #
-4519 NMx_Sweep_Generated_Brep_tag-NMx_Brep_Name_tag-NMx_Brep_tag-NamingMatching-attrib $-1 -1 $-1 $4512 $4486 42 1 1299 -1 87 0 20 0 0 0 0 0 0 0 #
-4520 point $-1 -1 $-1 -77 8 2.2 #
-4521 ellipse-curve $-1 -1 $-1 -78.5 8 2.2 -0 -0 -1 -0.15 0 0 1 I I #
-4522 face $4523 -1 $-1 $4543 $1446 $10 $-1 $1447 T F #
-4523 NMx_Feature_Orientation-NamingMatching-attrib $-1 -1 $4530 $-1 $4522 42 $1756 $1757 #
-4524 loop $-1 -1 $-1 $4529 $1605 $4522 #
-4525 coedge $-1 -1 $-1 $4525 $4525 $4528 $4179 F $4213 0 $-1 #
-4526 vertex $4527 -1 $-1 $4179 0 $4531 #
-4527 NMx_Matched_Entity-NamingMatching-attrib $-1 -1 $-1 $-1 $4526 42 1 1377 -1 116 1 #
-4528 coedge $-1 -1 $-1 $4528 $4528 $4525 $4179 T $4529 0 $-1 #
-4529 loop $-1 -1 $-1 $-1 $4528 $4522 #
-4530 NMx_Sweep_Generated_Brep_tag-NMx_Brep_Name_tag-NMx_Brep_tag-NamingMatching-attrib $-1 -1 $-1 $4523 $4522 42 1 1299 -1 95 0 20 0 0 0 0 0 0 0 #
-4531 point $-1 -1 $-1 -45.5 36.5 2.2 #
-4532 ellipse-curve $-1 -1 $-1 -47 36.5 2.2 -0 -0 -1 -0.15 0 0 1 I I #
-4533 NMx_Feature_Orientation-NamingMatching-attrib $-1 -1 $4540 $-1 $4498 42 $1443 $1444 #
-4534 loop $-1 -1 $-1 $4539 $724 $4498 #
-4535 coedge $-1 -1 $-1 $4535 $4535 $4538 $4181 F $4191 0 $-1 #
-4536 vertex $4537 -1 $-1 $4181 0 $4541 #
-4537 NMx_Matched_Entity-NamingMatching-attrib $-1 -1 $-1 $-1 $4536 42 1 1379 -1 119 1 #
-4538 coedge $-1 -1 $-1 $4538 $4538 $4535 $4181 T $4539 0 $-1 #
-4539 loop $-1 -1 $-1 $-1 $4538 $4498 #
-4540 NMx_Sweep_Generated_Brep_tag-NMx_Brep_Name_tag-NMx_Brep_tag-NamingMatching-attrib $-1 -1 $-1 $4533 $4498 42 1 1299 -1 97 0 20 0 0 0 0 0 0 0 #
-4541 point $-1 -1 $-1 -22.5 36.5 2.2 #
-4542 ellipse-curve $-1 -1 $-1 -24 36.5 2.2 -0 -0 -1 -0.15 0 0 1 I I #
-4543 face $4544 -1 $-1 $4082 $1301 $10 $-1 $1302 T F #
-4544 NMx_Feature_Orientation-NamingMatching-attrib $-1 -1 $4551 $-1 $4543 42 $1614 $1615 #
-4545 loop $-1 -1 $-1 $4550 $1457 $4543 #
-4546 coedge $-1 -1 $-1 $4546 $4546 $4549 $4183 F $4214 0 $-1 #
-4547 vertex $4548 -1 $-1 $4183 0 $4552 #
-4548 NMx_Matched_Entity-NamingMatching-attrib $-1 -1 $-1 $-1 $4547 42 1 1381 -1 122 1 #
-4549 coedge $-1 -1 $-1 $4549 $4549 $4546 $4183 T $4550 0 $-1 #
-4550 loop $-1 -1 $-1 $-1 $4549 $4543 #
-4551 NMx_Sweep_Generated_Brep_tag-NMx_Brep_Name_tag-NMx_Brep_tag-NamingMatching-attrib $-1 -1 $-1 $4544 $4543 42 1 1299 -1 99 0 20 0 0 0 0 0 0 0 #
-4552 point $-1 -1 $-1 -11.5 36.5 2.2 #
-4553 ellipse-curve $-1 -1 $-1 -13 36.5 2.2 -0 -0 -1 -0.15 0 0 1 I I #
-4554 NMx_Matched_Entity-NamingMatching-attrib $-1 -1 $-1 $-1 $621 42 1 305 -1 8 1 #
-4555 vertex $-1 -1 $-1 $616 0 $779 #
-4556 NMx_Matched_Entity-NamingMatching-attrib $-1 -1 $-1 $-1 $774 42 1 309 -1 10 1 #
-4557 vertex $-1 -1 $-1 $919 1 $923 #
-4558 NMx_Matched_Entity-NamingMatching-attrib $-1 -1 $1066 $-1 $616 42 1 313 -1 11 1 #
-4559 NMx_Sweep_Generated_Brep_tag-NMx_Brep_Name_tag-NMx_Brep_tag-NamingMatching-attrib $-1 -1 $-1 $-1 $616 42 1 62 -1 6 0 10 0 0 0 0 0 0 0 #
-4560 edge $1066 342 $-1 $621 3.3 $774 13 $615 $775 forward @7 unknown #
-4561 edge $-1 -1 $-1 $4116 -3.14159 $4116 3.14159 $4115 $4122 F @7 unknown #
-4562 vertex $-1 -1 $-1 $4027 0 $4121 #
-4563 edge $-1 -1 $-1 $4105 -3.14159 $4105 3.14159 $4104 $4112 F @7 unknown #
-4564 vertex $-1 -1 $-1 $4025 0 $4111 #
-4565 edge $-1 -1 $-1 $4094 -3.14159 $4094 3.14159 $4093 $4101 F @7 unknown #
-4566 vertex $-1 -1 $-1 $4023 0 $4100 #
-4567 edge $-1 -1 $-1 $4078 -3.14159 $4078 3.14159 $4077 $4085 F @7 unknown #
-4568 vertex $-1 -1 $-1 $4021 0 $4084 #
-4569 edge $-1 -1 $-1 $4547 -3.14159 $4547 3.14159 $4546 $4553 F @7 unknown #
-4570 vertex $-1 -1 $-1 $4183 0 $4552 #
-4571 edge $-1 -1 $-1 $4536 -3.14159 $4536 3.14159 $4535 $4542 F @7 unknown #
-4572 vertex $-1 -1 $-1 $4181 0 $4541 #
-4573 edge $-1 -1 $-1 $4526 -3.14159 $4526 3.14159 $4525 $4532 F @7 unknown #
-4574 vertex $-1 -1 $-1 $4179 0 $4531 #
-4575 edge $-1 -1 $-1 $4515 -3.14159 $4515 3.14159 $4514 $4521 F @7 unknown #
-4576 vertex $-1 -1 $-1 $4177 0 $4520 #
-4577 edge $-1 -1 $-1 $4505 -3.14159 $4505 3.14159 $4504 $4511 F @7 unknown #
-4578 vertex $-1 -1 $-1 $4175 0 $4510 #
-4579 edge $-1 -1 $-1 $4494 -3.14159 $4494 3.14159 $4493 $4501 F @7 unknown #
-4580 vertex $-1 -1 $-1 $4173 0 $4500 #
-4581 edge $-1 -1 $-1 $4482 -3.14159 $4482 3.14159 $4481 $4489 F @7 unknown #
-4582 vertex $-1 -1 $-1 $4171 0 $4488 #
-4583 edge $-1 -1 $-1 $4471 -3.14159 $4471 3.14159 $4470 $4477 F @7 unknown #
-4584 vertex $-1 -1 $-1 $4169 0 $4476 #
-4585 edge $-1 -1 $-1 $4461 -3.14159 $4461 3.14159 $4460 $4467 F @7 unknown #
-4586 vertex $-1 -1 $-1 $4167 0 $4466 #
-4587 edge $-1 -1 $-1 $4450 -3.14159 $4450 3.14159 $4449 $4457 F @7 unknown #
-4588 vertex $-1 -1 $-1 $4165 0 $4456 #
-4589 edge $-1 -1 $-1 $4440 -3.14159 $4440 3.14159 $4439 $4446 F @7 unknown #
-4590 vertex $-1 -1 $-1 $4163 0 $4445 #
-4591 edge $-1 -1 $-1 $4428 -3.14159 $4428 3.14159 $4427 $4435 F @7 unknown #
-4592 vertex $-1 -1 $-1 $4161 0 $4434 #
-4593 edge $-1 -1 $-1 $4418 -3.14159 $4418 3.14159 $4417 $4424 F @7 unknown #
-4594 vertex $-1 -1 $-1 $4159 0 $4423 #
-4595 edge $-1 -1 $-1 $4406 -3.14159 $4406 3.14159 $4405 $4413 F @7 unknown #
-4596 vertex $-1 -1 $-1 $4157 0 $4412 #
-4597 edge $-1 -1 $-1 $4396 -3.14159 $4396 3.14159 $4395 $4402 F @7 unknown #
-4598 vertex $-1 -1 $-1 $4155 0 $4401 #
-4599 edge $-1 -1 $-1 $4384 -3.14159 $4384 3.14159 $4383 $4391 F @7 unknown #
-4600 vertex $-1 -1 $-1 $4153 0 $4390 #
-4601 edge $-1 -1 $-1 $4372 -3.14159 $4372 3.14159 $4371 $4379 F @7 unknown #
-4602 vertex $-1 -1 $-1 $4151 0 $4378 #
-4603 edge $-1 -1 $-1 $4361 -3.14159 $4361 3.14159 $4360 $4367 F @7 unknown #
-4604 vertex $-1 -1 $-1 $4149 0 $4366 #
-4605 edge $-1 -1 $-1 $4350 -3.14159 $4350 3.14159 $4349 $4356 F @7 unknown #
-4606 vertex $-1 -1 $-1 $4147 0 $4355 #
-4607 edge $-1 -1 $-1 $4339 -3.14159 $4339 3.14159 $4338 $4346 F @7 unknown #
-4608 vertex $-1 -1 $-1 $4145 0 $4345 #
-4609 edge $-1 -1 $-1 $4328 -3.14159 $4328 3.14159 $4327 $4335 F @7 unknown #
-4610 vertex $-1 -1 $-1 $4143 0 $4334 #
-4611 edge $-1 -1 $-1 $4316 -3.14159 $4316 3.14159 $4315 $4323 F @7 unknown #
-4612 vertex $-1 -1 $-1 $4141 0 $4322 #
-4613 edge $-1 -1 $-1 $4305 -3.14159 $4305 3.14159 $4304 $4311 F @7 unknown #
-4614 vertex $-1 -1 $-1 $4139 0 $4310 #
-4615 edge $-1 -1 $-1 $4294 -3.14159 $4294 3.14159 $4293 $4301 F @7 unknown #
-4616 vertex $-1 -1 $-1 $4137 0 $4300 #
-4617 edge $-1 -1 $-1 $4283 -3.14159 $4283 3.14159 $4282 $4289 F @7 unknown #
-4618 vertex $-1 -1 $-1 $4135 0 $4288 #
-4619 edge $-1 -1 $-1 $4272 -3.14159 $4272 3.14159 $4271 $4278 F @7 unknown #
-4620 vertex $-1 -1 $-1 $4133 0 $4277 #
-4621 edge $-1 -1 $-1 $4260 -3.14159 $4260 3.14159 $4259 $4267 F @7 unknown #
-4622 vertex $-1 -1 $-1 $4131 0 $4266 #
-4623 edge $-1 -1 $-1 $4249 -3.14159 $4249 3.14159 $4248 $4255 F @7 unknown #
-4624 vertex $-1 -1 $-1 $4129 0 $4254 #
-4625 edge $-1 -1 $-1 $4235 -3.14159 $4235 3.14159 $4237 $4241 F @7 unknown #
-4626 vertex $-1 -1 $-1 $4127 0 $4240 #
-4627 NMx_Matched_Entity-NamingMatching-attrib $-1 -1 $-1 $-1 $3699 42 1 319 -1 13 1 #
-4628 vertex $-1 -1 $-1 $3682 0 $3728 #
-4629 NMx_Matched_Entity-NamingMatching-attrib $-1 -1 $-1 $-1 $769 42 1 323 -1 14 1 #
-4630 edge $-1 329 $-1 $774 -6.05 $3699 -2.05 $614 $918 forward @7 unknown #
-4631 face $4185 312 $-1 $3215 $2593 $10 $-1 $269 forward single #
-4632 face $3521 311 $-1 $4017 $1482 $10 $-1 $57 reversed single #
-4633 shell $-1 -1 $-1 $-1 $-1 $1907 $-1 $4 #
-4634 face $4123 312 $-1 $3215 $3455 $10 $-1 $269 F F #
-4635 NMx_Sweep_Generated_Brep_tag-NMx_Brep_Name_tag-NMx_Brep_tag-NamingMatching-attrib $-1 -1 $4018 $4123 $4017 42 1 62 -1 0 0 12 0 0 0 0 0 0 0 #
-4636 edge $4629 329 $-1 $774 -6.05 $3699 -2.05 $614 $918 forward @7 unknown #
-4637 vertex $4556 -1 $-1 $919 1 $923 #
-4638 vertex $4627 -1 $-1 $3682 0 $3728 #
-4639 edge $4558 342 $-1 $621 3.3 $774 13 $615 $775 forward @7 unknown #
-4640 NMx_Sweep_Generated_Brep_tag-NMx_Brep_Name_tag-NMx_Brep_tag-NamingMatching-attrib $-1 -1 $-1 $4558 $616 42 1 62 -1 6 0 10 0 0 0 0 0 0 0 #
-4641 vertex $4554 -1 $-1 $616 0 $779 #
-4642 NMx_Sweep_Generated_Brep_tag-NMx_Brep_Name_tag-NMx_Brep_tag-NamingMatching-attrib $-1 -1 $-1 $-1 $3904 42 1 785 -1 5 0 18 0 0 0 0 0 0 0 #
-4643 edge $4002 1937 $-1 $3999 0 $3961 0.22 $3982 $4001 F @7 unknown #
-4644 NMx_Matched_Entity-NamingMatching-attrib $-1 -1 $4006 $-1 $3999 42 1 1227 -1 34 1 #
-4645 vertex $4005 -1 $-1 $3948 0 $4004 #
-4646 vertex $-1 -1 $-1 $3949 1 $4007 #
-4647 NMx_Sweep_Generated_Brep_tag-NMx_Brep_Name_tag-NMx_Brep_tag-NamingMatching-attrib $-1 -1 $-1 $-1 $3902 42 1 785 -1 3 0 18 0 0 0 0 0 0 0 #
-4648 edge $3992 1943 $-1 $3979 0 $3977 0.22 $3917 $3991 F @7 unknown #
-4649 NMx_Matched_Entity-NamingMatching-attrib $-1 -1 $3995 $-1 $3979 42 1 1191 -1 31 1 #
-4650 vertex $3994 -1 $-1 $3950 0 $3993 #
-4651 vertex $-1 -1 $-1 $3951 1 $3996 #
-4652 NMx_Sweep_Generated_Brep_tag-NMx_Brep_Name_tag-NMx_Brep_tag-NamingMatching-attrib $-1 -1 $-1 $-1 $3900 42 1 785 -1 2 0 18 0 0 0 0 0 0 0 #
-4653 edge $3970 1935 $-1 $3955 0 $3953 0.22 $3930 $3969 F @7 unknown #
-4654 NMx_Matched_Entity-NamingMatching-attrib $-1 -1 $3973 $-1 $3955 42 1 1231 -1 35 1 #
-4655 vertex $3972 -1 $-1 $3948 1 $3971 #
-4656 vertex $-1 -1 $-1 $3949 0 $3975 #
-4657 NMx_Sweep_Generated_Brep_tag-NMx_Brep_Name_tag-NMx_Brep_tag-NamingMatching-attrib $-1 -1 $-1 $-1 $3896 42 1 785 -1 4 0 18 0 0 0 0 0 0 0 #
-4658 edge $3940 1945 $-1 $3912 0 $3910 0.22 $3921 $3939 F @7 unknown #
-4659 NMx_Matched_Entity-NamingMatching-attrib $-1 -1 $3943 $-1 $3912 42 1 1187 -1 29 1 #
-4660 vertex $3942 -1 $-1 $3893 0 $3941 #
-4661 vertex $-1 -1 $-1 $3897 1 $3944 #
-4662 face $4239 312 $-1 $3215 $3455 $10 $-1 $269 F F #
-4663 face $3521 311 $-1 $4017 $243 $10 $-1 $57 reversed single #
-4664 shell $-1 -1 $-1 $-1 $-1 $3838 $-1 $4 #
-4665 face $4667 312 $-1 $3215 $2593 $10 $-1 $269 forward single #
-4666 NMx_Matched_Entity-NamingMatching-attrib $-1 -1 $4019 $4667 $4017 42 1 257 -1 1 1 #
-4667 NMx_Matched_Entity-NamingMatching-attrib $-1 -1 $4239 $-1 $4017 42 1 806 -1 1 1 #
-4668 edge $4670 342 $-1 $621 3.3 $774 13 $615 $775 forward @7 unknown #
-4669 NMx_Matched_Entity-NamingMatching-attrib $-1 -1 $1066 $4670 $616 42 1 313 -1 11 0 #
-4670 NMx_Matched_Entity-NamingMatching-attrib $-1 -1 $921 $-1 $616 42 1 1201 -1 11 1 #
-4671 NMx_Matched_Entity-NamingMatching-attrib $-1 -1 $1212 $-1 $621 42 1 823 -1 8 1 #
-4672 vertex $4671 -1 $-1 $616 0 $779 #
-4673 NMx_Matched_Entity-NamingMatching-attrib $-1 -1 $1365 $-1 $774 42 1 831 -1 10 1 #
-4674 vertex $4673 -1 $-1 $919 1 $923 #
-4675 edge $4677 346 $-1 $488 4.15 $366 12.15 $362 $489 forward @7 unknown #
-4676 NMx_Sweep_Generated_Brep_tag-NMx_Brep_Name_tag-NMx_Brep_tag-NamingMatching-attrib $-1 -1 $-1 $4677 $363 42 1 62 -1 8 0 10 0 0 0 0 0 0 0 #
-4677 NMx_Matched_Entity-NamingMatching-attrib $-1 -1 $632 $-1 $363 42 1 1160 -1 26 1 #
-4678 NMx_Matched_Entity-NamingMatching-attrib $-1 -1 $-1 $-1 $488 42 1 1140 -1 22 1 #
-4679 vertex $4678 -1 $-1 $363 0 $634 #
-4680 NMx_Matched_Entity-NamingMatching-attrib $-1 -1 $-1 $-1 $366 42 1 1156 -1 25 1 #
-4681 vertex $4680 -1 $-1 $490 1 $492 #
-4682 edge $4683 319 $-1 $3818 2.25 $488 9.85 $3821 $629 F @7 unknown #
-4683 NMx_Matched_Entity-NamingMatching-attrib $-1 -1 $-1 $-1 $3746 42 1 1144 -1 23 1 #
-4684 NMx_Matched_Entity-NamingMatching-attrib $-1 -1 $-1 $-1 $3818 42 1 1136 -1 20 1 #
-4685 vertex $4684 -1 $-1 $3746 0 $3846 #
-4686 edge $4688 329 $-1 $774 -6.05 $3699 -2.05 $614 $918 forward @7 unknown #
-4687 NMx_Matched_Entity-NamingMatching-attrib $-1 -1 $-1 $4688 $769 42 1 323 -1 14 0 #
-4688 NMx_Matched_Entity-NamingMatching-attrib $-1 -1 $1061 $-1 $769 42 1 839 -1 14 1 #
-4689 NMx_Matched_Entity-NamingMatching-attrib $-1 -1 $3731 $-1 $3699 42 1 835 -1 13 1 #
-4690 vertex $4689 -1 $-1 $3682 0 $3728 #
-4691 NMx_Matched_Entity-NamingMatching-attrib $-1 -1 $3732 $4689 $3699 42 1 319 -1 13 1 #
-4692 NMx_Matched_Entity-NamingMatching-attrib $-1 -1 $1530 $4673 $774 42 1 309 -1 10 1 #
-4693 edge $4694 322 $-1 $3753 4.05 $621 8.05 $3755 $622 F @7 unknown #
-4694 NMx_Matched_Entity-NamingMatching-attrib $-1 -1 $-1 $-1 $3737 42 1 827 -1 17 1 #
-4695 NMx_Matched_Entity-NamingMatching-attrib $-1 -1 $-1 $-1 $3753 42 1 819 -1 16 1 #
-4696 vertex $4695 -1 $-1 $3737 0 $3779 #
-4697 NMx_Matched_Entity-NamingMatching-attrib $-1 -1 $1366 $4671 $621 42 1 305 -1 8 1 #
-4698 edge $4699 1936 $-1 $3999 -1.9 $3955 5.7 $3957 $1527 F @7 unknown #
-4699 NMx_Matched_Entity-NamingMatching-attrib $-1 -1 $-1 $-1 $3948 42 1 1235 -1 36 1 #
-4700 NMx_Matched_Entity-NamingMatching-attrib $-1 -1 $-1 $-1 $3999 42 1 1227 -1 34 1 #
-4701 vertex $4700 -1 $-1 $3948 0 $4004 #
-4702 NMx_Matched_Entity-NamingMatching-attrib $-1 -1 $-1 $-1 $3955 42 1 1231 -1 35 1 #
-4703 vertex $4702 -1 $-1 $3948 1 $3971 #
-4704 edge $4705 1948 $-1 $3912 -1.9 $3979 5.7 $3914 $1814 F @7 unknown #
-4705 NMx_Matched_Entity-NamingMatching-attrib $-1 -1 $-1 $-1 $3893 42 1 1195 -1 32 1 #
-4706 NMx_Matched_Entity-NamingMatching-attrib $-1 -1 $-1 $-1 $3912 42 1 1187 -1 29 1 #
-4707 vertex $4706 -1 $-1 $3893 0 $3941 #
-4708 NMx_Matched_Entity-NamingMatching-attrib $-1 -1 $-1 $-1 $3979 42 1 1191 -1 31 1 #
-4709 vertex $4708 -1 $-1 $3950 0 $3993 #
-4710 NMx_Matched_Entity-NamingMatching-attrib $-1 -1 $4019 $-1 $4017 42 1 257 -1 1 1 #
-4711 face $4239 312 $-1 $3215 $2593 $10 $-1 $269 forward single #
-4712 vertex $-1 -1 $-1 $3737 0 $3779 #
-4713 NMx_Matched_Entity-NamingMatching-attrib $-1 -1 $1366 $-1 $621 42 1 305 -1 8 1 #
-4714 vertex $1212 -1 $-1 $616 0 $779 #
-4715 edge $-1 322 $-1 $3753 4.05 $621 8.05 $3755 $622 F @7 unknown #
-4716 NMx_Matched_Entity-NamingMatching-attrib $-1 -1 $1530 $-1 $774 42 1 309 -1 10 1 #
-4717 vertex $1365 -1 $-1 $919 1 $923 #
-4718 NMx_Matched_Entity-NamingMatching-attrib $-1 -1 $3732 $-1 $3699 42 1 319 -1 13 1 #
-4719 vertex $3731 -1 $-1 $3682 0 $3728 #
-4720 NMx_Matched_Entity-NamingMatching-attrib $-1 -1 $-1 $-1 $769 42 1 323 -1 14 0 #
-4721 edge $1061 329 $-1 $774 -6.05 $3699 -2.05 $614 $918 forward @7 unknown #
-4722 body $-1 59 $-1 $4 $-1 $-1 #
-4723 vertex $-1 -1 $-1 $3746 0 $3846 #
-4724 vertex $-1 -1 $-1 $363 0 $634 #
-4725 edge $-1 319 $-1 $3818 2.25 $488 9.85 $3821 $629 F @7 unknown #
-4726 vertex $-1 -1 $-1 $3948 0 $4004 #
-4727 vertex $-1 -1 $-1 $3948 1 $3971 #
-4728 edge $-1 1936 $-1 $3999 -1.9 $3955 5.7 $3957 $1527 F @7 unknown #
-4729 vertex $-1 -1 $-1 $490 1 $492 #
-4730 NMx_Sweep_Generated_Brep_tag-NMx_Brep_Name_tag-NMx_Brep_tag-NamingMatching-attrib $-1 -1 $-1 $-1 $363 42 1 62 -1 8 0 10 0 0 0 0 0 0 0 #
-4731 edge $632 346 $-1 $488 4.15 $366 12.15 $362 $489 forward @7 unknown #
-4732 NMx_Matched_Entity-NamingMatching-attrib $-1 -1 $1066 $-1 $616 42 1 313 -1 11 0 #
-4733 edge $921 342 $-1 $621 3.3 $774 13 $615 $775 forward @7 unknown #
-4734 vertex $-1 -1 $-1 $3893 0 $3941 #
-4735 vertex $-1 -1 $-1 $3950 0 $3993 #
-4736 edge $-1 1948 $-1 $3912 -1.9 $3979 5.7 $3914 $1814 F @7 unknown #

End-of-ACIS-data
