[2019]
(0001): Document 'Base.ipt'  u32_0=0040 uid_0={AE26AC2D-CD33-11D3-B589-00902707C6F2}  a0=(0000,0000,0000)        u32_1=800005DE  u32_2=0001   segName="PmBRepSegment" f64_0=1.38 
	next = (0002): FxAttrLabel a0=(0000,0000)    index=0002  uid={00000000-0000-0000-0000-000000000000}
		*participants[0000] = (0009): BodiesFolder 'Solid Bodies'
		*participants[0001] = (000A): BodiesFolder 'Surface Bodies'
		*participants[0002] = (000B): BrowserFolder 'Origin'
		*participants[0003] = (000C): FxExtrude 'Extrusion1'
		*participants[0004] = (000D): FxExtrude 'Extrusion2'
		*participants[0005] = (000E): FxExtrude 'Extrusion3'
		*participants[0006] = (000F): FxExtrude 'Extrusion4'
		*participants[0007] = (0010): FxChamfer 'Chanfrein1'
		*participants[0008] = (0011): FxChamfer 'Chanfrein2'
		*participants[0009] = (0012): FxFillet 'Congé1'
		*participants[000A] = (0013): FxFillet 'Congé2'
		*participants[000B] = (0014): FxFillet 'Congé3'
		*participants[000C] = (0015): FxFillet 'Congé4'
		*participants[000D] = (0016): EndOfFeatures
	component = (0003): PartComponent  a0=(100,000)    a1=(0004,005C) index=05F6 u32_0=0019 lst1={{F1F715DC-11D1-0542-0008-30B00524DC09}:0004,{12115D87-4545-5E57-FD74-BAA2FC39CF26}:0001,{F900713F-11D2-6F8B-6000-F0A89DCCEFB0}:0002,{0CA91131-11D0-838B-0008-19B00524DC09}:0004,{90874D11-11D0-D1F8-0008-CABC0663DC09}:0004}    
		objects[0000] = (0016): EndOfFeatures  flags=2200  index=0001 s32_0=-1
			next = (05D7): FxAttrLabel a0=(0000,0000)    index=FFFFFFFF  uid={00000000-0000-0000-0000-000000000000}
		objects[0001] = (0008): SurfaceBody  flags=3004200  index=0002 
			next = (05C9): FxAttrLabel 'Solide1' a0=(0000,0000)    index=000C  uid={00000000-0000-0000-0000-000000000000}
				next = (0909): 07AB2269 u32_0=0000 u32_1=0000   u32_2=0000 uid={E535AB96-2D23-4128-84E6-999520D9E198}
					*surface = (0008): SurfaceBody 'Solide1'
			*ref_0 = (0004): NameTable
		objects[0002] = (000B): BrowserFolder 'Origin'  flags=0200  index=0003
			next = (05CC): FxAttrLabel 'Origin' a0=(0000,0000)    index=000A  uid={00000000-0000-0000-0000-000000000000}
				*participants[0000] = (0017): Plane 'YZ Plane'
				*participants[0001] = (0018): Plane 'XZ Plane'
				*participants[0002] = (0019): Plane 'XY Plane'
				*participants[0003] = (001A): Line3D (-1,0,0)-(1,0,0)
				*participants[0004] = (001B): Line3D (0,-1,0)-(0,1,0)
				*participants[0005] = (001C): Line3D (0,0,-1)-(0,0,1)
				*participants[0006] = (001D): Point3D - (0,0,0)
		objects[0003] = (0017): Plane 'YZ Plane'  flags=20200  index=0004 flags2=428000   u32_1=0203 u32_2=0000 center=Vector (0.0, 0.0, 0.0) a1=Vector (-0.0, 1.0, 0.0) normal=Vector (0.0, -0.0, 1.0)
			next = (05D8): FxAttrLabel 'YZ Plane' a0=(0000,0000)    index=0003  uid={00000000-0000-0000-0000-000000000000}
		objects[0004] = (0018): Plane 'XZ Plane'  flags=20200  index=0005 flags2=428000   u32_1=0000 center=Vector (0.0, 0.0, 0.0) a1=Vector (-1.0, 0.0, 0.0) normal=Vector (0.0, -0.0, 1.0)
			next = (05D9): FxAttrLabel 'XZ Plane' a0=(0000,0000)    index=0004  uid={00000000-0000-0000-0000-000000000000}
		objects[0005] = (0019): Plane 'XY Plane'  flags=20200  index=0006 flags2=428000   u32_1=0000 center=Vector (0.0, 0.0, 0.0) a1=Vector (1.0, 0.0, -0.0) normal=Vector (-0.0, 1.0, 0.0)
			next = (05DA): FxAttrLabel 'XY Plane' a0=(0000,0000)    index=0005  uid={00000000-0000-0000-0000-000000000000}
		objects[0006] = (001A): Line3D  flags=20200  index=0007 flags2=424000    pos=Vector (-1.0, 0.0, 0.0) dir=Vector (2.0, 0.0, 0.0) u8_0=00
			next = (05DB): FxAttrLabel 'X Axis' a0=(0000,0000)    index=0006  uid={00000000-0000-0000-0000-000000000000}
		objects[0007] = (001B): Line3D  flags=20200  index=0008 flags2=424000    pos=Vector (0.0, -1.0, 0.0) dir=Vector (0.0, 2.0, 0.0) u8_0=00
			next = (05DC): FxAttrLabel 'Y Axis' a0=(0000,0000)    index=0007  uid={00000000-0000-0000-0000-000000000000}
		objects[0008] = (001C): Line3D  flags=20200  index=0009 flags2=424000    pos=Vector (0.0, 0.0, -1.0) dir=Vector (0.0, 0.0, 2.0) u8_0=00
			next = (05DD): FxAttrLabel 'Z Axis' a0=(0000,0000)    index=0008  uid={00000000-0000-0000-0000-000000000000}
		objects[0009] = (001D): Point3D  flags=20200  index=000A flags2=22000   pos=Vector (0.0, 0.0, 0.0)   
			next = (05DE): FxAttrLabel 'Center Point' a0=(0000,0000)    index=0009  uid={00000000-0000-0000-0000-000000000000}
		objects[000A] = (000A): BodiesFolder 'Surface Bodies'  flags=0200  index=000B u16_0=001
			next = (05CB): FxAttrLabel 'Surface Bodies' a0=(0000,0000)    index=0002  uid={00000000-0000-0000-0000-000000000000}
		objects[000B] = (0009): BodiesFolder 'Solid Bodies'  flags=0200  index=000C u16_0=000
			next = (05CA): FxAttrLabel 'Solid Bodies' a0=(0000,0000)    index=0001  uid={00000000-0000-0000-0000-000000000000}
				*participants[0000] = (0008): SurfaceBody 'Solide1'
		objects[000C] = (001E): Transformation  flags=1020200  index=000D transformation= transformation={a0=|+000|0+00|00+0|000+| m=[[1, 0, 0, 0],[0, 1, 0, 0],[0, 0, 1, 0],[0, 0, 0, 10]]}
		objects[000D] = (001F): Sketch2D  flags=400200  index=000E s32_0=2 numEntities=0009    a0=(0000,789E222) 
			next = (05DF): FxAttrLabel 'Esquisse1' a0=(0000,0000)    index=000B  uid={00000000-0000-0000-0000-000000000000}
				next = (0914): FxAttr_A917F560 a0=(0000,0000)    
					*owner = (001F): Sketch2D 'Esquisse1'
					next = (0AEA): FxAttr_A9F6B271 a0=(0000,0000)    
						*owner = (001F): Sketch2D 'Esquisse1'
						*participant = (000C): FxExtrude 'Extrusion1'
					ref_2 = (0AEB): DBDD00E3 u32_0=0000 numEntities=0009  lst0=[]
						*sketch = (001F): Sketch2D 'Esquisse1'
			*entities[0000] = (0021): Point2D - (0,0)
			*entities[0001] = (0024): Point2D - (-24.2,16.3)
			*entities[0002] = (0025): Point2D - (-9.98087e-16,16.3)
			*entities[0003] = (0026): Point2D - (-24.2,0)
			*entities[0004] = (0027): Line2D - (-24.2,16.3) - (-9.98087e-16,16.3)
			*entities[0005] = (0028): Line2D - (-9.98087e-16,16.3) - (0,0)
			*entities[0006] = (0029): Line2D - (0,0) - (-24.2,0)
			*entities[0007] = (002A): Line2D - (-24.2,0) - (-24.2,16.3)
			*entities[0008] = (002B): Geometric_Coincident2D - (-24.2,16.3)	(0027): Line2D
			*entities[0009] = (002C): Geometric_Coincident2D - (-9.98087e-16,16.3)	(0027): Line2D
			*entities[000A] = (002D): Geometric_Coincident2D - (-9.98087e-16,16.3)	(0028): Line2D
			*entities[000B] = (002E): Geometric_Coincident2D - (0,0)	(0028): Line2D
			*entities[000C] = (002F): Geometric_Coincident2D - (0,0)	(0029): Line2D
			*entities[000D] = (0030): Geometric_Coincident2D - (-24.2,0)	(0029): Line2D
			*entities[000E] = (0031): Geometric_Coincident2D - (-24.2,0)	(002A): Line2D
			*entities[000F] = (0032): Geometric_Coincident2D - (-24.2,16.3)	(002A): Line2D
			*entities[0010] = (0033): Geometric_Perpendicular2D
			*entities[0011] = (0034): Geometric_Parallel2D
			*entities[0012] = (0035): Geometric_Parallel2D
			*entities[0013] = (0036): Geometric_Horizontal2D
			*entities[0014] = (0038): Dimension_Distance2D - d='d0', (-24.2,16.3), (-9.98087e-16,16.3)
			*entities[0015] = (003B): Dimension_Distance2D - d='d1', (-9.98087e-16,16.3), (0,0)
			*transformation = (001E): Transformation
			*direction = (0020): DirectionAxis dir=(0,0,1)
		objects[000E] = (0020): DirectionAxis  flags=20200  index=000F flags2=0000 a=0 dir=Vector (0.0, 0.0, 1.0)
		objects[000F] = (0021): Point2D  flags=30200  index=0010 flags2=0040  pos=Vector (0.0, 0.0, 0.0)   u32_0=0000 lst1=() 
			next = (05E0): FxAttrStyles a0=(0000,0000)    u32_0=0000 associativeID=0001 typEntity=0001
				next = (0915): FxAttrEntityReference a0=(0000,0000)    
					*owner = (0021): Point2D - (0,0)
					next = (0AEC): FxAttr_C89EF3C0 a0=(0000,0000)    u32_0=0000 pos=Vector (0.0, 0.0, 0.0)
						*owner = (0021): Point2D - (0,0)
					*ref_2 = (0022): Representation3DPoint
			*sketch = (001F): Sketch2D 'Esquisse1'
			*endPointOf[0000] = (0028): Line2D - (-9.98087e-16,16.3) - (0,0)
			*endPointOf[0001] = (0029): Line2D - (0,0) - (-24.2,0)
		objects[0010] = (0022): Representation3DPoint  flags=0200  index=0011 s32_0=-1   
			*point2D = (0021): Point2D - (0,0)
			*transformation = (001E): Transformation
			*point3D = (001D): Point3D - (0,0,0)
		objects[0011] = (0023): Sketch2DPlacementPlane  flags=0200  index=0012 s32_0=-1   a1=(000,000,001,000,000,000,000) 
			*transformation2 = (001E): Transformation
			*plane = (0019): Plane 'XY Plane'
		objects[0012] = (0024): Point2D  flags=20200  index=0013 flags2=0000  pos=Vector (-24.200000000000003, 16.3, 0.0)   u32_0=0000 lst1=() 
			next = (05E1): FxAttrStyles a0=(0000,0000)    u32_0=0000 associativeID=0002 typEntity=0001
				next = (0916): FxAttr_BFD09C43 a0=(0000,0000)     a1=(0,0,0,0) u32_0=0000
					*owner = (0024): Point2D - (-24.2,16.3)
					*entity2 = (0024): Point2D - (-24.2,16.3)
			*sketch = (001F): Sketch2D 'Esquisse1'
			*endPointOf[0000] = (0027): Line2D - (-24.2,16.3) - (-9.98087e-16,16.3)
			*endPointOf[0001] = (002A): Line2D - (-24.2,0) - (-24.2,16.3)
		objects[0013] = (0025): Point2D  flags=20200  index=0014 flags2=0000  pos=Vector (-9.980871413050928e-16, 16.3, 0.0)   u32_0=0000 lst1=() 
			next = (05E2): FxAttrStyles a0=(0000,0000)    u32_0=0000 associativeID=0003 typEntity=0001
				next = (0917): FxAttr_BFD09C43 a0=(0000,0000)     a1=(0,0,0,0) u32_0=0000
					*owner = (0025): Point2D - (-9.98087e-16,16.3)
					*entity2 = (0025): Point2D - (-9.98087e-16,16.3)
			*sketch = (001F): Sketch2D 'Esquisse1'
			*endPointOf[0000] = (0027): Line2D - (-24.2,16.3) - (-9.98087e-16,16.3)
			*endPointOf[0001] = (0028): Line2D - (-9.98087e-16,16.3) - (0,0)
		objects[0014] = (0026): Point2D  flags=20200  index=0015 flags2=0000  pos=Vector (-24.200000000000003, 0.0, 0.0)   u32_0=0000 lst1=() 
			next = (05E3): FxAttrStyles a0=(0000,0000)    u32_0=0000 associativeID=0004 typEntity=0001
				next = (0918): FxAttr_BFD09C43 a0=(0000,0000)     a1=(0,0,0,0) u32_0=0000
					*owner = (0026): Point2D - (-24.2,0)
					*entity2 = (0026): Point2D - (-24.2,0)
			*sketch = (001F): Sketch2D 'Esquisse1'
			*endPointOf[0000] = (0029): Line2D - (0,0) - (-24.2,0)
			*endPointOf[0001] = (002A): Line2D - (-24.2,0) - (-24.2,16.3)
		objects[0015] = (0027): Line2D  flags=20200  index=0016 flags2=0000    pos=Vector (-12.100000000000003, 16.3, 0.0) dir=Vector (1.0, 0.0, 0.0)
			next = (05E4): FxAttrStyles a0=(0000,0000)    u32_0=0000 associativeID=0005 typEntity=0002
			*sketch = (001F): Sketch2D 'Esquisse1'
			*points[0000] = (0024): Point2D - (-24.2,16.3)
			*points[0001] = (0025): Point2D - (-9.98087e-16,16.3)
		objects[0016] = (0028): Line2D  flags=20200  index=0017 flags2=0000    pos=Vector (0.0, 7.343585322198105, 0.0) dir=Vector (0.0, -1.0, 0.0)
			next = (05E5): FxAttrStyles a0=(0000,0000)    u32_0=0000 associativeID=0006 typEntity=0002
			*sketch = (001F): Sketch2D 'Esquisse1'
			*points[0000] = (0025): Point2D - (-9.98087e-16,16.3)
			*points[0001] = (0021): Point2D - (0,0)
		objects[0017] = (0029): Line2D  flags=20200  index=0018 flags2=0000    pos=Vector (-12.100000000000001, 0.0, 0.0) dir=Vector (-1.0, 0.0, 0.0)
			next = (05E6): FxAttrStyles a0=(0000,0000)    u32_0=0000 associativeID=0007 typEntity=0002
			*sketch = (001F): Sketch2D 'Esquisse1'
			*points[0000] = (0021): Point2D - (0,0)
			*points[0001] = (0026): Point2D - (-24.2,0)
		objects[0018] = (002A): Line2D  flags=20200  index=0019 flags2=0000    pos=Vector (-24.2, 8.956414677801895, 0.0) dir=Vector (-1.8369701987210297e-16, 1.0, 0.0)
			next = (05E7): FxAttrStyles a0=(0000,0000)    u32_0=0000 associativeID=0008 typEntity=0002
			*sketch = (001F): Sketch2D 'Esquisse1'
			*points[0000] = (0026): Point2D - (-24.2,0)
			*points[0001] = (0024): Point2D - (-24.2,16.3)
		objects[0019] = (002B): Geometric_Coincident2D  flags=4208  index=001A flags2=-1  lst0={}    
			*group = (0039): Group2D
			*entity1 = (0027): Line2D - (-24.2,16.3) - (-9.98087e-16,16.3)
			*entity2 = (0024): Point2D - (-24.2,16.3)
		objects[001A] = (002C): Geometric_Coincident2D  flags=4208  index=001B flags2=-1  lst0={}    
			*group = (0039): Group2D
			*entity1 = (0027): Line2D - (-24.2,16.3) - (-9.98087e-16,16.3)
			*entity2 = (0025): Point2D - (-9.98087e-16,16.3)
		objects[001B] = (002D): Geometric_Coincident2D  flags=4208  index=001C flags2=-1  lst0={}    
			*group = (0039): Group2D
			*entity1 = (0028): Line2D - (-9.98087e-16,16.3) - (0,0)
			*entity2 = (0025): Point2D - (-9.98087e-16,16.3)
		objects[001C] = (002E): Geometric_Coincident2D  flags=4208  index=001D flags2=-1  lst0={}    
			*group = (0039): Group2D
			*entity1 = (0028): Line2D - (-9.98087e-16,16.3) - (0,0)
			*entity2 = (0021): Point2D - (0,0)
		objects[001D] = (002F): Geometric_Coincident2D  flags=4208  index=001E flags2=-1  lst0={}    
			*group = (0039): Group2D
			*entity1 = (0029): Line2D - (0,0) - (-24.2,0)
			*entity2 = (0021): Point2D - (0,0)
		objects[001E] = (0030): Geometric_Coincident2D  flags=4208  index=001F flags2=-1  lst0={}    
			*group = (0039): Group2D
			*entity1 = (0029): Line2D - (0,0) - (-24.2,0)
			*entity2 = (0026): Point2D - (-24.2,0)
		objects[001F] = (0031): Geometric_Coincident2D  flags=4208  index=0020 flags2=-1  lst0={}    
			*group = (0039): Group2D
			*entity1 = (002A): Line2D - (-24.2,0) - (-24.2,16.3)
			*entity2 = (0026): Point2D - (-24.2,0)
		objects[0020] = (0032): Geometric_Coincident2D  flags=4208  index=0021 flags2=-1  lst0={}    
			*group = (0039): Group2D
			*entity1 = (002A): Line2D - (-24.2,0) - (-24.2,16.3)
			*entity2 = (0024): Point2D - (-24.2,16.3)
		objects[0021] = (0033): Geometric_Perpendicular2D  flags=4208  index=0022 flags2=-1  lst0={}     u16_0=000
			*group = (0039): Group2D
			*line1 = (0027): Line2D - (-24.2,16.3) - (-9.98087e-16,16.3)
			*line2 = (0028): Line2D - (-9.98087e-16,16.3) - (0,0)
		objects[0022] = (0034): Geometric_Parallel2D  flags=4208  index=0023 flags2=-1  lst0={}     u16_0=000
			*group = (0039): Group2D
			*line1 = (0027): Line2D - (-24.2,16.3) - (-9.98087e-16,16.3)
			*line2 = (0029): Line2D - (0,0) - (-24.2,0)
		objects[0023] = (0035): Geometric_Parallel2D  flags=4208  index=0024 flags2=-1  lst0={}     u16_0=000
			*group = (0039): Group2D
			*line1 = (0028): Line2D - (-9.98087e-16,16.3) - (0,0)
			*line2 = (002A): Line2D - (-24.2,0) - (-24.2,16.3)
		objects[0024] = (0036): Geometric_Horizontal2D  flags=4208  index=0025 flags2=-1  lst0={}    u8_0=00
			*group = (0039): Group2D
			*line = (0027): Line2D - (-24.2,16.3) - (-9.98087e-16,16.3)
		objects[0025] = (0037): Parameter 'd0'  flags=34200  index=0027   valueNominal=24.2 valueModel=24.2   tolerance=NOMINAL u16_0=-1
			unit = (05E8): Unit   visible=True 
				numerators[0000] = (0919): UnitMilliMeter magnitude=1 factor=1 Unit="mm" UnitOffset=0 UnitFactor=0.1 UnitSupportet=True
			formula = (05E9): ParameterValue  value=24.2 type=000
				unit = (091A): Unit   visible=True 
					numerators[0000] = (0AED): UnitMeter magnitude=0.001 factor=1 Unit="m" UnitOffset=0 UnitFactor=100 UnitSupportet=True
		objects[0026] = (0038): Dimension_Distance2D  flags=4208  index=0028 flags2=-1  lst0={}   u32_0=0000   a0=(0000,0000,0000,0000) a1=Vector (1.7976931348623157e+308, 0.0, 0.0) a2=Vector (1.7976931348623157e+308, 0.0, 0.0)
			next = (05EA): FxAttr_EEE03AF5 a0=(0000,0000)     u16_0=004   u32_0=0000 a1=Vector (0.0, 0.0, 0.0) p1=Vector (-24.200000000000003, 16.3, 0.0) p2=Vector (-9.980871413050928e-16, 16.3, 0.0) a2=Vector (0.0, 1.2736841751237904, 0.0)
				entity2 = (091B): E1D3D023  flags=3000200  index=0000 flags2=0000  a1=(0,0,1.875) a2=(100,000,000) a3=Vector (-24.200000000000003, 16.3, 0.0) a4=(575A,50D6,FADD) a5=Vector (9.255963135001941e+61, 8.1185e-320, 0.0) a6=(000,002,000) s32_0=-1 a7=(0,1,0,1,0,0,0,-7.96053,17.5737,0,-12.1,17.5737,0,-24.2,18.0286,0,-9.98087e-16,18.0286,0,-24.2,16.3,0,-9.98087e-16,16.3,0,-24.2,17.5737,0,-1.77636e-15,17.5737,0) a8=(01,01,00,00,00,00,00,00,00,00,00,00,00,03,00,00,01,00) a9=(0,0.454892,0.113723,0.578786,0.262516,0) u8_0=01   a10=(0000,0000,006A) a11=(-24.2,17.5737,0,-1.77636e-15,17.5737,0,-24.2,17.5737,0,-1.77636e-15,17.5737,0,-7.96053,17.5737,0,0,0,0) u8_1=01 a12=(0,1,0,-12.1,17.5737,0,1,0,0,0,0,0) u8_2=00 a13=(-24.2,16.4137,0,-9.98087e-16,16.4137,0) 
					ref_1 = (0AEE): 39A41830  flags=0210  index=0000 s32_0=-1 a2=(0000,0000,0000,0000,0000,0000,0000,0000,0000,0001,0000,0000,0003) a3=Vector (0.0, 0.0, 0.0) txt0="" a4=(0000,0000,0000,A7F9,A7FB) a5=(1,0,0,-7.96053,17.5737,0) a6=(000,000,000,000,000,000)   u32_0=0000 a7=(0003,0003) a8=(07E4,0000) 
						*parameter1 = (0037): Parameter 'd0'=242mm
						*sketch = (001F): Sketch2D 'Esquisse1'
					ref_2 = (0AEF): 99B938AE  flags=0200  index=0000 a1=Vector (0.25, 0.1, 0.0) u32_0=0010 u32_1=0000
					*ref_3 = (0AEF): 99B938AE
				*entity3 = (0024): Point2D - (-24.2,16.3)
				*entity4 = (0025): Point2D - (-9.98087e-16,16.3)
			*group = (0039): Group2D
			*parameter = (0037): Parameter 'd0'=242mm
			*entity1 = (0024): Point2D - (-24.2,16.3)
			*entity2 = (0025): Point2D - (-9.98087e-16,16.3)
		objects[0027] = (0039): Group2D  flags=0200  index=0038 s32_0=-1 s32_1=14  entries={80000021:0004,80000024:0000,80000025:0000,80000026:0000,80000027:0000,80000028:0000,80000029:0000,8000002A:0000,8000002B:0000,8000002C:0000,8000002D:0000,8000002E:0000,8000002F:0000,80000030:0000,80000031:0000,80000032:0000,80000033:0000,80000034:0000,80000035:0000,80000036:0000,80000038:0000,8000003B:0000} u32_0=0000
			*constrains[0000] = (002B): Geometric_Coincident2D - (-24.2,16.3)	(0027): Line2D
			*constrains[0001] = (0036): Geometric_Horizontal2D
			*constrains[0002] = (0034): Geometric_Parallel2D
			*constrains[0003] = (0033): Geometric_Perpendicular2D
			*constrains[0004] = (002C): Geometric_Coincident2D - (-9.98087e-16,16.3)	(0027): Line2D
			*constrains[0005] = (0038): Dimension_Distance2D - d='d0', (-24.2,16.3), (-9.98087e-16,16.3)
			*constrains[0006] = (0032): Geometric_Coincident2D - (-24.2,16.3)	(002A): Line2D
			*constrains[0007] = (0030): Geometric_Coincident2D - (-24.2,0)	(0029): Line2D
			*constrains[0008] = (002F): Geometric_Coincident2D - (0,0)	(0029): Line2D
			*constrains[0009] = (0035): Geometric_Parallel2D
			*constrains[000A] = (002E): Geometric_Coincident2D - (0,0)	(0028): Line2D
			*constrains[000B] = (002D): Geometric_Coincident2D - (-9.98087e-16,16.3)	(0028): Line2D
			*constrains[000C] = (0031): Geometric_Coincident2D - (-24.2,0)	(002A): Line2D
			*constrains[000D] = (003B): Dimension_Distance2D - d='d1', (-9.98087e-16,16.3), (0,0)
		objects[0028] = (003A): Parameter 'd1'  flags=34200  index=0039   valueNominal=16.3 valueModel=16.3   tolerance=NOMINAL u16_0=-1
			unit = (05EB): Unit   visible=True 
				numerators[0000] = (091C): UnitMilliMeter magnitude=1 factor=1 Unit="mm" UnitOffset=0 UnitFactor=0.1 UnitSupportet=True
			formula = (05EC): ParameterValue  value=16.3 type=000
				unit = (091D): Unit   visible=True 
					numerators[0000] = (0AF0): UnitMeter magnitude=0.001 factor=1 Unit="m" UnitOffset=0 UnitFactor=100 UnitSupportet=True
		objects[0029] = (003B): Dimension_Distance2D  flags=4208  index=003A flags2=-1  lst0={}   u32_0=0000   a0=(0000,0000,0000,0000) a1=Vector (1.7976931348623157e+308, 0.0, 0.0) a2=Vector (1.7976931348623157e+308, 0.0, 0.0)
			next = (05ED): FxAttr_EEE03AF5 a0=(0000,0000)     u16_0=004   u32_0=0000 a1=Vector (0.0, 0.0, 0.0) p1=Vector (-9.980871413050928e-16, 16.3, 0.0) p2=Vector (0.0, 0.0, 0.0) a2=Vector (0.0, 1.2479522855037588, 0.0)
				entity2 = (091E): E1D3D023  flags=3000200  index=0000 flags2=0000  a1=(0,0,1.875) a2=(100,000,000) a3=Vector (-9.980871413050928e-16, 16.3, 0.0) a4=(000,000,000) a5=Vector (0.0, 0.0, 0.0) a6=(000,002,000) s32_0=-1 a7=(1,0,0,0,-1,0,0,1.24795,12.3752,0,1.24795,8.15,0,1.48154,16.3,0,1.48154,0,0,0,16.3,0,0,0,0,1.24795,16.3,0,1.24795,0,0) a8=(01,01,00,00,00,00,00,00,00,00,00,00,00,03,00,00,01,00) a9=(0,0.233587,0.0583968,0.578786,0.267933,0) u8_0=01   a10=(0000,0000,006A) a11=(1.24795,16.3,0,1.24795,0,0,1.24795,16.3,0,1.24795,0,0,1.24795,12.3752,0,0,0,0) u8_1=01 a12=(1,0,0,1.24795,8.15,0,0,-1,0,0,0,0) u8_2=00 a13=(0.0583968,16.3,0,0.0583968,0,0) 
					ref_1 = (0AF1): 39A41830  flags=0210  index=0000 s32_0=-1 a2=(0000,0000,0000,0000,0000,0000,0000,0000,0000,0001,0000,0000,0003) a3=Vector (0.0, 0.0, 0.0) txt0="" a4=(0000,0000,0000,A7F9,A7FB) a5=(1,0,0,1.24795,12.3752,0) a6=(000,000,000,000,000,000)   u32_0=0000 a7=(0003,0003) a8=(07E4,0000) 
						*parameter1 = (003A): Parameter 'd1'=163mm
						*sketch = (001F): Sketch2D 'Esquisse1'
					ref_2 = (0AF2): 99B938AE  flags=0200  index=0000 a1=Vector (0.25, 0.1, 0.0) u32_0=0010 u32_1=0000
					*ref_3 = (0AF2): 99B938AE
				*entity3 = (0025): Point2D - (-9.98087e-16,16.3)
				*entity4 = (0021): Point2D - (0,0)
			*group = (0039): Group2D
			*parameter = (003A): Parameter 'd1'=163mm
			*entity1 = (0025): Point2D - (-9.98087e-16,16.3)
			*entity2 = (0021): Point2D - (0,0)
		objects[002A] = (003C): BoundaryPatch  flags=0200  index=003B  
			*lst0[0000] = (003E): FaceBoundProxy
		objects[002B] = (003D): FaceBoundOuter  flags=100200  index=003C s32_0=2301    a1=(0001,0001)  
			parts[0000] = (05EE): Loop3D  operation=0008  faceIndex=0000
				edges[0000] = (091F): SketchEntityRef a0=(0000,0000) u32_0=0000 entityAI=0006 typEntity=0002 u32_1=0000 point1AI=0001 typPt1=0001 u32_2=0000 point2AI=0003 typPt2=0001 posDir=False 
					*sketch = (001F): Sketch2D 'Esquisse1'
				edges[0001] = (0920): SketchEntityRef a0=(0000,0000) u32_0=0000 entityAI=0005 typEntity=0002 u32_1=0000 point1AI=0003 typPt1=0001 u32_2=0000 point2AI=0002 typPt2=0001 posDir=False 
					*sketch = (001F): Sketch2D 'Esquisse1'
				edges[0002] = (0921): SketchEntityRef a0=(0000,0000) u32_0=0000 entityAI=0008 typEntity=0002 u32_1=0000 point1AI=0002 typPt1=0001 u32_2=0000 point2AI=0004 typPt2=0001 posDir=False 
					*sketch = (001F): Sketch2D 'Esquisse1'
				edges[0003] = (0922): SketchEntityRef a0=(0000,0000) u32_0=0000 entityAI=0007 typEntity=0002 u32_1=0000 point1AI=0004 typPt1=0001 u32_2=0000 point2AI=0001 typPt2=0001 posDir=False 
					*sketch = (001F): Sketch2D 'Esquisse1'
			*sketch = (001F): Sketch2D 'Esquisse1'
			*proxy = (003C): BoundaryPatch
		objects[002C] = (003E): FaceBoundProxy  flags=A1004200  index=003D  u8_0=00
			next = (05EF): NameTableKeyDef a0=(0000,0000)    ntKey=0000
			refWrapper = (05F0): AsmEntityWrapper index=003D u8_0=04  u32_1=0008
				*asm = (05C8): ASM
		objects[002D] = (000C): FxExtrude 'Extrusion1'  flags=6200  index=003E s32_0=2301 outlineItem=0000  u32_1=0000
			next = (05CD): FxAttrLabel 'Extrusion1' a0=(0000,0000)    index=000C  uid={0CA91131-11D0-838B-0008-19B00524DC09}
				next = (090A): FxAttr_A9F6B271 a0=(0000,0000)    
					*owner = (000C): FxExtrude 'Extrusion1'
					next = (0AE0): FxAttrDimensionState a0=(0000,0000)     u16_0=004 u16_1=000 
						*owner = (000C): FxExtrude 'Extrusion1'
						next = (0BF2): FxAttrDimensionState a0=(0000,0000)     u16_0=008 u16_1=001 
							*owner = (000C): FxExtrude 'Extrusion1'
							attr = (0C0E): AE101F92  flags=37000200  index=0000 u32_0=0000  u32_1=0000 a=1 a2=(101,000,000) a3=(0,0,0,0,0,0,0,0,0,0,0,0,0,0,0,0,0,0,0,0,0) a4=(0000,0000,0000) a5=(0,0,0,0,0,0,0,0,0,0,0,0,0,0,0,0,0,0,0.125,0) u8_0=00 a6=(000,0FC,000,000,000,100) a7=(0,0,0,0)   a8=(0,0,0,0,0,0) a9=(0,0,0,0,0,0,0,0,0,0,0,0,0,0,0) u16_0=000 a10=(0,0,0,0,0,1,1,0,0,1,0,6.28319,0,0,0,0,0,1,1,0,0,1,0,6.28319,0,0,0,0,0,1,1,0,0,1,0,6.28319,0,0,0,0,0,0,0,0,0)
								ref_2 = (0C2B): 99B938B0  flags=0200  index=0000 s32_0=-1 a0=(0000,0000,0000,0000,0000,0000,0000,0000,0000,0001,0000,0000,0003,0000,0000,0000,0000,0000) typ=0000 a1=[] a2=Vector (0.0, 0.0, 0.0) a3=(0002,0002) a4=(1,0,0,0,0,0) a5=(000,000,000,000,000,000)  a6=(0000,0000) a7=(0003,0003) a8=(07E4,0000)
									*parameter = (0041): Parameter 'd3'=0°
								ref_3 = (0C2C): 99B938AE  flags=0200  index=0000 a1=Vector (0.25, 0.1, 0.0) u32_0=0010 u32_1=0000
								*ref_4 = (0C2C): 99B938AE
							*fxDims = (0045): FeatureDimensions
						attr = (0BF3): E1D3D023  flags=3000200  index=0000 flags2=0000  a1=(0,0,1.875) a2=(101,000,000) a3=Vector (0.0, 0.0, 0.0) a4=(000,000,000) a5=Vector (0.0, 0.0, 0.0) a6=(000,002,000) s32_0=-1 a7=(0,0,0,0,0,0,0,0,0,0,0,0,0,0,0,0,0,0,0,0,0,0,0,0,0,0,0,0,0,0,0) a8=(00,00,00,00,00,00,00,00,00,00,00,00,00,03,00,00,01,00) a9=(0,0.125,0,0,0,0) u8_0=01   a10=(0000,0000,006A) a11=(0,0,0,0,0,0,0,0,0,0,0,0,0,0,0,0,0,0) u8_1=01 a12=(0,0,0,0,0,0,1,0,0,0,0,0) u8_2=00 a13=(0,0,0,0,0,0) 
							ref_1 = (0C0F): 99B938B0  flags=0200  index=0000 s32_0=-1 a0=(0000,0000,0000,0000,0000,0000,0000,0000,0000,0001,0000,0000,0003,0000,0000,0000,0000,0000) typ=0000 a1=[] a2=Vector (0.0, 0.0, 0.0) a3=(0002,0002) a4=(1,0,0,0,0,0) a5=(000,000,000,000,000,000)  a6=(0000,0000) a7=(0003,0003) a8=(07E4,0000)
								*parameter = (0040): Parameter 'd2'=2.2mm
							ref_2 = (0C10): 99B938AE  flags=0200  index=0000 a1=Vector (0.25, 0.1, 0.0) u32_0=0010 u32_1=0000
							*ref_3 = (0C10): 99B938AE
						*fxDims = (0045): FeatureDimensions
					*participant = (001F): Sketch2D 'Esquisse1'
				*participants[0000] = (001F): Sketch2D 'Esquisse1'
			*properties[0000] = (003F): PartFeatureOperation='NewBody'
			*properties[0001] = (003C): BoundaryPatch
			*properties[0002] = (0020): DirectionAxis dir=(0,0,1)
			*properties[0003] = (0042): Boolean=(False, 0)
			*properties[0004] = (0040): Parameter 'd2'=2.2mm
			*properties[0005] = (0041): Parameter 'd3'=0°
			*properties[0006] = (0043): ExtentType='Dimension'
			*properties[0007] = (0044): Boolean=(False, 0)
			*properties[000F] = (0045): FeatureDimensions
			*properties[0013] = (0046): Parameter 'RDxVar0'=1
			*properties[0014] = (0047): Boolean=(False, 0)
			*properties[0015] = (0048): CEFD3973_Enum='0'
			*properties[0016] = (0049): Boolean=(True, 0)
			*properties[0017] = (003C): BoundaryPatch
			*properties[001A] = (004A): ObjectCollection 'Solide1'
		objects[002E] = (003F): Enum PartFeatureOperation  flags=20200  index=003F type=5   value=NewBody
		objects[002F] = (0040): Parameter 'd2'  flags=34200  index=0040   valueNominal=0.22 valueModel=0.22   tolerance=NOMINAL u16_0=-1
			unit = (05F1): Unit   visible=True 
				numerators[0000] = (0923): UnitMilliMeter magnitude=1 factor=1 Unit="mm" UnitOffset=0 UnitFactor=0.1 UnitSupportet=True
			formula = (05F2): ParameterValue  value=0.22 type=001
				unit = (0924): Unit   visible=True 
					numerators[0000] = (0AF3): UnitMeter magnitude=0.001 factor=1 Unit="m" UnitOffset=0 UnitFactor=100 UnitSupportet=True
		objects[0030] = (0041): Parameter 'd3'  flags=34200  index=0041   valueNominal=0 valueModel=0   tolerance=NOMINAL u16_0=-1
			unit = (05F3): Unit   visible=True 
				numerators[0000] = (0925): UnitDegree magnitude=1 factor=1 Unit="°" UnitOffset=0 UnitFactor=0.0174533 UnitSupportet=True
			formula = (05F4): ParameterValue  value=0 type=001
				unit = (0926): Unit   visible=True 
					numerators[0000] = (0AF4): UnitGrad magnitude=1 factor=1 Unit="°" UnitOffset=0 UnitFactor=0.0174533 UnitSupportet=True
		objects[0031] = (0042): Boolean  flags=8024200  index=0042 value=False
		objects[0032] = (0043): Enum ExtentType  flags=20200  index=0043 type=12   value=Dimension
		objects[0033] = (0044): Boolean  flags=8024200  index=0044 value=False
		objects[0034] = (0045): FeatureDimensions  flags=0200  index=0045 
			fxDimensions[0000] = (05F5): FxDimension anchors=[[-4.99044e-16,8.15,0],[-4.99044e-16,8.15,0.22]] transformation= transformation={a0=|x0+x|+0xx|0+00|000+| m=[[0, 0, 1, 0],[1, 0, 0, 81.5],[0, 1, 0, 0],[0, 0, 0, 10]]} u8_0=00 
				*parameter = (0040): Parameter 'd2'=2.2mm
			fxDimensions[0001] = (05F6): FxDimension anchors=[[0,0,0.2211],[0,0,0.22],[0,0,0.22055],[0,0,0.2211],[0,0,0.2211]] transformation= transformation={a0=|+0x0|x0-0|0+00|000+| m=[[1, 0, 0, 0],[0, 0, -1, 0],[0, 1, 0, 0],[0, 0, 0, 10]]} u8_0=01 
				*parameter = (0041): Parameter 'd3'=0°
		objects[0035] = (0046): Parameter 'RDxVar0'  flags=8024200  index=0046 valueNominal=0001 valueModel=0001
		objects[0036] = (0047): Boolean  flags=8024200  index=0047 value=False
		objects[0037] = (0048): Enum CEFD3973_Enum  flags=20200  index=0048 type=4   value=0
		objects[0038] = (0049): Boolean  flags=8024200  index=0049 value=True
		objects[0039] = (004A): ObjectCollection  flags=0000  index=004A  
			*items[0000] = (0008): SurfaceBody 'Solide1'
		objects[003A] = (004B): ObjectCollectionDef  flags=0200  index=004B s32_0=-1  
			*items[0000] = (004C): BodyCollection 'Solide1'
			*collection = (004A): ObjectCollection 'Solide1'
		objects[003B] = (004C): BodyCollection  flags=0200  index=004C 
			*items[0000] = (0008): SurfaceBody 'Solide1'
		objects[003C] = (004D): A31E29E0  flags=0200  index=004D s32_0=-1   
			lst0[0000] = (05F7): 845212C7 u32_0=0000  u32_1=0002
				*component = (0003): PartComponent
			*owner = (000C): FxExtrude 'Extrusion1'
			*body = (004C): BodyCollection 'Solide1'
		objects[003D] = (004E): Transformation  flags=1020200  index=004E transformation= transformation={a0=|+000|0+00|00+x|000+| m=[[1, 0, 0, 0],[0, 1, 0, 0],[0, 0, 1, 2.2],[0, 0, 0, 10]]}
		objects[003E] = (004F): Sketch2D  flags=400200  index=004F s32_0=2 numEntities=0022    a0=(0000,88133C9B) 
			next = (05F8): FxAttrLabel 'Esquisse2' a0=(0000,0000)    index=000D  uid={00000000-0000-0000-0000-000000000000}
				next = (0927): FxAttr_A917F560 a0=(0000,0000)    
					*owner = (004F): Sketch2D 'Esquisse2'
					next = (0AF5): FxAttr_A9F6B271 a0=(0000,0000)    
						*owner = (004F): Sketch2D 'Esquisse2'
						*participant = (000D): FxExtrude 'Extrusion2'
					ref_2 = (0AF6): DBDD00E3 u32_0=0000 numEntities=0022  lst0=[]
						*sketch = (004F): Sketch2D 'Esquisse2'
			*entities[0000] = (0054): Point2D - (0,0)
			*entities[0001] = (0056): Point2D - (-4,3.3)
			*entities[0002] = (0057): Point2D - (-4,-1.77636e-15)
			*entities[0003] = (0058): Point2D - (0,3.3)
			*entities[0004] = (0059): Line2D - (0,0) - (-4,-1.77636e-15)
			*entities[0005] = (005A): Line2D - (-4,-1.77636e-15) - (-4,3.3)
			*entities[0006] = (005B): Line2D - (-4,3.3) - (0,3.3)
			*entities[0007] = (005C): Line2D - (0,3.3) - (0,0)
			*entities[0008] = (005D): Geometric_Coincident2D - (0,0)	(0059): Line2D
			*entities[0009] = (005E): Geometric_Coincident2D - (-4,-1.77636e-15)	(0059): Line2D
			*entities[000A] = (005F): Geometric_Coincident2D - (-4,-1.77636e-15)	(005A): Line2D
			*entities[000B] = (0060): Geometric_Coincident2D - (-4,3.3)	(005A): Line2D
			*entities[000C] = (0061): Geometric_Coincident2D - (-4,3.3)	(005B): Line2D
			*entities[000D] = (0062): Geometric_Coincident2D - (0,3.3)	(005B): Line2D
			*entities[000E] = (0063): Geometric_Coincident2D - (0,3.3)	(005C): Line2D
			*entities[000F] = (0064): Geometric_Coincident2D - (0,0)	(005C): Line2D
			*entities[0010] = (0065): Geometric_Perpendicular2D
			*entities[0011] = (0066): Geometric_Parallel2D
			*entities[0012] = (0067): Geometric_Parallel2D
			*entities[0013] = (0068): Geometric_Horizontal2D
			*entities[0014] = (0069): Point2D - (-9.98087e-16,16.3)
			*entities[0015] = (006D): Point2D - (-24.2,16.3)
			*entities[0016] = (0071): Line2D - (-9.98087e-16,16.3) - (-24.2,16.3)
			*entities[0017] = (0075): Point2D - (-4,13)
			*entities[0018] = (0076): Geometric_Coincident2D - (-4,13)	(005A): Line2D
			*entities[0019] = (0077): Point2D - (-4,16.3)
			*entities[001A] = (0078): Point2D - (0,13)
			*entities[001B] = (0079): Line2D - (-9.98087e-16,16.3) - (-4,16.3)
			*entities[001C] = (007A): Line2D - (-4,16.3) - (-4,13)
			*entities[001D] = (007B): Line2D - (-4,13) - (0,13)
			*entities[001E] = (007C): Line2D - (0,13) - (-9.98087e-16,16.3)
			*entities[001F] = (007D): Geometric_Coincident2D - (-9.98087e-16,16.3)	(0079): Line2D
			*entities[0020] = (007E): Geometric_Coincident2D - (-4,16.3)	(0079): Line2D
			*entities[0021] = (007F): Geometric_Coincident2D - (-4,16.3)	(007A): Line2D
			*entities[0022] = (0080): Geometric_Coincident2D - (-4,13)	(007A): Line2D
			*entities[0023] = (0081): Geometric_Coincident2D - (-4,13)	(007B): Line2D
			*entities[0024] = (0082): Geometric_Coincident2D - (0,13)	(007B): Line2D
			*entities[0025] = (0083): Geometric_Coincident2D - (0,13)	(007C): Line2D
			*entities[0026] = (0084): Geometric_Coincident2D - (-9.98087e-16,16.3)	(007C): Line2D
			*entities[0027] = (0085): Geometric_Perpendicular2D
			*entities[0028] = (0086): Geometric_Parallel2D
			*entities[0029] = (0087): Geometric_Parallel2D
			*entities[002A] = (0088): Geometric_Horizontal2D
			*entities[002B] = (0089): Point2D - (-16.6,12.15)
			*entities[002C] = (008A): Point2D - (-16.6,16.3)
			*entities[002D] = (008B): Point2D - (-24.2,12.15)
			*entities[002E] = (008C): Line2D - (-24.2,16.3) - (-16.6,16.3)
			*entities[002F] = (008D): Line2D - (-16.6,16.3) - (-16.6,12.15)
			*entities[0030] = (008E): Line2D - (-16.6,12.15) - (-24.2,12.15)
			*entities[0031] = (008F): Line2D - (-24.2,12.15) - (-24.2,16.3)
			*entities[0032] = (0090): Geometric_Coincident2D - (-24.2,16.3)	(008C): Line2D
			*entities[0033] = (0091): Geometric_Coincident2D - (-16.6,16.3)	(008C): Line2D
			*entities[0034] = (0092): Geometric_Coincident2D - (-16.6,16.3)	(008D): Line2D
			*entities[0035] = (0093): Geometric_Coincident2D - (-16.6,12.15)	(008D): Line2D
			*entities[0036] = (0094): Geometric_Coincident2D - (-16.6,12.15)	(008E): Line2D
			*entities[0037] = (0095): Geometric_Coincident2D - (-24.2,12.15)	(008E): Line2D
			*entities[0038] = (0096): Geometric_Coincident2D - (-24.2,12.15)	(008F): Line2D
			*entities[0039] = (0097): Geometric_Coincident2D - (-24.2,16.3)	(008F): Line2D
			*entities[003A] = (0098): Geometric_Perpendicular2D
			*entities[003B] = (0099): Geometric_Parallel2D
			*entities[003C] = (009A): Geometric_Parallel2D
			*entities[003D] = (009B): Geometric_Horizontal2D
			*entities[003E] = (009C): Point2D - (-24.2,-1.77636e-15)
			*entities[003F] = (009D): Geometric_Coincident2D - (-24.2,-1.77636e-15)	(0059): Line2D
			*entities[0040] = (009E): Geometric_Coincident2D - (-24.2,-1.77636e-15)	(008F): Line2D
			*entities[0041] = (009F): Point2D - (-16.6,4.15)
			*entities[0042] = (00A0): Geometric_Coincident2D - (-16.6,4.15)	(008D): Line2D
			*entities[0043] = (00A1): Point2D - (-16.6,-1.77636e-15)
			*entities[0044] = (00A2): Point2D - (-24.2,4.15)
			*entities[0045] = (00A3): Line2D - (-24.2,-1.77636e-15) - (-16.6,-1.77636e-15)
			*entities[0046] = (00A4): Line2D - (-16.6,-1.77636e-15) - (-16.6,4.15)
			*entities[0047] = (00A5): Line2D - (-16.6,4.15) - (-24.2,4.15)
			*entities[0048] = (00A6): Line2D - (-24.2,4.15) - (-24.2,-1.77636e-15)
			*entities[0049] = (00A7): Geometric_Coincident2D - (-24.2,-1.77636e-15)	(00A3): Line2D
			*entities[004A] = (00A8): Geometric_Coincident2D - (-16.6,-1.77636e-15)	(00A3): Line2D
			*entities[004B] = (00A9): Geometric_Coincident2D - (-16.6,-1.77636e-15)	(00A4): Line2D
			*entities[004C] = (00AA): Geometric_Coincident2D - (-16.6,4.15)	(00A4): Line2D
			*entities[004D] = (00AB): Geometric_Coincident2D - (-16.6,4.15)	(00A5): Line2D
			*entities[004E] = (00AC): Geometric_Coincident2D - (-24.2,4.15)	(00A5): Line2D
			*entities[004F] = (00AD): Geometric_Coincident2D - (-24.2,4.15)	(00A6): Line2D
			*entities[0050] = (00AE): Geometric_Coincident2D - (-24.2,-1.77636e-15)	(00A6): Line2D
			*entities[0051] = (00AF): Geometric_Perpendicular2D
			*entities[0052] = (00B0): Geometric_Parallel2D
			*entities[0053] = (00B1): Geometric_Parallel2D
			*entities[0054] = (00B2): Geometric_Horizontal2D
			*entities[0055] = (00B4): Dimension_Distance2D - d='d4', (0,3.3), (0,13)
			*entities[0056] = (00B6): Geometric_EqualLength2D
			*entities[0057] = (00B7): Geometric_EqualLength2D
			*entities[0058] = (00B9): Dimension_Distance2D - d='d5', e1=(00A5): Line2D, e2=(008E): Line2D
			*entities[0059] = (00BB): Dimension_Distance2D - d='d6', (-16.6,4.15), (-24.2,4.15)
			*entities[005A] = (00BD): Dimension_Distance2D - d='d7', (-4,3.3), (0,3.3)
			*transformation = (004E): Transformation
			*direction = (0050): DirectionAxis dir=(0,0,1)
		objects[003F] = (0050): DirectionAxis  flags=20200  index=0050 flags2=0000 a=0 dir=Vector (0.0, 0.0, 1.0)
		objects[0040] = (0051): Sketch2DPlacement  flags=0200  index=0051 s32_0=2    u16_0=001    lst0=[[62,4294967295]] u8_0=01
			*transformation2 = (004E): Transformation
			*transformation3 = (001E): Transformation
			*ref_3 = (0052): FaceItem
		objects[0041] = (0052): FaceItem  flags=0000  index=0052 indexRefs=(83) s32_0=-1
		objects[0042] = (0053): 90874D55  flags=0200  index=0053 s32_0=-1 u8_0=05  wireIndex=0002 u32_1=0002 lst0=(003E) lst1=() u8_2=00  ntEntry=0004[0001]
			creator = (05F9): SurfaceCreator  flags=0000    a0=(003,8000) idxCreator=03E u16_0=8000
			*body = (0008): SurfaceBody 'Solide1'
			*owner = (0052): FaceItem
		objects[0043] = (0054): Point2D  flags=30200  index=0054 flags2=0040  pos=Vector (0.0, 0.0, 0.0)   u32_0=0000 lst1=() 
			next = (05FA): FxAttrStyles a0=(0000,0000)    u32_0=0000 associativeID=0001 typEntity=0001
				next = (0928): FxAttrEntityReference a0=(0000,0000)    
					*owner = (0054): Point2D - (0,0)
					next = (0AF7): FxAttr_C89EF3C0 a0=(0000,0000)    u32_0=0000 pos=Vector (0.0, 0.0, 0.0)
						*owner = (0054): Point2D - (0,0)
					*ref_2 = (0055): Representation3DPoint
			*sketch = (004F): Sketch2D 'Esquisse2'
			*endPointOf[0000] = (0059): Line2D - (0,0) - (-4,-1.77636e-15)
			*endPointOf[0001] = (005C): Line2D - (0,3.3) - (0,0)
		objects[0044] = (0055): Representation3DPoint  flags=0200  index=0055 s32_0=-1   
			*point2D = (0054): Point2D - (0,0)
			*transformation = (004E): Transformation
			*point3D = (001D): Point3D - (0,0,0)
		objects[0045] = (0056): Point2D  flags=20200  index=0056 flags2=0000  pos=Vector (-4.0, 3.2999999999999994, 0.0)   u32_0=0000 lst1=() 
			next = (05FB): FxAttrStyles a0=(0000,0000)    u32_0=0000 associativeID=0002 typEntity=0001
				next = (0929): FxAttr_BFD09C43 a0=(0000,0000)     a1=(0,0,0,0) u32_0=0000
					*owner = (0056): Point2D - (-4,3.3)
					*entity2 = (0056): Point2D - (-4,3.3)
			*sketch = (004F): Sketch2D 'Esquisse2'
			*endPointOf[0000] = (005A): Line2D - (-4,-1.77636e-15) - (-4,3.3)
			*endPointOf[0001] = (005B): Line2D - (-4,3.3) - (0,3.3)
		objects[0046] = (0057): Point2D  flags=20200  index=0057 flags2=0000  pos=Vector (-4.0, -1.7763568394002505e-15, 0.0)   u32_0=0000 lst1=() 
			next = (05FC): FxAttrStyles a0=(0000,0000)    u32_0=0000 associativeID=0003 typEntity=0001
				next = (092A): FxAttr_BFD09C43 a0=(0000,0000)     a1=(0,0,0,0) u32_0=0000
					*owner = (0057): Point2D - (-4,-1.77636e-15)
					*entity2 = (0057): Point2D - (-4,-1.77636e-15)
			*sketch = (004F): Sketch2D 'Esquisse2'
			*endPointOf[0000] = (0059): Line2D - (0,0) - (-4,-1.77636e-15)
			*endPointOf[0001] = (005A): Line2D - (-4,-1.77636e-15) - (-4,3.3)
		objects[0047] = (0058): Point2D  flags=20200  index=0058 flags2=0000  pos=Vector (0.0, 3.3, 0.0)   u32_0=0000 lst1=() 
			next = (05FD): FxAttrStyles a0=(0000,0000)    u32_0=0000 associativeID=0004 typEntity=0001
				next = (092B): FxAttr_BFD09C43 a0=(0000,0000)     a1=(0,0,0,0) u32_0=0000
					*owner = (0058): Point2D - (0,3.3)
					*entity2 = (0058): Point2D - (0,3.3)
			*sketch = (004F): Sketch2D 'Esquisse2'
			*endPointOf[0000] = (005B): Line2D - (-4,3.3) - (0,3.3)
			*endPointOf[0001] = (005C): Line2D - (0,3.3) - (0,0)
		objects[0048] = (0059): Line2D  flags=20200  index=0059 flags2=0000    pos=Vector (-3.156419106082345, 0.0, 0.0) dir=Vector (-1.0, 0.0, 0.0)
			next = (05FE): FxAttrStyles a0=(0000,0000)    u32_0=0000 associativeID=0005 typEntity=0002
			*sketch = (004F): Sketch2D 'Esquisse2'
			*points[0000] = (0054): Point2D - (0,0)
			*points[0001] = (0057): Point2D - (-4,-1.77636e-15)
			*points[0002] = (009C): Point2D - (-24.2,-1.77636e-15)
		objects[0049] = (005A): Line2D  flags=20200  index=005A flags2=0000    pos=Vector (-4.0, 1.7590210459655806, 0.0) dir=Vector (0.0, 1.0, 0.0)
			next = (05FF): FxAttrStyles a0=(0000,0000)    u32_0=0000 associativeID=0006 typEntity=0002
			*sketch = (004F): Sketch2D 'Esquisse2'
			*points[0000] = (0057): Point2D - (-4,-1.77636e-15)
			*points[0001] = (0056): Point2D - (-4,3.3)
			*points[0002] = (0075): Point2D - (-4,13)
		objects[004A] = (005B): Line2D  flags=20200  index=005B flags2=0000    pos=Vector (-3.156419106082345, 3.3, 0.0) dir=Vector (1.0, 1.2246467991473532e-16, 0.0)
			next = (0600): FxAttrStyles a0=(0000,0000)    u32_0=0000 associativeID=0007 typEntity=0002
			*sketch = (004F): Sketch2D 'Esquisse2'
			*points[0000] = (0056): Point2D - (-4,3.3)
			*points[0001] = (0058): Point2D - (0,3.3)
		objects[004B] = (005C): Line2D  flags=20200  index=005C flags2=0000    pos=Vector (0.0, 1.7590210459655815, 0.0) dir=Vector (0.0, -1.0, 0.0)
			next = (0601): FxAttrStyles a0=(0000,0000)    u32_0=0000 associativeID=0008 typEntity=0002
			*sketch = (004F): Sketch2D 'Esquisse2'
			*points[0000] = (0058): Point2D - (0,3.3)
			*points[0001] = (0054): Point2D - (0,0)
		objects[004C] = (005D): Geometric_Coincident2D  flags=4208  index=005D flags2=-1  lst0={}    
			*group = (00B5): Group2D
			*entity1 = (0059): Line2D - (0,0) - (-4,-1.77636e-15)
			*entity2 = (0054): Point2D - (0,0)
		objects[004D] = (005E): Geometric_Coincident2D  flags=4208  index=005E flags2=-1  lst0={}    
			*group = (00B5): Group2D
			*entity1 = (0059): Line2D - (0,0) - (-4,-1.77636e-15)
			*entity2 = (0057): Point2D - (-4,-1.77636e-15)
		objects[004E] = (005F): Geometric_Coincident2D  flags=4208  index=005F flags2=-1  lst0={}    
			*group = (00B5): Group2D
			*entity1 = (005A): Line2D - (-4,-1.77636e-15) - (-4,3.3)
			*entity2 = (0057): Point2D - (-4,-1.77636e-15)
		objects[004F] = (0060): Geometric_Coincident2D  flags=4208  index=0060 flags2=-1  lst0={}    
			*group = (00B5): Group2D
			*entity1 = (005A): Line2D - (-4,-1.77636e-15) - (-4,3.3)
			*entity2 = (0056): Point2D - (-4,3.3)
		objects[0050] = (0061): Geometric_Coincident2D  flags=4208  index=0061 flags2=-1  lst0={}    
			*group = (00B5): Group2D
			*entity1 = (005B): Line2D - (-4,3.3) - (0,3.3)
			*entity2 = (0056): Point2D - (-4,3.3)
		objects[0051] = (0062): Geometric_Coincident2D  flags=4208  index=0062 flags2=-1  lst0={}    
			*group = (00B5): Group2D
			*entity1 = (005B): Line2D - (-4,3.3) - (0,3.3)
			*entity2 = (0058): Point2D - (0,3.3)
		objects[0052] = (0063): Geometric_Coincident2D  flags=4208  index=0063 flags2=-1  lst0={}    
			*group = (00B5): Group2D
			*entity1 = (005C): Line2D - (0,3.3) - (0,0)
			*entity2 = (0058): Point2D - (0,3.3)
		objects[0053] = (0064): Geometric_Coincident2D  flags=4208  index=0064 flags2=-1  lst0={}    
			*group = (00B5): Group2D
			*entity1 = (005C): Line2D - (0,3.3) - (0,0)
			*entity2 = (0054): Point2D - (0,0)
		objects[0054] = (0065): Geometric_Perpendicular2D  flags=4208  index=0065 flags2=-1  lst0={}     u16_0=000
			*group = (00B5): Group2D
			*line1 = (0059): Line2D - (0,0) - (-4,-1.77636e-15)
			*line2 = (005A): Line2D - (-4,-1.77636e-15) - (-4,3.3)
		objects[0055] = (0066): Geometric_Parallel2D  flags=4208  index=0066 flags2=-1  lst0={}     u16_0=000
			*group = (00B5): Group2D
			*line1 = (0059): Line2D - (0,0) - (-4,-1.77636e-15)
			*line2 = (005B): Line2D - (-4,3.3) - (0,3.3)
		objects[0056] = (0067): Geometric_Parallel2D  flags=4208  index=0067 flags2=-1  lst0={}     u16_0=000
			*group = (00B5): Group2D
			*line1 = (005A): Line2D - (-4,-1.77636e-15) - (-4,3.3)
			*line2 = (005C): Line2D - (0,3.3) - (0,0)
		objects[0057] = (0068): Geometric_Horizontal2D  flags=4208  index=0068 flags2=-1  lst0={}    u8_0=00
			*group = (00B5): Group2D
			*line = (0059): Line2D - (0,0) - (-4,-1.77636e-15)
		objects[0058] = (0069): Point2D  flags=30200  index=006A flags2=0040  pos=Vector (-9.980871413050928e-16, 16.3, 0.0)   u32_0=0000 lst1=() 
			next = (0602): FxAttrStyles a0=(0000,0000)    u32_0=0000 associativeID=0009 typEntity=0001
				next = (092C): FxAttrEntityReference a0=(0000,0000)    
					*owner = (0069): Point2D - (-9.98087e-16,16.3)
					next = (0AF8): FxAttr_C89EF3C0 a0=(0000,0000)    u32_0=0000 pos=Vector (-9.980871413050928e-16, 16.3, 0.0)
						*owner = (0069): Point2D - (-9.98087e-16,16.3)
						next = (0C02): FxAttr_BFD09C43 a0=(0000,0000)     a1=(0,0,0,0) u32_0=0000
							*owner = (0069): Point2D - (-9.98087e-16,16.3)
							*entity2 = (0069): Point2D - (-9.98087e-16,16.3)
					*ref_2 = (006A): 60406697
			*sketch = (004F): Sketch2D 'Esquisse2'
			*endPointOf[0000] = (0071): Line2D - (-9.98087e-16,16.3) - (-24.2,16.3)
			*endPointOf[0001] = (0079): Line2D - (-9.98087e-16,16.3) - (-4,16.3)
			*endPointOf[0002] = (007C): Line2D - (0,13) - (-9.98087e-16,16.3)
		objects[0059] = (006A): 60406697  flags=0200  index=006B s32_0=-1   
			*ref_1 = (0069): Point2D - (-9.98087e-16,16.3)
			*ref_2 = (004E): Transformation
			*ref_3 = (006B): C1887310
		objects[005A] = (006B): C1887310  flags=0000  index=006C lst0=(109) s32_0=-1
		objects[005B] = (006C): B8DBEF70  flags=0200  index=006D s32_0=-1 u8_0=05  wireIndex=0002 u32_1=0002 lst0=(003E) lst1=() u8_2=00  ntEntry=0004[0002]
			creator = (0603): SurfaceCreator  flags=0000    a0=(003,8000) idxCreator=03E u16_0=8000
			*body = (0008): SurfaceBody 'Solide1'
			*owner = (006B): C1887310
		objects[005C] = (006D): Point2D  flags=30200  index=006E flags2=0040  pos=Vector (-24.200000000000003, 16.3, 0.0)   u32_0=0000 lst1=() 
			next = (0604): FxAttrStyles a0=(0000,0000)    u32_0=0000 associativeID=000A typEntity=0001
				next = (092D): FxAttrEntityReference a0=(0000,0000)    
					*owner = (006D): Point2D - (-24.2,16.3)
					next = (0AF9): FxAttr_C89EF3C0 a0=(0000,0000)    u32_0=0000 pos=Vector (-24.200000000000003, 16.3, 0.0)
						*owner = (006D): Point2D - (-24.2,16.3)
					*ref_2 = (006E): 60406697
			*sketch = (004F): Sketch2D 'Esquisse2'
			*endPointOf[0000] = (0071): Line2D - (-9.98087e-16,16.3) - (-24.2,16.3)
			*endPointOf[0001] = (008C): Line2D - (-24.2,16.3) - (-16.6,16.3)
			*endPointOf[0002] = (008F): Line2D - (-24.2,12.15) - (-24.2,16.3)
		objects[005D] = (006E): 60406697  flags=0200  index=006F s32_0=-1   
			*ref_1 = (006D): Point2D - (-24.2,16.3)
			*ref_2 = (004E): Transformation
			*ref_3 = (006F): C1887310
		objects[005E] = (006F): C1887310  flags=0000  index=0070 lst0=(113) s32_0=-1
		objects[005F] = (0070): B8DBEF70  flags=0200  index=0071 s32_0=-1 u8_0=05  wireIndex=0002 u32_1=0002 lst0=(003E) lst1=() u8_2=00  ntEntry=0004[0003]
			creator = (0605): SurfaceCreator  flags=0000    a0=(003,8000) idxCreator=03E u16_0=8000
			*body = (0008): SurfaceBody 'Solide1'
			*owner = (006F): C1887310
		objects[0060] = (0071): Line2D  flags=30200  index=0072 flags2=0040    pos=Vector (-9.980871413050928e-16, 16.3, 0.0) dir=Vector (-1.0, 0.0, 0.0)
			next = (0606): FxAttrStyles a0=(0000,0000)    u32_0=0000 associativeID=000B typEntity=0002
				next = (092E): FxAttrEntityReference a0=(0000,0000)    
					*owner = (0071): Line2D - (-9.98087e-16,16.3) - (-24.2,16.3)
					*ref_2 = (0072): 64DE16F3
			*sketch = (004F): Sketch2D 'Esquisse2'
			*points[0000] = (0069): Point2D - (-9.98087e-16,16.3)
			*points[0001] = (006D): Point2D - (-24.2,16.3)
		objects[0061] = (0072): 64DE16F3  flags=0200  index=0073 s32_0=3    u16_0=017
			*entity = (0071): Line2D - (-9.98087e-16,16.3) - (-24.2,16.3)
			*transformation = (004E): Transformation
			*edge = (0073): EdgeItem
		objects[0062] = (0073): EdgeItem  flags=0000  index=0074 indexRefs=(117) s32_0=-1 u32_0=0000
		objects[0063] = (0074): EdgeId  flags=0200  index=0075 s32_0=-1 u8_0=05  wireIndex=0002 u32_1=0002 lst0=(003E) lst1=() u8_2=00  ntEntry=0004[0005]
			creator = (0607): SurfaceCreator  flags=0000    a0=(003,8000) idxCreator=03E u16_0=8000
			*body = (0008): SurfaceBody 'Solide1'
			*owner = (0073): EdgeItem
		objects[0064] = (0075): Point2D  flags=20200  index=0076 flags2=0000  pos=Vector (-4.0, 13.0, 0.0)   u32_0=0000 lst1=() 
			next = (0608): FxAttrStyles a0=(0000,0000)    u32_0=0000 associativeID=000C typEntity=0001
				next = (092F): FxAttr_BFD09C43 a0=(0000,0000)     a1=(0,0,0,0) u32_0=0000
					*owner = (0075): Point2D - (-4,13)
					*entity2 = (0075): Point2D - (-4,13)
			*sketch = (004F): Sketch2D 'Esquisse2'
			*endPointOf[0000] = (005A): Line2D - (-4,-1.77636e-15) - (-4,3.3)
			*endPointOf[0001] = (007A): Line2D - (-4,16.3) - (-4,13)
			*endPointOf[0002] = (007B): Line2D - (-4,13) - (0,13)
		objects[0065] = (0076): Geometric_Coincident2D  flags=4208  index=0077 flags2=-1  lst0={}    
			*group = (00B5): Group2D
			*entity1 = (005A): Line2D - (-4,-1.77636e-15) - (-4,3.3)
			*entity2 = (0075): Point2D - (-4,13)
		objects[0066] = (0077): Point2D  flags=20200  index=0078 flags2=0000  pos=Vector (-4.0, 16.3, 0.0)   u32_0=0000 lst1=() 
			next = (0609): FxAttrStyles a0=(0000,0000)    u32_0=0000 associativeID=000D typEntity=0001
				next = (0930): FxAttr_BFD09C43 a0=(0000,0000)     a1=(0,0,0,0) u32_0=0000
					*owner = (0077): Point2D - (-4,16.3)
					*entity2 = (0077): Point2D - (-4,16.3)
			*sketch = (004F): Sketch2D 'Esquisse2'
			*endPointOf[0000] = (0079): Line2D - (-9.98087e-16,16.3) - (-4,16.3)
			*endPointOf[0001] = (007A): Line2D - (-4,16.3) - (-4,13)
		objects[0067] = (0078): Point2D  flags=20200  index=0079 flags2=0000  pos=Vector (0.0, 13.0, 0.0)   u32_0=0000 lst1=() 
			next = (060A): FxAttrStyles a0=(0000,0000)    u32_0=0000 associativeID=000E typEntity=0001
				next = (0931): FxAttr_BFD09C43 a0=(0000,0000)     a1=(0,0,0,0) u32_0=0000
					*owner = (0078): Point2D - (0,13)
					*entity2 = (0078): Point2D - (0,13)
			*sketch = (004F): Sketch2D 'Esquisse2'
			*endPointOf[0000] = (007B): Line2D - (-4,13) - (0,13)
			*endPointOf[0001] = (007C): Line2D - (0,13) - (-9.98087e-16,16.3)
		objects[0068] = (0079): Line2D  flags=20200  index=007A flags2=0000    pos=Vector (-3.1564191060823457, 16.3, 0.0) dir=Vector (-1.0, 0.0, 0.0)
			next = (060B): FxAttrStyles a0=(0000,0000)    u32_0=0000 associativeID=000F typEntity=0002
			*sketch = (004F): Sketch2D 'Esquisse2'
			*points[0000] = (0069): Point2D - (-9.98087e-16,16.3)
			*points[0001] = (0077): Point2D - (-4,16.3)
		objects[0069] = (007A): Line2D  flags=20200  index=007B flags2=0000    pos=Vector (-4.0, 14.599092621261565, 0.0) dir=Vector (0.0, -1.0, 0.0)
			next = (060C): FxAttrStyles a0=(0000,0000)    u32_0=0000 associativeID=0010 typEntity=0002
			*sketch = (004F): Sketch2D 'Esquisse2'
			*points[0000] = (0077): Point2D - (-4,16.3)
			*points[0001] = (0075): Point2D - (-4,13)
		objects[006A] = (007B): Line2D  flags=20200  index=007C flags2=0000    pos=Vector (-3.1564191060823474, 13.0, 0.0) dir=Vector (1.0, 1.2246467991473532e-16, 0.0)
			next = (060D): FxAttrStyles a0=(0000,0000)    u32_0=0000 associativeID=0011 typEntity=0002
			*sketch = (004F): Sketch2D 'Esquisse2'
			*points[0000] = (0075): Point2D - (-4,13)
			*points[0001] = (0078): Point2D - (0,13)
		objects[006B] = (007C): Line2D  flags=20200  index=007D flags2=0000    pos=Vector (-9.980871413050928e-16, 14.599092621261565, 0.0) dir=Vector (0.0, 1.0, 0.0)
			next = (060E): FxAttrStyles a0=(0000,0000)    u32_0=0000 associativeID=0012 typEntity=0002
			*sketch = (004F): Sketch2D 'Esquisse2'
			*points[0000] = (0078): Point2D - (0,13)
			*points[0001] = (0069): Point2D - (-9.98087e-16,16.3)
		objects[006C] = (007D): Geometric_Coincident2D  flags=4208  index=007E flags2=-1  lst0={}    
			*group = (00B5): Group2D
			*entity1 = (0079): Line2D - (-9.98087e-16,16.3) - (-4,16.3)
			*entity2 = (0069): Point2D - (-9.98087e-16,16.3)
		objects[006D] = (007E): Geometric_Coincident2D  flags=4208  index=007F flags2=-1  lst0={}    
			*group = (00B5): Group2D
			*entity1 = (0079): Line2D - (-9.98087e-16,16.3) - (-4,16.3)
			*entity2 = (0077): Point2D - (-4,16.3)
		objects[006E] = (007F): Geometric_Coincident2D  flags=4208  index=0080 flags2=-1  lst0={}    
			*group = (00B5): Group2D
			*entity1 = (007A): Line2D - (-4,16.3) - (-4,13)
			*entity2 = (0077): Point2D - (-4,16.3)
		objects[006F] = (0080): Geometric_Coincident2D  flags=4208  index=0081 flags2=-1  lst0={}    
			*group = (00B5): Group2D
			*entity1 = (007A): Line2D - (-4,16.3) - (-4,13)
			*entity2 = (0075): Point2D - (-4,13)
		objects[0070] = (0081): Geometric_Coincident2D  flags=4208  index=0082 flags2=-1  lst0={}    
			*group = (00B5): Group2D
			*entity1 = (007B): Line2D - (-4,13) - (0,13)
			*entity2 = (0075): Point2D - (-4,13)
		objects[0071] = (0082): Geometric_Coincident2D  flags=4208  index=0083 flags2=-1  lst0={}    
			*group = (00B5): Group2D
			*entity1 = (007B): Line2D - (-4,13) - (0,13)
			*entity2 = (0078): Point2D - (0,13)
		objects[0072] = (0083): Geometric_Coincident2D  flags=4208  index=0084 flags2=-1  lst0={}    
			*group = (00B5): Group2D
			*entity1 = (007C): Line2D - (0,13) - (-9.98087e-16,16.3)
			*entity2 = (0078): Point2D - (0,13)
		objects[0073] = (0084): Geometric_Coincident2D  flags=4208  index=0085 flags2=-1  lst0={}    
			*group = (00B5): Group2D
			*entity1 = (007C): Line2D - (0,13) - (-9.98087e-16,16.3)
			*entity2 = (0069): Point2D - (-9.98087e-16,16.3)
		objects[0074] = (0085): Geometric_Perpendicular2D  flags=4208  index=0086 flags2=-1  lst0={}     u16_0=000
			*group = (00B5): Group2D
			*line1 = (0079): Line2D - (-9.98087e-16,16.3) - (-4,16.3)
			*line2 = (007A): Line2D - (-4,16.3) - (-4,13)
		objects[0075] = (0086): Geometric_Parallel2D  flags=4208  index=0087 flags2=-1  lst0={}     u16_0=000
			*group = (00B5): Group2D
			*line1 = (0079): Line2D - (-9.98087e-16,16.3) - (-4,16.3)
			*line2 = (007B): Line2D - (-4,13) - (0,13)
		objects[0076] = (0087): Geometric_Parallel2D  flags=4208  index=0088 flags2=-1  lst0={}     u16_0=000
			*group = (00B5): Group2D
			*line1 = (007A): Line2D - (-4,16.3) - (-4,13)
			*line2 = (007C): Line2D - (0,13) - (-9.98087e-16,16.3)
		objects[0077] = (0088): Geometric_Horizontal2D  flags=4208  index=0089 flags2=-1  lst0={}    u8_0=00
			*group = (00B5): Group2D
			*line = (0079): Line2D - (-9.98087e-16,16.3) - (-4,16.3)
		objects[0078] = (0089): Point2D  flags=20200  index=008A flags2=0000  pos=Vector (-16.6, 12.149999999999999, 0.0)   u32_0=0000 lst1=() 
			next = (060F): FxAttrStyles a0=(0000,0000)    u32_0=0000 associativeID=0013 typEntity=0001
				next = (0932): FxAttr_BFD09C43 a0=(0000,0000)     a1=(0,0,0,0) u32_0=0000
					*owner = (0089): Point2D - (-16.6,12.15)
					*entity2 = (0089): Point2D - (-16.6,12.15)
			*sketch = (004F): Sketch2D 'Esquisse2'
			*endPointOf[0000] = (008D): Line2D - (-16.6,16.3) - (-16.6,12.15)
			*endPointOf[0001] = (008E): Line2D - (-16.6,12.15) - (-24.2,12.15)
		objects[0079] = (008A): Point2D  flags=20200  index=008B flags2=0000  pos=Vector (-16.6, 16.3, 0.0)   u32_0=0000 lst1=() 
			next = (0610): FxAttrStyles a0=(0000,0000)    u32_0=0000 associativeID=0014 typEntity=0001
				next = (0933): FxAttr_BFD09C43 a0=(0000,0000)     a1=(0,0,0,0) u32_0=0000
					*owner = (008A): Point2D - (-16.6,16.3)
					*entity2 = (008A): Point2D - (-16.6,16.3)
			*sketch = (004F): Sketch2D 'Esquisse2'
			*endPointOf[0000] = (008C): Line2D - (-24.2,16.3) - (-16.6,16.3)
			*endPointOf[0001] = (008D): Line2D - (-16.6,16.3) - (-16.6,12.15)
		objects[007A] = (008B): Point2D  flags=20200  index=008C flags2=0000  pos=Vector (-24.200000000000003, 12.15, 0.0)   u32_0=0000 lst1=() 
			next = (0611): FxAttrStyles a0=(0000,0000)    u32_0=0000 associativeID=0015 typEntity=0001
				next = (0934): FxAttr_BFD09C43 a0=(0000,0000)     a1=(0,0,0,0) u32_0=0000
					*owner = (008B): Point2D - (-24.2,12.15)
					*entity2 = (008B): Point2D - (-24.2,12.15)
			*sketch = (004F): Sketch2D 'Esquisse2'
			*endPointOf[0000] = (008E): Line2D - (-16.6,12.15) - (-24.2,12.15)
			*endPointOf[0001] = (008F): Line2D - (-24.2,12.15) - (-24.2,16.3)
		objects[007B] = (008C): Line2D  flags=20200  index=008D flags2=0000    pos=Vector (-20.746180581956956, 16.3, 0.0) dir=Vector (1.0, 0.0, 0.0)
			next = (0612): FxAttrStyles a0=(0000,0000)    u32_0=0000 associativeID=0016 typEntity=0002
			*sketch = (004F): Sketch2D 'Esquisse2'
			*points[0000] = (006D): Point2D - (-24.2,16.3)
			*points[0001] = (008A): Point2D - (-16.6,16.3)
		objects[007C] = (008D): Line2D  flags=20200  index=008E flags2=0000    pos=Vector (-16.6, 13.929082396219282, 0.0) dir=Vector (0.0, -0.9999999999999999, 0.0)
			next = (0613): FxAttrStyles a0=(0000,0000)    u32_0=0000 associativeID=0017 typEntity=0002
			*sketch = (004F): Sketch2D 'Esquisse2'
			*points[0000] = (008A): Point2D - (-16.6,16.3)
			*points[0001] = (0089): Point2D - (-16.6,12.15)
			*points[0002] = (009F): Point2D - (-16.6,4.15)
		objects[007D] = (008E): Line2D  flags=20200  index=008F flags2=0000    pos=Vector (-20.746180581956956, 12.149999999999999, 0.0) dir=Vector (-1.0, 0.0, 0.0)
			next = (0614): FxAttrStyles a0=(0000,0000)    u32_0=0000 associativeID=0018 typEntity=0002
			*sketch = (004F): Sketch2D 'Esquisse2'
			*points[0000] = (0089): Point2D - (-16.6,12.15)
			*points[0001] = (008B): Point2D - (-24.2,12.15)
		objects[007E] = (008F): Line2D  flags=20200  index=0090 flags2=0000    pos=Vector (-24.200000000000003, 13.929082396219282, 0.0) dir=Vector (0.0, 0.9999999999999999, 0.0)
			next = (0615): FxAttrStyles a0=(0000,0000)    u32_0=0000 associativeID=0019 typEntity=0002
			*sketch = (004F): Sketch2D 'Esquisse2'
			*points[0000] = (008B): Point2D - (-24.2,12.15)
			*points[0001] = (006D): Point2D - (-24.2,16.3)
			*points[0002] = (009C): Point2D - (-24.2,-1.77636e-15)
		objects[007F] = (0090): Geometric_Coincident2D  flags=4208  index=0091 flags2=-1  lst0={}    
			*group = (00B5): Group2D
			*entity1 = (008C): Line2D - (-24.2,16.3) - (-16.6,16.3)
			*entity2 = (006D): Point2D - (-24.2,16.3)
		objects[0080] = (0091): Geometric_Coincident2D  flags=4208  index=0092 flags2=-1  lst0={}    
			*group = (00B5): Group2D
			*entity1 = (008C): Line2D - (-24.2,16.3) - (-16.6,16.3)
			*entity2 = (008A): Point2D - (-16.6,16.3)
		objects[0081] = (0092): Geometric_Coincident2D  flags=4208  index=0093 flags2=-1  lst0={}    
			*group = (00B5): Group2D
			*entity1 = (008D): Line2D - (-16.6,16.3) - (-16.6,12.15)
			*entity2 = (008A): Point2D - (-16.6,16.3)
		objects[0082] = (0093): Geometric_Coincident2D  flags=4208  index=0094 flags2=-1  lst0={}    
			*group = (00B5): Group2D
			*entity1 = (008D): Line2D - (-16.6,16.3) - (-16.6,12.15)
			*entity2 = (0089): Point2D - (-16.6,12.15)
		objects[0083] = (0094): Geometric_Coincident2D  flags=4208  index=0095 flags2=-1  lst0={}    
			*group = (00B5): Group2D
			*entity1 = (008E): Line2D - (-16.6,12.15) - (-24.2,12.15)
			*entity2 = (0089): Point2D - (-16.6,12.15)
		objects[0084] = (0095): Geometric_Coincident2D  flags=4208  index=0096 flags2=-1  lst0={}    
			*group = (00B5): Group2D
			*entity1 = (008E): Line2D - (-16.6,12.15) - (-24.2,12.15)
			*entity2 = (008B): Point2D - (-24.2,12.15)
		objects[0085] = (0096): Geometric_Coincident2D  flags=4208  index=0097 flags2=-1  lst0={}    
			*group = (00B5): Group2D
			*entity1 = (008F): Line2D - (-24.2,12.15) - (-24.2,16.3)
			*entity2 = (008B): Point2D - (-24.2,12.15)
		objects[0086] = (0097): Geometric_Coincident2D  flags=4208  index=0098 flags2=-1  lst0={}    
			*group = (00B5): Group2D
			*entity1 = (008F): Line2D - (-24.2,12.15) - (-24.2,16.3)
			*entity2 = (006D): Point2D - (-24.2,16.3)
		objects[0087] = (0098): Geometric_Perpendicular2D  flags=4208  index=0099 flags2=-1  lst0={}     u16_0=000
			*group = (00B5): Group2D
			*line1 = (008C): Line2D - (-24.2,16.3) - (-16.6,16.3)
			*line2 = (008D): Line2D - (-16.6,16.3) - (-16.6,12.15)
		objects[0088] = (0099): Geometric_Parallel2D  flags=4208  index=009A flags2=-1  lst0={}     u16_0=000
			*group = (00B5): Group2D
			*line1 = (008C): Line2D - (-24.2,16.3) - (-16.6,16.3)
			*line2 = (008E): Line2D - (-16.6,12.15) - (-24.2,12.15)
		objects[0089] = (009A): Geometric_Parallel2D  flags=4208  index=009B flags2=-1  lst0={}     u16_0=000
			*group = (00B5): Group2D
			*line1 = (008D): Line2D - (-16.6,16.3) - (-16.6,12.15)
			*line2 = (008F): Line2D - (-24.2,12.15) - (-24.2,16.3)
		objects[008A] = (009B): Geometric_Horizontal2D  flags=4208  index=009C flags2=-1  lst0={}    u8_0=00
			*group = (00B5): Group2D
			*line = (008C): Line2D - (-24.2,16.3) - (-16.6,16.3)
		objects[008B] = (009C): Point2D  flags=20200  index=009E flags2=0000  pos=Vector (-24.200000000000003, -1.7763568394002505e-15, 0.0)   u32_0=0000 lst1=() 
			next = (0616): FxAttrStyles a0=(0000,0000)    u32_0=0000 associativeID=001A typEntity=0001
				next = (0935): FxAttr_BFD09C43 a0=(0000,0000)     a1=(0,0,0,0) u32_0=0000
					*owner = (009C): Point2D - (-24.2,-1.77636e-15)
					*entity2 = (009C): Point2D - (-24.2,-1.77636e-15)
			*sketch = (004F): Sketch2D 'Esquisse2'
			*endPointOf[0000] = (0059): Line2D - (0,0) - (-4,-1.77636e-15)
			*endPointOf[0001] = (008F): Line2D - (-24.2,12.15) - (-24.2,16.3)
			*endPointOf[0002] = (00A3): Line2D - (-24.2,-1.77636e-15) - (-16.6,-1.77636e-15)
			*endPointOf[0003] = (00A6): Line2D - (-24.2,4.15) - (-24.2,-1.77636e-15)
		objects[008C] = (009D): Geometric_Coincident2D  flags=4208  index=009F flags2=-1  lst0={}    
			*group = (00B5): Group2D
			*entity1 = (0059): Line2D - (0,0) - (-4,-1.77636e-15)
			*entity2 = (009C): Point2D - (-24.2,-1.77636e-15)
		objects[008D] = (009E): Geometric_Coincident2D  flags=4208  index=00A0 flags2=-1  lst0={}    
			*group = (00B5): Group2D
			*entity1 = (008F): Line2D - (-24.2,12.15) - (-24.2,16.3)
			*entity2 = (009C): Point2D - (-24.2,-1.77636e-15)
		objects[008E] = (009F): Point2D  flags=20200  index=00A1 flags2=0000  pos=Vector (-16.6, 4.15, 0.0)   u32_0=0000 lst1=() 
			next = (0617): FxAttrStyles a0=(0000,0000)    u32_0=0000 associativeID=001B typEntity=0001
				next = (0936): FxAttr_BFD09C43 a0=(0000,0000)     a1=(0,0,0,0) u32_0=0000
					*owner = (009F): Point2D - (-16.6,4.15)
					*entity2 = (009F): Point2D - (-16.6,4.15)
			*sketch = (004F): Sketch2D 'Esquisse2'
			*endPointOf[0000] = (008D): Line2D - (-16.6,16.3) - (-16.6,12.15)
			*endPointOf[0001] = (00A4): Line2D - (-16.6,-1.77636e-15) - (-16.6,4.15)
			*endPointOf[0002] = (00A5): Line2D - (-16.6,4.15) - (-24.2,4.15)
		objects[008F] = (00A0): Geometric_Coincident2D  flags=4208  index=00A2 flags2=-1  lst0={}    
			*group = (00B5): Group2D
			*entity1 = (008D): Line2D - (-16.6,16.3) - (-16.6,12.15)
			*entity2 = (009F): Point2D - (-16.6,4.15)
		objects[0090] = (00A1): Point2D  flags=20200  index=00A3 flags2=0000  pos=Vector (-16.6, -1.7763568394002505e-15, 0.0)   u32_0=0000 lst1=() 
			next = (0618): FxAttrStyles a0=(0000,0000)    u32_0=0000 associativeID=001C typEntity=0001
				next = (0937): FxAttr_BFD09C43 a0=(0000,0000)     a1=(0,0,0,0) u32_0=0000
					*owner = (00A1): Point2D - (-16.6,-1.77636e-15)
					*entity2 = (00A1): Point2D - (-16.6,-1.77636e-15)
			*sketch = (004F): Sketch2D 'Esquisse2'
			*endPointOf[0000] = (00A3): Line2D - (-24.2,-1.77636e-15) - (-16.6,-1.77636e-15)
			*endPointOf[0001] = (00A4): Line2D - (-16.6,-1.77636e-15) - (-16.6,4.15)
		objects[0091] = (00A2): Point2D  flags=20200  index=00A4 flags2=0000  pos=Vector (-24.200000000000003, 4.15, 0.0)   u32_0=0000 lst1=() 
			next = (0619): FxAttrStyles a0=(0000,0000)    u32_0=0000 associativeID=001D typEntity=0001
				next = (0938): FxAttr_BFD09C43 a0=(0000,0000)     a1=(0,0,0,0) u32_0=0000
					*owner = (00A2): Point2D - (-24.2,4.15)
					*entity2 = (00A2): Point2D - (-24.2,4.15)
			*sketch = (004F): Sketch2D 'Esquisse2'
			*endPointOf[0000] = (00A5): Line2D - (-16.6,4.15) - (-24.2,4.15)
			*endPointOf[0001] = (00A6): Line2D - (-24.2,4.15) - (-24.2,-1.77636e-15)
		objects[0092] = (00A3): Line2D  flags=20200  index=00A5 flags2=0000    pos=Vector (-20.746180581956956, -1.7763568394002505e-15, 0.0) dir=Vector (1.0, 0.0, 0.0)
			next = (061A): FxAttrStyles a0=(0000,0000)    u32_0=0000 associativeID=001E typEntity=0002
			*sketch = (004F): Sketch2D 'Esquisse2'
			*points[0000] = (009C): Point2D - (-24.2,-1.77636e-15)
			*points[0001] = (00A1): Point2D - (-16.6,-1.77636e-15)
		objects[0093] = (00A4): Line2D  flags=20200  index=00A6 flags2=0000    pos=Vector (-16.6, 3.034201796852508, 0.0) dir=Vector (0.0, 1.0, 0.0)
			next = (061B): FxAttrStyles a0=(0000,0000)    u32_0=0000 associativeID=001F typEntity=0002
			*sketch = (004F): Sketch2D 'Esquisse2'
			*points[0000] = (00A1): Point2D - (-16.6,-1.77636e-15)
			*points[0001] = (009F): Point2D - (-16.6,4.15)
		objects[0094] = (00A5): Line2D  flags=20200  index=00A7 flags2=0000    pos=Vector (-20.746180581956956, 4.15, 0.0) dir=Vector (-1.0, 0.0, 0.0)
			next = (061C): FxAttrStyles a0=(0000,0000)    u32_0=0000 associativeID=0020 typEntity=0002
			*sketch = (004F): Sketch2D 'Esquisse2'
			*points[0000] = (009F): Point2D - (-16.6,4.15)
			*points[0001] = (00A2): Point2D - (-24.2,4.15)
		objects[0095] = (00A6): Line2D  flags=20200  index=00A8 flags2=0000    pos=Vector (-24.200000000000003, 3.034201796852508, 0.0) dir=Vector (0.0, -1.0, 0.0)
			next = (061D): FxAttrStyles a0=(0000,0000)    u32_0=0000 associativeID=0021 typEntity=0002
			*sketch = (004F): Sketch2D 'Esquisse2'
			*points[0000] = (00A2): Point2D - (-24.2,4.15)
			*points[0001] = (009C): Point2D - (-24.2,-1.77636e-15)
		objects[0096] = (00A7): Geometric_Coincident2D  flags=4208  index=00A9 flags2=-1  lst0={}    
			*group = (00B5): Group2D
			*entity1 = (00A3): Line2D - (-24.2,-1.77636e-15) - (-16.6,-1.77636e-15)
			*entity2 = (009C): Point2D - (-24.2,-1.77636e-15)
		objects[0097] = (00A8): Geometric_Coincident2D  flags=4208  index=00AA flags2=-1  lst0={}    
			*group = (00B5): Group2D
			*entity1 = (00A3): Line2D - (-24.2,-1.77636e-15) - (-16.6,-1.77636e-15)
			*entity2 = (00A1): Point2D - (-16.6,-1.77636e-15)
		objects[0098] = (00A9): Geometric_Coincident2D  flags=4208  index=00AB flags2=-1  lst0={}    
			*group = (00B5): Group2D
			*entity1 = (00A4): Line2D - (-16.6,-1.77636e-15) - (-16.6,4.15)
			*entity2 = (00A1): Point2D - (-16.6,-1.77636e-15)
		objects[0099] = (00AA): Geometric_Coincident2D  flags=4208  index=00AC flags2=-1  lst0={}    
			*group = (00B5): Group2D
			*entity1 = (00A4): Line2D - (-16.6,-1.77636e-15) - (-16.6,4.15)
			*entity2 = (009F): Point2D - (-16.6,4.15)
		objects[009A] = (00AB): Geometric_Coincident2D  flags=4208  index=00AD flags2=-1  lst0={}    
			*group = (00B5): Group2D
			*entity1 = (00A5): Line2D - (-16.6,4.15) - (-24.2,4.15)
			*entity2 = (009F): Point2D - (-16.6,4.15)
		objects[009B] = (00AC): Geometric_Coincident2D  flags=4208  index=00AE flags2=-1  lst0={}    
			*group = (00B5): Group2D
			*entity1 = (00A5): Line2D - (-16.6,4.15) - (-24.2,4.15)
			*entity2 = (00A2): Point2D - (-24.2,4.15)
		objects[009C] = (00AD): Geometric_Coincident2D  flags=4208  index=00AF flags2=-1  lst0={}    
			*group = (00B5): Group2D
			*entity1 = (00A6): Line2D - (-24.2,4.15) - (-24.2,-1.77636e-15)
			*entity2 = (00A2): Point2D - (-24.2,4.15)
		objects[009D] = (00AE): Geometric_Coincident2D  flags=4208  index=00B0 flags2=-1  lst0={}    
			*group = (00B5): Group2D
			*entity1 = (00A6): Line2D - (-24.2,4.15) - (-24.2,-1.77636e-15)
			*entity2 = (009C): Point2D - (-24.2,-1.77636e-15)
		objects[009E] = (00AF): Geometric_Perpendicular2D  flags=4208  index=00B1 flags2=-1  lst0={}     u16_0=000
			*group = (00B5): Group2D
			*line1 = (00A3): Line2D - (-24.2,-1.77636e-15) - (-16.6,-1.77636e-15)
			*line2 = (00A4): Line2D - (-16.6,-1.77636e-15) - (-16.6,4.15)
		objects[009F] = (00B0): Geometric_Parallel2D  flags=4208  index=00B2 flags2=-1  lst0={}     u16_0=000
			*group = (00B5): Group2D
			*line1 = (00A3): Line2D - (-24.2,-1.77636e-15) - (-16.6,-1.77636e-15)
			*line2 = (00A5): Line2D - (-16.6,4.15) - (-24.2,4.15)
		objects[00A0] = (00B1): Geometric_Parallel2D  flags=4208  index=00B3 flags2=-1  lst0={}     u16_0=000
			*group = (00B5): Group2D
			*line1 = (00A4): Line2D - (-16.6,-1.77636e-15) - (-16.6,4.15)
			*line2 = (00A6): Line2D - (-24.2,4.15) - (-24.2,-1.77636e-15)
		objects[00A1] = (00B2): Geometric_Horizontal2D  flags=4208  index=00B4 flags2=-1  lst0={}    u8_0=00
			*group = (00B5): Group2D
			*line = (00A3): Line2D - (-24.2,-1.77636e-15) - (-16.6,-1.77636e-15)
		objects[00A2] = (00B3): Parameter 'd4'  flags=34200  index=00B6   valueNominal=9.7 valueModel=9.7   tolerance=NOMINAL u16_0=-1
			unit = (061E): Unit   visible=True 
				numerators[0000] = (0939): UnitMilliMeter magnitude=1 factor=1 Unit="mm" UnitOffset=0 UnitFactor=0.1 UnitSupportet=True
			formula = (061F): ParameterValue  value=9.7 type=000
				unit = (093A): Unit   visible=True 
					numerators[0000] = (0AFA): UnitMeter magnitude=0.001 factor=1 Unit="m" UnitOffset=0 UnitFactor=100 UnitSupportet=True
		objects[00A3] = (00B4): Dimension_Distance2D  flags=4208  index=00B7 flags2=-1  lst0={}   u32_0=0000   a0=(0000,0000,0000,0000) a1=Vector (1.7976931348623157e+308, 0.0, 0.0) a2=Vector (1.7976931348623157e+308, 0.0, 0.0)
			next = (0620): FxAttr_EEE03AF5 a0=(0000,0000)     u16_0=00A   u32_0=0000 a1=Vector (0.0, 0.0, 0.0) p1=Vector (0.0, 3.3, 0.0) p2=Vector (0.0, 13.0, 0.0) a2=Vector (0.0, 2.456691144665734, 0.0)
				entity2 = (093B): E1D3D023  flags=3000200  index=0000 flags2=0000  a1=(0,0,1.875) a2=(100,000,000) a3=Vector (0.0, 3.3, 0.0) a4=(000,000,000) a5=Vector (0.0, 8.1155e-320, 0.0) a6=(000,002,000) s32_0=-1 a7=(1,0,0,-0,1,0,0,2.45669,3.6576,0,2.45669,8.15,0,2.96821,3.3,0,2.96821,13,0,0,3.3,0,0,13,0,2.45669,3.3,0,2.45669,13,0) a8=(01,01,00,00,00,00,00,00,00,00,00,00,00,03,00,00,01,00) a9=(0,0.51152,0.12788,0.385857,0.267308,0) u8_0=01   a10=(0000,0000,006A) a11=(2.45669,3.3,0,2.45669,13,0,2.45669,3.3,0,2.45669,13,0,2.45669,3.6576,0,0,0,0) u8_1=01 a12=(1,0,0,2.45669,8.15,0,0,1,0,0.344038,3.47482,0) u8_2=00 a13=(0.12788,3.3,0,0.12788,13,0) 
					ref_1 = (0AFB): 39A41830  flags=0210  index=0000 s32_0=-1 a2=(0000,0000,0000,0000,0000,0000,0000,0000,0000,0001,0000,0000,0003) a3=Vector (0.0, 0.0, 0.0) txt0="" a4=(0000,0000,0000,A7F9,A7FB) a5=(1,0,0,2.45669,3.6576,0) a6=(000,000,000,000,000,000)   u32_0=0000 a7=(0003,0003) a8=(07E4,0000) 
						*parameter1 = (00B3): Parameter 'd4'=97mm
						*sketch = (004F): Sketch2D 'Esquisse2'
					ref_2 = (0AFC): 99B938AE  flags=0200  index=0000 a1=Vector (0.25, 0.1, 0.0) u32_0=0010 u32_1=0000
					*ref_3 = (0AFC): 99B938AE
				*entity3 = (0058): Point2D - (0,3.3)
				*entity4 = (0078): Point2D - (0,13)
			*group = (00B5): Group2D
			*parameter = (00B3): Parameter 'd4'=97mm
			*entity1 = (0058): Point2D - (0,3.3)
			*entity2 = (0078): Point2D - (0,13)
		objects[00A4] = (00B5): Group2D  flags=0200  index=00DD s32_0=-1 s32_1=58  entries={80000054:0004,80000056:0000,80000057:0000,80000058:0000,80000059:0000,8000005A:0000,8000005B:0000,8000005C:0000,8000005D:0000,8000005E:0000,8000005F:0000,80000060:0000,80000061:0000,80000062:0000,80000063:0000,80000064:0000,80000065:0000,80000066:0000,80000067:0000,80000068:0000,80000069:0004,8000006D:0004,80000075:0000,80000076:0000,80000077:0000,80000078:0000,80000079:0000,8000007A:0000,8000007B:0000,8000007C:0000,8000007D:0000,8000007E:0000,8000007F:0000,80000080:0000,80000081:0000,80000082:0000,80000083:0000,80000084:0000,80000085:0000,80000086:0000,80000087:0000,80000088:0000,80000089:0000,8000008A:0000,8000008B:0000,8000008C:0000,8000008D:0000,8000008E:0000,8000008F:0000,80000090:0000,80000091:0000,80000092:0000,80000093:0000,80000094:0000,80000095:0000,80000096:0000,80000097:0000,80000098:0000,80000099:0000,8000009A:0000,8000009B:0000,8000009C:0000,8000009D:0000,8000009E:0000,8000009F:0000,800000A0:0000,800000A1:0000,800000A2:0000,800000A3:0000,800000A4:0000,800000A5:0000,800000A6:0000,800000A7:0000,800000A8:0000,800000A9:0000,800000AA:0000,800000AB:0000,800000AC:0000,800000AD:0000,800000AE:0000,800000AF:0000,800000B0:0000,800000B1:0000,800000B2:0000,800000B4:0000,800000B6:0000,800000B7:0000,800000B9:0000,800000BB:0000,800000BD:0000} u32_0=0000
			*constrains[0000] = (005D): Geometric_Coincident2D - (0,0)	(0059): Line2D
			*constrains[0001] = (009D): Geometric_Coincident2D - (-24.2,-1.77636e-15)	(0059): Line2D
			*constrains[0002] = (0068): Geometric_Horizontal2D
			*constrains[0003] = (0066): Geometric_Parallel2D
			*constrains[0004] = (0065): Geometric_Perpendicular2D
			*constrains[0005] = (005E): Geometric_Coincident2D - (-4,-1.77636e-15)	(0059): Line2D
			*constrains[0006] = (00AE): Geometric_Coincident2D - (-24.2,-1.77636e-15)	(00A6): Line2D
			*constrains[0007] = (00A7): Geometric_Coincident2D - (-24.2,-1.77636e-15)	(00A3): Line2D
			*constrains[0008] = (009E): Geometric_Coincident2D - (-24.2,-1.77636e-15)	(008F): Line2D
			*constrains[0009] = (0062): Geometric_Coincident2D - (0,3.3)	(005B): Line2D
			*constrains[000A] = (0061): Geometric_Coincident2D - (-4,3.3)	(005B): Line2D
			*constrains[000B] = (0076): Geometric_Coincident2D - (-4,13)	(005A): Line2D
			*constrains[000C] = (0067): Geometric_Parallel2D
			*constrains[000D] = (0060): Geometric_Coincident2D - (-4,3.3)	(005A): Line2D
			*constrains[000E] = (005F): Geometric_Coincident2D - (-4,-1.77636e-15)	(005A): Line2D
			*constrains[000F] = (00B1): Geometric_Parallel2D
			*constrains[0010] = (00AD): Geometric_Coincident2D - (-24.2,4.15)	(00A6): Line2D
			*constrains[0011] = (00B2): Geometric_Horizontal2D
			*constrains[0012] = (00B0): Geometric_Parallel2D
			*constrains[0013] = (00AF): Geometric_Perpendicular2D
			*constrains[0014] = (00A8): Geometric_Coincident2D - (-16.6,-1.77636e-15)	(00A3): Line2D
			*constrains[0015] = (009A): Geometric_Parallel2D
			*constrains[0016] = (0097): Geometric_Coincident2D - (-24.2,16.3)	(008F): Line2D
			*constrains[0017] = (0096): Geometric_Coincident2D - (-24.2,12.15)	(008F): Line2D
			*constrains[0018] = (00B4): Dimension_Distance2D - d='d4', (0,3.3), (0,13)
			*constrains[0019] = (0063): Geometric_Coincident2D - (0,3.3)	(005C): Line2D
			*constrains[001A] = (0081): Geometric_Coincident2D - (-4,13)	(007B): Line2D
			*constrains[001B] = (0080): Geometric_Coincident2D - (-4,13)	(007A): Line2D
			*constrains[001C] = (0064): Geometric_Coincident2D - (0,0)	(005C): Line2D
			*constrains[001D] = (00AA): Geometric_Coincident2D - (-16.6,4.15)	(00A4): Line2D
			*constrains[001E] = (00A9): Geometric_Coincident2D - (-16.6,-1.77636e-15)	(00A4): Line2D
			*constrains[001F] = (00AC): Geometric_Coincident2D - (-24.2,4.15)	(00A5): Line2D
			*constrains[0020] = (00AB): Geometric_Coincident2D - (-16.6,4.15)	(00A5): Line2D
			*constrains[0021] = (00A0): Geometric_Coincident2D - (-16.6,4.15)	(008D): Line2D
			*constrains[0022] = (0098): Geometric_Perpendicular2D
			*constrains[0023] = (0093): Geometric_Coincident2D - (-16.6,12.15)	(008D): Line2D
			*constrains[0024] = (0092): Geometric_Coincident2D - (-16.6,16.3)	(008D): Line2D
			*constrains[0025] = (0095): Geometric_Coincident2D - (-24.2,12.15)	(008E): Line2D
			*constrains[0026] = (0083): Geometric_Coincident2D - (0,13)	(007C): Line2D
			*constrains[0027] = (0082): Geometric_Coincident2D - (0,13)	(007B): Line2D
			*constrains[0028] = (0086): Geometric_Parallel2D
			*constrains[0029] = (0087): Geometric_Parallel2D
			*constrains[002A] = (0085): Geometric_Perpendicular2D
			*constrains[002B] = (007F): Geometric_Coincident2D - (-4,16.3)	(007A): Line2D
			*constrains[002C] = (009B): Geometric_Horizontal2D
			*constrains[002D] = (0099): Geometric_Parallel2D
			*constrains[002E] = (0091): Geometric_Coincident2D - (-16.6,16.3)	(008C): Line2D
			*constrains[002F] = (0090): Geometric_Coincident2D - (-24.2,16.3)	(008C): Line2D
			*constrains[0030] = (0094): Geometric_Coincident2D - (-16.6,12.15)	(008E): Line2D
			*constrains[0031] = (0084): Geometric_Coincident2D - (-9.98087e-16,16.3)	(007C): Line2D
			*constrains[0032] = (0088): Geometric_Horizontal2D
			*constrains[0033] = (007E): Geometric_Coincident2D - (-4,16.3)	(0079): Line2D
			*constrains[0034] = (007D): Geometric_Coincident2D - (-9.98087e-16,16.3)	(0079): Line2D
			*constrains[0035] = (00B6): Geometric_EqualLength2D
			*constrains[0036] = (00B7): Geometric_EqualLength2D
			*constrains[0037] = (00B9): Dimension_Distance2D - d='d5', e1=(00A5): Line2D, e2=(008E): Line2D
			*constrains[0038] = (00BB): Dimension_Distance2D - d='d6', (-16.6,4.15), (-24.2,4.15)
			*constrains[0039] = (00BD): Dimension_Distance2D - d='d7', (-4,3.3), (0,3.3)
		objects[00A5] = (00B6): Geometric_EqualLength2D  flags=4208  index=00DE flags2=-1  lst0={}    
			*group = (00B5): Group2D
			*line1 = (007C): Line2D - (0,13) - (-9.98087e-16,16.3)
			*line2 = (005C): Line2D - (0,3.3) - (0,0)
		objects[00A6] = (00B7): Geometric_EqualLength2D  flags=4208  index=00DF flags2=-1  lst0={}    
			*group = (00B5): Group2D
			*line1 = (008F): Line2D - (-24.2,12.15) - (-24.2,16.3)
			*line2 = (00A6): Line2D - (-24.2,4.15) - (-24.2,-1.77636e-15)
		objects[00A7] = (00B8): Parameter 'd5'  flags=34200  index=00E0   valueNominal=8 valueModel=8   tolerance=NOMINAL u16_0=-1
			unit = (0621): Unit   visible=True 
				numerators[0000] = (093C): UnitMilliMeter magnitude=1 factor=1 Unit="mm" UnitOffset=0 UnitFactor=0.1 UnitSupportet=True
			formula = (0622): ParameterValue  value=8 type=000
				unit = (093D): Unit   visible=True 
					numerators[0000] = (0AFD): UnitMeter magnitude=0.001 factor=1 Unit="m" UnitOffset=0 UnitFactor=100 UnitSupportet=True
		objects[00A8] = (00B9): Dimension_Distance2D  flags=4208  index=00E1 flags2=-1  lst0={}   u32_0=0000   a0=(0000,0000,0000,0000) a1=Vector (1.7976931348623157e+308, 0.0, 0.0) a2=Vector (1.7976931348623157e+308, 0.0, 0.0)
			next = (0623): FxAttr_EEE03AF5 a0=(0000,0000)     u16_0=006   u32_0=0000 a1=Vector (1.0, 1.0, 0.0) p1=Vector (-24.200000000000003, 4.15, 0.0) p2=Vector (-24.200000000000003, 12.15, 0.0) a2=Vector (8.0, 2.154259121020793, 0.0)
				entity2 = (093E): E1D3D023  flags=3000200  index=0000 flags2=0000  a1=(0,0,1.875) a2=(100,000,000) a3=Vector (-24.200000000000003, 4.15, 0.0) a4=(3334,3333,3333) a5=Vector (9.255963135002935e+61, 8.1145e-320, 0.0) a6=(000,003,000) s32_0=-1 a7=(-1,0,0,0,1,0,0,-26.3543,5.11658,0,-26.3543,8.15,0,-27.0751,4.15,0,-27.0751,12.15,0,-24.2,4.15,0,-24.2,12.15,0,-26.3543,4.15,0,-26.3543,12.15,0) a8=(01,01,00,00,00,00,00,00,00,00,00,00,00,03,00,00,01,00) a9=(0,0.720836,0.180209,0.385857,0.268767,0) u8_0=01   a10=(0000,0000,006A) a11=(-26.3543,4.15,0,-26.3543,12.15,0,-26.3543,4.15,0,-26.3543,12.15,0,-26.3543,5.11658,0,0,0,0) u8_1=01 a12=(-1,0,0,-26.3543,8.15,0,0,1,0,0,0,0) u8_2=00 a13=(-24.3802,4.15,0,-24.3802,12.15,0) 
					ref_1 = (0AFE): 39A41830  flags=0210  index=0000 s32_0=-1 a2=(0000,0000,0000,0000,0000,0000,0000,0000,0000,0001,0000,0000,0003) a3=Vector (0.0, 0.0, 0.0) txt0="" a4=(0000,0000,0000,A7F9,A7FB) a5=(1,0,0,-26.3543,5.11658,0) a6=(000,000,000,000,000,000)   u32_0=0000 a7=(0003,0003) a8=(07E4,0000) 
						*parameter1 = (00B8): Parameter 'd5'=80mm
						*sketch = (004F): Sketch2D 'Esquisse2'
					ref_2 = (0AFF): 99B938AE  flags=0200  index=0000 a1=Vector (0.25, 0.1, 0.0) u32_0=0010 u32_1=0000
					*ref_3 = (0AFF): 99B938AE
				*entity3 = (00A5): Line2D - (-16.6,4.15) - (-24.2,4.15)
				*entity4 = (008E): Line2D - (-16.6,12.15) - (-24.2,12.15)
			*group = (00B5): Group2D
			*parameter = (00B8): Parameter 'd5'=80mm
			*entity1 = (00A5): Line2D - (-16.6,4.15) - (-24.2,4.15)
			*entity2 = (008E): Line2D - (-16.6,12.15) - (-24.2,12.15)
		objects[00A9] = (00BA): Parameter 'd6'  flags=34200  index=00E2   valueNominal=7.6 valueModel=7.6   tolerance=NOMINAL u16_0=-1
			unit = (0624): Unit   visible=True 
				numerators[0000] = (093F): UnitMilliMeter magnitude=1 factor=1 Unit="mm" UnitOffset=0 UnitFactor=0.1 UnitSupportet=True
			formula = (0625): ParameterValue  value=7.6 type=000
				unit = (0940): Unit   visible=True 
					numerators[0000] = (0B00): UnitMeter magnitude=0.001 factor=1 Unit="m" UnitOffset=0 UnitFactor=100 UnitSupportet=True
		objects[00AA] = (00BB): Dimension_Distance2D  flags=4208  index=00E3 flags2=-1  lst0={}   u32_0=0000   a0=(0000,0000,0000,0000) a1=Vector (1.7976931348623157e+308, 0.0, 0.0) a2=Vector (1.7976931348623157e+308, 0.0, 0.0)
			next = (0626): FxAttr_EEE03AF5 a0=(0000,0000)     u16_0=004   u32_0=0000 a1=Vector (0.0, 0.0, 0.0) p1=Vector (-16.6, 4.15, 0.0) p2=Vector (-24.200000000000003, 4.15, 0.0) a2=Vector (0.0, 6.497511025651984, 0.0)
				entity2 = (0941): E1D3D023  flags=3000200  index=0000 flags2=0000  a1=(0,0,1.875) a2=(100,000,000) a3=Vector (-16.6, 4.15, 0.0) a4=(3334,3333,3333) a5=Vector (-2.3534373682891686e-185, 8.1027e-320, 0.0) a6=(000,002,000) s32_0=-1 a7=(0,1,0,-1,0,0,0,-21.1657,-2.34751,0,-20.4,-2.34751,0,-16.6,-2.8907,0,-24.2,-2.8907,0,-16.6,4.15,0,-24.2,4.15,0,-16.6,-2.34751,0,-24.2,-2.34751,0) a8=(01,01,00,00,00,00,00,00,00,00,00,00,00,03,00,00,01,00) a9=(0,0.543191,0.135798,0.385857,0.267308,0) u8_0=01   a10=(0000,0000,006A) a11=(-16.6,-2.34751,0,-24.2,-2.34751,0,-16.6,-2.34751,0,-24.2,-2.34751,0,-21.1657,-2.34751,0,0,0,0) u8_1=01 a12=(0,1,0,-20.4,-2.34751,0,-1,0,0,0,0,0) u8_2=00 a13=(-16.6,4.0142,0,-24.2,4.0142,0) 
					ref_1 = (0B01): 39A41830  flags=0210  index=0000 s32_0=-1 a2=(0000,0000,0000,0000,0000,0000,0000,0000,0000,0001,0000,0000,0003) a3=Vector (0.0, 0.0, 0.0) txt0="" a4=(0000,0000,0000,A7F9,A7FB) a5=(1,0,0,-21.1657,-2.34751,0) a6=(000,000,000,000,000,000)   u32_0=0000 a7=(0003,0003) a8=(07E4,0000) 
						*parameter1 = (00BA): Parameter 'd6'=76mm
						*sketch = (004F): Sketch2D 'Esquisse2'
					ref_2 = (0B02): 99B938AE  flags=0200  index=0000 a1=Vector (0.25, 0.1, 0.0) u32_0=0010 u32_1=0000
					*ref_3 = (0B02): 99B938AE
				*entity3 = (009F): Point2D - (-16.6,4.15)
				*entity4 = (00A2): Point2D - (-24.2,4.15)
			*group = (00B5): Group2D
			*parameter = (00BA): Parameter 'd6'=76mm
			*entity1 = (009F): Point2D - (-16.6,4.15)
			*entity2 = (00A2): Point2D - (-24.2,4.15)
		objects[00AB] = (00BC): Parameter 'd7'  flags=34200  index=00E4   valueNominal=4 valueModel=4   tolerance=NOMINAL u16_0=-1
			unit = (0627): Unit   visible=True 
				numerators[0000] = (0942): UnitMilliMeter magnitude=1 factor=1 Unit="mm" UnitOffset=0 UnitFactor=0.1 UnitSupportet=True
			formula = (0628): ParameterValue  value=4 type=000
				unit = (0943): Unit   visible=True 
					numerators[0000] = (0B03): UnitMeter magnitude=0.001 factor=1 Unit="m" UnitOffset=0 UnitFactor=100 UnitSupportet=True
		objects[00AC] = (00BD): Dimension_Distance2D  flags=4208  index=00E5 flags2=-1  lst0={}   u32_0=0000   a0=(0000,0000,0000,0000) a1=Vector (1.7976931348623157e+308, 0.0, 0.0) a2=Vector (1.7976931348623157e+308, 0.0, 0.0)
			next = (0629): FxAttr_EEE03AF5 a0=(0000,0000)     u16_0=004   u32_0=0000 a1=Vector (0.0, 0.0, 0.0) p1=Vector (-4.0, 3.2999999999999994, 0.0) p2=Vector (0.0, 3.3, 0.0) a2=Vector (0.0, 3.860717958248774, 0.0)
				entity2 = (0944): E1D3D023  flags=3000200  index=0000 flags2=0000  a1=(0,0,1.875) a2=(100,000,000) a3=Vector (-4.0, 3.2999999999999994, 0.0) a4=(000,000,000) a5=Vector (1.9035985662473787e+185, 8.0997e-320, 0.0) a6=(000,002,000) s32_0=-1 a7=(0,1,0,1,0,0,0,-1.58972,-0.560718,0,-2,-0.560718,0,-4,-0.874144,0,0,-0.874144,0,-4,3.3,0,0,3.3,0,-4,-0.560718,0,0,-0.560718,0) a8=(01,01,00,00,00,00,00,00,00,00,00,00,00,03,00,00,01,00) a9=(0,0.313426,0.0783566,0.385857,0.267725,0) u8_0=01   a10=(0000,0000,006A) a11=(-4,-0.560718,0,0,-0.560718,0,-4,-0.560718,0,0,-0.560718,0,-1.58972,-0.560718,0,0,0,0) u8_1=01 a12=(0,1,0,-2,-0.560718,0,1,0,0,0,0,0) u8_2=00 a13=(-4,3.22164,0,0,3.22164,0) 
					ref_1 = (0B04): 39A41830  flags=0210  index=0000 s32_0=-1 a2=(0000,0000,0000,0000,0000,0000,0000,0000,0000,0001,0000,0000,0003) a3=Vector (0.0, 0.0, 0.0) txt0="" a4=(0000,0000,0000,A7F9,A7FB) a5=(1,0,0,-1.58972,-0.560718,0) a6=(000,000,000,000,000,000)   u32_0=0000 a7=(0003,0003) a8=(07E4,0000) 
						*parameter1 = (00BC): Parameter 'd7'=40mm
						*sketch = (004F): Sketch2D 'Esquisse2'
					ref_2 = (0B05): 99B938AE  flags=0200  index=0000 a1=Vector (0.25, 0.1, 0.0) u32_0=0010 u32_1=0000
					*ref_3 = (0B05): 99B938AE
				*entity3 = (0056): Point2D - (-4,3.3)
				*entity4 = (0058): Point2D - (0,3.3)
			*group = (00B5): Group2D
			*parameter = (00BC): Parameter 'd7'=40mm
			*entity1 = (0056): Point2D - (-4,3.3)
			*entity2 = (0058): Point2D - (0,3.3)
		objects[00AD] = (00BE): BoundaryPatch  flags=0200  index=00E6  
			*lst0[0000] = (00C0): FaceBoundProxy
			*lst0[0001] = (00C1): FaceBoundProxy
			*lst0[0002] = (00C2): FaceBoundProxy
			*lst0[0003] = (00C3): FaceBoundProxy
		objects[00AE] = (00BF): FaceBoundOuter  flags=100200  index=00E7 s32_0=2301    a1=(0004,0004)  
			parts[0000] = (062A): Loop3D  operation=0018  faceIndex=0000
				edges[0000] = (0945): SketchEntityRef a0=(0000,0000) u32_0=0000 entityAI=0005 typEntity=0002 u32_1=0000 point1AI=0001 typPt1=0001 u32_2=0000 point2AI=0003 typPt2=0001 posDir=True 
					*sketch = (004F): Sketch2D 'Esquisse2'
				edges[0001] = (0946): SketchEntityRef a0=(0000,0000) u32_0=0000 entityAI=0006 typEntity=0002 u32_1=0000 point1AI=0003 typPt1=0001 u32_2=0000 point2AI=0002 typPt2=0001 posDir=True 
					*sketch = (004F): Sketch2D 'Esquisse2'
				edges[0002] = (0947): SketchEntityRef a0=(0000,0000) u32_0=0000 entityAI=0007 typEntity=0002 u32_1=0000 point1AI=0002 typPt1=0001 u32_2=0000 point2AI=0004 typPt2=0001 posDir=True 
					*sketch = (004F): Sketch2D 'Esquisse2'
				edges[0003] = (0948): SketchEntityRef a0=(0000,0000) u32_0=0000 entityAI=0008 typEntity=0002 u32_1=0000 point1AI=0004 typPt1=0001 u32_2=0000 point2AI=0001 typPt2=0001 posDir=True 
					*sketch = (004F): Sketch2D 'Esquisse2'
			parts[0001] = (062B): Loop3D  operation=0008  faceIndex=0001
				edges[0000] = (0949): SketchEntityRef a0=(0000,0000) u32_0=0000 entityAI=000F typEntity=0002 u32_1=0000 point1AI=0009 typPt1=0001 u32_2=0000 point2AI=000D typPt2=0001 posDir=True 
					*sketch = (004F): Sketch2D 'Esquisse2'
				edges[0001] = (094A): SketchEntityRef a0=(0000,0000) u32_0=0000 entityAI=0010 typEntity=0002 u32_1=0000 point1AI=000D typPt1=0001 u32_2=0000 point2AI=000C typPt2=0001 posDir=True 
					*sketch = (004F): Sketch2D 'Esquisse2'
				edges[0002] = (094B): SketchEntityRef a0=(0000,0000) u32_0=0000 entityAI=0011 typEntity=0002 u32_1=0000 point1AI=000C typPt1=0001 u32_2=0000 point2AI=000E typPt2=0001 posDir=True 
					*sketch = (004F): Sketch2D 'Esquisse2'
				edges[0003] = (094C): SketchEntityRef a0=(0000,0000) u32_0=0000 entityAI=0012 typEntity=0002 u32_1=0000 point1AI=000E typPt1=0001 u32_2=0000 point2AI=0009 typPt2=0001 posDir=True 
					*sketch = (004F): Sketch2D 'Esquisse2'
			parts[0002] = (062C): Loop3D  operation=0008  faceIndex=0002
				edges[0000] = (094D): SketchEntityRef a0=(0000,0000) u32_0=0000 entityAI=0019 typEntity=0002 u32_1=0000 point1AI=000A typPt1=0001 u32_2=0000 point2AI=0015 typPt2=0001 posDir=False 
					*sketch = (004F): Sketch2D 'Esquisse2'
				edges[0001] = (094E): SketchEntityRef a0=(0000,0000) u32_0=0000 entityAI=0018 typEntity=0002 u32_1=0000 point1AI=0015 typPt1=0001 u32_2=0000 point2AI=0013 typPt2=0001 posDir=False 
					*sketch = (004F): Sketch2D 'Esquisse2'
				edges[0002] = (094F): SketchEntityRef a0=(0000,0000) u32_0=0000 entityAI=0017 typEntity=0002 u32_1=0000 point1AI=0013 typPt1=0001 u32_2=0000 point2AI=0014 typPt2=0001 posDir=False 
					*sketch = (004F): Sketch2D 'Esquisse2'
				edges[0003] = (0950): SketchEntityRef a0=(0000,0000) u32_0=0000 entityAI=0016 typEntity=0002 u32_1=0000 point1AI=0014 typPt1=0001 u32_2=0000 point2AI=000A typPt2=0001 posDir=False 
					*sketch = (004F): Sketch2D 'Esquisse2'
			parts[0003] = (062D): Loop3D  operation=0008  faceIndex=0003
				edges[0000] = (0951): SketchEntityRef a0=(0000,0000) u32_0=0000 entityAI=001E typEntity=0002 u32_1=0000 point1AI=001A typPt1=0001 u32_2=0000 point2AI=001C typPt2=0001 posDir=True 
					*sketch = (004F): Sketch2D 'Esquisse2'
				edges[0001] = (0952): SketchEntityRef a0=(0000,0000) u32_0=0000 entityAI=001F typEntity=0002 u32_1=0000 point1AI=001C typPt1=0001 u32_2=0000 point2AI=001B typPt2=0001 posDir=True 
					*sketch = (004F): Sketch2D 'Esquisse2'
				edges[0002] = (0953): SketchEntityRef a0=(0000,0000) u32_0=0000 entityAI=0020 typEntity=0002 u32_1=0000 point1AI=001B typPt1=0001 u32_2=0000 point2AI=001D typPt2=0001 posDir=True 
					*sketch = (004F): Sketch2D 'Esquisse2'
				edges[0003] = (0954): SketchEntityRef a0=(0000,0000) u32_0=0000 entityAI=0021 typEntity=0002 u32_1=0000 point1AI=001D typPt1=0001 u32_2=0000 point2AI=001A typPt2=0001 posDir=True 
					*sketch = (004F): Sketch2D 'Esquisse2'
			*sketch = (004F): Sketch2D 'Esquisse2'
			*proxy = (00BE): BoundaryPatch
		objects[00AF] = (00C0): FaceBoundProxy  flags=A1004200  index=00E8  u8_0=00
			next = (062E): NameTableKeyDef a0=(0000,0000)    ntKey=0000
			refWrapper = (062F): AsmEntityWrapper index=00E8 u8_0=04  u32_1=0173
				*asm = (05C8): ASM
		objects[00B0] = (00C1): FaceBoundProxy  flags=A1004200  index=00E9  u8_0=00
			next = (0630): NameTableKeyDef a0=(0000,0000)    ntKey=0001
			refWrapper = (0631): AsmEntityWrapper index=00E9 u8_0=04  u32_1=0174
				*asm = (05C8): ASM
		objects[00B1] = (00C2): FaceBoundProxy  flags=A1004200  index=00EA  u8_0=00
			next = (0632): NameTableKeyDef a0=(0000,0000)    ntKey=0002
			refWrapper = (0633): AsmEntityWrapper index=00EA u8_0=04  u32_1=0175
				*asm = (05C8): ASM
		objects[00B2] = (00C3): FaceBoundProxy  flags=A1004200  index=00EB  u8_0=00
			next = (0634): NameTableKeyDef a0=(0000,0000)    ntKey=0003
			refWrapper = (0635): AsmEntityWrapper index=00EB u8_0=04  u32_1=0176
				*asm = (05C8): ASM
		objects[00B3] = (000D): FxExtrude 'Extrusion2'  flags=6200  index=00EC s32_0=2301 outlineItem=0000  u32_1=0000
			next = (05CE): FxAttrLabel 'Extrusion2' a0=(0000,0000)    index=000E  uid={0CA91131-11D0-838B-0008-19B00524DC09}
				next = (090B): FxAttr_A9F6B271 a0=(0000,0000)    
					*owner = (000D): FxExtrude 'Extrusion2'
					next = (0AE1): FxAttrDimensionState a0=(0000,0000)     u16_0=004 u16_1=000 
						*owner = (000D): FxExtrude 'Extrusion2'
						next = (0BF4): FxAttrDimensionState a0=(0000,0000)     u16_0=008 u16_1=001 
							*owner = (000D): FxExtrude 'Extrusion2'
							attr = (0C11): AE101F92  flags=37000200  index=0000 u32_0=0000  u32_1=0000 a=1 a2=(101,000,000) a3=(0,0,0,0,0,0,0,0,0,0,0,0,0,0,0,0,0,0,0,0,0) a4=(0000,0000,0000) a5=(0,0,0,0,0,0,0,0,0,0,0,0,0,0,0,0,0,0,0.125,0) u8_0=00 a6=(000,0FC,000,000,000,100) a7=(0,0,0,0)   a8=(0,0,0,0,0,0) a9=(0,0,0,0,0,0,0,0,0,0,0,0,0,0,0) u16_0=000 a10=(0,0,0,0,0,1,1,0,0,1,0,6.28319,0,0,0,0,0,1,1,0,0,1,0,6.28319,0,0,0,0,0,1,1,0,0,1,0,6.28319,0,0,0,0,0,0,0,0,0)
								ref_2 = (0C2D): 99B938B0  flags=0200  index=0000 s32_0=-1 a0=(0000,0000,0000,0000,0000,0000,0000,0000,0000,0001,0000,0000,0003,0000,0000,0000,0000,0000) typ=0000 a1=[] a2=Vector (0.0, 0.0, 0.0) a3=(0002,0002) a4=(1,0,0,0,0,0) a5=(000,000,000,000,000,000)  a6=(0000,0000) a7=(0003,0003) a8=(07E4,0000)
									*parameter = (00C6): Parameter 'd9'=0°
								ref_3 = (0C2E): 99B938AE  flags=0200  index=0000 a1=Vector (0.25, 0.1, 0.0) u32_0=0010 u32_1=0000
								*ref_4 = (0C2E): 99B938AE
							*fxDims = (00CA): FeatureDimensions
						attr = (0BF5): E1D3D023  flags=3000200  index=0000 flags2=0000  a1=(0,0,1.875) a2=(101,000,000) a3=Vector (0.0, 0.0, 0.0) a4=(000,000,000) a5=Vector (0.0, 0.0, 0.0) a6=(000,002,000) s32_0=-1 a7=(0,0,0,0,0,0,0,0,0,0,0,0,0,0,0,0,0,0,0,0,0,0,0,0,0,0,0,0,0,0,0) a8=(00,00,00,00,00,00,00,00,00,00,00,00,00,03,00,00,01,00) a9=(0,0.125,0,0,0,0) u8_0=01   a10=(0000,0000,006A) a11=(0,0,0,0,0,0,0,0,0,0,0,0,0,0,0,0,0,0) u8_1=01 a12=(0,0,0,0,0,0,1,0,0,0,0,0) u8_2=00 a13=(0,0,0,0,0,0) 
							ref_1 = (0C12): 99B938B0  flags=0200  index=0000 s32_0=-1 a0=(0000,0000,0000,0000,0000,0000,0000,0000,0000,0001,0000,0000,0003,0000,0000,0000,0000,0000) typ=0000 a1=[] a2=Vector (0.0, 0.0, 0.0) a3=(0002,0002) a4=(1,0,0,0,0,0) a5=(000,000,000,000,000,000)  a6=(0000,0000) a7=(0003,0003) a8=(07E4,0000)
								*parameter = (00C5): Parameter 'd8'=2.2mm
							ref_2 = (0C13): 99B938AE  flags=0200  index=0000 a1=Vector (0.25, 0.1, 0.0) u32_0=0010 u32_1=0000
							*ref_3 = (0C13): 99B938AE
						*fxDims = (00CA): FeatureDimensions
					*participant = (004F): Sketch2D 'Esquisse2'
				*participants[0000] = (004F): Sketch2D 'Esquisse2'
			*properties[0000] = (00C4): PartFeatureOperation='Cut'
			*properties[0001] = (00BE): BoundaryPatch
			*properties[0002] = (0050): DirectionAxis dir=(0,0,1)
			*properties[0003] = (00C7): Boolean=(True, 0)
			*properties[0004] = (00C5): Parameter 'd8'=2.2mm
			*properties[0005] = (00C6): Parameter 'd9'=0°
			*properties[0006] = (00C8): ExtentType='All'
			*properties[0007] = (00C9): Boolean=(False, 0)
			*properties[000F] = (00CA): FeatureDimensions
			*properties[0013] = (00CB): Parameter 'RDxVar1'=1
			*properties[0014] = (00CC): Boolean=(False, 0)
			*properties[0015] = (00CD): CEFD3973_Enum='0'
			*properties[0016] = (00CE): Boolean=(True, 0)
			*properties[0017] = (00BE): BoundaryPatch
			*properties[001A] = (00CF): ObjectCollection 'Solide1'
		objects[00B4] = (00C4): Enum PartFeatureOperation  flags=20200  index=00ED type=5   value=Cut
		objects[00B5] = (00C5): Parameter 'd8'  flags=8034200  index=00EE   valueNominal=0.22 valueModel=0.22   tolerance=NOMINAL u16_0=-1
			unit = (0636): Unit   visible=True 
				numerators[0000] = (0955): UnitMilliMeter magnitude=1 factor=1 Unit="mm" UnitOffset=0 UnitFactor=0.1 UnitSupportet=True
			formula = (0637): ParameterValue  value=0.22 type=001
				unit = (0956): Unit   visible=True 
					numerators[0000] = (0B06): UnitMeter magnitude=0.001 factor=1 Unit="m" UnitOffset=0 UnitFactor=100 UnitSupportet=True
		objects[00B6] = (00C6): Parameter 'd9'  flags=34200  index=00EF   valueNominal=0 valueModel=0   tolerance=NOMINAL u16_0=-1
			unit = (0638): Unit   visible=True 
				numerators[0000] = (0957): UnitDegree magnitude=1 factor=1 Unit="°" UnitOffset=0 UnitFactor=0.0174533 UnitSupportet=True
			formula = (0639): ParameterValue  value=0 type=001
				unit = (0958): Unit   visible=True 
					numerators[0000] = (0B07): UnitGrad magnitude=1 factor=1 Unit="°" UnitOffset=0 UnitFactor=0.0174533 UnitSupportet=True
		objects[00B7] = (00C7): Boolean  flags=8024200  index=00F0 value=True
		objects[00B8] = (00C8): Enum ExtentType  flags=20200  index=00F1 type=12   value=All
		objects[00B9] = (00C9): Boolean  flags=8024200  index=00F2 value=False
		objects[00BA] = (00CA): FeatureDimensions  flags=0200  index=00F3 
			fxDimensions[0000] = (063A): FxDimension anchors=[] transformation= transformation={a0=|+000|0+00|00+0|000+| m=[[1, 0, 0, 0],[0, 1, 0, 0],[0, 0, 1, 0],[0, 0, 0, 10]]} u8_0=00 
				*parameter = (00C5): Parameter 'd8'=2.2mm
			fxDimensions[0001] = (063B): FxDimension anchors=[[-16.6,12.15,-0.0011],[-16.6,12.15,0],[-16.6,12.15,-0.00055],[-16.6,12.15,-0.0011],[-16.6,12.15,-0.0011]] transformation= transformation={a0=|+00x|00-x|0+0x|000+| m=[[1, 0, 0, -166],[0, 0, -1, 121.5],[0, 1, 0, 2.2],[0, 0, 0, 10]]} u8_0=01 
				*parameter = (00C6): Parameter 'd9'=0°
		objects[00BB] = (00CB): Parameter 'RDxVar1'  flags=8024200  index=00F4 valueNominal=0001 valueModel=0001
		objects[00BC] = (00CC): Boolean  flags=8024200  index=00F5 value=False
		objects[00BD] = (00CD): Enum CEFD3973_Enum  flags=20200  index=00F6 type=4   value=0
		objects[00BE] = (00CE): Boolean  flags=8024200  index=00F7 value=True
		objects[00BF] = (00CF): ObjectCollection  flags=0000  index=00F8  
			*items[0000] = (0008): SurfaceBody 'Solide1'
		objects[00C0] = (00D0): ObjectCollectionDef  flags=0200  index=00F9 s32_0=-1  
			*items[0000] = (00D1): BodyCollection 'Solide1'
			*collection = (00CF): ObjectCollection 'Solide1'
		objects[00C1] = (00D1): BodyCollection  flags=0200  index=00FA 
			*items[0000] = (0008): SurfaceBody 'Solide1'
		objects[00C2] = (00D2): A31E29E0  flags=0200  index=00FB s32_0=-1   
			lst0[0000] = (063C): 845212C7 u32_0=0000  u32_1=0002
				*component = (0003): PartComponent
			*owner = (000D): FxExtrude 'Extrusion2'
			*body = (00D1): BodyCollection 'Solide1'
		objects[00C3] = (00D3): Transformation  flags=1020200  index=00FC transformation= transformation={a0=|+000|0+00|00+x|000+| m=[[1, 0, 0, 0],[0, 1, 0, 0],[0, 0, 1, 2.2],[0, 0, 0, 10]]}
		objects[00C4] = (00D4): Sketch2D  flags=400200  index=00FD s32_0=2 numEntities=008B    a0=(0000,604AA48) 
			next = (063D): FxAttrLabel 'Esquisse3' a0=(0000,0000)    index=000F  uid={00000000-0000-0000-0000-000000000000}
				next = (0959): FxAttr_A917F560 a0=(0000,0000)    
					*owner = (00D4): Sketch2D 'Esquisse3'
					next = (0B08): FxAttr_A9F6B271 a0=(0000,0000)    
						*owner = (00D4): Sketch2D 'Esquisse3'
						*participant = (000E): FxExtrude 'Extrusion3'
					ref_2 = (0B09): DBDD00E3 u32_0=0000 numEntities=008B  lst0=[]
						*sketch = (00D4): Sketch2D 'Esquisse3'
			*entities[0000] = (00D9): Point2D - (0,0)
			*entities[0001] = (00DB): Point2D - (-4.3,11.95)
			*entities[0002] = (00DC): Point2D - (-2,4.35)
			*entities[0003] = (00DD): Point2D - (-2,11.95)
			*entities[0004] = (00DE): Point2D - (-4.3,4.35)
			*entities[0005] = (00DF): Line2D - (-4.3,11.95) - (-2,11.95)
			*entities[0006] = (00E0): Line2D - (-2,11.95) - (-2,4.35)
			*entities[0007] = (00E1): Line2D - (-2,4.35) - (-4.3,4.35)
			*entities[0008] = (00E2): Line2D - (-4.3,4.35) - (-4.3,11.95)
			*entities[0009] = (00E3): Geometric_Coincident2D - (-4.3,11.95)	(00DF): Line2D
			*entities[000A] = (00E4): Geometric_Coincident2D - (-2,11.95)	(00DF): Line2D
			*entities[000B] = (00E5): Geometric_Coincident2D - (-2,11.95)	(00E0): Line2D
			*entities[000C] = (00E6): Geometric_Coincident2D - (-2,4.35)	(00E0): Line2D
			*entities[000D] = (00E7): Geometric_Coincident2D - (-2,4.35)	(00E1): Line2D
			*entities[000E] = (00E8): Geometric_Coincident2D - (-4.3,4.35)	(00E1): Line2D
			*entities[000F] = (00E9): Geometric_Coincident2D - (-4.3,4.35)	(00E2): Line2D
			*entities[0010] = (00EA): Geometric_Coincident2D - (-4.3,11.95)	(00E2): Line2D
			*entities[0011] = (00EB): Geometric_Perpendicular2D
			*entities[0012] = (00EC): Geometric_Parallel2D
			*entities[0013] = (00ED): Geometric_Parallel2D
			*entities[0014] = (00EE): Geometric_Horizontal2D
			*entities[0015] = (00F0): Dimension_Distance2D - d='d10', (-2,4.35), (-4.3,4.35)
			*entities[0016] = (00F2): Dimension_Distance2D - d='d11', (-2,11.95), (-2,4.35)
			*entities[0017] = (00F3): Point2D - (0,3.3)
			*entities[0018] = (00F7): Point2D - (0,13)
			*entities[0019] = (00FB): Line2D - (0,3.3) - (0,13)
			*entities[001A] = (0100): Dimension_Distance2D - d='d12', e1=(00FB): Line2D, e2=(00E0): Line2D
			*entities[001B] = (0101): Point2D - (-4,13)
			*entities[001C] = (0105): Line2D - (0,13) - (-4,13)
			*entities[001D] = (0109): Geometric_Parallel2D
			*entities[001E] = (010C): Dimension_Distance2D - d='d14', (0,3.3), (0,13)
			*entities[001F] = (010F): Dimension_Distance2D - d='d15', e1=(00DF): Line2D, e2=(0105): Line2D
			*entities[0020] = (0112): Point2D - (-9.35,14.95)
			*entities[0021] = (0113): Point2D - (-9.35,10.95)
			*entities[0022] = (0114): Point2D - (-9.05,10.95)
			*entities[0023] = (0115): Point2D - (-9.05,14.95)
			*entities[0024] = (0116): Point2D - (-9.2,14.95)
			*entities[0025] = (0117): Point2D - (-9.2,10.95)
			*entities[0026] = (0118): Line2D - (-9.2,14.95) - (-9.2,10.95)
			*entities[0027] = (0119): Geometric_Coincident2D - (-9.2,14.95)	(0118): Line2D
			*entities[0028] = (011A): Geometric_Coincident2D - (-9.2,10.95)	(0118): Line2D
			*entities[0029] = (011B): Geometric_Vertical2D
			*entities[002A] = (011C): Line2D - (-9.35,14.95) - (-9.35,10.95)
			*entities[002B] = (011D): Line2D - (-9.05,10.95) - (-9.05,14.95)
			*entities[002C] = (011E): Geometric_Parallel2D
			*entities[002D] = (011F): Geometric_Coincident2D - (-9.35,14.95)	(011C): Line2D
			*entities[002E] = (0120): Geometric_Coincident2D - (-9.35,10.95)	(011C): Line2D
			*entities[002F] = (0121): Geometric_Coincident2D - (-9.05,10.95)	(011D): Line2D
			*entities[0030] = (0122): Geometric_Coincident2D - (-9.05,14.95)	(011D): Line2D
			*entities[0031] = (0123): Circle2D - (-9.2,14.95), r=0.15, (-9.05,14.95), (-9.35,14.95)
			*entities[0032] = (0124): Circle2D - (-9.2,10.95), r=0.15, (-9.35,10.95), (-9.05,10.95)
			*entities[0033] = (0125): Geometric_Radius2D - o=(0123): Circle2D, c=(0116)
			*entities[0034] = (0126): Geometric_Radius2D - o=(0124): Circle2D, c=(0117)
			*entities[0035] = (0127): Geometric_Coincident2D - (-9.35,14.95)	(0123): Circle2D
			*entities[0036] = (0128): Geometric_Coincident2D - (-9.05,14.95)	(0123): Circle2D
			*entities[0037] = (0129): Geometric_Coincident2D - (-9.35,10.95)	(0124): Circle2D
			*entities[0038] = (012A): Geometric_Coincident2D - (-9.05,10.95)	(0124): Circle2D
			*entities[0039] = (012B): Geometric_Tangential2D
			*entities[003A] = (012C): Geometric_Tangential2D
			*entities[003B] = (012D): Geometric_Tangential2D
			*entities[003C] = (012E): Geometric_Tangential2D
			*entities[003D] = (012F): Geometric_Coincident2D - (-9.2,14.95)	(0118): Line2D
			*entities[003E] = (0130): Geometric_Coincident2D - (-9.2,10.95)	(0118): Line2D
			*entities[003F] = (0131): Point2D - (-9.2,12.95)
			*entities[0040] = (0132): Geometric_SymmetryPoint2D
			*entities[0041] = (0133): Point2D - (-11.05,14.95)
			*entities[0042] = (0134): Point2D - (-11.05,10.95)
			*entities[0043] = (0135): Point2D - (-10.75,10.95)
			*entities[0044] = (0136): Point2D - (-10.75,14.95)
			*entities[0045] = (0137): Point2D - (-10.9,14.95)
			*entities[0046] = (0138): Point2D - (-10.9,10.95)
			*entities[0047] = (0139): Line2D - (-10.9,14.95) - (-10.9,10.95)
			*entities[0048] = (013A): Geometric_Coincident2D - (-10.9,14.95)	(0139): Line2D
			*entities[0049] = (013B): Geometric_Coincident2D - (-10.9,10.95)	(0139): Line2D
			*entities[004A] = (013C): Geometric_Parallel2D
			*entities[004B] = (013D): Line2D - (-11.05,14.95) - (-11.05,10.95)
			*entities[004C] = (013E): Line2D - (-10.75,10.95) - (-10.75,14.95)
			*entities[004D] = (013F): Geometric_Parallel2D
			*entities[004E] = (0140): Geometric_Coincident2D - (-11.05,14.95)	(013D): Line2D
			*entities[004F] = (0141): Geometric_Coincident2D - (-11.05,10.95)	(013D): Line2D
			*entities[0050] = (0142): Geometric_Coincident2D - (-10.75,10.95)	(013E): Line2D
			*entities[0051] = (0143): Geometric_Coincident2D - (-10.75,14.95)	(013E): Line2D
			*entities[0052] = (0144): Circle2D - (-10.9,14.95), r=0.15, (-10.75,14.95), (-11.05,14.95)
			*entities[0053] = (0145): Circle2D - (-10.9,10.95), r=0.15, (-11.05,10.95), (-10.75,10.95)
			*entities[0054] = (0146): Geometric_Radius2D - o=(0144): Circle2D, c=(0137)
			*entities[0055] = (0147): Geometric_Radius2D - o=(0145): Circle2D, c=(0138)
			*entities[0056] = (0148): Geometric_Coincident2D - (-11.05,14.95)	(0144): Circle2D
			*entities[0057] = (0149): Geometric_Coincident2D - (-10.75,14.95)	(0144): Circle2D
			*entities[0058] = (014A): Geometric_Coincident2D - (-11.05,10.95)	(0145): Circle2D
			*entities[0059] = (014B): Geometric_Coincident2D - (-10.75,10.95)	(0145): Circle2D
			*entities[005A] = (014C): Geometric_Tangential2D
			*entities[005B] = (014D): Geometric_Tangential2D
			*entities[005C] = (014E): Geometric_Tangential2D
			*entities[005D] = (014F): Geometric_Tangential2D
			*entities[005E] = (0150): Geometric_Coincident2D - (-10.9,14.95)	(0139): Line2D
			*entities[005F] = (0151): Geometric_Coincident2D - (-10.9,10.95)	(0139): Line2D
			*entities[0060] = (0152): Point2D - (-10.9,12.95)
			*entities[0061] = (0153): Geometric_SymmetryPoint2D
			*entities[0062] = (0154): Point2D - (-12.75,13.95)
			*entities[0063] = (0155): Point2D - (-12.75,10.95)
			*entities[0064] = (0156): Point2D - (-12.45,10.95)
			*entities[0065] = (0157): Point2D - (-12.45,13.95)
			*entities[0066] = (0158): Point2D - (-12.6,13.95)
			*entities[0067] = (0159): Point2D - (-12.6,10.95)
			*entities[0068] = (015A): Line2D - (-12.6,13.95) - (-12.6,10.95)
			*entities[0069] = (015B): Geometric_Coincident2D - (-12.6,13.95)	(015A): Line2D
			*entities[006A] = (015C): Geometric_Coincident2D - (-12.6,10.95)	(015A): Line2D
			*entities[006B] = (015D): Geometric_Parallel2D
			*entities[006C] = (015E): Line2D - (-12.75,13.95) - (-12.75,10.95)
			*entities[006D] = (015F): Line2D - (-12.45,10.95) - (-12.45,13.95)
			*entities[006E] = (0160): Geometric_Parallel2D
			*entities[006F] = (0161): Geometric_Coincident2D - (-12.75,13.95)	(015E): Line2D
			*entities[0070] = (0162): Geometric_Coincident2D - (-12.75,10.95)	(015E): Line2D
			*entities[0071] = (0163): Geometric_Coincident2D - (-12.45,10.95)	(015F): Line2D
			*entities[0072] = (0164): Geometric_Coincident2D - (-12.45,13.95)	(015F): Line2D
			*entities[0073] = (0165): Circle2D - (-12.6,13.95), r=0.15, (-12.45,13.95), (-12.75,13.95)
			*entities[0074] = (0166): Circle2D - (-12.6,10.95), r=0.15, (-12.75,10.95), (-12.45,10.95)
			*entities[0075] = (0167): Geometric_Radius2D - o=(0165): Circle2D, c=(0158)
			*entities[0076] = (0168): Geometric_Radius2D - o=(0166): Circle2D, c=(0159)
			*entities[0077] = (0169): Geometric_Coincident2D - (-12.75,13.95)	(0165): Circle2D
			*entities[0078] = (016A): Geometric_Coincident2D - (-12.45,13.95)	(0165): Circle2D
			*entities[0079] = (016B): Geometric_Coincident2D - (-12.75,10.95)	(0166): Circle2D
			*entities[007A] = (016C): Geometric_Coincident2D - (-12.45,10.95)	(0166): Circle2D
			*entities[007B] = (016D): Geometric_Tangential2D
			*entities[007C] = (016E): Geometric_Tangential2D
			*entities[007D] = (016F): Geometric_Tangential2D
			*entities[007E] = (0170): Geometric_Tangential2D
			*entities[007F] = (0171): Geometric_Coincident2D - (-12.6,13.95)	(015A): Line2D
			*entities[0080] = (0172): Geometric_Coincident2D - (-12.6,10.95)	(015A): Line2D
			*entities[0081] = (0173): Point2D - (-12.6,12.45)
			*entities[0082] = (0174): Geometric_SymmetryPoint2D
			*entities[0083] = (0175): Point2D - (-14.45,13.95)
			*entities[0084] = (0176): Point2D - (-14.45,10.95)
			*entities[0085] = (0177): Point2D - (-14.15,10.95)
			*entities[0086] = (0178): Point2D - (-14.15,13.95)
			*entities[0087] = (0179): Point2D - (-14.3,13.95)
			*entities[0088] = (017A): Point2D - (-14.3,10.95)
			*entities[0089] = (017B): Line2D - (-14.3,13.95) - (-14.3,10.95)
			*entities[008A] = (017C): Geometric_Coincident2D - (-14.3,13.95)	(017B): Line2D
			*entities[008B] = (017D): Geometric_Coincident2D - (-14.3,10.95)	(017B): Line2D
			*entities[008C] = (017E): Geometric_Parallel2D
			*entities[008D] = (017F): Line2D - (-14.45,13.95) - (-14.45,10.95)
			*entities[008E] = (0180): Line2D - (-14.15,10.95) - (-14.15,13.95)
			*entities[008F] = (0181): Geometric_Parallel2D
			*entities[0090] = (0182): Geometric_Coincident2D - (-14.45,13.95)	(017F): Line2D
			*entities[0091] = (0183): Geometric_Coincident2D - (-14.45,10.95)	(017F): Line2D
			*entities[0092] = (0184): Geometric_Coincident2D - (-14.15,10.95)	(0180): Line2D
			*entities[0093] = (0185): Geometric_Coincident2D - (-14.15,13.95)	(0180): Line2D
			*entities[0094] = (0186): Circle2D - (-14.3,13.95), r=0.15, (-14.15,13.95), (-14.45,13.95)
			*entities[0095] = (0187): Circle2D - (-14.3,10.95), r=0.15, (-14.45,10.95), (-14.15,10.95)
			*entities[0096] = (0188): Geometric_Radius2D - o=(0186): Circle2D, c=(0179)
			*entities[0097] = (0189): Geometric_Radius2D - o=(0187): Circle2D, c=(017A)
			*entities[0098] = (018A): Geometric_Coincident2D - (-14.45,13.95)	(0186): Circle2D
			*entities[0099] = (018B): Geometric_Coincident2D - (-14.15,13.95)	(0186): Circle2D
			*entities[009A] = (018C): Geometric_Coincident2D - (-14.45,10.95)	(0187): Circle2D
			*entities[009B] = (018D): Geometric_Coincident2D - (-14.15,10.95)	(0187): Circle2D
			*entities[009C] = (018E): Geometric_Tangential2D
			*entities[009D] = (018F): Geometric_Tangential2D
			*entities[009E] = (0190): Geometric_Tangential2D
			*entities[009F] = (0191): Geometric_Tangential2D
			*entities[00A0] = (0192): Geometric_Coincident2D - (-14.3,13.95)	(017B): Line2D
			*entities[00A1] = (0193): Geometric_Coincident2D - (-14.3,10.95)	(017B): Line2D
			*entities[00A2] = (0194): Point2D - (-14.3,12.45)
			*entities[00A3] = (0195): Geometric_SymmetryPoint2D
			*entities[00A4] = (0196): Point2D - (-17.2,9.05)
			*entities[00A5] = (0197): Point2D - (-9.2,9.05)
			*entities[00A6] = (0198): Point2D - (-9.2,8.75)
			*entities[00A7] = (0199): Point2D - (-17.2,8.75)
			*entities[00A8] = (019A): Point2D - (-17.2,8.9)
			*entities[00A9] = (019B): Point2D - (-9.2,8.9)
			*entities[00AA] = (019C): Line2D - (-17.2,8.9) - (-9.2,8.9)
			*entities[00AB] = (019D): Geometric_Coincident2D - (-17.2,8.9)	(019C): Line2D
			*entities[00AC] = (019E): Geometric_Coincident2D - (-9.2,8.9)	(019C): Line2D
			*entities[00AD] = (019F): Geometric_Perpendicular2D
			*entities[00AE] = (01A0): Line2D - (-17.2,9.05) - (-9.2,9.05)
			*entities[00AF] = (01A1): Line2D - (-9.2,8.75) - (-17.2,8.75)
			*entities[00B0] = (01A2): Geometric_Parallel2D
			*entities[00B1] = (01A3): Geometric_Coincident2D - (-17.2,9.05)	(01A0): Line2D
			*entities[00B2] = (01A4): Geometric_Coincident2D - (-9.2,9.05)	(01A0): Line2D
			*entities[00B3] = (01A5): Geometric_Coincident2D - (-9.2,8.75)	(01A1): Line2D
			*entities[00B4] = (01A6): Geometric_Coincident2D - (-17.2,8.75)	(01A1): Line2D
			*entities[00B5] = (01A7): Circle2D - (-17.2,8.9), r=0.15, (-17.2,9.05), (-17.2,8.75)
			*entities[00B6] = (01A8): Circle2D - (-9.2,8.9), r=0.15, (-9.2,8.75), (-9.2,9.05), (-9.05,8.9)
			*entities[00B7] = (01A9): Geometric_Radius2D - o=(01A7): Circle2D, c=(019A)
			*entities[00B8] = (01AA): Geometric_Radius2D - o=(01A8): Circle2D, c=(019B)
			*entities[00B9] = (01AB): Geometric_Coincident2D - (-17.2,9.05)	(01A7): Circle2D
			*entities[00BA] = (01AC): Geometric_Coincident2D - (-17.2,8.75)	(01A7): Circle2D
			*entities[00BB] = (01AD): Geometric_Coincident2D - (-9.2,9.05)	(01A8): Circle2D
			*entities[00BC] = (01AE): Geometric_Coincident2D - (-9.2,8.75)	(01A8): Circle2D
			*entities[00BD] = (01AF): Geometric_Tangential2D
			*entities[00BE] = (01B0): Geometric_Tangential2D
			*entities[00BF] = (01B1): Geometric_Tangential2D
			*entities[00C0] = (01B2): Geometric_Tangential2D
			*entities[00C1] = (01B3): Geometric_Coincident2D - (-17.2,8.9)	(019C): Line2D
			*entities[00C2] = (01B4): Geometric_Coincident2D - (-9.2,8.9)	(019C): Line2D
			*entities[00C3] = (01B5): Point2D - (-13.2,8.9)
			*entities[00C4] = (01B6): Geometric_SymmetryPoint2D
			*entities[00C5] = (01B7): Point2D - (-17.2,7.25)
			*entities[00C6] = (01B8): Point2D - (-9.2,7.25)
			*entities[00C7] = (01B9): Point2D - (-9.2,7.55)
			*entities[00C8] = (01BA): Point2D - (-17.2,7.55)
			*entities[00C9] = (01BB): Point2D - (-17.2,7.4)
			*entities[00CA] = (01BC): Point2D - (-9.2,7.4)
			*entities[00CB] = (01BD): Line2D - (-17.2,7.4) - (-9.2,7.4)
			*entities[00CC] = (01BE): Geometric_Coincident2D - (-17.2,7.4)	(01BD): Line2D
			*entities[00CD] = (01BF): Geometric_Coincident2D - (-9.2,7.4)	(01BD): Line2D
			*entities[00CE] = (01C0): Geometric_Parallel2D
			*entities[00CF] = (01C1): Line2D - (-17.2,7.25) - (-9.2,7.25)
			*entities[00D0] = (01C2): Line2D - (-9.2,7.55) - (-17.2,7.55)
			*entities[00D1] = (01C3): Geometric_Parallel2D
			*entities[00D2] = (01C4): Geometric_Coincident2D - (-17.2,7.25)	(01C1): Line2D
			*entities[00D3] = (01C5): Geometric_Coincident2D - (-9.2,7.25)	(01C1): Line2D
			*entities[00D4] = (01C6): Geometric_Coincident2D - (-9.2,7.55)	(01C2): Line2D
			*entities[00D5] = (01C7): Geometric_Coincident2D - (-17.2,7.55)	(01C2): Line2D
			*entities[00D6] = (01C8): Circle2D - (-17.2,7.4), r=0.15, (-17.2,7.55), (-17.2,7.25)
			*entities[00D7] = (01C9): Circle2D - (-9.2,7.4), r=0.15, (-9.2,7.25), (-9.2,7.55)
			*entities[00D8] = (01CA): Geometric_Radius2D - o=(01C8): Circle2D, c=(01BB)
			*entities[00D9] = (01CB): Geometric_Radius2D - o=(01C9): Circle2D, c=(01BC)
			*entities[00DA] = (01CC): Geometric_Coincident2D - (-17.2,7.25)	(01C8): Circle2D
			*entities[00DB] = (01CD): Geometric_Coincident2D - (-17.2,7.55)	(01C8): Circle2D
			*entities[00DC] = (01CE): Geometric_Coincident2D - (-9.2,7.25)	(01C9): Circle2D
			*entities[00DD] = (01CF): Geometric_Coincident2D - (-9.2,7.55)	(01C9): Circle2D
			*entities[00DE] = (01D0): Geometric_Tangential2D
			*entities[00DF] = (01D1): Geometric_Tangential2D
			*entities[00E0] = (01D2): Geometric_Tangential2D
			*entities[00E1] = (01D3): Geometric_Tangential2D
			*entities[00E2] = (01D4): Geometric_Coincident2D - (-17.2,7.4)	(01BD): Line2D
			*entities[00E3] = (01D5): Geometric_Coincident2D - (-9.2,7.4)	(01BD): Line2D
			*entities[00E4] = (01D6): Point2D - (-13.2,7.4)
			*entities[00E5] = (01D7): Geometric_SymmetryPoint2D
			*entities[00E6] = (01D8): Point2D - (-9.35,5.35)
			*entities[00E7] = (01D9): Point2D - (-9.35,1.35)
			*entities[00E8] = (01DA): Point2D - (-9.05,1.35)
			*entities[00E9] = (01DB): Point2D - (-9.05,5.35)
			*entities[00EA] = (01DC): Point2D - (-9.2,5.35)
			*entities[00EB] = (01DD): Geometric_Coincident2D - (-9.2,5.35)	(0118): Line2D
			*entities[00EC] = (01DE): Point2D - (-9.2,1.35)
			*entities[00ED] = (01DF): Line2D - (-9.2,5.35) - (-9.2,1.35)
			*entities[00EE] = (01E0): Geometric_Coincident2D - (-9.2,5.35)	(01DF): Line2D
			*entities[00EF] = (01E1): Geometric_Coincident2D - (-9.2,1.35)	(01DF): Line2D
			*entities[00F0] = (01E2): Geometric_Coincident2D - (-9.2,1.35)	(0118): Line2D
			*entities[00F1] = (01E3): Line2D - (-9.35,5.35) - (-9.35,1.35)
			*entities[00F2] = (01E4): Line2D - (-9.05,1.35) - (-9.05,5.35)
			*entities[00F3] = (01E5): Geometric_Parallel2D
			*entities[00F4] = (01E6): Geometric_Coincident2D - (-9.35,5.35)	(01E3): Line2D
			*entities[00F5] = (01E7): Geometric_Coincident2D - (-9.35,1.35)	(01E3): Line2D
			*entities[00F6] = (01E8): Geometric_Coincident2D - (-9.05,1.35)	(01E4): Line2D
			*entities[00F7] = (01E9): Geometric_Coincident2D - (-9.05,5.35)	(01E4): Line2D
			*entities[00F8] = (01EA): Circle2D - (-9.2,5.35), r=0.15, (-9.05,5.35), (-9.35,5.35)
			*entities[00F9] = (01EB): Circle2D - (-9.2,1.35), r=0.15, (-9.35,1.35), (-9.05,1.35)
			*entities[00FA] = (01EC): Geometric_Radius2D - o=(01EA): Circle2D, c=(01DC)
			*entities[00FB] = (01ED): Geometric_Radius2D - o=(01EB): Circle2D, c=(01DE)
			*entities[00FC] = (01EE): Geometric_Coincident2D - (-9.35,5.35)	(01EA): Circle2D
			*entities[00FD] = (01EF): Geometric_Coincident2D - (-9.05,5.35)	(01EA): Circle2D
			*entities[00FE] = (01F0): Geometric_Coincident2D - (-9.35,1.35)	(01EB): Circle2D
			*entities[00FF] = (01F1): Geometric_Coincident2D - (-9.05,1.35)	(01EB): Circle2D
			*entities[0100] = (01F2): Geometric_Tangential2D
			*entities[0101] = (01F3): Geometric_Tangential2D
			*entities[0102] = (01F4): Geometric_Tangential2D
			*entities[0103] = (01F5): Geometric_Tangential2D
			*entities[0104] = (01F6): Geometric_Coincident2D - (-9.2,5.35)	(01DF): Line2D
			*entities[0105] = (01F7): Geometric_Coincident2D - (-9.2,1.35)	(01DF): Line2D
			*entities[0106] = (01F8): Point2D - (-9.2,3.35)
			*entities[0107] = (01F9): Geometric_SymmetryPoint2D
			*entities[0108] = (01FA): Point2D - (-11.05,5.35)
			*entities[0109] = (01FB): Point2D - (-11.05,1.35)
			*entities[010A] = (01FC): Point2D - (-10.75,1.35)
			*entities[010B] = (01FD): Point2D - (-10.75,5.35)
			*entities[010C] = (01FE): Point2D - (-10.9,5.35)
			*entities[010D] = (01FF): Geometric_Coincident2D - (-10.9,5.35)	(0139): Line2D
			*entities[010E] = (0200): Point2D - (-10.9,1.35)
			*entities[010F] = (0201): Line2D - (-10.9,5.35) - (-10.9,1.35)
			*entities[0110] = (0202): Geometric_Coincident2D - (-10.9,5.35)	(0201): Line2D
			*entities[0111] = (0203): Geometric_Coincident2D - (-10.9,1.35)	(0201): Line2D
			*entities[0112] = (0204): Geometric_Coincident2D - (-10.9,1.35)	(0139): Line2D
			*entities[0113] = (0205): Line2D - (-11.05,5.35) - (-11.05,1.35)
			*entities[0114] = (0206): Line2D - (-10.75,1.35) - (-10.75,5.35)
			*entities[0115] = (0207): Geometric_Parallel2D
			*entities[0116] = (0208): Geometric_Coincident2D - (-11.05,5.35)	(0205): Line2D
			*entities[0117] = (0209): Geometric_Coincident2D - (-11.05,1.35)	(0205): Line2D
			*entities[0118] = (020A): Geometric_Coincident2D - (-10.75,1.35)	(0206): Line2D
			*entities[0119] = (020B): Geometric_Coincident2D - (-10.75,5.35)	(0206): Line2D
			*entities[011A] = (020C): Circle2D - (-10.9,5.35), r=0.15, (-10.75,5.35), (-11.05,5.35)
			*entities[011B] = (020D): Circle2D - (-10.9,1.35), r=0.15, (-11.05,1.35), (-10.75,1.35)
			*entities[011C] = (020E): Geometric_Radius2D - o=(020C): Circle2D, c=(01FE)
			*entities[011D] = (020F): Geometric_Radius2D - o=(020D): Circle2D, c=(0200)
			*entities[011E] = (0210): Geometric_Coincident2D - (-11.05,5.35)	(020C): Circle2D
			*entities[011F] = (0211): Geometric_Coincident2D - (-10.75,5.35)	(020C): Circle2D
			*entities[0120] = (0212): Geometric_Coincident2D - (-11.05,1.35)	(020D): Circle2D
			*entities[0121] = (0213): Geometric_Coincident2D - (-10.75,1.35)	(020D): Circle2D
			*entities[0122] = (0214): Geometric_Tangential2D
			*entities[0123] = (0215): Geometric_Tangential2D
			*entities[0124] = (0216): Geometric_Tangential2D
			*entities[0125] = (0217): Geometric_Tangential2D
			*entities[0126] = (0218): Geometric_Coincident2D - (-10.9,5.35)	(0201): Line2D
			*entities[0127] = (0219): Geometric_Coincident2D - (-10.9,1.35)	(0201): Line2D
			*entities[0128] = (021A): Point2D - (-10.9,3.35)
			*entities[0129] = (021B): Geometric_SymmetryPoint2D
			*entities[012A] = (021C): Point2D - (-12.75,5.35)
			*entities[012B] = (021D): Point2D - (-12.75,2.35)
			*entities[012C] = (021E): Point2D - (-12.45,2.35)
			*entities[012D] = (021F): Point2D - (-12.45,5.35)
			*entities[012E] = (0220): Point2D - (-12.6,5.35)
			*entities[012F] = (0221): Geometric_Coincident2D - (-12.6,5.35)	(015A): Line2D
			*entities[0130] = (0222): Point2D - (-12.6,2.35)
			*entities[0131] = (0223): Line2D - (-12.6,5.35) - (-12.6,2.35)
			*entities[0132] = (0224): Geometric_Coincident2D - (-12.6,5.35)	(0223): Line2D
			*entities[0133] = (0225): Geometric_Coincident2D - (-12.6,2.35)	(0223): Line2D
			*entities[0134] = (0226): Geometric_Coincident2D - (-12.6,2.35)	(015A): Line2D
			*entities[0135] = (0227): Line2D - (-12.75,5.35) - (-12.75,2.35)
			*entities[0136] = (0228): Line2D - (-12.45,2.35) - (-12.45,5.35)
			*entities[0137] = (0229): Geometric_Parallel2D
			*entities[0138] = (022A): Geometric_Coincident2D - (-12.75,5.35)	(0227): Line2D
			*entities[0139] = (022B): Geometric_Coincident2D - (-12.75,2.35)	(0227): Line2D
			*entities[013A] = (022C): Geometric_Coincident2D - (-12.45,2.35)	(0228): Line2D
			*entities[013B] = (022D): Geometric_Coincident2D - (-12.45,5.35)	(0228): Line2D
			*entities[013C] = (022E): Circle2D - (-12.6,5.35), r=0.15, (-12.45,5.35), (-12.75,5.35)
			*entities[013D] = (022F): Circle2D - (-12.6,2.35), r=0.15, (-12.75,2.35), (-12.45,2.35)
			*entities[013E] = (0230): Geometric_Radius2D - o=(022E): Circle2D, c=(0220)
			*entities[013F] = (0231): Geometric_Radius2D - o=(022F): Circle2D, c=(0222)
			*entities[0140] = (0232): Geometric_Coincident2D - (-12.75,5.35)	(022E): Circle2D
			*entities[0141] = (0233): Geometric_Coincident2D - (-12.45,5.35)	(022E): Circle2D
			*entities[0142] = (0234): Geometric_Coincident2D - (-12.75,2.35)	(022F): Circle2D
			*entities[0143] = (0235): Geometric_Coincident2D - (-12.45,2.35)	(022F): Circle2D
			*entities[0144] = (0236): Geometric_Tangential2D
			*entities[0145] = (0237): Geometric_Tangential2D
			*entities[0146] = (0238): Geometric_Tangential2D
			*entities[0147] = (0239): Geometric_Tangential2D
			*entities[0148] = (023A): Geometric_Coincident2D - (-12.6,5.35)	(0223): Line2D
			*entities[0149] = (023B): Geometric_Coincident2D - (-12.6,2.35)	(0223): Line2D
			*entities[014A] = (023C): Point2D - (-12.6,3.85)
			*entities[014B] = (023D): Geometric_SymmetryPoint2D
			*entities[014C] = (023E): Point2D - (-14.45,5.35)
			*entities[014D] = (023F): Point2D - (-14.45,2.35)
			*entities[014E] = (0240): Point2D - (-14.15,2.35)
			*entities[014F] = (0241): Point2D - (-14.15,5.35)
			*entities[0150] = (0242): Point2D - (-14.3,5.35)
			*entities[0151] = (0243): Geometric_Coincident2D - (-14.3,5.35)	(017B): Line2D
			*entities[0152] = (0244): Point2D - (-14.3,2.35)
			*entities[0153] = (0245): Line2D - (-14.3,5.35) - (-14.3,2.35)
			*entities[0154] = (0246): Geometric_Coincident2D - (-14.3,5.35)	(0245): Line2D
			*entities[0155] = (0247): Geometric_Coincident2D - (-14.3,2.35)	(0245): Line2D
			*entities[0156] = (0248): Geometric_Coincident2D - (-14.3,2.35)	(017B): Line2D
			*entities[0157] = (0249): Line2D - (-14.45,5.35) - (-14.45,2.35)
			*entities[0158] = (024A): Line2D - (-14.15,2.35) - (-14.15,5.35)
			*entities[0159] = (024B): Geometric_Parallel2D
			*entities[015A] = (024C): Geometric_Coincident2D - (-14.45,5.35)	(0249): Line2D
			*entities[015B] = (024D): Geometric_Coincident2D - (-14.45,2.35)	(0249): Line2D
			*entities[015C] = (024E): Geometric_Coincident2D - (-14.15,2.35)	(024A): Line2D
			*entities[015D] = (024F): Geometric_Coincident2D - (-14.15,5.35)	(024A): Line2D
			*entities[015E] = (0250): Circle2D - (-14.3,5.35), r=0.15, (-14.15,5.35), (-14.45,5.35)
			*entities[015F] = (0251): Circle2D - (-14.3,2.35), r=0.15, (-14.45,2.35), (-14.15,2.35)
			*entities[0160] = (0252): Geometric_Radius2D - o=(0250): Circle2D, c=(0242)
			*entities[0161] = (0253): Geometric_Radius2D - o=(0251): Circle2D, c=(0244)
			*entities[0162] = (0254): Geometric_Coincident2D - (-14.45,5.35)	(0250): Circle2D
			*entities[0163] = (0255): Geometric_Coincident2D - (-14.15,5.35)	(0250): Circle2D
			*entities[0164] = (0256): Geometric_Coincident2D - (-14.45,2.35)	(0251): Circle2D
			*entities[0165] = (0257): Geometric_Coincident2D - (-14.15,2.35)	(0251): Circle2D
			*entities[0166] = (0258): Geometric_Tangential2D
			*entities[0167] = (0259): Geometric_Tangential2D
			*entities[0168] = (025A): Geometric_Tangential2D
			*entities[0169] = (025B): Geometric_Tangential2D
			*entities[016A] = (025C): Geometric_Coincident2D - (-14.3,5.35)	(0245): Line2D
			*entities[016B] = (025D): Geometric_Coincident2D - (-14.3,2.35)	(0245): Line2D
			*entities[016C] = (025E): Point2D - (-14.3,3.85)
			*entities[016D] = (025F): Geometric_SymmetryPoint2D
			*entities[016E] = (0261): Dimension_Distance2D - d='d16', e1=(0180): Line2D, e2=(017F): Line2D
			*entities[016F] = (0263): Dimension_Distance2D - d='d17', e1=(024A): Line2D, e2=(0249): Line2D
			*entities[0170] = (0267): Dimension_Distance2D - d='d18', e1=(0228): Line2D, e2=(0227): Line2D
			*entities[0171] = (026B): Dimension_Distance2D - d='d19', e1=(015F): Line2D, e2=(015E): Line2D
			*entities[0172] = (026F): Dimension_Distance2D - d='d20', e1=(013E): Line2D, e2=(013D): Line2D
			*entities[0173] = (0273): Dimension_Distance2D - d='d21', e1=(011D): Line2D, e2=(011C): Line2D
			*entities[0174] = (0277): Dimension_Distance2D - d='d22', e1=(0206): Line2D, e2=(0205): Line2D
			*entities[0175] = (027B): Dimension_Distance2D - d='d23', e1=(01E4): Line2D, e2=(01E3): Line2D
			*entities[0176] = (027F): Dimension_Distance2D - d='d24', e1=(01A1): Line2D, e2=(01A0): Line2D
			*entities[0177] = (0283): Dimension_Distance2D - d='d25', e1=(01C1): Line2D, e2=(01C2): Line2D
			*entities[0178] = (0287): Dimension_Distance2D - d='d26', e1=(01C2): Line2D, e2=(01A1): Line2D
			*entities[0179] = (0288): Geometric_EqualLength2D
			*entities[017A] = (0289): Geometric_EqualLength2D
			*entities[017B] = (028A): Geometric_EqualLength2D
			*entities[017C] = (028B): Geometric_EqualLength2D
			*entities[017D] = (028C): Geometric_EqualLength2D
			*entities[017E] = (028D): Geometric_EqualLength2D
			*entities[017F] = (028E): Geometric_EqualLength2D
			*entities[0180] = (028F): Geometric_AlignHorizontal2D
			*entities[0181] = (0290): Geometric_AlignHorizontal2D
			*entities[0182] = (0291): Geometric_AlignHorizontal2D
			*entities[0183] = (0292): Geometric_AlignHorizontal2D
			*entities[0184] = (0293): Geometric_AlignHorizontal2D
			*entities[0185] = (0294): Geometric_AlignHorizontal2D
			*entities[0186] = (0295): Geometric_AlignVertical2D
			*entities[0187] = (0296): Point2D - (-9.05,8.9)
			*entities[0188] = (0297): Geometric_SymmetryPoint2D
			*entities[0189] = (0298): Geometric_AlignVertical2D
			*entities[018A] = (029A): Dimension_Distance2D - d='d27', e1=(011C): Line2D, e2=(013E): Line2D
			*entities[018B] = (029C): Dimension_Distance2D - d='d28', e1=(013D): Line2D, e2=(015F): Line2D
			*entities[018C] = (029E): Dimension_Distance2D - d='d29', e1=(015E): Line2D, e2=(0180): Line2D
			*entities[018D] = (02A0): Dimension_Distance2D - d='d30', e1=(0187): Circle2D, e2=(0186): Circle2D
			*entities[018E] = (02A2): Dimension_Distance2D - d='d32', e1=(0124): Circle2D, e2=(0123): Circle2D
			*entities[018F] = (02A4): Dimension_Distance2D - d='d33', (-9.2,8.9), (-17.2,8.9)
			*entities[0190] = (02A6): Dimension_Distance2D - d='d34', (-9.2,8.9)	(00FB): Line2D
			*entities[0191] = (02A7): Point2D - (-24.6603,8.15)
			*entities[0192] = (02A8): Point2D - (1.17947,8.15)
			*entities[0193] = (02A9): Line2D - (-24.6603,8.15) - (1.17947,8.15)
			*entities[0194] = (02AA): Geometric_Coincident2D - (-24.6603,8.15)	(02A9): Line2D
			*entities[0195] = (02AB): Geometric_Coincident2D - (1.17947,8.15)	(02A9): Line2D
			*entities[0196] = (02AC): Geometric_Horizontal2D
			*entities[0197] = (02AE): Dimension_Distance2D - d='d35', e1=(0105): Line2D, e2=(02A9): Line2D
			*entities[0198] = (02B2): Dimension_Distance2D - d='d36', e1=(02A9): Line2D, e2=(01A1): Line2D
			*entities[0199] = (02B7): Dimension_Distance2D - d='d37', (-9.2,10.95)	(01A0): Line2D
			*entities[019A] = (02B9): Dimension_Distance2D - d='d38', (-9.2,5.35)	(01C1): Line2D
			*transformation = (00D3): Transformation
			*direction = (00D5): DirectionAxis dir=(0,0,1)
		objects[00C5] = (00D5): DirectionAxis  flags=20200  index=00FE flags2=0000 a=0 dir=Vector (0.0, 0.0, 1.0)
		objects[00C6] = (00D6): Sketch2DPlacement  flags=0200  index=00FF s32_0=2    u16_0=001    lst0=[[62,4294967295]] u8_0=01
			*transformation2 = (00D3): Transformation
			*transformation3 = (001E): Transformation
			*ref_3 = (00D7): FaceItem
		objects[00C7] = (00D7): FaceItem  flags=0000  index=0100 indexRefs=(257) s32_0=-1
		objects[00C8] = (00D8): 90874D55  flags=0200  index=0101 s32_0=-1 u8_0=05  wireIndex=0002 u32_1=0002 lst0=(003E) lst1=() u8_2=00  ntEntry=0004[0001]
			creator = (063E): SurfaceCreator  flags=0000    a0=(003,8000) idxCreator=0EC u16_0=8000
			*body = (0008): SurfaceBody 'Solide1'
			*owner = (00D7): FaceItem
		objects[00C9] = (00D9): Point2D  flags=30200  index=0102 flags2=0040  pos=Vector (0.0, 0.0, 0.0)   u32_0=0000 lst1=() 
			next = (063F): FxAttrStyles a0=(0000,0000)    u32_0=0000 associativeID=0001 typEntity=0001
				next = (095A): FxAttrEntityReference a0=(0000,0000)    
					*owner = (00D9): Point2D - (0,0)
					*ref_2 = (00DA): Representation3DPoint
			*sketch = (00D4): Sketch2D 'Esquisse3'
		objects[00CA] = (00DA): Representation3DPoint  flags=0200  index=0103 s32_0=-1   
			*point2D = (00D9): Point2D - (0,0)
			*transformation = (00D3): Transformation
			*point3D = (001D): Point3D - (0,0,0)
		objects[00CB] = (00DB): Point2D  flags=20200  index=0104 flags2=0000  pos=Vector (-4.300000000000001, 11.950000000000001, 0.0)   u32_0=0000 lst1=() 
			next = (0640): FxAttrStyles a0=(0000,0000)    u32_0=0000 associativeID=0002 typEntity=0001
				next = (095B): FxAttr_BFD09C43 a0=(0000,0000)     a1=(0,0,0,0) u32_0=0000
					*owner = (00DB): Point2D - (-4.3,11.95)
					*entity2 = (00DB): Point2D - (-4.3,11.95)
			*sketch = (00D4): Sketch2D 'Esquisse3'
			*endPointOf[0000] = (00DF): Line2D - (-4.3,11.95) - (-2,11.95)
			*endPointOf[0001] = (00E2): Line2D - (-4.3,4.35) - (-4.3,11.95)
		objects[00CC] = (00DC): Point2D  flags=20200  index=0105 flags2=0000  pos=Vector (-1.999999999999999, 4.3500000000000005, 0.0)   u32_0=0000 lst1=() 
			next = (0641): FxAttrStyles a0=(0000,0000)    u32_0=0000 associativeID=0003 typEntity=0001
				next = (095C): FxAttr_BFD09C43 a0=(0000,0000)     a1=(0,0,0,0) u32_0=0000
					*owner = (00DC): Point2D - (-2,4.35)
					*entity2 = (00DC): Point2D - (-2,4.35)
			*sketch = (00D4): Sketch2D 'Esquisse3'
			*endPointOf[0000] = (00E0): Line2D - (-2,11.95) - (-2,4.35)
			*endPointOf[0001] = (00E1): Line2D - (-2,4.35) - (-4.3,4.35)
		objects[00CD] = (00DD): Point2D  flags=20200  index=0106 flags2=0000  pos=Vector (-2.0000000000000004, 11.950000000000001, 0.0)   u32_0=0000 lst1=() 
			next = (0642): FxAttrStyles a0=(0000,0000)    u32_0=0000 associativeID=0004 typEntity=0001
				next = (095D): FxAttr_BFD09C43 a0=(0000,0000)     a1=(0,0,0,0) u32_0=0000
					*owner = (00DD): Point2D - (-2,11.95)
					*entity2 = (00DD): Point2D - (-2,11.95)
			*sketch = (00D4): Sketch2D 'Esquisse3'
			*endPointOf[0000] = (00DF): Line2D - (-4.3,11.95) - (-2,11.95)
			*endPointOf[0001] = (00E0): Line2D - (-2,11.95) - (-2,4.35)
		objects[00CE] = (00DE): Point2D  flags=20200  index=0107 flags2=0000  pos=Vector (-4.299999999999999, 4.3500000000000005, 0.0)   u32_0=0000 lst1=() 
			next = (0643): FxAttrStyles a0=(0000,0000)    u32_0=0000 associativeID=0005 typEntity=0001
				next = (095E): FxAttr_BFD09C43 a0=(0000,0000)     a1=(0,0,0,0) u32_0=0000
					*owner = (00DE): Point2D - (-4.3,4.35)
					*entity2 = (00DE): Point2D - (-4.3,4.35)
			*sketch = (00D4): Sketch2D 'Esquisse3'
			*endPointOf[0000] = (00E1): Line2D - (-2,4.35) - (-4.3,4.35)
			*endPointOf[0001] = (00E2): Line2D - (-4.3,4.35) - (-4.3,11.95)
		objects[00CF] = (00DF): Line2D  flags=20200  index=0108 flags2=0000    pos=Vector (-4.261764705882353, 11.950000000000001, 0.0) dir=Vector (1.0, 1.2246467991473532e-16, 0.0)
			next = (0644): FxAttrStyles a0=(0000,0000)    u32_0=0000 associativeID=0006 typEntity=0002
			*sketch = (00D4): Sketch2D 'Esquisse3'
			*points[0000] = (00DB): Point2D - (-4.3,11.95)
			*points[0001] = (00DD): Point2D - (-2,11.95)
		objects[00D0] = (00E0): Line2D  flags=20200  index=0109 flags2=0000    pos=Vector (-2.0, 9.791912187775441, 0.0) dir=Vector (6.123233995736766e-17, -1.0, 0.0)
			next = (0645): FxAttrStyles a0=(0000,0000)    u32_0=0000 associativeID=0007 typEntity=0002
			*sketch = (00D4): Sketch2D 'Esquisse3'
			*points[0000] = (00DD): Point2D - (-2,11.95)
			*points[0001] = (00DC): Point2D - (-2,4.35)
		objects[00D1] = (00E1): Line2D  flags=20200  index=010A flags2=0000    pos=Vector (-4.261764705882352, 4.3500000000000005, 0.0) dir=Vector (-1.0, -2.4492935982947064e-16, 0.0)
			next = (0646): FxAttrStyles a0=(0000,0000)    u32_0=0000 associativeID=0008 typEntity=0002
			*sketch = (00D4): Sketch2D 'Esquisse3'
			*points[0000] = (00DC): Point2D - (-2,4.35)
			*points[0001] = (00DE): Point2D - (-4.3,4.35)
		objects[00D2] = (00E2): Line2D  flags=20200  index=010B flags2=0000    pos=Vector (-4.3, 9.918222605925033, 0.0) dir=Vector (-3.0616169978683836e-16, 1.0, 0.0)
			next = (0647): FxAttrStyles a0=(0000,0000)    u32_0=0000 associativeID=0009 typEntity=0002
			*sketch = (00D4): Sketch2D 'Esquisse3'
			*points[0000] = (00DE): Point2D - (-4.3,4.35)
			*points[0001] = (00DB): Point2D - (-4.3,11.95)
		objects[00D3] = (00E3): Geometric_Coincident2D  flags=4208  index=010C flags2=-1  lst0={[00DF,1]:0}    
			*group = (010A): Group2D
			*lst0[0000] = (00DF): Line2D - (-4.3,11.95) - (-2,11.95)
			*lst1[0000] = (00DF): Line2D - (-4.3,11.95) - (-2,11.95)
			*entity1 = (00DF): Line2D - (-4.3,11.95) - (-2,11.95)
			*entity2 = (00DB): Point2D - (-4.3,11.95)
		objects[00D4] = (00E4): Geometric_Coincident2D  flags=4208  index=010D flags2=-1  lst0={[00DF,1]:1}    
			*group = (010A): Group2D
			*lst0[0000] = (00DF): Line2D - (-4.3,11.95) - (-2,11.95)
			*lst1[0000] = (00DF): Line2D - (-4.3,11.95) - (-2,11.95)
			*entity1 = (00DF): Line2D - (-4.3,11.95) - (-2,11.95)
			*entity2 = (00DD): Point2D - (-2,11.95)
		objects[00D5] = (00E5): Geometric_Coincident2D  flags=4208  index=010E flags2=-1  lst0={[00E0,1]:0}    
			*group = (010A): Group2D
			*lst0[0000] = (00E0): Line2D - (-2,11.95) - (-2,4.35)
			*lst1[0000] = (00E0): Line2D - (-2,11.95) - (-2,4.35)
			*entity1 = (00E0): Line2D - (-2,11.95) - (-2,4.35)
			*entity2 = (00DD): Point2D - (-2,11.95)
		objects[00D6] = (00E6): Geometric_Coincident2D  flags=4208  index=010F flags2=-1  lst0={[00E0,1]:1}    
			*group = (010A): Group2D
			*lst0[0000] = (00E0): Line2D - (-2,11.95) - (-2,4.35)
			*lst1[0000] = (00E0): Line2D - (-2,11.95) - (-2,4.35)
			*entity1 = (00E0): Line2D - (-2,11.95) - (-2,4.35)
			*entity2 = (00DC): Point2D - (-2,4.35)
		objects[00D7] = (00E7): Geometric_Coincident2D  flags=4208  index=0110 flags2=-1  lst0={[00E1,1]:0}    
			*group = (010A): Group2D
			*lst0[0000] = (00E1): Line2D - (-2,4.35) - (-4.3,4.35)
			*lst1[0000] = (00E1): Line2D - (-2,4.35) - (-4.3,4.35)
			*entity1 = (00E1): Line2D - (-2,4.35) - (-4.3,4.35)
			*entity2 = (00DC): Point2D - (-2,4.35)
		objects[00D8] = (00E8): Geometric_Coincident2D  flags=4208  index=0111 flags2=-1  lst0={[00E1,1]:1}    
			*group = (010A): Group2D
			*lst0[0000] = (00E1): Line2D - (-2,4.35) - (-4.3,4.35)
			*lst1[0000] = (00E1): Line2D - (-2,4.35) - (-4.3,4.35)
			*entity1 = (00E1): Line2D - (-2,4.35) - (-4.3,4.35)
			*entity2 = (00DE): Point2D - (-4.3,4.35)
		objects[00D9] = (00E9): Geometric_Coincident2D  flags=4208  index=0112 flags2=-1  lst0={[00E2,1]:0}    
			*group = (010A): Group2D
			*lst0[0000] = (00E2): Line2D - (-4.3,4.35) - (-4.3,11.95)
			*lst1[0000] = (00E2): Line2D - (-4.3,4.35) - (-4.3,11.95)
			*entity1 = (00E2): Line2D - (-4.3,4.35) - (-4.3,11.95)
			*entity2 = (00DE): Point2D - (-4.3,4.35)
		objects[00DA] = (00EA): Geometric_Coincident2D  flags=4208  index=0113 flags2=-1  lst0={[00E2,1]:1}    
			*group = (010A): Group2D
			*lst0[0000] = (00E2): Line2D - (-4.3,4.35) - (-4.3,11.95)
			*lst1[0000] = (00E2): Line2D - (-4.3,4.35) - (-4.3,11.95)
			*entity1 = (00E2): Line2D - (-4.3,4.35) - (-4.3,11.95)
			*entity2 = (00DB): Point2D - (-4.3,11.95)
		objects[00DB] = (00EB): Geometric_Perpendicular2D  flags=4208  index=0114 flags2=-1  lst0={}     u16_0=000
			*group = (010A): Group2D
			*line1 = (00DF): Line2D - (-4.3,11.95) - (-2,11.95)
			*line2 = (00E0): Line2D - (-2,11.95) - (-2,4.35)
		objects[00DC] = (00EC): Geometric_Parallel2D  flags=4208  index=0115 flags2=-1  lst0={}     u16_0=000
			*group = (010A): Group2D
			*line1 = (00DF): Line2D - (-4.3,11.95) - (-2,11.95)
			*line2 = (00E1): Line2D - (-2,4.35) - (-4.3,4.35)
		objects[00DD] = (00ED): Geometric_Parallel2D  flags=4208  index=0116 flags2=-1  lst0={}     u16_0=000
			*group = (010A): Group2D
			*line1 = (00E0): Line2D - (-2,11.95) - (-2,4.35)
			*line2 = (00E2): Line2D - (-4.3,4.35) - (-4.3,11.95)
		objects[00DE] = (00EE): Geometric_Horizontal2D  flags=4208  index=0117 flags2=-1  lst0={}    u8_0=00
			*group = (010A): Group2D
			*line = (00DF): Line2D - (-4.3,11.95) - (-2,11.95)
		objects[00DF] = (00EF): Parameter 'd10'  flags=34200  index=0119   valueNominal=2.3 valueModel=2.3   tolerance=NOMINAL u16_0=-1
			unit = (0648): Unit   visible=True 
				numerators[0000] = (095F): UnitMilliMeter magnitude=1 factor=1 Unit="mm" UnitOffset=0 UnitFactor=0.1 UnitSupportet=True
			formula = (0649): ParameterValue  value=2.3 type=000
				unit = (0960): Unit   visible=True 
					numerators[0000] = (0B0A): UnitMeter magnitude=0.001 factor=1 Unit="m" UnitOffset=0 UnitFactor=100 UnitSupportet=True
		objects[00E0] = (00F0): Dimension_Distance2D  flags=4208  index=011A flags2=-1  lst0={}   u32_0=0000   a0=(0000,0000,0000,0000) a1=Vector (1.7976931348623157e+308, 0.0, 0.0) a2=Vector (1.7976931348623157e+308, 0.0, 0.0)
			next = (064A): FxAttr_EEE03AF5 a0=(0000,0000)     u16_0=004   u32_0=0000 a1=Vector (0.0, 0.0, 0.0) p1=Vector (-1.999999999999999, 4.3500000000000005, 0.0) p2=Vector (-4.299999999999999, 4.3500000000000005, 0.0) a2=Vector (0.0, 6.426470865897527, 0.0)
				entity2 = (0961): E1D3D023  flags=3000200  index=0000 flags2=0000  a1=(0,0,1.875) a2=(100,000,000) a3=Vector (-1.999999999999999, 4.3500000000000005, 0.0) a4=(3332,3333,3333) a5=Vector (1.90359856628201e+185, 8.103e-320, 0.0) a6=(000,002,000) s32_0=-1 a7=(0,1,0,-1,0,0,0,-2.98088,-2.07647,0,-3.15,-2.07647,0,-2,-2.46303,0,-4.3,-2.46303,0,-2,4.35,0,-4.3,4.35,0,-2,-2.07647,0,-4.3,-2.07647,0) a8=(01,01,00,00,00,00,00,00,00,00,00,00,00,03,00,00,01,00) a9=(0,0.386559,0.0966396,0.385857,0.267933,0) u8_0=01   a10=(0000,0000,006A) a11=(-2,-2.07647,0,-4.3,-2.07647,0,-2,-2.07647,0,-4.3,-2.07647,0,-2.98088,-2.07647,0,0,0,0) u8_1=01 a12=(0,1,0,-3.15,-2.07647,0,-1,0,0,0,0,0) u8_2=00 a13=(-2,4.25336,0,-4.3,4.25336,0) 
					ref_1 = (0B0B): 39A41830  flags=0210  index=0000 s32_0=-1 a2=(0000,0000,0000,0000,0000,0000,0000,0000,0000,0001,0000,0000,0003) a3=Vector (0.0, 0.0, 0.0) txt0="" a4=(0000,0000,0000,A7F9,A7FB) a5=(1,0,0,-2.98088,-2.07647,0) a6=(000,000,000,000,000,000)   u32_0=0000 a7=(0003,0003) a8=(07E4,0000) 
						*parameter1 = (00EF): Parameter 'd10'=23mm
						*sketch = (00D4): Sketch2D 'Esquisse3'
					ref_2 = (0B0C): 99B938AE  flags=0200  index=0000 a1=Vector (0.25, 0.1, 0.0) u32_0=0010 u32_1=0000
					*ref_3 = (0B0C): 99B938AE
				*entity3 = (00DC): Point2D - (-2,4.35)
				*entity4 = (00DE): Point2D - (-4.3,4.35)
			*group = (010A): Group2D
			*parameter = (00EF): Parameter 'd10'=23mm
			*entity1 = (00DC): Point2D - (-2,4.35)
			*entity2 = (00DE): Point2D - (-4.3,4.35)
		objects[00E1] = (00F1): Parameter 'd11'  flags=34200  index=012C   valueNominal=7.6 valueModel=7.6   tolerance=NOMINAL u16_0=-1
			unit = (064B): Unit   visible=True 
				numerators[0000] = (0962): UnitMilliMeter magnitude=1 factor=1 Unit="mm" UnitOffset=0 UnitFactor=0.1 UnitSupportet=True
			formula = (064C): ParameterValue  value=7.6 type=000
				unit = (0963): Unit   visible=True 
					numerators[0000] = (0B0D): UnitMeter magnitude=0.001 factor=1 Unit="m" UnitOffset=0 UnitFactor=100 UnitSupportet=True
		objects[00E2] = (00F2): Dimension_Distance2D  flags=4208  index=012D flags2=-1  lst0={}   u32_0=0000   a0=(0000,0000,0000,0000) a1=Vector (1.7976931348623157e+308, 0.0, 0.0) a2=Vector (1.7976931348623157e+308, 0.0, 0.0)
			next = (064D): FxAttr_EEE03AF5 a0=(0000,0000)     u16_0=004   u32_0=0000 a1=Vector (0.0, 0.0, 0.0) p1=Vector (-2.0000000000000004, 11.950000000000001, 0.0) p2=Vector (-1.999999999999999, 4.3500000000000005, 0.0) a2=Vector (0.0, 2.3146851891284737, 0.0)
				entity2 = (0964): E1D3D023  flags=3000200  index=0000 flags2=0000  a1=(0,0,1.875) a2=(100,000,000) a3=Vector (-2.0000000000000004, 11.950000000000001, 0.0) a4=(FFFB,FFFF,FFFF) a5=Vector (1.9035985662820047e+185, 8.103e-320, 0.0) a6=(000,002,000) s32_0=-1 a7=(1,0,0,0,-1,0,0,0.314685,9.91493,0,0.314685,8.15,0,0.701277,11.95,0,0.701277,4.35,0,-2,11.95,0,-2,4.35,0,0.314685,11.95,0,0.314685,4.35,0) a8=(01,01,00,00,00,00,00,00,00,00,00,00,00,03,00,00,01,00) a9=(0,0.386592,0.0966479,0.385857,0.267308,0) u8_0=01   a10=(0000,0000,006A) a11=(0.314685,11.95,0,0.314685,4.35,0,0.314685,11.95,0,0.314685,4.35,0,0.314685,9.91493,0,0,0,0) u8_1=01 a12=(1,0,0,0.314685,8.15,0,0,-1,0,0,0,0) u8_2=00 a13=(-1.90335,11.95,0,-1.90335,4.35,0) 
					ref_1 = (0B0E): 39A41830  flags=0210  index=0000 s32_0=-1 a2=(0000,0000,0000,0000,0000,0000,0000,0000,0000,0001,0000,0000,0003) a3=Vector (0.0, 0.0, 0.0) txt0="" a4=(0000,0000,0000,A7F9,A7FB) a5=(1,0,0,0.314685,9.91493,0) a6=(000,000,000,000,000,000)   u32_0=0000 a7=(0003,0003) a8=(07E4,0000) 
						*parameter1 = (00F1): Parameter 'd11'=76mm
						*sketch = (00D4): Sketch2D 'Esquisse3'
					ref_2 = (0B0F): 99B938AE  flags=0200  index=0000 a1=Vector (0.25, 0.1, 0.0) u32_0=0010 u32_1=0000
					*ref_3 = (0B0F): 99B938AE
				*entity3 = (00DD): Point2D - (-2,11.95)
				*entity4 = (00DC): Point2D - (-2,4.35)
			*group = (010A): Group2D
			*parameter = (00F1): Parameter 'd11'=76mm
			*entity1 = (00DD): Point2D - (-2,11.95)
			*entity2 = (00DC): Point2D - (-2,4.35)
		objects[00E3] = (00F3): Point2D  flags=30200  index=012E flags2=0040  pos=Vector (0.0, 3.3, 0.0)   u32_0=0000 lst1=() 
			next = (064E): FxAttrStyles a0=(0000,0000)    u32_0=0000 associativeID=000B typEntity=0001
				next = (0965): FxAttrEntityReference a0=(0000,0000)    
					*owner = (00F3): Point2D - (0,3.3)
					next = (0B10): FxAttr_C89EF3C0 a0=(0000,0000)    u32_0=0000 pos=Vector (0.0, 3.3, 0.0)
						*owner = (00F3): Point2D - (0,3.3)
					*ref_2 = (00F4): 60406697
			*sketch = (00D4): Sketch2D 'Esquisse3'
			*endPointOf[0000] = (00FB): Line2D - (0,3.3) - (0,13)
		objects[00E4] = (00F4): 60406697  flags=0200  index=012F s32_0=-1   
			*ref_1 = (00F3): Point2D - (0,3.3)
			*ref_2 = (00D3): Transformation
			*ref_3 = (00F5): C1887310
		objects[00E5] = (00F5): C1887310  flags=0000  index=0130 lst0=(305) s32_0=-1
		objects[00E6] = (00F6): B8DBEF70  flags=0200  index=0131 s32_0=-1 u8_0=05  wireIndex=0002 u32_1=0002 lst0=(003E,00EC) lst1=() u8_2=00  ntEntry=0004[0008]
			creator = (064F): SurfaceCreator  flags=0000    a0=(003,8000) idxCreator=0EC u16_0=8000
			*body = (0008): SurfaceBody 'Solide1'
			*owner = (00F5): C1887310
		objects[00E7] = (00F7): Point2D  flags=30200  index=0132 flags2=0040  pos=Vector (0.0, 13.0, 0.0)   u32_0=0000 lst1=() 
			next = (0650): FxAttrStyles a0=(0000,0000)    u32_0=0000 associativeID=000C typEntity=0001
				next = (0966): FxAttrEntityReference a0=(0000,0000)    
					*owner = (00F7): Point2D - (0,13)
					next = (0B11): FxAttr_C89EF3C0 a0=(0000,0000)    u32_0=0000 pos=Vector (0.0, 13.0, 0.0)
						*owner = (00F7): Point2D - (0,13)
					*ref_2 = (00F8): 60406697
			*sketch = (00D4): Sketch2D 'Esquisse3'
			*endPointOf[0000] = (00FB): Line2D - (0,3.3) - (0,13)
			*endPointOf[0001] = (0105): Line2D - (0,13) - (-4,13)
		objects[00E8] = (00F8): 60406697  flags=0200  index=0133 s32_0=-1   
			*ref_1 = (00F7): Point2D - (0,13)
			*ref_2 = (00D3): Transformation
			*ref_3 = (00F9): C1887310
		objects[00E9] = (00F9): C1887310  flags=0000  index=0134 lst0=(309) s32_0=-1
		objects[00EA] = (00FA): B8DBEF70  flags=0200  index=0135 s32_0=-1 u8_0=05  wireIndex=0002 u32_1=0002 lst0=(003E,00EC) lst1=() u8_2=00  ntEntry=0004[000A]
			creator = (0651): SurfaceCreator  flags=0000    a0=(003,8000) idxCreator=0EC u16_0=8000
			*body = (0008): SurfaceBody 'Solide1'
			*owner = (00F9): C1887310
		objects[00EB] = (00FB): Line2D  flags=30200  index=0136 flags2=0040    pos=Vector (0.0, 3.3, 0.0) dir=Vector (0.0, 1.0, 0.0)
			next = (0652): FxAttrStyles a0=(0000,0000)    u32_0=0000 associativeID=000D typEntity=0002
				next = (0967): FxAttrEntityReference a0=(0000,0000)    
					*owner = (00FB): Line2D - (0,3.3) - (0,13)
					next = (0B12): FxAttr_D5F19E40 a0=(0000,0000)    u32_0=0000 pos=Vector (0.0, 3.3, 0.0) dir=Vector (0.0, 1.0, 0.0)
						*owner = (00FB): Line2D - (0,3.3) - (0,13)
					*ref_2 = (00FC): 64DE16F3
			*sketch = (00D4): Sketch2D 'Esquisse3'
			*points[0000] = (00F3): Point2D - (0,3.3)
			*points[0001] = (00F7): Point2D - (0,13)
		objects[00EC] = (00FC): 64DE16F3  flags=0200  index=0137 s32_0=3    u16_0=017
			*entity = (00FB): Line2D - (0,3.3) - (0,13)
			*transformation = (00D3): Transformation
			*edge = (00FD): EdgeItem
		objects[00ED] = (00FD): EdgeItem  flags=0000  index=0138 indexRefs=(313) s32_0=-1 u32_0=0000
		objects[00EE] = (00FE): EdgeId  flags=0200  index=0139 s32_0=-1 u8_0=05  wireIndex=0002 u32_1=0002 lst0=(003E,00EC) lst1=() u8_2=00  ntEntry=0004[000B]
			creator = (0653): SurfaceCreator  flags=0000    a0=(003,8000) idxCreator=0EC u16_0=8000
			*body = (0008): SurfaceBody 'Solide1'
			*owner = (00FD): EdgeItem
		objects[00EF] = (00FF): Parameter 'd12'  flags=34200  index=013A   valueNominal=2 valueModel=2   tolerance=NOMINAL u16_0=-1
			unit = (0654): Unit   visible=True 
				numerators[0000] = (0968): UnitMilliMeter magnitude=1 factor=1 Unit="mm" UnitOffset=0 UnitFactor=0.1 UnitSupportet=True
			formula = (0655): ParameterValue  value=2 type=000
				unit = (0969): Unit   visible=True 
					numerators[0000] = (0B13): UnitMeter magnitude=0.001 factor=1 Unit="m" UnitOffset=0 UnitFactor=100 UnitSupportet=True
		objects[00F0] = (0100): Dimension_Distance2D  flags=4208  index=013B flags2=-1  lst0={}   u32_0=0000   a0=(0000,0000,0000,0000) a1=Vector (1.7976931348623157e+308, 0.0, 0.0) a2=Vector (1.7976931348623157e+308, 0.0, 0.0)
			next = (0656): FxAttr_EEE03AF5 a0=(0000,0000)     u16_0=006   u32_0=0000 a1=Vector (0.0, 1.0, 0.0) p1=Vector (0.0, 3.3, 0.0) p2=Vector (-1.999999999999999, 4.3500000000000005, 0.0) a2=Vector (1.999999999999999, 3.6257165496093506, 0.0)
				entity2 = (096A): E1D3D023  flags=3000200  index=0000 flags2=0000  a1=(0,0,1.875) a2=(100,000,000) a3=Vector (0.0, 3.3, 0.0) a4=(FFFB,FFFF,FFFF) a5=Vector (1.9035985662820047e+185, 8.103e-320, 0.0) a6=(000,003,000) s32_0=-1 a7=(0,1,0,-1,0,0,0,0.204745,-0.325717,0,-1,-0.325717,0,0,-0.906792,0,-2,-0.906792,0,0,3.3,0,-2,3.3,0,0,-0.325717,0,-2,-0.325717,0) a8=(01,01,00,00,00,00,00,00,00,00,00,00,00,03,00,00,01,00) a9=(0,0.581075,0.145269,0.385857,0.267933,0) u8_0=01   a10=(0000,0000,006A) a11=(0,-0.325717,0,-2,-0.325717,0,0,-0.325717,0,-2,-0.325717,0,0.204745,-0.325717,0,0,0,0) u8_1=01 a12=(0,1,0,-1,-0.325717,0,-1,0,0,0,0,0) u8_2=00 a13=(0,3.15473,0,-2,4.20473,0) 
					ref_1 = (0B14): 39A41830  flags=0210  index=0000 s32_0=-1 a2=(0000,0000,0000,0000,0000,0000,0000,0000,0000,0001,0000,0000,0003) a3=Vector (0.0, 0.0, 0.0) txt0="" a4=(0000,0000,0000,A7F9,A7FB) a5=(1,0,0,0.204745,-0.325717,0) a6=(000,000,000,000,000,000)   u32_0=0000 a7=(0003,0003) a8=(07E4,0000) 
						*parameter1 = (00FF): Parameter 'd12'=20mm
						*sketch = (00D4): Sketch2D 'Esquisse3'
					ref_2 = (0B15): 99B938AE  flags=0200  index=0000 a1=Vector (0.25, 0.1, 0.0) u32_0=0010 u32_1=0000
					*ref_3 = (0B15): 99B938AE
				*entity3 = (00FB): Line2D - (0,3.3) - (0,13)
				*entity4 = (00E0): Line2D - (-2,11.95) - (-2,4.35)
			*group = (010A): Group2D
			*parameter = (00FF): Parameter 'd12'=20mm
			*entity1 = (00FB): Line2D - (0,3.3) - (0,13)
			*entity2 = (00E0): Line2D - (-2,11.95) - (-2,4.35)
		objects[00F1] = (0101): Point2D  flags=30200  index=013C flags2=0040  pos=Vector (-4.0, 13.0, 0.0)   u32_0=0000 lst1=() 
			next = (0657): FxAttrStyles a0=(0000,0000)    u32_0=0000 associativeID=000E typEntity=0001
				next = (096B): FxAttrEntityReference a0=(0000,0000)    
					*owner = (0101): Point2D - (-4,13)
					*ref_2 = (0102): 60406697
			*sketch = (00D4): Sketch2D 'Esquisse3'
			*endPointOf[0000] = (0105): Line2D - (0,13) - (-4,13)
		objects[00F2] = (0102): 60406697  flags=0200  index=013D s32_0=-1   
			*ref_1 = (0101): Point2D - (-4,13)
			*ref_2 = (00D3): Transformation
			*ref_3 = (0103): C1887310
		objects[00F3] = (0103): C1887310  flags=0000  index=013E lst0=(319) s32_0=-1
		objects[00F4] = (0104): B8DBEF70  flags=0200  index=013F s32_0=-1 u8_0=05  wireIndex=0002 u32_1=0002 lst0=(003E,00EC) lst1=() u8_2=00  ntEntry=0004[000D]
			creator = (0658): SurfaceCreator  flags=0000    a0=(003,8000) idxCreator=0EC u16_0=8000
			*body = (0008): SurfaceBody 'Solide1'
			*owner = (0103): C1887310
		objects[00F5] = (0105): Line2D  flags=30200  index=0140 flags2=0040    pos=Vector (0.0, 13.0, 0.0) dir=Vector (-1.0, 0.0, 0.0)
			next = (0659): FxAttrStyles a0=(0000,0000)    u32_0=0000 associativeID=000F typEntity=0002
				next = (096C): FxAttrEntityReference a0=(0000,0000)    
					*owner = (0105): Line2D - (0,13) - (-4,13)
					next = (0B16): FxAttr_D5F19E40 a0=(0000,0000)    u32_0=0000 pos=Vector (0.0, 13.0, 0.0) dir=Vector (-1.0, 0.0, 0.0)
						*owner = (0105): Line2D - (0,13) - (-4,13)
					*ref_2 = (0106): 64DE16F3
			*sketch = (00D4): Sketch2D 'Esquisse3'
			*points[0000] = (00F7): Point2D - (0,13)
			*points[0001] = (0101): Point2D - (-4,13)
		objects[00F6] = (0106): 64DE16F3  flags=0200  index=0141 s32_0=3    u16_0=017
			*entity = (0105): Line2D - (0,13) - (-4,13)
			*transformation = (00D3): Transformation
			*edge = (0107): EdgeItem
		objects[00F7] = (0107): EdgeItem  flags=0000  index=0142 indexRefs=(323) s32_0=-1 u32_0=0000
		objects[00F8] = (0108): EdgeId  flags=0200  index=0143 s32_0=-1 u8_0=05  wireIndex=0002 u32_1=0002 lst0=(003E,00EC) lst1=() u8_2=00  ntEntry=0004[000E]
			creator = (065A): SurfaceCreator  flags=0000    a0=(003,8000) idxCreator=0EC u16_0=8000
			*body = (0008): SurfaceBody 'Solide1'
			*owner = (0107): EdgeItem
		objects[00F9] = (0109): Geometric_Parallel2D  flags=4208  index=0144 flags2=-1  lst0={}     u16_0=000
			*group = (010A): Group2D
			*line1 = (00DF): Line2D - (-4.3,11.95) - (-2,11.95)
			*line2 = (0105): Line2D - (0,13) - (-4,13)
		objects[00FA] = (010A): Group2D  flags=0200  index=0147 s32_0=-1 s32_1=17  entries={800000DB:0000,800000DC:0000,800000DD:0000,800000DE:0000,800000DF:0000,800000E0:0000,800000E1:0000,800000E2:0000,800000E3:0000,800000E4:0000,800000E5:0000,800000E6:0000,800000E7:0000,800000E8:0000,800000E9:0000,800000EA:0000,800000EB:0000,800000EC:0000,800000ED:0000,800000EE:0000,800000F0:0000,800000F2:0000,800000FB:0004,80000100:0000,80000105:0004,80000109:0000,8000010F:0000} u32_0=0000
			*constrains[0000] = (00E3): Geometric_Coincident2D - (-4.3,11.95)	(00DF): Line2D
			*constrains[0001] = (0109): Geometric_Parallel2D
			*constrains[0002] = (00EE): Geometric_Horizontal2D
			*constrains[0003] = (00EC): Geometric_Parallel2D
			*constrains[0004] = (00EB): Geometric_Perpendicular2D
			*constrains[0005] = (00E4): Geometric_Coincident2D - (-2,11.95)	(00DF): Line2D
			*constrains[0006] = (00EA): Geometric_Coincident2D - (-4.3,11.95)	(00E2): Line2D
			*constrains[0007] = (00E8): Geometric_Coincident2D - (-4.3,4.35)	(00E1): Line2D
			*constrains[0008] = (00E7): Geometric_Coincident2D - (-2,4.35)	(00E1): Line2D
			*constrains[0009] = (0100): Dimension_Distance2D - d='d12', e1=(00FB): Line2D, e2=(00E0): Line2D
			*constrains[000A] = (00ED): Geometric_Parallel2D
			*constrains[000B] = (00E6): Geometric_Coincident2D - (-2,4.35)	(00E0): Line2D
			*constrains[000C] = (00E5): Geometric_Coincident2D - (-2,11.95)	(00E0): Line2D
			*constrains[000D] = (00F2): Dimension_Distance2D - d='d11', (-2,11.95), (-2,4.35)
			*constrains[000E] = (00E9): Geometric_Coincident2D - (-4.3,4.35)	(00E2): Line2D
			*constrains[000F] = (00F0): Dimension_Distance2D - d='d10', (-2,4.35), (-4.3,4.35)
			*constrains[0010] = (010F): Dimension_Distance2D - d='d15', e1=(00DF): Line2D, e2=(0105): Line2D
		objects[00FB] = (010B): Parameter 'd14'  flags=1024200  index=0148   valueNominal=9.7 valueModel=9.7   tolerance=NOMINAL u16_0=-1
			unit = (065B): Unit   visible=True 
				numerators[0000] = (096D): UnitMilliMeter magnitude=1 factor=1 Unit="mm" UnitOffset=0 UnitFactor=0.1 UnitSupportet=True
			formula = (065C): ParameterValue  value=9.7 type=FFFF
				unit = (096E): Unit   visible=True 
					numerators[0000] = (0B17): UnitMeter magnitude=0.001 factor=1 Unit="m" UnitOffset=0 UnitFactor=100 UnitSupportet=True
		objects[00FC] = (010C): Dimension_Distance2D  flags=4208  index=0149 flags2=-1  lst0={}   u32_0=0000   a0=(0000,0000,0000,0000) a1=Vector (1.7976931348623157e+308, 0.0, 0.0) a2=Vector (1.7976931348623157e+308, 0.0, 0.0)
			next = (065D): FxAttr_EEE03AF5 a0=(0000,0000)     u16_0=004   u32_0=0000 a1=Vector (0.0, 0.0, 0.0) p1=Vector (0.0, 3.3, 0.0) p2=Vector (0.0, 13.0, 0.0) a2=Vector (0.0, 1.7469829305904478, 0.0)
				entity2 = (096F): E1D3D023  flags=3000200  index=0000 flags2=0000  a1=(0,0,1.875) a2=(100,000,000) a3=Vector (0.0, 3.3, 0.0) a4=(000,000,000) a5=Vector (0.0, 8.1155e-320, 0.0) a6=(000,002,000) s32_0=-1 a7=(1,0,0,-0,1,0,0,1.74698,12.5731,0,1.74698,8.15,0,2.09541,3.3,0,2.09541,13,0,0,3.3,0,0,13,0,1.74698,3.3,0,1.74698,13,0) a8=(01,01,00,00,00,00,00,00,00,00,00,00,00,03,00,00,01,00) a9=(0,0.348425,0.0871063,0.656707,0.339604,0) u8_0=01   a10=(0000,0000,006A) a11=(1.74698,3.3,0,1.74698,13,0,1.74698,3.3,0,1.74698,13,0,1.74698,12.5731,0,0,0,0) u8_1=01 a12=(1,0,0,1.74698,8.15,0,0,1,0,0,0,0) u8_2=00 a13=(0.0871063,3.3,0,0.0871063,13,0) 
					ref_1 = (0B18): 39A41830  flags=0210  index=0000 s32_0=-1 a2=(0000,0000,0000,0000,0000,0000,0000,0000,0000,0001,0000,0000,0003) a3=Vector (0.0, 0.0, 0.0) txt0="" a4=(0000,0000,0000,A7F9,A7FB) a5=(1,0,0,1.74698,12.5731,0) a6=(000,000,000,000,000,000)   u32_0=0000 a7=(0003,0003) a8=(07E4,0000) 
						*parameter1 = (010B): Parameter 'd14'=97mm
						*sketch = (00D4): Sketch2D 'Esquisse3'
					ref_2 = (0B19): 99B938AE  flags=0200  index=0000 a1=Vector (0.25, 0.1, 0.0) u32_0=0010 u32_1=0000
					*ref_3 = (0B19): 99B938AE
				*entity3 = (00F3): Point2D - (0,3.3)
				*entity4 = (00F7): Point2D - (0,13)
			*group = (010D): Group2D
			*parameter = (010B): Parameter 'd14'=97mm
			*entity1 = (00F3): Point2D - (0,3.3)
			*entity2 = (00F7): Point2D - (0,13)
		objects[00FD] = (010D): Group2D  flags=0200  index=014B s32_0=-1 s32_1=1  entries={800000F3:0004,800000F7:0004,8000010B:0005,8000010C:0000} u32_0=0000
			*constrains[0000] = (010C): Dimension_Distance2D - d='d14', (0,3.3), (0,13)
		objects[00FE] = (010E): Parameter 'd15'  flags=24200  index=014C   valueNominal=1.05 valueModel=1.05   tolerance=NOMINAL u16_0=-1
			unit = (065E): Unit   visible=True 
				numerators[0000] = (0970): UnitMilliMeter magnitude=1 factor=1 Unit="mm" UnitOffset=0 UnitFactor=0.1 UnitSupportet=True
			formula = (065F): ParameterOperatorDiv '/'   
				unit = (0971): Unit   visible=False 
					numerators[0000] = (0B1A): UnitMilliMeter magnitude=1 factor=1 Unit="mm" UnitOffset=0 UnitFactor=0.1 UnitSupportet=True
					denominators[0000] = (0B1B): UnitEmpty magnitude=1 factor=1 Unit="" UnitOffset=0 UnitFactor=1 UnitSupportet=True
				operand1 = (0972): ParameterOperatorPowerIdent '^'  
					unit = (0B1C): Unit   visible=False 
						numerators[0000] = (0C03): UnitMilliMeter magnitude=1 factor=1 Unit="mm" UnitOffset=0 UnitFactor=0.1 UnitSupportet=True
					operand1 = (0B1D): ParameterOperatorMinus '-'   
						unit = (0C04): Unit   visible=False 
							numerators[0000] = (0C28): UnitMilliMeter magnitude=1 factor=1 Unit="mm" UnitOffset=0 UnitFactor=0.1 UnitSupportet=True
						operand1 = (0C05): ParameterRef  
							unit = (0C29): Unit   visible=False 
								numerators[0000] = (0C37): UnitMilliMeter magnitude=1 factor=1 Unit="mm" UnitOffset=0 UnitFactor=0.1 UnitSupportet=True
							*operand1 = (010B): Parameter 'd14'=97mm
						operand2 = (0C06): ParameterRef  
							unit = (0C2A): Unit   visible=False 
								numerators[0000] = (0C38): UnitMilliMeter magnitude=1 factor=1 Unit="mm" UnitOffset=0 UnitFactor=0.1 UnitSupportet=True
							*operand1 = (00F1): Parameter 'd11'=76mm
				operand2 = (0973): ParameterValue  value=2 type=000
					unit = (0B1E): Unit   visible=True 
						numerators[0000] = (0C07): UnitEmpty magnitude=1 factor=1 Unit="" UnitOffset=0 UnitFactor=1 UnitSupportet=True
		objects[00FF] = (010F): Dimension_Distance2D  flags=4208  index=014D flags2=-1  lst0={}   u32_0=0000   a0=(0000,0000,0000,0000) a1=Vector (1.7976931348623157e+308, 0.0, 0.0) a2=Vector (1.7976931348623157e+308, 0.0, 0.0)
			next = (0660): FxAttr_EEE03AF5 a0=(0000,0000)     u16_0=006   u32_0=0000 a1=Vector (1.0, 0.0, 0.0) p1=Vector (-2.0000000000000004, 11.950000000000001, 0.0) p2=Vector (0.0, 13.0, 0.0) a2=Vector (1.049999999999999, 4.151887347716084, 0.0)
				entity2 = (0974): E1D3D023  flags=3000200  index=0000 flags2=0000  a1=(0,0,1.875) a2=(100,000,000) a3=Vector (-2.0000000000000004, 11.950000000000001, 0.0) a4=(000,000,000) a5=Vector (0.0, 8.1155e-320, 0.0) a6=(000,003,000) s32_0=-1 a7=(1,1.22465e-16,0,-1.22465e-16,1,0,0,4.15189,11.4889,0,4.15189,12.475,0,4.53174,11.95,0,4.53174,13,0,1.28588e-16,11.95,0,0,13,0,4.15189,11.95,0,4.15189,13,0) a8=(01,01,00,00,00,00,00,00,00,00,00,00,00,03,00,00,01,00) a9=(0,0.379856,0.0949641,1.0984,0.334187,0) u8_0=01   a10=(0000,0000,006A) a11=(4.15189,11.95,0,4.15189,13,0,4.15189,11.4889,0,4.15189,15.2791,0,4.15189,11.4889,0,0,0,0) u8_1=01 a12=(1,1.22465e-16,0,4.15189,12.475,0,0,1,0,4.15189,11.4889,0) u8_2=00 a13=(-1.90504,11.95,0,0.0949641,13,0) 
					ref_1 = (0B1F): 39A41830  flags=0210  index=0000 s32_0=-1 a2=(0000,0000,0000,0000,0000,0000,0000,0000,0000,0001,0000,0000,0003) a3=Vector (0.0, 0.0, 0.0) txt0="" a4=(0000,0000,0000,A7F9,A7FB) a5=(1,0,0,4.15189,11.4889,0) a6=(000,000,000,000,000,000)   u32_0=0000 a7=(0003,0003) a8=(07E4,0000) 
						*parameter1 = (010E): Parameter 'd15'=10.5mm
						*sketch = (00D4): Sketch2D 'Esquisse3'
					ref_2 = (0B20): 99B938AE  flags=0200  index=0000 a1=Vector (0.25, 0.1, 0.0) u32_0=0010 u32_1=0000
					*ref_3 = (0B20): 99B938AE
				*entity3 = (00DF): Line2D - (-4.3,11.95) - (-2,11.95)
				*entity4 = (0105): Line2D - (0,13) - (-4,13)
			*group = (010A): Group2D
			*parameter = (010E): Parameter 'd15'=10.5mm
			*entity1 = (00DF): Line2D - (-4.3,11.95) - (-2,11.95)
			*entity2 = (0105): Line2D - (0,13) - (-4,13)
		objects[0100] = (0110): ParameterMappings  flags=0208  index=014E s32_0=-1    f=0  u16_0=002 u8_0=00
			*ref_1 = (0111): 0D0F9548
			*target = (010E): Parameter 'd15'=10.5mm
			mapping[0000] = (0661): 553DA303  x=-0.5
				*parameter = (00F1): Parameter 'd11'=76mm
			mapping[0001] = (0662): 553DA303  x=0.5
				*parameter = (010B): Parameter 'd14'=97mm
			mapping[0002] = (0663): 553DA303  x=-1
				*parameter = (010E): Parameter 'd15'=10.5mm
			*paramRef = (065F): ParameterOperatorDiv '/'
		objects[0101] = (0111): 0D0F9548  flags=0200  index=014F s32_0=-1 u32_0=0001 
			*mapping = (0110): ParameterMappings
		objects[0102] = (0112): Point2D  flags=20200  index=0150 flags2=0000  pos=Vector (-9.350000000000001, 14.95, 0.0)   u32_0=0000 lst1=() 
			next = (0664): FxAttrStyles a0=(0000,0000)    u32_0=0000 associativeID=0010 typEntity=0001
				next = (0975): FxAttr_BFD09C43 a0=(0000,0000)     a1=(0,0,0,0) u32_0=0000
					*owner = (0112): Point2D - (-9.35,14.95)
					*entity2 = (0112): Point2D - (-9.35,14.95)
			*sketch = (00D4): Sketch2D 'Esquisse3'
			*endPointOf[0000] = (011C): Line2D - (-9.35,14.95) - (-9.35,10.95)
			*endPointOf[0001] = (0123): Circle2D - (-9.2,14.95), r=0.15, (-9.05,14.95), (-9.35,14.95)
		objects[0103] = (0113): Point2D  flags=20200  index=0151 flags2=0000  pos=Vector (-9.350000000000001, 10.950000000000001, 0.0)   u32_0=0000 lst1=() 
			next = (0665): FxAttrStyles a0=(0000,0000)    u32_0=0000 associativeID=0011 typEntity=0001
				next = (0976): FxAttr_BFD09C43 a0=(0000,0000)     a1=(0,0,0,0) u32_0=0000
					*owner = (0113): Point2D - (-9.35,10.95)
					*entity2 = (0113): Point2D - (-9.35,10.95)
			*sketch = (00D4): Sketch2D 'Esquisse3'
			*endPointOf[0000] = (011C): Line2D - (-9.35,14.95) - (-9.35,10.95)
			*endPointOf[0001] = (0124): Circle2D - (-9.2,10.95), r=0.15, (-9.35,10.95), (-9.05,10.95)
		objects[0104] = (0114): Point2D  flags=20200  index=0152 flags2=0000  pos=Vector (-9.05, 10.950000000000001, 0.0)   u32_0=0000 lst1=() 
			next = (0666): FxAttrStyles a0=(0000,0000)    u32_0=0000 associativeID=0012 typEntity=0001
				next = (0977): FxAttr_BFD09C43 a0=(0000,0000)     a1=(0,0,0,0) u32_0=0000
					*owner = (0114): Point2D - (-9.05,10.95)
					*entity2 = (0114): Point2D - (-9.05,10.95)
			*sketch = (00D4): Sketch2D 'Esquisse3'
			*endPointOf[0000] = (011D): Line2D - (-9.05,10.95) - (-9.05,14.95)
			*endPointOf[0001] = (0124): Circle2D - (-9.2,10.95), r=0.15, (-9.35,10.95), (-9.05,10.95)
		objects[0105] = (0115): Point2D  flags=20200  index=0153 flags2=0000  pos=Vector (-9.050000000000002, 14.95, 0.0)   u32_0=0000 lst1=() 
			next = (0667): FxAttrStyles a0=(0000,0000)    u32_0=0000 associativeID=0013 typEntity=0001
				next = (0978): FxAttr_BFD09C43 a0=(0000,0000)     a1=(0,0,0,0) u32_0=0000
					*owner = (0115): Point2D - (-9.05,14.95)
					*entity2 = (0115): Point2D - (-9.05,14.95)
			*sketch = (00D4): Sketch2D 'Esquisse3'
			*endPointOf[0000] = (011D): Line2D - (-9.05,10.95) - (-9.05,14.95)
			*endPointOf[0001] = (0123): Circle2D - (-9.2,14.95), r=0.15, (-9.05,14.95), (-9.35,14.95)
		objects[0106] = (0116): Point2D  flags=20200  index=0154 flags2=0000  pos=Vector (-9.200000000000001, 14.95, 0.0)   u32_0=0000 lst1=() 
			next = (0668): FxAttrStyles a0=(0000,0000)    u32_0=0000 associativeID=0014 typEntity=0001
			*sketch = (00D4): Sketch2D 'Esquisse3'
			*endPointOf[0000] = (0118): Line2D - (-9.2,14.95) - (-9.2,10.95)
			*centerOf[0000] = (0123): Circle2D - (-9.2,14.95), r=0.15, (-9.05,14.95), (-9.35,14.95)
		objects[0107] = (0117): Point2D  flags=20200  index=0155 flags2=0000  pos=Vector (-9.200000000000001, 10.95, 0.0)   u32_0=0000 lst1=() 
			next = (0669): FxAttrStyles a0=(0000,0000)    u32_0=0000 associativeID=0015 typEntity=0001
			*sketch = (00D4): Sketch2D 'Esquisse3'
			*endPointOf[0000] = (0118): Line2D - (-9.2,14.95) - (-9.2,10.95)
			*centerOf[0000] = (0124): Circle2D - (-9.2,10.95), r=0.15, (-9.35,10.95), (-9.05,10.95)
		objects[0108] = (0118): Line2D  flags=20200  index=0156 flags2=80000    pos=Vector (-9.200000000000003, 12.664133484367966, 0.0) dir=Vector (0.0, -1.0, 0.0)
			next = (066A): FxAttrStyles a0=(0000,0000)    u32_0=0000 associativeID=0016 typEntity=0002
			*sketch = (00D4): Sketch2D 'Esquisse3'
			*points[0000] = (0116): Point2D - (-9.2,14.95)
			*points[0001] = (0117): Point2D - (-9.2,10.95)
			*points[0002] = (01DC): Point2D - (-9.2,5.35)
			*points[0003] = (01DE): Point2D - (-9.2,1.35)
		objects[0109] = (0119): Geometric_Coincident2D  flags=4208  index=0157 flags2=-1  lst0={[0118,1]:0}    
			*group = (02B3): Group2D
			*lst0[0000] = (0118): Line2D - (-9.2,14.95) - (-9.2,10.95)
			*lst1[0000] = (0118): Line2D - (-9.2,14.95) - (-9.2,10.95)
			*entity1 = (0118): Line2D - (-9.2,14.95) - (-9.2,10.95)
			*entity2 = (0116): Point2D - (-9.2,14.95)
		objects[010A] = (011A): Geometric_Coincident2D  flags=4208  index=0158 flags2=-1  lst0={[0118,1]:1}    
			*group = (02B3): Group2D
			*lst0[0000] = (0118): Line2D - (-9.2,14.95) - (-9.2,10.95)
			*lst1[0000] = (0118): Line2D - (-9.2,14.95) - (-9.2,10.95)
			*entity1 = (0118): Line2D - (-9.2,14.95) - (-9.2,10.95)
			*entity2 = (0117): Point2D - (-9.2,10.95)
		objects[010B] = (011B): Geometric_Vertical2D  flags=4208  index=0159 flags2=-1  lst0={}    u8_0=00
			*group = (02B3): Group2D
			*line = (0118): Line2D - (-9.2,14.95) - (-9.2,10.95)
		objects[010C] = (011C): Line2D  flags=20200  index=015A flags2=0000    pos=Vector (-9.350000000000001, 12.66413348436796, 0.0) dir=Vector (-4.12427571728477e-18, -1.0, 0.0)
			next = (066B): FxAttrStyles a0=(0000,0000)    u32_0=0000 associativeID=0017 typEntity=0002
			*sketch = (00D4): Sketch2D 'Esquisse3'
			*points[0000] = (0112): Point2D - (-9.35,14.95)
			*points[0001] = (0113): Point2D - (-9.35,10.95)
		objects[010D] = (011D): Line2D  flags=20200  index=015B flags2=0000    pos=Vector (-9.050000000000002, 12.66413348436796, 0.0) dir=Vector (4.12427571728477e-18, 1.0, 0.0)
			next = (066C): FxAttrStyles a0=(0000,0000)    u32_0=0000 associativeID=0018 typEntity=0002
			*sketch = (00D4): Sketch2D 'Esquisse3'
			*points[0000] = (0114): Point2D - (-9.05,10.95)
			*points[0001] = (0115): Point2D - (-9.05,14.95)
		objects[010E] = (011E): Geometric_Parallel2D  flags=4208  index=015C flags2=-1  lst0={}     u16_0=000
			*group = (02B3): Group2D
			*line1 = (011C): Line2D - (-9.35,14.95) - (-9.35,10.95)
			*line2 = (011D): Line2D - (-9.05,10.95) - (-9.05,14.95)
		objects[010F] = (011F): Geometric_Coincident2D  flags=4208  index=015D flags2=-1  lst0={[011C,1]:0}    
			*group = (02B3): Group2D
			*lst0[0000] = (011C): Line2D - (-9.35,14.95) - (-9.35,10.95)
			*lst1[0000] = (011C): Line2D - (-9.35,14.95) - (-9.35,10.95)
			*entity1 = (011C): Line2D - (-9.35,14.95) - (-9.35,10.95)
			*entity2 = (0112): Point2D - (-9.35,14.95)
		objects[0110] = (0120): Geometric_Coincident2D  flags=4208  index=015E flags2=-1  lst0={[011C,1]:1}    
			*group = (02B3): Group2D
			*lst0[0000] = (011C): Line2D - (-9.35,14.95) - (-9.35,10.95)
			*lst1[0000] = (011C): Line2D - (-9.35,14.95) - (-9.35,10.95)
			*entity1 = (011C): Line2D - (-9.35,14.95) - (-9.35,10.95)
			*entity2 = (0113): Point2D - (-9.35,10.95)
		objects[0111] = (0121): Geometric_Coincident2D  flags=4208  index=015F flags2=-1  lst0={[011D,1]:0}    
			*group = (02B3): Group2D
			*lst0[0000] = (011D): Line2D - (-9.05,10.95) - (-9.05,14.95)
			*lst1[0000] = (011D): Line2D - (-9.05,10.95) - (-9.05,14.95)
			*entity1 = (011D): Line2D - (-9.05,10.95) - (-9.05,14.95)
			*entity2 = (0114): Point2D - (-9.05,10.95)
		objects[0112] = (0122): Geometric_Coincident2D  flags=4208  index=0160 flags2=-1  lst0={[011D,1]:1}    
			*group = (02B3): Group2D
			*lst0[0000] = (011D): Line2D - (-9.05,10.95) - (-9.05,14.95)
			*lst1[0000] = (011D): Line2D - (-9.05,10.95) - (-9.05,14.95)
			*entity1 = (011D): Line2D - (-9.05,10.95) - (-9.05,14.95)
			*entity2 = (0115): Point2D - (-9.05,14.95)
		objects[0113] = (0123): Circle2D  flags=20200  index=0161 flags2=0000     r=0.15 u8_0=00
			next = (066D): FxAttrStyles a0=(0000,0000)    u32_0=0000 associativeID=0019 typEntity=0002
			*sketch = (00D4): Sketch2D 'Esquisse3'
			*points[0000] = (0115): Point2D - (-9.05,14.95)
			*points[0001] = (0112): Point2D - (-9.35,14.95)
			*center = (0116): Point2D - (-9.2,14.95)
		objects[0114] = (0124): Circle2D  flags=20200  index=0162 flags2=0000     r=0.15 u8_0=00
			next = (066E): FxAttrStyles a0=(0000,0000)    u32_0=0000 associativeID=001A typEntity=0002
			*sketch = (00D4): Sketch2D 'Esquisse3'
			*points[0000] = (0113): Point2D - (-9.35,10.95)
			*points[0001] = (0114): Point2D - (-9.05,10.95)
			*center = (0117): Point2D - (-9.2,10.95)
		objects[0115] = (0125): Geometric_Radius2D  flags=4208  index=0163 flags2=-1  lst0={}    
			*group = (02B3): Group2D
			*entity = (0123): Circle2D - (-9.2,14.95), r=0.15, (-9.05,14.95), (-9.35,14.95)
			*center = (0116): Point2D - (-9.2,14.95)
		objects[0116] = (0126): Geometric_Radius2D  flags=4208  index=0164 flags2=-1  lst0={}    
			*group = (02B3): Group2D
			*entity = (0124): Circle2D - (-9.2,10.95), r=0.15, (-9.35,10.95), (-9.05,10.95)
			*center = (0117): Point2D - (-9.2,10.95)
		objects[0117] = (0127): Geometric_Coincident2D  flags=4208  index=0165 flags2=-1  lst0={[0123,1]:3.14159}    
			*group = (02B3): Group2D
			*lst0[0000] = (0123): Circle2D - (-9.2,14.95), r=0.15, (-9.05,14.95), (-9.35,14.95)
			*lst1[0000] = (0123): Circle2D - (-9.2,14.95), r=0.15, (-9.05,14.95), (-9.35,14.95)
			*entity1 = (0123): Circle2D - (-9.2,14.95), r=0.15, (-9.05,14.95), (-9.35,14.95)
			*entity2 = (0112): Point2D - (-9.35,14.95)
		objects[0118] = (0128): Geometric_Coincident2D  flags=4208  index=0166 flags2=-1  lst0={[0123,1]:0}    
			*group = (02B3): Group2D
			*lst0[0000] = (0123): Circle2D - (-9.2,14.95), r=0.15, (-9.05,14.95), (-9.35,14.95)
			*lst1[0000] = (0123): Circle2D - (-9.2,14.95), r=0.15, (-9.05,14.95), (-9.35,14.95)
			*entity1 = (0123): Circle2D - (-9.2,14.95), r=0.15, (-9.05,14.95), (-9.35,14.95)
			*entity2 = (0115): Point2D - (-9.05,14.95)
		objects[0119] = (0129): Geometric_Coincident2D  flags=4208  index=0167 flags2=-1  lst0={[0124,1]:3.14159}    
			*group = (02B3): Group2D
			*lst0[0000] = (0124): Circle2D - (-9.2,10.95), r=0.15, (-9.35,10.95), (-9.05,10.95)
			*lst1[0000] = (0124): Circle2D - (-9.2,10.95), r=0.15, (-9.35,10.95), (-9.05,10.95)
			*entity1 = (0124): Circle2D - (-9.2,10.95), r=0.15, (-9.35,10.95), (-9.05,10.95)
			*entity2 = (0113): Point2D - (-9.35,10.95)
		objects[011A] = (012A): Geometric_Coincident2D  flags=4208  index=0168 flags2=-1  lst0={[0124,1]:6.28319}    
			*group = (02B3): Group2D
			*lst0[0000] = (0124): Circle2D - (-9.2,10.95), r=0.15, (-9.35,10.95), (-9.05,10.95)
			*lst1[0000] = (0124): Circle2D - (-9.2,10.95), r=0.15, (-9.35,10.95), (-9.05,10.95)
			*entity1 = (0124): Circle2D - (-9.2,10.95), r=0.15, (-9.35,10.95), (-9.05,10.95)
			*entity2 = (0114): Point2D - (-9.05,10.95)
		objects[011B] = (012B): Geometric_Tangential2D  flags=4208  index=0169 flags2=-1  lst0={}    
			*group = (02B3): Group2D
			*entity1 = (0123): Circle2D - (-9.2,14.95), r=0.15, (-9.05,14.95), (-9.35,14.95)
			*entity2 = (011C): Line2D - (-9.35,14.95) - (-9.35,10.95)
		objects[011C] = (012C): Geometric_Tangential2D  flags=4208  index=016A flags2=-1  lst0={}    
			*group = (02B3): Group2D
			*entity1 = (0123): Circle2D - (-9.2,14.95), r=0.15, (-9.05,14.95), (-9.35,14.95)
			*entity2 = (011D): Line2D - (-9.05,10.95) - (-9.05,14.95)
		objects[011D] = (012D): Geometric_Tangential2D  flags=4208  index=016B flags2=-1  lst0={}    
			*group = (02B3): Group2D
			*entity1 = (0124): Circle2D - (-9.2,10.95), r=0.15, (-9.35,10.95), (-9.05,10.95)
			*entity2 = (011C): Line2D - (-9.35,14.95) - (-9.35,10.95)
		objects[011E] = (012E): Geometric_Tangential2D  flags=4208  index=016C flags2=-1  lst0={}    
			*group = (02B3): Group2D
			*entity1 = (0124): Circle2D - (-9.2,10.95), r=0.15, (-9.35,10.95), (-9.05,10.95)
			*entity2 = (011D): Line2D - (-9.05,10.95) - (-9.05,14.95)
		objects[011F] = (012F): Geometric_Coincident2D  flags=4208  index=016D flags2=-1  lst0={[0118,1]:0}    
			*group = (02B3): Group2D
			*lst0[0000] = (0118): Line2D - (-9.2,14.95) - (-9.2,10.95)
			*lst1[0000] = (0118): Line2D - (-9.2,14.95) - (-9.2,10.95)
			*entity1 = (0118): Line2D - (-9.2,14.95) - (-9.2,10.95)
			*entity2 = (0116): Point2D - (-9.2,14.95)
		objects[0120] = (0130): Geometric_Coincident2D  flags=4208  index=016E flags2=-1  lst0={[0118,1]:1}    
			*group = (02B3): Group2D
			*lst0[0000] = (0118): Line2D - (-9.2,14.95) - (-9.2,10.95)
			*lst1[0000] = (0118): Line2D - (-9.2,14.95) - (-9.2,10.95)
			*entity1 = (0118): Line2D - (-9.2,14.95) - (-9.2,10.95)
			*entity2 = (0117): Point2D - (-9.2,10.95)
		objects[0121] = (0131): Point2D  flags=20200  index=016F flags2=0000  pos=Vector (-9.200000000000001, 12.95, 0.0)   u32_0=0000 lst1=() 
			next = (066F): FxAttrStyles a0=(0000,0000)    u32_0=0000 associativeID=001B typEntity=0001
				next = (0979): FxAttr_BFD09C43 a0=(0000,0000)     a1=(0,0,0,0) u32_0=0000
					*owner = (0131): Point2D - (-9.2,12.95)
					*entity2 = (0131): Point2D - (-9.2,12.95)
			*sketch = (00D4): Sketch2D 'Esquisse3'
		objects[0122] = (0132): Geometric_SymmetryPoint2D  flags=4208  index=0170 flags2=-1  lst0={}    
			*group = (02B3): Group2D
			*entity = (0118): Line2D - (-9.2,14.95) - (-9.2,10.95)
			*point = (0131): Point2D - (-9.2,12.95)
		objects[0123] = (0133): Point2D  flags=20200  index=0172 flags2=0000  pos=Vector (-11.05, 14.95, 0.0)   u32_0=0000 lst1=() 
			next = (0670): FxAttrStyles a0=(0000,0000)    u32_0=0000 associativeID=001C typEntity=0001
				next = (097A): FxAttr_BFD09C43 a0=(0000,0000)     a1=(0,0,0,0) u32_0=0000
					*owner = (0133): Point2D - (-11.05,14.95)
					*entity2 = (0133): Point2D - (-11.05,14.95)
			*sketch = (00D4): Sketch2D 'Esquisse3'
			*endPointOf[0000] = (013D): Line2D - (-11.05,14.95) - (-11.05,10.95)
			*endPointOf[0001] = (0144): Circle2D - (-10.9,14.95), r=0.15, (-10.75,14.95), (-11.05,14.95)
		objects[0124] = (0134): Point2D  flags=20200  index=0173 flags2=0000  pos=Vector (-11.05, 10.950000000000001, 0.0)   u32_0=0000 lst1=() 
			next = (0671): FxAttrStyles a0=(0000,0000)    u32_0=0000 associativeID=001D typEntity=0001
				next = (097B): FxAttr_BFD09C43 a0=(0000,0000)     a1=(0,0,0,0) u32_0=0000
					*owner = (0134): Point2D - (-11.05,10.95)
					*entity2 = (0134): Point2D - (-11.05,10.95)
			*sketch = (00D4): Sketch2D 'Esquisse3'
			*endPointOf[0000] = (013D): Line2D - (-11.05,14.95) - (-11.05,10.95)
			*endPointOf[0001] = (0145): Circle2D - (-10.9,10.95), r=0.15, (-11.05,10.95), (-10.75,10.95)
		objects[0125] = (0135): Point2D  flags=20200  index=0174 flags2=0000  pos=Vector (-10.750000000000002, 10.950000000000001, 0.0)   u32_0=0000 lst1=() 
			next = (0672): FxAttrStyles a0=(0000,0000)    u32_0=0000 associativeID=001E typEntity=0001
				next = (097C): FxAttr_BFD09C43 a0=(0000,0000)     a1=(0,0,0,0) u32_0=0000
					*owner = (0135): Point2D - (-10.75,10.95)
					*entity2 = (0135): Point2D - (-10.75,10.95)
			*sketch = (00D4): Sketch2D 'Esquisse3'
			*endPointOf[0000] = (013E): Line2D - (-10.75,10.95) - (-10.75,14.95)
			*endPointOf[0001] = (0145): Circle2D - (-10.9,10.95), r=0.15, (-11.05,10.95), (-10.75,10.95)
		objects[0126] = (0136): Point2D  flags=20200  index=0175 flags2=0000  pos=Vector (-10.75, 14.95, 0.0)   u32_0=0000 lst1=() 
			next = (0673): FxAttrStyles a0=(0000,0000)    u32_0=0000 associativeID=001F typEntity=0001
				next = (097D): FxAttr_BFD09C43 a0=(0000,0000)     a1=(0,0,0,0) u32_0=0000
					*owner = (0136): Point2D - (-10.75,14.95)
					*entity2 = (0136): Point2D - (-10.75,14.95)
			*sketch = (00D4): Sketch2D 'Esquisse3'
			*endPointOf[0000] = (013E): Line2D - (-10.75,10.95) - (-10.75,14.95)
			*endPointOf[0001] = (0144): Circle2D - (-10.9,14.95), r=0.15, (-10.75,14.95), (-11.05,14.95)
		objects[0127] = (0137): Point2D  flags=20200  index=0176 flags2=0000  pos=Vector (-10.9, 14.95, 0.0)   u32_0=0000 lst1=() 
			next = (0674): FxAttrStyles a0=(0000,0000)    u32_0=0000 associativeID=0020 typEntity=0001
			*sketch = (00D4): Sketch2D 'Esquisse3'
			*endPointOf[0000] = (0139): Line2D - (-10.9,14.95) - (-10.9,10.95)
			*centerOf[0000] = (0144): Circle2D - (-10.9,14.95), r=0.15, (-10.75,14.95), (-11.05,14.95)
		objects[0128] = (0138): Point2D  flags=20200  index=0177 flags2=0000  pos=Vector (-10.9, 10.950000000000001, 0.0)   u32_0=0000 lst1=() 
			next = (0675): FxAttrStyles a0=(0000,0000)    u32_0=0000 associativeID=0021 typEntity=0001
			*sketch = (00D4): Sketch2D 'Esquisse3'
			*endPointOf[0000] = (0139): Line2D - (-10.9,14.95) - (-10.9,10.95)
			*centerOf[0000] = (0145): Circle2D - (-10.9,10.95), r=0.15, (-11.05,10.95), (-10.75,10.95)
		objects[0129] = (0139): Line2D  flags=20200  index=0178 flags2=80000    pos=Vector (-10.900000000000002, 12.66413348436796, 0.0) dir=Vector (-4.12427571728477e-18, -1.0, 0.0)
			next = (0676): FxAttrStyles a0=(0000,0000)    u32_0=0000 associativeID=0022 typEntity=0002
			*sketch = (00D4): Sketch2D 'Esquisse3'
			*points[0000] = (0137): Point2D - (-10.9,14.95)
			*points[0001] = (0138): Point2D - (-10.9,10.95)
			*points[0002] = (01FE): Point2D - (-10.9,5.35)
			*points[0003] = (0200): Point2D - (-10.9,1.35)
		objects[012A] = (013A): Geometric_Coincident2D  flags=4208  index=0179 flags2=-1  lst0={[0139,1]:0}    
			*group = (02B3): Group2D
			*lst0[0000] = (0139): Line2D - (-10.9,14.95) - (-10.9,10.95)
			*lst1[0000] = (0139): Line2D - (-10.9,14.95) - (-10.9,10.95)
			*entity1 = (0139): Line2D - (-10.9,14.95) - (-10.9,10.95)
			*entity2 = (0137): Point2D - (-10.9,14.95)
		objects[012B] = (013B): Geometric_Coincident2D  flags=4208  index=017A flags2=-1  lst0={[0139,1]:1}    
			*group = (02B3): Group2D
			*lst0[0000] = (0139): Line2D - (-10.9,14.95) - (-10.9,10.95)
			*lst1[0000] = (0139): Line2D - (-10.9,14.95) - (-10.9,10.95)
			*entity1 = (0139): Line2D - (-10.9,14.95) - (-10.9,10.95)
			*entity2 = (0138): Point2D - (-10.9,10.95)
		objects[012C] = (013C): Geometric_Parallel2D  flags=4208  index=017B flags2=-1  lst0={}     u16_0=000
			*group = (02B3): Group2D
			*line1 = (011D): Line2D - (-9.05,10.95) - (-9.05,14.95)
			*line2 = (0139): Line2D - (-10.9,14.95) - (-10.9,10.95)
		objects[012D] = (013D): Line2D  flags=20200  index=017C flags2=0000    pos=Vector (-11.050000000000002, 12.66413348436796, 0.0) dir=Vector (-4.12427571728477e-18, -1.0, 0.0)
			next = (0677): FxAttrStyles a0=(0000,0000)    u32_0=0000 associativeID=0023 typEntity=0002
			*sketch = (00D4): Sketch2D 'Esquisse3'
			*points[0000] = (0133): Point2D - (-11.05,14.95)
			*points[0001] = (0134): Point2D - (-11.05,10.95)
		objects[012E] = (013E): Line2D  flags=20200  index=017D flags2=0000    pos=Vector (-10.750000000000002, 12.66413348436796, 0.0) dir=Vector (4.12427571728477e-18, 1.0, 0.0)
			next = (0678): FxAttrStyles a0=(0000,0000)    u32_0=0000 associativeID=0024 typEntity=0002
			*sketch = (00D4): Sketch2D 'Esquisse3'
			*points[0000] = (0135): Point2D - (-10.75,10.95)
			*points[0001] = (0136): Point2D - (-10.75,14.95)
		objects[012F] = (013F): Geometric_Parallel2D  flags=4208  index=017E flags2=-1  lst0={}     u16_0=000
			*group = (02B3): Group2D
			*line1 = (013D): Line2D - (-11.05,14.95) - (-11.05,10.95)
			*line2 = (013E): Line2D - (-10.75,10.95) - (-10.75,14.95)
		objects[0130] = (0140): Geometric_Coincident2D  flags=4208  index=017F flags2=-1  lst0={[013D,1]:0}    
			*group = (02B3): Group2D
			*lst0[0000] = (013D): Line2D - (-11.05,14.95) - (-11.05,10.95)
			*lst1[0000] = (013D): Line2D - (-11.05,14.95) - (-11.05,10.95)
			*entity1 = (013D): Line2D - (-11.05,14.95) - (-11.05,10.95)
			*entity2 = (0133): Point2D - (-11.05,14.95)
		objects[0131] = (0141): Geometric_Coincident2D  flags=4208  index=0180 flags2=-1  lst0={[013D,1]:1}    
			*group = (02B3): Group2D
			*lst0[0000] = (013D): Line2D - (-11.05,14.95) - (-11.05,10.95)
			*lst1[0000] = (013D): Line2D - (-11.05,14.95) - (-11.05,10.95)
			*entity1 = (013D): Line2D - (-11.05,14.95) - (-11.05,10.95)
			*entity2 = (0134): Point2D - (-11.05,10.95)
		objects[0132] = (0142): Geometric_Coincident2D  flags=4208  index=0181 flags2=-1  lst0={[013E,1]:0}    
			*group = (02B3): Group2D
			*lst0[0000] = (013E): Line2D - (-10.75,10.95) - (-10.75,14.95)
			*lst1[0000] = (013E): Line2D - (-10.75,10.95) - (-10.75,14.95)
			*entity1 = (013E): Line2D - (-10.75,10.95) - (-10.75,14.95)
			*entity2 = (0135): Point2D - (-10.75,10.95)
		objects[0133] = (0143): Geometric_Coincident2D  flags=4208  index=0182 flags2=-1  lst0={[013E,1]:1}    
			*group = (02B3): Group2D
			*lst0[0000] = (013E): Line2D - (-10.75,10.95) - (-10.75,14.95)
			*lst1[0000] = (013E): Line2D - (-10.75,10.95) - (-10.75,14.95)
			*entity1 = (013E): Line2D - (-10.75,10.95) - (-10.75,14.95)
			*entity2 = (0136): Point2D - (-10.75,14.95)
		objects[0134] = (0144): Circle2D  flags=20200  index=0183 flags2=0000     r=0.15 u8_0=00
			next = (0679): FxAttrStyles a0=(0000,0000)    u32_0=0000 associativeID=0025 typEntity=0002
			*sketch = (00D4): Sketch2D 'Esquisse3'
			*points[0000] = (0136): Point2D - (-10.75,14.95)
			*points[0001] = (0133): Point2D - (-11.05,14.95)
			*center = (0137): Point2D - (-10.9,14.95)
		objects[0135] = (0145): Circle2D  flags=20200  index=0184 flags2=0000     r=0.15 u8_0=00
			next = (067A): FxAttrStyles a0=(0000,0000)    u32_0=0000 associativeID=0026 typEntity=0002
			*sketch = (00D4): Sketch2D 'Esquisse3'
			*points[0000] = (0134): Point2D - (-11.05,10.95)
			*points[0001] = (0135): Point2D - (-10.75,10.95)
			*center = (0138): Point2D - (-10.9,10.95)
		objects[0136] = (0146): Geometric_Radius2D  flags=4208  index=0185 flags2=-1  lst0={}    
			*group = (02B3): Group2D
			*entity = (0144): Circle2D - (-10.9,14.95), r=0.15, (-10.75,14.95), (-11.05,14.95)
			*center = (0137): Point2D - (-10.9,14.95)
		objects[0137] = (0147): Geometric_Radius2D  flags=4208  index=0186 flags2=-1  lst0={}    
			*group = (02B3): Group2D
			*entity = (0145): Circle2D - (-10.9,10.95), r=0.15, (-11.05,10.95), (-10.75,10.95)
			*center = (0138): Point2D - (-10.9,10.95)
		objects[0138] = (0148): Geometric_Coincident2D  flags=4208  index=0187 flags2=-1  lst0={[0144,1]:3.14159}    
			*group = (02B3): Group2D
			*lst0[0000] = (0144): Circle2D - (-10.9,14.95), r=0.15, (-10.75,14.95), (-11.05,14.95)
			*lst1[0000] = (0144): Circle2D - (-10.9,14.95), r=0.15, (-10.75,14.95), (-11.05,14.95)
			*entity1 = (0144): Circle2D - (-10.9,14.95), r=0.15, (-10.75,14.95), (-11.05,14.95)
			*entity2 = (0133): Point2D - (-11.05,14.95)
		objects[0139] = (0149): Geometric_Coincident2D  flags=4208  index=0188 flags2=-1  lst0={[0144,1]:0}    
			*group = (02B3): Group2D
			*lst0[0000] = (0144): Circle2D - (-10.9,14.95), r=0.15, (-10.75,14.95), (-11.05,14.95)
			*lst1[0000] = (0144): Circle2D - (-10.9,14.95), r=0.15, (-10.75,14.95), (-11.05,14.95)
			*entity1 = (0144): Circle2D - (-10.9,14.95), r=0.15, (-10.75,14.95), (-11.05,14.95)
			*entity2 = (0136): Point2D - (-10.75,14.95)
		objects[013A] = (014A): Geometric_Coincident2D  flags=4208  index=0189 flags2=-1  lst0={[0145,1]:3.14159}    
			*group = (02B3): Group2D
			*lst0[0000] = (0145): Circle2D - (-10.9,10.95), r=0.15, (-11.05,10.95), (-10.75,10.95)
			*lst1[0000] = (0145): Circle2D - (-10.9,10.95), r=0.15, (-11.05,10.95), (-10.75,10.95)
			*entity1 = (0145): Circle2D - (-10.9,10.95), r=0.15, (-11.05,10.95), (-10.75,10.95)
			*entity2 = (0134): Point2D - (-11.05,10.95)
		objects[013B] = (014B): Geometric_Coincident2D  flags=4208  index=018A flags2=-1  lst0={[0145,1]:6.28319}    
			*group = (02B3): Group2D
			*lst0[0000] = (0145): Circle2D - (-10.9,10.95), r=0.15, (-11.05,10.95), (-10.75,10.95)
			*lst1[0000] = (0145): Circle2D - (-10.9,10.95), r=0.15, (-11.05,10.95), (-10.75,10.95)
			*entity1 = (0145): Circle2D - (-10.9,10.95), r=0.15, (-11.05,10.95), (-10.75,10.95)
			*entity2 = (0135): Point2D - (-10.75,10.95)
		objects[013C] = (014C): Geometric_Tangential2D  flags=4208  index=018B flags2=-1  lst0={}    
			*group = (02B3): Group2D
			*entity1 = (0144): Circle2D - (-10.9,14.95), r=0.15, (-10.75,14.95), (-11.05,14.95)
			*entity2 = (013D): Line2D - (-11.05,14.95) - (-11.05,10.95)
		objects[013D] = (014D): Geometric_Tangential2D  flags=4208  index=018C flags2=-1  lst0={}    
			*group = (02B3): Group2D
			*entity1 = (0144): Circle2D - (-10.9,14.95), r=0.15, (-10.75,14.95), (-11.05,14.95)
			*entity2 = (013E): Line2D - (-10.75,10.95) - (-10.75,14.95)
		objects[013E] = (014E): Geometric_Tangential2D  flags=4208  index=018D flags2=-1  lst0={}    
			*group = (02B3): Group2D
			*entity1 = (0145): Circle2D - (-10.9,10.95), r=0.15, (-11.05,10.95), (-10.75,10.95)
			*entity2 = (013D): Line2D - (-11.05,14.95) - (-11.05,10.95)
		objects[013F] = (014F): Geometric_Tangential2D  flags=4208  index=018E flags2=-1  lst0={}    
			*group = (02B3): Group2D
			*entity1 = (0145): Circle2D - (-10.9,10.95), r=0.15, (-11.05,10.95), (-10.75,10.95)
			*entity2 = (013E): Line2D - (-10.75,10.95) - (-10.75,14.95)
		objects[0140] = (0150): Geometric_Coincident2D  flags=4208  index=018F flags2=-1  lst0={[0139,1]:0}    
			*group = (02B3): Group2D
			*lst0[0000] = (0139): Line2D - (-10.9,14.95) - (-10.9,10.95)
			*lst1[0000] = (0139): Line2D - (-10.9,14.95) - (-10.9,10.95)
			*entity1 = (0139): Line2D - (-10.9,14.95) - (-10.9,10.95)
			*entity2 = (0137): Point2D - (-10.9,14.95)
		objects[0141] = (0151): Geometric_Coincident2D  flags=4208  index=0190 flags2=-1  lst0={[0139,1]:1}    
			*group = (02B3): Group2D
			*lst0[0000] = (0139): Line2D - (-10.9,14.95) - (-10.9,10.95)
			*lst1[0000] = (0139): Line2D - (-10.9,14.95) - (-10.9,10.95)
			*entity1 = (0139): Line2D - (-10.9,14.95) - (-10.9,10.95)
			*entity2 = (0138): Point2D - (-10.9,10.95)
		objects[0142] = (0152): Point2D  flags=20200  index=0191 flags2=0000  pos=Vector (-10.9, 12.95, 0.0)   u32_0=0000 lst1=() 
			next = (067B): FxAttrStyles a0=(0000,0000)    u32_0=0000 associativeID=0027 typEntity=0001
				next = (097E): FxAttr_BFD09C43 a0=(0000,0000)     a1=(0,0,0,0) u32_0=0000
					*owner = (0152): Point2D - (-10.9,12.95)
					*entity2 = (0152): Point2D - (-10.9,12.95)
			*sketch = (00D4): Sketch2D 'Esquisse3'
		objects[0143] = (0153): Geometric_SymmetryPoint2D  flags=4208  index=0192 flags2=-1  lst0={}    
			*group = (02B3): Group2D
			*entity = (0139): Line2D - (-10.9,14.95) - (-10.9,10.95)
			*point = (0152): Point2D - (-10.9,12.95)
		objects[0144] = (0154): Point2D  flags=20200  index=0193 flags2=0000  pos=Vector (-12.750000000000002, 13.950000000000001, 0.0)   u32_0=0000 lst1=() 
			next = (067C): FxAttrStyles a0=(0000,0000)    u32_0=0000 associativeID=0028 typEntity=0001
				next = (097F): FxAttr_BFD09C43 a0=(0000,0000)     a1=(0,0,0,0) u32_0=0000
					*owner = (0154): Point2D - (-12.75,13.95)
					*entity2 = (0154): Point2D - (-12.75,13.95)
			*sketch = (00D4): Sketch2D 'Esquisse3'
			*endPointOf[0000] = (015E): Line2D - (-12.75,13.95) - (-12.75,10.95)
			*endPointOf[0001] = (0165): Circle2D - (-12.6,13.95), r=0.15, (-12.45,13.95), (-12.75,13.95)
		objects[0145] = (0155): Point2D  flags=20200  index=0194 flags2=0000  pos=Vector (-12.750000000000002, 10.950000000000001, 0.0)   u32_0=0000 lst1=() 
			next = (067D): FxAttrStyles a0=(0000,0000)    u32_0=0000 associativeID=0029 typEntity=0001
				next = (0980): FxAttr_BFD09C43 a0=(0000,0000)     a1=(0,0,0,0) u32_0=0000
					*owner = (0155): Point2D - (-12.75,10.95)
					*entity2 = (0155): Point2D - (-12.75,10.95)
			*sketch = (00D4): Sketch2D 'Esquisse3'
			*endPointOf[0000] = (015E): Line2D - (-12.75,13.95) - (-12.75,10.95)
			*endPointOf[0001] = (0166): Circle2D - (-12.6,10.95), r=0.15, (-12.75,10.95), (-12.45,10.95)
		objects[0146] = (0156): Point2D  flags=20200  index=0195 flags2=0000  pos=Vector (-12.450000000000001, 10.950000000000001, 0.0)   u32_0=0000 lst1=() 
			next = (067E): FxAttrStyles a0=(0000,0000)    u32_0=0000 associativeID=002A typEntity=0001
				next = (0981): FxAttr_BFD09C43 a0=(0000,0000)     a1=(0,0,0,0) u32_0=0000
					*owner = (0156): Point2D - (-12.45,10.95)
					*entity2 = (0156): Point2D - (-12.45,10.95)
			*sketch = (00D4): Sketch2D 'Esquisse3'
			*endPointOf[0000] = (015F): Line2D - (-12.45,10.95) - (-12.45,13.95)
			*endPointOf[0001] = (0166): Circle2D - (-12.6,10.95), r=0.15, (-12.75,10.95), (-12.45,10.95)
		objects[0147] = (0157): Point2D  flags=20200  index=0196 flags2=0000  pos=Vector (-12.450000000000001, 13.950000000000001, 0.0)   u32_0=0000 lst1=() 
			next = (067F): FxAttrStyles a0=(0000,0000)    u32_0=0000 associativeID=002B typEntity=0001
				next = (0982): FxAttr_BFD09C43 a0=(0000,0000)     a1=(0,0,0,0) u32_0=0000
					*owner = (0157): Point2D - (-12.45,13.95)
					*entity2 = (0157): Point2D - (-12.45,13.95)
			*sketch = (00D4): Sketch2D 'Esquisse3'
			*endPointOf[0000] = (015F): Line2D - (-12.45,10.95) - (-12.45,13.95)
			*endPointOf[0001] = (0165): Circle2D - (-12.6,13.95), r=0.15, (-12.45,13.95), (-12.75,13.95)
		objects[0148] = (0158): Point2D  flags=20200  index=0197 flags2=0000  pos=Vector (-12.600000000000001, 13.950000000000001, 0.0)   u32_0=0000 lst1=() 
			next = (0680): FxAttrStyles a0=(0000,0000)    u32_0=0000 associativeID=002C typEntity=0001
			*sketch = (00D4): Sketch2D 'Esquisse3'
			*endPointOf[0000] = (015A): Line2D - (-12.6,13.95) - (-12.6,10.95)
			*centerOf[0000] = (0165): Circle2D - (-12.6,13.95), r=0.15, (-12.45,13.95), (-12.75,13.95)
		objects[0149] = (0159): Point2D  flags=20200  index=0198 flags2=0000  pos=Vector (-12.600000000000001, 10.950000000000001, 0.0)   u32_0=0000 lst1=() 
			next = (0681): FxAttrStyles a0=(0000,0000)    u32_0=0000 associativeID=002D typEntity=0001
			*sketch = (00D4): Sketch2D 'Esquisse3'
			*endPointOf[0000] = (015A): Line2D - (-12.6,13.95) - (-12.6,10.95)
			*centerOf[0000] = (0166): Circle2D - (-12.6,10.95), r=0.15, (-12.75,10.95), (-12.45,10.95)
		objects[014A] = (015A): Line2D  flags=20200  index=0199 flags2=80000    pos=Vector (-12.600000000000003, 11.855679284910632, 0.0) dir=Vector (-4.12427571728477e-18, -1.0, 0.0)
			next = (0682): FxAttrStyles a0=(0000,0000)    u32_0=0000 associativeID=002E typEntity=0002
			*sketch = (00D4): Sketch2D 'Esquisse3'
			*points[0000] = (0158): Point2D - (-12.6,13.95)
			*points[0001] = (0159): Point2D - (-12.6,10.95)
			*points[0002] = (0220): Point2D - (-12.6,5.35)
			*points[0003] = (0222): Point2D - (-12.6,2.35)
		objects[014B] = (015B): Geometric_Coincident2D  flags=4208  index=019A flags2=-1  lst0={[015A,1]:0}    
			*group = (02B3): Group2D
			*lst0[0000] = (015A): Line2D - (-12.6,13.95) - (-12.6,10.95)
			*lst1[0000] = (015A): Line2D - (-12.6,13.95) - (-12.6,10.95)
			*entity1 = (015A): Line2D - (-12.6,13.95) - (-12.6,10.95)
			*entity2 = (0158): Point2D - (-12.6,13.95)
		objects[014C] = (015C): Geometric_Coincident2D  flags=4208  index=019B flags2=-1  lst0={[015A,1]:1}    
			*group = (02B3): Group2D
			*lst0[0000] = (015A): Line2D - (-12.6,13.95) - (-12.6,10.95)
			*lst1[0000] = (015A): Line2D - (-12.6,13.95) - (-12.6,10.95)
			*entity1 = (015A): Line2D - (-12.6,13.95) - (-12.6,10.95)
			*entity2 = (0159): Point2D - (-12.6,10.95)
		objects[014D] = (015D): Geometric_Parallel2D  flags=4208  index=019C flags2=-1  lst0={}     u16_0=000
			*group = (02B3): Group2D
			*line1 = (013E): Line2D - (-10.75,10.95) - (-10.75,14.95)
			*line2 = (015A): Line2D - (-12.6,13.95) - (-12.6,10.95)
		objects[014E] = (015E): Line2D  flags=20200  index=019D flags2=0000    pos=Vector (-12.750000000000004, 11.855679284910634, 0.0) dir=Vector (-4.12427571728477e-18, -1.0, 0.0)
			next = (0683): FxAttrStyles a0=(0000,0000)    u32_0=0000 associativeID=002F typEntity=0002
			*sketch = (00D4): Sketch2D 'Esquisse3'
			*points[0000] = (0154): Point2D - (-12.75,13.95)
			*points[0001] = (0155): Point2D - (-12.75,10.95)
		objects[014F] = (015F): Line2D  flags=20200  index=019E flags2=0000    pos=Vector (-12.450000000000003, 11.855679284910634, 0.0) dir=Vector (4.12427571728477e-18, 1.0, 0.0)
			next = (0684): FxAttrStyles a0=(0000,0000)    u32_0=0000 associativeID=0030 typEntity=0002
			*sketch = (00D4): Sketch2D 'Esquisse3'
			*points[0000] = (0156): Point2D - (-12.45,10.95)
			*points[0001] = (0157): Point2D - (-12.45,13.95)
		objects[0150] = (0160): Geometric_Parallel2D  flags=4208  index=019F flags2=-1  lst0={}     u16_0=000
			*group = (02B3): Group2D
			*line1 = (015E): Line2D - (-12.75,13.95) - (-12.75,10.95)
			*line2 = (015F): Line2D - (-12.45,10.95) - (-12.45,13.95)
		objects[0151] = (0161): Geometric_Coincident2D  flags=4208  index=01A0 flags2=-1  lst0={[015E,1]:0}    
			*group = (02B3): Group2D
			*lst0[0000] = (015E): Line2D - (-12.75,13.95) - (-12.75,10.95)
			*lst1[0000] = (015E): Line2D - (-12.75,13.95) - (-12.75,10.95)
			*entity1 = (015E): Line2D - (-12.75,13.95) - (-12.75,10.95)
			*entity2 = (0154): Point2D - (-12.75,13.95)
		objects[0152] = (0162): Geometric_Coincident2D  flags=4208  index=01A1 flags2=-1  lst0={[015E,1]:1}    
			*group = (02B3): Group2D
			*lst0[0000] = (015E): Line2D - (-12.75,13.95) - (-12.75,10.95)
			*lst1[0000] = (015E): Line2D - (-12.75,13.95) - (-12.75,10.95)
			*entity1 = (015E): Line2D - (-12.75,13.95) - (-12.75,10.95)
			*entity2 = (0155): Point2D - (-12.75,10.95)
		objects[0153] = (0163): Geometric_Coincident2D  flags=4208  index=01A2 flags2=-1  lst0={[015F,1]:0}    
			*group = (02B3): Group2D
			*lst0[0000] = (015F): Line2D - (-12.45,10.95) - (-12.45,13.95)
			*lst1[0000] = (015F): Line2D - (-12.45,10.95) - (-12.45,13.95)
			*entity1 = (015F): Line2D - (-12.45,10.95) - (-12.45,13.95)
			*entity2 = (0156): Point2D - (-12.45,10.95)
		objects[0154] = (0164): Geometric_Coincident2D  flags=4208  index=01A3 flags2=-1  lst0={[015F,1]:1}    
			*group = (02B3): Group2D
			*lst0[0000] = (015F): Line2D - (-12.45,10.95) - (-12.45,13.95)
			*lst1[0000] = (015F): Line2D - (-12.45,10.95) - (-12.45,13.95)
			*entity1 = (015F): Line2D - (-12.45,10.95) - (-12.45,13.95)
			*entity2 = (0157): Point2D - (-12.45,13.95)
		objects[0155] = (0165): Circle2D  flags=20200  index=01A4 flags2=0000     r=0.15 u8_0=00
			next = (0685): FxAttrStyles a0=(0000,0000)    u32_0=0000 associativeID=0031 typEntity=0002
			*sketch = (00D4): Sketch2D 'Esquisse3'
			*points[0000] = (0157): Point2D - (-12.45,13.95)
			*points[0001] = (0154): Point2D - (-12.75,13.95)
			*center = (0158): Point2D - (-12.6,13.95)
		objects[0156] = (0166): Circle2D  flags=20200  index=01A5 flags2=0000     r=0.15 u8_0=00
			next = (0686): FxAttrStyles a0=(0000,0000)    u32_0=0000 associativeID=0032 typEntity=0002
			*sketch = (00D4): Sketch2D 'Esquisse3'
			*points[0000] = (0155): Point2D - (-12.75,10.95)
			*points[0001] = (0156): Point2D - (-12.45,10.95)
			*center = (0159): Point2D - (-12.6,10.95)
		objects[0157] = (0167): Geometric_Radius2D  flags=4208  index=01A6 flags2=-1  lst0={}    
			*group = (02B3): Group2D
			*entity = (0165): Circle2D - (-12.6,13.95), r=0.15, (-12.45,13.95), (-12.75,13.95)
			*center = (0158): Point2D - (-12.6,13.95)
		objects[0158] = (0168): Geometric_Radius2D  flags=4208  index=01A7 flags2=-1  lst0={}    
			*group = (02B3): Group2D
			*entity = (0166): Circle2D - (-12.6,10.95), r=0.15, (-12.75,10.95), (-12.45,10.95)
			*center = (0159): Point2D - (-12.6,10.95)
		objects[0159] = (0169): Geometric_Coincident2D  flags=4208  index=01A8 flags2=-1  lst0={[0165,1]:3.14159}    
			*group = (02B3): Group2D
			*lst0[0000] = (0165): Circle2D - (-12.6,13.95), r=0.15, (-12.45,13.95), (-12.75,13.95)
			*lst1[0000] = (0165): Circle2D - (-12.6,13.95), r=0.15, (-12.45,13.95), (-12.75,13.95)
			*entity1 = (0165): Circle2D - (-12.6,13.95), r=0.15, (-12.45,13.95), (-12.75,13.95)
			*entity2 = (0154): Point2D - (-12.75,13.95)
		objects[015A] = (016A): Geometric_Coincident2D  flags=4208  index=01A9 flags2=-1  lst0={[0165,1]:0}    
			*group = (02B3): Group2D
			*lst0[0000] = (0165): Circle2D - (-12.6,13.95), r=0.15, (-12.45,13.95), (-12.75,13.95)
			*lst1[0000] = (0165): Circle2D - (-12.6,13.95), r=0.15, (-12.45,13.95), (-12.75,13.95)
			*entity1 = (0165): Circle2D - (-12.6,13.95), r=0.15, (-12.45,13.95), (-12.75,13.95)
			*entity2 = (0157): Point2D - (-12.45,13.95)
		objects[015B] = (016B): Geometric_Coincident2D  flags=4208  index=01AA flags2=-1  lst0={[0166,1]:3.14159}    
			*group = (02B3): Group2D
			*lst0[0000] = (0166): Circle2D - (-12.6,10.95), r=0.15, (-12.75,10.95), (-12.45,10.95)
			*lst1[0000] = (0166): Circle2D - (-12.6,10.95), r=0.15, (-12.75,10.95), (-12.45,10.95)
			*entity1 = (0166): Circle2D - (-12.6,10.95), r=0.15, (-12.75,10.95), (-12.45,10.95)
			*entity2 = (0155): Point2D - (-12.75,10.95)
		objects[015C] = (016C): Geometric_Coincident2D  flags=4208  index=01AB flags2=-1  lst0={[0166,1]:6.28319}    
			*group = (02B3): Group2D
			*lst0[0000] = (0166): Circle2D - (-12.6,10.95), r=0.15, (-12.75,10.95), (-12.45,10.95)
			*lst1[0000] = (0166): Circle2D - (-12.6,10.95), r=0.15, (-12.75,10.95), (-12.45,10.95)
			*entity1 = (0166): Circle2D - (-12.6,10.95), r=0.15, (-12.75,10.95), (-12.45,10.95)
			*entity2 = (0156): Point2D - (-12.45,10.95)
		objects[015D] = (016D): Geometric_Tangential2D  flags=4208  index=01AC flags2=-1  lst0={}    
			*group = (02B3): Group2D
			*entity1 = (0165): Circle2D - (-12.6,13.95), r=0.15, (-12.45,13.95), (-12.75,13.95)
			*entity2 = (015E): Line2D - (-12.75,13.95) - (-12.75,10.95)
		objects[015E] = (016E): Geometric_Tangential2D  flags=4208  index=01AD flags2=-1  lst0={}    
			*group = (02B3): Group2D
			*entity1 = (0165): Circle2D - (-12.6,13.95), r=0.15, (-12.45,13.95), (-12.75,13.95)
			*entity2 = (015F): Line2D - (-12.45,10.95) - (-12.45,13.95)
		objects[015F] = (016F): Geometric_Tangential2D  flags=4208  index=01AE flags2=-1  lst0={}    
			*group = (02B3): Group2D
			*entity1 = (0166): Circle2D - (-12.6,10.95), r=0.15, (-12.75,10.95), (-12.45,10.95)
			*entity2 = (015E): Line2D - (-12.75,13.95) - (-12.75,10.95)
		objects[0160] = (0170): Geometric_Tangential2D  flags=4208  index=01AF flags2=-1  lst0={}    
			*group = (02B3): Group2D
			*entity1 = (0166): Circle2D - (-12.6,10.95), r=0.15, (-12.75,10.95), (-12.45,10.95)
			*entity2 = (015F): Line2D - (-12.45,10.95) - (-12.45,13.95)
		objects[0161] = (0171): Geometric_Coincident2D  flags=4208  index=01B0 flags2=-1  lst0={[015A,1]:0}    
			*group = (02B3): Group2D
			*lst0[0000] = (015A): Line2D - (-12.6,13.95) - (-12.6,10.95)
			*lst1[0000] = (015A): Line2D - (-12.6,13.95) - (-12.6,10.95)
			*entity1 = (015A): Line2D - (-12.6,13.95) - (-12.6,10.95)
			*entity2 = (0158): Point2D - (-12.6,13.95)
		objects[0162] = (0172): Geometric_Coincident2D  flags=4208  index=01B1 flags2=-1  lst0={[015A,1]:1}    
			*group = (02B3): Group2D
			*lst0[0000] = (015A): Line2D - (-12.6,13.95) - (-12.6,10.95)
			*lst1[0000] = (015A): Line2D - (-12.6,13.95) - (-12.6,10.95)
			*entity1 = (015A): Line2D - (-12.6,13.95) - (-12.6,10.95)
			*entity2 = (0159): Point2D - (-12.6,10.95)
		objects[0163] = (0173): Point2D  flags=20200  index=01B2 flags2=0000  pos=Vector (-12.600000000000001, 12.450000000000001, 0.0)   u32_0=0000 lst1=() 
			next = (0687): FxAttrStyles a0=(0000,0000)    u32_0=0000 associativeID=0033 typEntity=0001
				next = (0983): FxAttr_BFD09C43 a0=(0000,0000)     a1=(0,0,0,0) u32_0=0000
					*owner = (0173): Point2D - (-12.6,12.45)
					*entity2 = (0173): Point2D - (-12.6,12.45)
			*sketch = (00D4): Sketch2D 'Esquisse3'
		objects[0164] = (0174): Geometric_SymmetryPoint2D  flags=4208  index=01B3 flags2=-1  lst0={}    
			*group = (02B3): Group2D
			*entity = (015A): Line2D - (-12.6,13.95) - (-12.6,10.95)
			*point = (0173): Point2D - (-12.6,12.45)
		objects[0165] = (0175): Point2D  flags=20200  index=01B4 flags2=0000  pos=Vector (-14.450000000000001, 13.950000000000001, 0.0)   u32_0=0000 lst1=() 
			next = (0688): FxAttrStyles a0=(0000,0000)    u32_0=0000 associativeID=0034 typEntity=0001
				next = (0984): FxAttr_BFD09C43 a0=(0000,0000)     a1=(0,0,0,0) u32_0=0000
					*owner = (0175): Point2D - (-14.45,13.95)
					*entity2 = (0175): Point2D - (-14.45,13.95)
			*sketch = (00D4): Sketch2D 'Esquisse3'
			*endPointOf[0000] = (017F): Line2D - (-14.45,13.95) - (-14.45,10.95)
			*endPointOf[0001] = (0186): Circle2D - (-14.3,13.95), r=0.15, (-14.15,13.95), (-14.45,13.95)
		objects[0166] = (0176): Point2D  flags=20200  index=01B5 flags2=0000  pos=Vector (-14.450000000000001, 10.950000000000001, 0.0)   u32_0=0000 lst1=() 
			next = (0689): FxAttrStyles a0=(0000,0000)    u32_0=0000 associativeID=0035 typEntity=0001
				next = (0985): FxAttr_BFD09C43 a0=(0000,0000)     a1=(0,0,0,0) u32_0=0000
					*owner = (0176): Point2D - (-14.45,10.95)
					*entity2 = (0176): Point2D - (-14.45,10.95)
			*sketch = (00D4): Sketch2D 'Esquisse3'
			*endPointOf[0000] = (017F): Line2D - (-14.45,13.95) - (-14.45,10.95)
			*endPointOf[0001] = (0187): Circle2D - (-14.3,10.95), r=0.15, (-14.45,10.95), (-14.15,10.95)
		objects[0167] = (0177): Point2D  flags=20200  index=01B6 flags2=0000  pos=Vector (-14.150000000000004, 10.950000000000001, 0.0)   u32_0=0000 lst1=() 
			next = (068A): FxAttrStyles a0=(0000,0000)    u32_0=0000 associativeID=0036 typEntity=0001
				next = (0986): FxAttr_BFD09C43 a0=(0000,0000)     a1=(0,0,0,0) u32_0=0000
					*owner = (0177): Point2D - (-14.15,10.95)
					*entity2 = (0177): Point2D - (-14.15,10.95)
			*sketch = (00D4): Sketch2D 'Esquisse3'
			*endPointOf[0000] = (0180): Line2D - (-14.15,10.95) - (-14.15,13.95)
			*endPointOf[0001] = (0187): Circle2D - (-14.3,10.95), r=0.15, (-14.45,10.95), (-14.15,10.95)
		objects[0168] = (0178): Point2D  flags=20200  index=01B7 flags2=0000  pos=Vector (-14.150000000000004, 13.950000000000001, 0.0)   u32_0=0000 lst1=() 
			next = (068B): FxAttrStyles a0=(0000,0000)    u32_0=0000 associativeID=0037 typEntity=0001
				next = (0987): FxAttr_BFD09C43 a0=(0000,0000)     a1=(0,0,0,0) u32_0=0000
					*owner = (0178): Point2D - (-14.15,13.95)
					*entity2 = (0178): Point2D - (-14.15,13.95)
			*sketch = (00D4): Sketch2D 'Esquisse3'
			*endPointOf[0000] = (0180): Line2D - (-14.15,10.95) - (-14.15,13.95)
			*endPointOf[0001] = (0186): Circle2D - (-14.3,13.95), r=0.15, (-14.15,13.95), (-14.45,13.95)
		objects[0169] = (0179): Point2D  flags=20200  index=01B8 flags2=0000  pos=Vector (-14.3, 13.950000000000001, 0.0)   u32_0=0000 lst1=() 
			next = (068C): FxAttrStyles a0=(0000,0000)    u32_0=0000 associativeID=0038 typEntity=0001
			*sketch = (00D4): Sketch2D 'Esquisse3'
			*endPointOf[0000] = (017B): Line2D - (-14.3,13.95) - (-14.3,10.95)
			*centerOf[0000] = (0186): Circle2D - (-14.3,13.95), r=0.15, (-14.15,13.95), (-14.45,13.95)
		objects[016A] = (017A): Point2D  flags=20200  index=01B9 flags2=0000  pos=Vector (-14.3, 10.950000000000001, 0.0)   u32_0=0000 lst1=() 
			next = (068D): FxAttrStyles a0=(0000,0000)    u32_0=0000 associativeID=0039 typEntity=0001
			*sketch = (00D4): Sketch2D 'Esquisse3'
			*endPointOf[0000] = (017B): Line2D - (-14.3,13.95) - (-14.3,10.95)
			*centerOf[0000] = (0187): Circle2D - (-14.3,10.95), r=0.15, (-14.45,10.95), (-14.15,10.95)
		objects[016B] = (017B): Line2D  flags=20200  index=01BA flags2=80000    pos=Vector (-14.300000000000002, 12.035668903425048, 0.0) dir=Vector (-4.12427571728477e-18, -1.0, 0.0)
			next = (068E): FxAttrStyles a0=(0000,0000)    u32_0=0000 associativeID=003A typEntity=0002
			*sketch = (00D4): Sketch2D 'Esquisse3'
			*points[0000] = (0179): Point2D - (-14.3,13.95)
			*points[0001] = (017A): Point2D - (-14.3,10.95)
			*points[0002] = (0242): Point2D - (-14.3,5.35)
			*points[0003] = (0244): Point2D - (-14.3,2.35)
		objects[016C] = (017C): Geometric_Coincident2D  flags=4208  index=01BB flags2=-1  lst0={[017B,1]:0}    
			*group = (02B3): Group2D
			*lst0[0000] = (017B): Line2D - (-14.3,13.95) - (-14.3,10.95)
			*lst1[0000] = (017B): Line2D - (-14.3,13.95) - (-14.3,10.95)
			*entity1 = (017B): Line2D - (-14.3,13.95) - (-14.3,10.95)
			*entity2 = (0179): Point2D - (-14.3,13.95)
		objects[016D] = (017D): Geometric_Coincident2D  flags=4208  index=01BC flags2=-1  lst0={[017B,1]:1}    
			*group = (02B3): Group2D
			*lst0[0000] = (017B): Line2D - (-14.3,13.95) - (-14.3,10.95)
			*lst1[0000] = (017B): Line2D - (-14.3,13.95) - (-14.3,10.95)
			*entity1 = (017B): Line2D - (-14.3,13.95) - (-14.3,10.95)
			*entity2 = (017A): Point2D - (-14.3,10.95)
		objects[016E] = (017E): Geometric_Parallel2D  flags=4208  index=01BD flags2=-1  lst0={}     u16_0=000
			*group = (02B3): Group2D
			*line1 = (015F): Line2D - (-12.45,10.95) - (-12.45,13.95)
			*line2 = (017B): Line2D - (-14.3,13.95) - (-14.3,10.95)
		objects[016F] = (017F): Line2D  flags=20200  index=01BE flags2=0000    pos=Vector (-14.450000000000003, 12.035668903425051, 0.0) dir=Vector (-4.12427571728477e-18, -1.0, 0.0)
			next = (068F): FxAttrStyles a0=(0000,0000)    u32_0=0000 associativeID=003B typEntity=0002
			*sketch = (00D4): Sketch2D 'Esquisse3'
			*points[0000] = (0175): Point2D - (-14.45,13.95)
			*points[0001] = (0176): Point2D - (-14.45,10.95)
		objects[0170] = (0180): Line2D  flags=20200  index=01BF flags2=0000    pos=Vector (-14.150000000000002, 12.03566890342505, 0.0) dir=Vector (4.12427571728477e-18, 1.0, 0.0)
			next = (0690): FxAttrStyles a0=(0000,0000)    u32_0=0000 associativeID=003C typEntity=0002
			*sketch = (00D4): Sketch2D 'Esquisse3'
			*points[0000] = (0177): Point2D - (-14.15,10.95)
			*points[0001] = (0178): Point2D - (-14.15,13.95)
		objects[0171] = (0181): Geometric_Parallel2D  flags=4208  index=01C0 flags2=-1  lst0={}     u16_0=000
			*group = (02B3): Group2D
			*line1 = (017F): Line2D - (-14.45,13.95) - (-14.45,10.95)
			*line2 = (0180): Line2D - (-14.15,10.95) - (-14.15,13.95)
		objects[0172] = (0182): Geometric_Coincident2D  flags=4208  index=01C1 flags2=-1  lst0={[017F,1]:0}    
			*group = (02B3): Group2D
			*lst0[0000] = (017F): Line2D - (-14.45,13.95) - (-14.45,10.95)
			*lst1[0000] = (017F): Line2D - (-14.45,13.95) - (-14.45,10.95)
			*entity1 = (017F): Line2D - (-14.45,13.95) - (-14.45,10.95)
			*entity2 = (0175): Point2D - (-14.45,13.95)
		objects[0173] = (0183): Geometric_Coincident2D  flags=4208  index=01C2 flags2=-1  lst0={[017F,1]:1}    
			*group = (02B3): Group2D
			*lst0[0000] = (017F): Line2D - (-14.45,13.95) - (-14.45,10.95)
			*lst1[0000] = (017F): Line2D - (-14.45,13.95) - (-14.45,10.95)
			*entity1 = (017F): Line2D - (-14.45,13.95) - (-14.45,10.95)
			*entity2 = (0176): Point2D - (-14.45,10.95)
		objects[0174] = (0184): Geometric_Coincident2D  flags=4208  index=01C3 flags2=-1  lst0={[0180,1]:0}    
			*group = (02B3): Group2D
			*lst0[0000] = (0180): Line2D - (-14.15,10.95) - (-14.15,13.95)
			*lst1[0000] = (0180): Line2D - (-14.15,10.95) - (-14.15,13.95)
			*entity1 = (0180): Line2D - (-14.15,10.95) - (-14.15,13.95)
			*entity2 = (0177): Point2D - (-14.15,10.95)
		objects[0175] = (0185): Geometric_Coincident2D  flags=4208  index=01C4 flags2=-1  lst0={[0180,1]:1}    
			*group = (02B3): Group2D
			*lst0[0000] = (0180): Line2D - (-14.15,10.95) - (-14.15,13.95)
			*lst1[0000] = (0180): Line2D - (-14.15,10.95) - (-14.15,13.95)
			*entity1 = (0180): Line2D - (-14.15,10.95) - (-14.15,13.95)
			*entity2 = (0178): Point2D - (-14.15,13.95)
		objects[0176] = (0186): Circle2D  flags=20200  index=01C5 flags2=0000     r=0.15 u8_0=00
			next = (0691): FxAttrStyles a0=(0000,0000)    u32_0=0000 associativeID=003D typEntity=0002
			*sketch = (00D4): Sketch2D 'Esquisse3'
			*points[0000] = (0178): Point2D - (-14.15,13.95)
			*points[0001] = (0175): Point2D - (-14.45,13.95)
			*center = (0179): Point2D - (-14.3,13.95)
		objects[0177] = (0187): Circle2D  flags=20200  index=01C6 flags2=0000     r=0.15 u8_0=00
			next = (0692): FxAttrStyles a0=(0000,0000)    u32_0=0000 associativeID=003E typEntity=0002
			*sketch = (00D4): Sketch2D 'Esquisse3'
			*points[0000] = (0176): Point2D - (-14.45,10.95)
			*points[0001] = (0177): Point2D - (-14.15,10.95)
			*center = (017A): Point2D - (-14.3,10.95)
		objects[0178] = (0188): Geometric_Radius2D  flags=4208  index=01C7 flags2=-1  lst0={}    
			*group = (02B3): Group2D
			*entity = (0186): Circle2D - (-14.3,13.95), r=0.15, (-14.15,13.95), (-14.45,13.95)
			*center = (0179): Point2D - (-14.3,13.95)
		objects[0179] = (0189): Geometric_Radius2D  flags=4208  index=01C8 flags2=-1  lst0={}    
			*group = (02B3): Group2D
			*entity = (0187): Circle2D - (-14.3,10.95), r=0.15, (-14.45,10.95), (-14.15,10.95)
			*center = (017A): Point2D - (-14.3,10.95)
		objects[017A] = (018A): Geometric_Coincident2D  flags=4208  index=01C9 flags2=-1  lst0={[0186,1]:3.14159}    
			*group = (02B3): Group2D
			*lst0[0000] = (0186): Circle2D - (-14.3,13.95), r=0.15, (-14.15,13.95), (-14.45,13.95)
			*lst1[0000] = (0186): Circle2D - (-14.3,13.95), r=0.15, (-14.15,13.95), (-14.45,13.95)
			*entity1 = (0186): Circle2D - (-14.3,13.95), r=0.15, (-14.15,13.95), (-14.45,13.95)
			*entity2 = (0175): Point2D - (-14.45,13.95)
		objects[017B] = (018B): Geometric_Coincident2D  flags=4208  index=01CA flags2=-1  lst0={[0186,1]:0}    
			*group = (02B3): Group2D
			*lst0[0000] = (0186): Circle2D - (-14.3,13.95), r=0.15, (-14.15,13.95), (-14.45,13.95)
			*lst1[0000] = (0186): Circle2D - (-14.3,13.95), r=0.15, (-14.15,13.95), (-14.45,13.95)
			*entity1 = (0186): Circle2D - (-14.3,13.95), r=0.15, (-14.15,13.95), (-14.45,13.95)
			*entity2 = (0178): Point2D - (-14.15,13.95)
		objects[017C] = (018C): Geometric_Coincident2D  flags=4208  index=01CB flags2=-1  lst0={[0187,1]:3.14159}    
			*group = (02B3): Group2D
			*lst0[0000] = (0187): Circle2D - (-14.3,10.95), r=0.15, (-14.45,10.95), (-14.15,10.95)
			*lst1[0000] = (0187): Circle2D - (-14.3,10.95), r=0.15, (-14.45,10.95), (-14.15,10.95)
			*entity1 = (0187): Circle2D - (-14.3,10.95), r=0.15, (-14.45,10.95), (-14.15,10.95)
			*entity2 = (0176): Point2D - (-14.45,10.95)
		objects[017D] = (018D): Geometric_Coincident2D  flags=4208  index=01CC flags2=-1  lst0={[0187,1]:6.28319}    
			*group = (02B3): Group2D
			*lst0[0000] = (0187): Circle2D - (-14.3,10.95), r=0.15, (-14.45,10.95), (-14.15,10.95)
			*lst1[0000] = (0187): Circle2D - (-14.3,10.95), r=0.15, (-14.45,10.95), (-14.15,10.95)
			*entity1 = (0187): Circle2D - (-14.3,10.95), r=0.15, (-14.45,10.95), (-14.15,10.95)
			*entity2 = (0177): Point2D - (-14.15,10.95)
		objects[017E] = (018E): Geometric_Tangential2D  flags=4208  index=01CD flags2=-1  lst0={}    
			*group = (02B3): Group2D
			*entity1 = (0186): Circle2D - (-14.3,13.95), r=0.15, (-14.15,13.95), (-14.45,13.95)
			*entity2 = (017F): Line2D - (-14.45,13.95) - (-14.45,10.95)
		objects[017F] = (018F): Geometric_Tangential2D  flags=4208  index=01CE flags2=-1  lst0={}    
			*group = (02B3): Group2D
			*entity1 = (0186): Circle2D - (-14.3,13.95), r=0.15, (-14.15,13.95), (-14.45,13.95)
			*entity2 = (0180): Line2D - (-14.15,10.95) - (-14.15,13.95)
		objects[0180] = (0190): Geometric_Tangential2D  flags=4208  index=01CF flags2=-1  lst0={}    
			*group = (02B3): Group2D
			*entity1 = (0187): Circle2D - (-14.3,10.95), r=0.15, (-14.45,10.95), (-14.15,10.95)
			*entity2 = (017F): Line2D - (-14.45,13.95) - (-14.45,10.95)
		objects[0181] = (0191): Geometric_Tangential2D  flags=4208  index=01D0 flags2=-1  lst0={}    
			*group = (02B3): Group2D
			*entity1 = (0187): Circle2D - (-14.3,10.95), r=0.15, (-14.45,10.95), (-14.15,10.95)
			*entity2 = (0180): Line2D - (-14.15,10.95) - (-14.15,13.95)
		objects[0182] = (0192): Geometric_Coincident2D  flags=4208  index=01D1 flags2=-1  lst0={[017B,1]:0}    
			*group = (02B3): Group2D
			*lst0[0000] = (017B): Line2D - (-14.3,13.95) - (-14.3,10.95)
			*lst1[0000] = (017B): Line2D - (-14.3,13.95) - (-14.3,10.95)
			*entity1 = (017B): Line2D - (-14.3,13.95) - (-14.3,10.95)
			*entity2 = (0179): Point2D - (-14.3,13.95)
		objects[0183] = (0193): Geometric_Coincident2D  flags=4208  index=01D2 flags2=-1  lst0={[017B,1]:1}    
			*group = (02B3): Group2D
			*lst0[0000] = (017B): Line2D - (-14.3,13.95) - (-14.3,10.95)
			*lst1[0000] = (017B): Line2D - (-14.3,13.95) - (-14.3,10.95)
			*entity1 = (017B): Line2D - (-14.3,13.95) - (-14.3,10.95)
			*entity2 = (017A): Point2D - (-14.3,10.95)
		objects[0184] = (0194): Point2D  flags=20200  index=01D3 flags2=0000  pos=Vector (-14.3, 12.450000000000001, 0.0)   u32_0=0000 lst1=() 
			next = (0693): FxAttrStyles a0=(0000,0000)    u32_0=0000 associativeID=003F typEntity=0001
				next = (0988): FxAttr_BFD09C43 a0=(0000,0000)     a1=(0,0,0,0) u32_0=0000
					*owner = (0194): Point2D - (-14.3,12.45)
					*entity2 = (0194): Point2D - (-14.3,12.45)
			*sketch = (00D4): Sketch2D 'Esquisse3'
		objects[0185] = (0195): Geometric_SymmetryPoint2D  flags=4208  index=01D4 flags2=-1  lst0={}    
			*group = (02B3): Group2D
			*entity = (017B): Line2D - (-14.3,13.95) - (-14.3,10.95)
			*point = (0194): Point2D - (-14.3,12.45)
		objects[0186] = (0196): Point2D  flags=20200  index=01D5 flags2=0000  pos=Vector (-17.2, 9.05, 0.0)   u32_0=0000 lst1=() 
			next = (0694): FxAttrStyles a0=(0000,0000)    u32_0=0000 associativeID=0040 typEntity=0001
				next = (0989): FxAttr_BFD09C43 a0=(0000,0000)     a1=(0,0,0,0) u32_0=0000
					*owner = (0196): Point2D - (-17.2,9.05)
					*entity2 = (0196): Point2D - (-17.2,9.05)
			*sketch = (00D4): Sketch2D 'Esquisse3'
			*endPointOf[0000] = (01A0): Line2D - (-17.2,9.05) - (-9.2,9.05)
			*endPointOf[0001] = (01A7): Circle2D - (-17.2,8.9), r=0.15, (-17.2,9.05), (-17.2,8.75)
		objects[0187] = (0197): Point2D  flags=20200  index=01D6 flags2=0000  pos=Vector (-9.200000000000001, 9.05, 0.0)   u32_0=0000 lst1=() 
			next = (0695): FxAttrStyles a0=(0000,0000)    u32_0=0000 associativeID=0041 typEntity=0001
				next = (098A): FxAttr_BFD09C43 a0=(0000,0000)     a1=(0,0,0,0) u32_0=0000
					*owner = (0197): Point2D - (-9.2,9.05)
					*entity2 = (0197): Point2D - (-9.2,9.05)
			*sketch = (00D4): Sketch2D 'Esquisse3'
			*endPointOf[0000] = (01A0): Line2D - (-17.2,9.05) - (-9.2,9.05)
			*endPointOf[0001] = (01A8): Circle2D - (-9.2,8.9), r=0.15, (-9.2,8.75), (-9.2,9.05), (-9.05,8.9)
		objects[0188] = (0198): Point2D  flags=20200  index=01D7 flags2=0000  pos=Vector (-9.200000000000001, 8.75, 0.0)   u32_0=0000 lst1=() 
			next = (0696): FxAttrStyles a0=(0000,0000)    u32_0=0000 associativeID=0042 typEntity=0001
				next = (098B): FxAttr_BFD09C43 a0=(0000,0000)     a1=(0,0,0,0) u32_0=0000
					*owner = (0198): Point2D - (-9.2,8.75)
					*entity2 = (0198): Point2D - (-9.2,8.75)
			*sketch = (00D4): Sketch2D 'Esquisse3'
			*endPointOf[0000] = (01A1): Line2D - (-9.2,8.75) - (-17.2,8.75)
			*endPointOf[0001] = (01A8): Circle2D - (-9.2,8.9), r=0.15, (-9.2,8.75), (-9.2,9.05), (-9.05,8.9)
		objects[0189] = (0199): Point2D  flags=20200  index=01D8 flags2=0000  pos=Vector (-17.2, 8.75, 0.0)   u32_0=0000 lst1=() 
			next = (0697): FxAttrStyles a0=(0000,0000)    u32_0=0000 associativeID=0043 typEntity=0001
				next = (098C): FxAttr_BFD09C43 a0=(0000,0000)     a1=(0,0,0,0) u32_0=0000
					*owner = (0199): Point2D - (-17.2,8.75)
					*entity2 = (0199): Point2D - (-17.2,8.75)
			*sketch = (00D4): Sketch2D 'Esquisse3'
			*endPointOf[0000] = (01A1): Line2D - (-9.2,8.75) - (-17.2,8.75)
			*endPointOf[0001] = (01A7): Circle2D - (-17.2,8.9), r=0.15, (-17.2,9.05), (-17.2,8.75)
		objects[018A] = (019A): Point2D  flags=20200  index=01D9 flags2=0000  pos=Vector (-17.2, 8.9, 0.0)   u32_0=0000 lst1=() 
			next = (0698): FxAttrStyles a0=(0000,0000)    u32_0=0000 associativeID=0044 typEntity=0001
			*sketch = (00D4): Sketch2D 'Esquisse3'
			*endPointOf[0000] = (019C): Line2D - (-17.2,8.9) - (-9.2,8.9)
			*centerOf[0000] = (01A7): Circle2D - (-17.2,8.9), r=0.15, (-17.2,9.05), (-17.2,8.75)
		objects[018B] = (019B): Point2D  flags=20200  index=01DA flags2=0000  pos=Vector (-9.200000000000001, 8.9, 0.0)   u32_0=0000 lst1=() 
			next = (0699): FxAttrStyles a0=(0000,0000)    u32_0=0000 associativeID=0045 typEntity=0001
			*sketch = (00D4): Sketch2D 'Esquisse3'
			*endPointOf[0000] = (019C): Line2D - (-17.2,8.9) - (-9.2,8.9)
			*centerOf[0000] = (01A8): Circle2D - (-9.2,8.9), r=0.15, (-9.2,8.75), (-9.2,9.05), (-9.05,8.9)
		objects[018C] = (019C): Line2D  flags=20200  index=01DB flags2=80000    pos=Vector (-12.183920404676343, 8.900000000000002, 0.0) dir=Vector (1.0, 0.0, 0.0)
			next = (069A): FxAttrStyles a0=(0000,0000)    u32_0=0000 associativeID=0046 typEntity=0002
			*sketch = (00D4): Sketch2D 'Esquisse3'
			*points[0000] = (019A): Point2D - (-17.2,8.9)
			*points[0001] = (019B): Point2D - (-9.2,8.9)
		objects[018D] = (019D): Geometric_Coincident2D  flags=4208  index=01DC flags2=-1  lst0={[019C,1]:0}    
			*group = (02B3): Group2D
			*lst0[0000] = (019C): Line2D - (-17.2,8.9) - (-9.2,8.9)
			*lst1[0000] = (019C): Line2D - (-17.2,8.9) - (-9.2,8.9)
			*entity1 = (019C): Line2D - (-17.2,8.9) - (-9.2,8.9)
			*entity2 = (019A): Point2D - (-17.2,8.9)
		objects[018E] = (019E): Geometric_Coincident2D  flags=4208  index=01DD flags2=-1  lst0={[019C,1]:1}    
			*group = (02B3): Group2D
			*lst0[0000] = (019C): Line2D - (-17.2,8.9) - (-9.2,8.9)
			*lst1[0000] = (019C): Line2D - (-17.2,8.9) - (-9.2,8.9)
			*entity1 = (019C): Line2D - (-17.2,8.9) - (-9.2,8.9)
			*entity2 = (019B): Point2D - (-9.2,8.9)
		objects[018F] = (019F): Geometric_Perpendicular2D  flags=4208  index=01DE flags2=-1  lst0={}     u16_0=000
			*group = (02B3): Group2D
			*line1 = (0180): Line2D - (-14.15,10.95) - (-14.15,13.95)
			*line2 = (019C): Line2D - (-17.2,8.9) - (-9.2,8.9)
		objects[0190] = (01A0): Line2D  flags=20200  index=01DF flags2=0000    pos=Vector (-12.224886806382484, 9.05, 0.0) dir=Vector (1.0, 0.0, 0.0)
			next = (069B): FxAttrStyles a0=(0000,0000)    u32_0=0000 associativeID=0047 typEntity=0002
			*sketch = (00D4): Sketch2D 'Esquisse3'
			*points[0000] = (0196): Point2D - (-17.2,9.05)
			*points[0001] = (0197): Point2D - (-9.2,9.05)
		objects[0191] = (01A1): Line2D  flags=20200  index=01E0 flags2=0000    pos=Vector (-12.224886806382484, 8.75, 0.0) dir=Vector (-1.0, 0.0, 0.0)
			next = (069C): FxAttrStyles a0=(0000,0000)    u32_0=0000 associativeID=0048 typEntity=0002
			*sketch = (00D4): Sketch2D 'Esquisse3'
			*points[0000] = (0198): Point2D - (-9.2,8.75)
			*points[0001] = (0199): Point2D - (-17.2,8.75)
		objects[0192] = (01A2): Geometric_Parallel2D  flags=4208  index=01E1 flags2=-1  lst0={}     u16_0=000
			*group = (02B3): Group2D
			*line1 = (01A0): Line2D - (-17.2,9.05) - (-9.2,9.05)
			*line2 = (01A1): Line2D - (-9.2,8.75) - (-17.2,8.75)
		objects[0193] = (01A3): Geometric_Coincident2D  flags=4208  index=01E2 flags2=-1  lst0={}    
			*group = (02B3): Group2D
			*entity1 = (01A0): Line2D - (-17.2,9.05) - (-9.2,9.05)
			*entity2 = (0196): Point2D - (-17.2,9.05)
		objects[0194] = (01A4): Geometric_Coincident2D  flags=4208  index=01E3 flags2=-1  lst0={}    
			*group = (02B3): Group2D
			*entity1 = (01A0): Line2D - (-17.2,9.05) - (-9.2,9.05)
			*entity2 = (0197): Point2D - (-9.2,9.05)
		objects[0195] = (01A5): Geometric_Coincident2D  flags=4208  index=01E4 flags2=-1  lst0={}    
			*group = (02B3): Group2D
			*entity1 = (01A1): Line2D - (-9.2,8.75) - (-17.2,8.75)
			*entity2 = (0198): Point2D - (-9.2,8.75)
		objects[0196] = (01A6): Geometric_Coincident2D  flags=4208  index=01E5 flags2=-1  lst0={}    
			*group = (02B3): Group2D
			*entity1 = (01A1): Line2D - (-9.2,8.75) - (-17.2,8.75)
			*entity2 = (0199): Point2D - (-17.2,8.75)
		objects[0197] = (01A7): Circle2D  flags=20200  index=01E6 flags2=0000     r=0.15 u8_0=00
			next = (069D): FxAttrStyles a0=(0000,0000)    u32_0=0000 associativeID=0049 typEntity=0002
			*sketch = (00D4): Sketch2D 'Esquisse3'
			*points[0000] = (0196): Point2D - (-17.2,9.05)
			*points[0001] = (0199): Point2D - (-17.2,8.75)
			*center = (019A): Point2D - (-17.2,8.9)
		objects[0198] = (01A8): Circle2D  flags=20200  index=01E7 flags2=0000     r=0.15 u8_0=00
			next = (069E): FxAttrStyles a0=(0000,0000)    u32_0=0000 associativeID=004A typEntity=0002
			*sketch = (00D4): Sketch2D 'Esquisse3'
			*points[0000] = (0198): Point2D - (-9.2,8.75)
			*points[0001] = (0197): Point2D - (-9.2,9.05)
			*points[0002] = (0296): Point2D - (-9.05,8.9)
			*center = (019B): Point2D - (-9.2,8.9)
		objects[0199] = (01A9): Geometric_Radius2D  flags=4208  index=01E8 flags2=-1  lst0={}    
			*group = (02B3): Group2D
			*entity = (01A7): Circle2D - (-17.2,8.9), r=0.15, (-17.2,9.05), (-17.2,8.75)
			*center = (019A): Point2D - (-17.2,8.9)
		objects[019A] = (01AA): Geometric_Radius2D  flags=4208  index=01E9 flags2=-1  lst0={}    
			*group = (02B3): Group2D
			*entity = (01A8): Circle2D - (-9.2,8.9), r=0.15, (-9.2,8.75), (-9.2,9.05), (-9.05,8.9)
			*center = (019B): Point2D - (-9.2,8.9)
		objects[019B] = (01AB): Geometric_Coincident2D  flags=4208  index=01EA flags2=-1  lst0={[01A7,1]:1.5708}    
			*group = (02B3): Group2D
			*lst0[0000] = (01A7): Circle2D - (-17.2,8.9), r=0.15, (-17.2,9.05), (-17.2,8.75)
			*lst1[0000] = (01A7): Circle2D - (-17.2,8.9), r=0.15, (-17.2,9.05), (-17.2,8.75)
			*entity1 = (01A7): Circle2D - (-17.2,8.9), r=0.15, (-17.2,9.05), (-17.2,8.75)
			*entity2 = (0196): Point2D - (-17.2,9.05)
		objects[019C] = (01AC): Geometric_Coincident2D  flags=4208  index=01EB flags2=-1  lst0={[01A7,1]:4.71239}    
			*group = (02B3): Group2D
			*lst0[0000] = (01A7): Circle2D - (-17.2,8.9), r=0.15, (-17.2,9.05), (-17.2,8.75)
			*lst1[0000] = (01A7): Circle2D - (-17.2,8.9), r=0.15, (-17.2,9.05), (-17.2,8.75)
			*entity1 = (01A7): Circle2D - (-17.2,8.9), r=0.15, (-17.2,9.05), (-17.2,8.75)
			*entity2 = (0199): Point2D - (-17.2,8.75)
		objects[019D] = (01AD): Geometric_Coincident2D  flags=4208  index=01EC flags2=-1  lst0={[01A8,1]:7.85398}    
			*group = (02B3): Group2D
			*lst0[0000] = (01A8): Circle2D - (-9.2,8.9), r=0.15, (-9.2,8.75), (-9.2,9.05), (-9.05,8.9)
			*lst1[0000] = (01A8): Circle2D - (-9.2,8.9), r=0.15, (-9.2,8.75), (-9.2,9.05), (-9.05,8.9)
			*entity1 = (01A8): Circle2D - (-9.2,8.9), r=0.15, (-9.2,8.75), (-9.2,9.05), (-9.05,8.9)
			*entity2 = (0197): Point2D - (-9.2,9.05)
		objects[019E] = (01AE): Geometric_Coincident2D  flags=4208  index=01ED flags2=-1  lst0={[01A8,1]:4.71239}    
			*group = (02B3): Group2D
			*lst0[0000] = (01A8): Circle2D - (-9.2,8.9), r=0.15, (-9.2,8.75), (-9.2,9.05), (-9.05,8.9)
			*lst1[0000] = (01A8): Circle2D - (-9.2,8.9), r=0.15, (-9.2,8.75), (-9.2,9.05), (-9.05,8.9)
			*entity1 = (01A8): Circle2D - (-9.2,8.9), r=0.15, (-9.2,8.75), (-9.2,9.05), (-9.05,8.9)
			*entity2 = (0198): Point2D - (-9.2,8.75)
		objects[019F] = (01AF): Geometric_Tangential2D  flags=4208  index=01EE flags2=-1  lst0={}    
			*group = (02B3): Group2D
			*entity1 = (01A7): Circle2D - (-17.2,8.9), r=0.15, (-17.2,9.05), (-17.2,8.75)
			*entity2 = (01A0): Line2D - (-17.2,9.05) - (-9.2,9.05)
		objects[01A0] = (01B0): Geometric_Tangential2D  flags=4208  index=01EF flags2=-1  lst0={}    
			*group = (02B3): Group2D
			*entity1 = (01A7): Circle2D - (-17.2,8.9), r=0.15, (-17.2,9.05), (-17.2,8.75)
			*entity2 = (01A1): Line2D - (-9.2,8.75) - (-17.2,8.75)
		objects[01A1] = (01B1): Geometric_Tangential2D  flags=4208  index=01F0 flags2=-1  lst0={}    
			*group = (02B3): Group2D
			*entity1 = (01A8): Circle2D - (-9.2,8.9), r=0.15, (-9.2,8.75), (-9.2,9.05), (-9.05,8.9)
			*entity2 = (01A0): Line2D - (-17.2,9.05) - (-9.2,9.05)
		objects[01A2] = (01B2): Geometric_Tangential2D  flags=4208  index=01F1 flags2=-1  lst0={}    
			*group = (02B3): Group2D
			*entity1 = (01A8): Circle2D - (-9.2,8.9), r=0.15, (-9.2,8.75), (-9.2,9.05), (-9.05,8.9)
			*entity2 = (01A1): Line2D - (-9.2,8.75) - (-17.2,8.75)
		objects[01A3] = (01B3): Geometric_Coincident2D  flags=4208  index=01F2 flags2=-1  lst0={[019C,1]:0}    
			*group = (02B3): Group2D
			*lst0[0000] = (019C): Line2D - (-17.2,8.9) - (-9.2,8.9)
			*lst1[0000] = (019C): Line2D - (-17.2,8.9) - (-9.2,8.9)
			*entity1 = (019C): Line2D - (-17.2,8.9) - (-9.2,8.9)
			*entity2 = (019A): Point2D - (-17.2,8.9)
		objects[01A4] = (01B4): Geometric_Coincident2D  flags=4208  index=01F3 flags2=-1  lst0={[019C,1]:1}    
			*group = (02B3): Group2D
			*lst0[0000] = (019C): Line2D - (-17.2,8.9) - (-9.2,8.9)
			*lst1[0000] = (019C): Line2D - (-17.2,8.9) - (-9.2,8.9)
			*entity1 = (019C): Line2D - (-17.2,8.9) - (-9.2,8.9)
			*entity2 = (019B): Point2D - (-9.2,8.9)
		objects[01A5] = (01B5): Point2D  flags=20200  index=01F4 flags2=0000  pos=Vector (-13.200000000000001, 8.9, 0.0)   u32_0=0000 lst1=() 
			next = (069F): FxAttrStyles a0=(0000,0000)    u32_0=0000 associativeID=004B typEntity=0001
				next = (098D): FxAttr_BFD09C43 a0=(0000,0000)     a1=(0,0,0,0) u32_0=0000
					*owner = (01B5): Point2D - (-13.2,8.9)
					*entity2 = (01B5): Point2D - (-13.2,8.9)
			*sketch = (00D4): Sketch2D 'Esquisse3'
		objects[01A6] = (01B6): Geometric_SymmetryPoint2D  flags=4208  index=01F5 flags2=-1  lst0={}    
			*group = (02B3): Group2D
			*entity = (019C): Line2D - (-17.2,8.9) - (-9.2,8.9)
			*point = (01B5): Point2D - (-13.2,8.9)
		objects[01A7] = (01B7): Point2D  flags=20200  index=01F6 flags2=0000  pos=Vector (-17.2, 7.25, 0.0)   u32_0=0000 lst1=() 
			next = (06A0): FxAttrStyles a0=(0000,0000)    u32_0=0000 associativeID=004C typEntity=0001
				next = (098E): FxAttr_BFD09C43 a0=(0000,0000)     a1=(0,0,0,0) u32_0=0000
					*owner = (01B7): Point2D - (-17.2,7.25)
					*entity2 = (01B7): Point2D - (-17.2,7.25)
			*sketch = (00D4): Sketch2D 'Esquisse3'
			*endPointOf[0000] = (01C1): Line2D - (-17.2,7.25) - (-9.2,7.25)
			*endPointOf[0001] = (01C8): Circle2D - (-17.2,7.4), r=0.15, (-17.2,7.55), (-17.2,7.25)
		objects[01A8] = (01B8): Point2D  flags=20200  index=01F7 flags2=0000  pos=Vector (-9.200000000000001, 7.25, 0.0)   u32_0=0000 lst1=() 
			next = (06A1): FxAttrStyles a0=(0000,0000)    u32_0=0000 associativeID=004D typEntity=0001
				next = (098F): FxAttr_BFD09C43 a0=(0000,0000)     a1=(0,0,0,0) u32_0=0000
					*owner = (01B8): Point2D - (-9.2,7.25)
					*entity2 = (01B8): Point2D - (-9.2,7.25)
			*sketch = (00D4): Sketch2D 'Esquisse3'
			*endPointOf[0000] = (01C1): Line2D - (-17.2,7.25) - (-9.2,7.25)
			*endPointOf[0001] = (01C9): Circle2D - (-9.2,7.4), r=0.15, (-9.2,7.25), (-9.2,7.55)
		objects[01A9] = (01B9): Point2D  flags=20200  index=01F8 flags2=0000  pos=Vector (-9.200000000000001, 7.550000000000001, 0.0)   u32_0=0000 lst1=() 
			next = (06A2): FxAttrStyles a0=(0000,0000)    u32_0=0000 associativeID=004E typEntity=0001
				next = (0990): FxAttr_BFD09C43 a0=(0000,0000)     a1=(0,0,0,0) u32_0=0000
					*owner = (01B9): Point2D - (-9.2,7.55)
					*entity2 = (01B9): Point2D - (-9.2,7.55)
			*sketch = (00D4): Sketch2D 'Esquisse3'
			*endPointOf[0000] = (01C2): Line2D - (-9.2,7.55) - (-17.2,7.55)
			*endPointOf[0001] = (01C9): Circle2D - (-9.2,7.4), r=0.15, (-9.2,7.25), (-9.2,7.55)
		objects[01AA] = (01BA): Point2D  flags=20200  index=01F9 flags2=0000  pos=Vector (-17.2, 7.550000000000001, 0.0)   u32_0=0000 lst1=() 
			next = (06A3): FxAttrStyles a0=(0000,0000)    u32_0=0000 associativeID=004F typEntity=0001
				next = (0991): FxAttr_BFD09C43 a0=(0000,0000)     a1=(0,0,0,0) u32_0=0000
					*owner = (01BA): Point2D - (-17.2,7.55)
					*entity2 = (01BA): Point2D - (-17.2,7.55)
			*sketch = (00D4): Sketch2D 'Esquisse3'
			*endPointOf[0000] = (01C2): Line2D - (-9.2,7.55) - (-17.2,7.55)
			*endPointOf[0001] = (01C8): Circle2D - (-17.2,7.4), r=0.15, (-17.2,7.55), (-17.2,7.25)
		objects[01AB] = (01BB): Point2D  flags=20200  index=01FA flags2=0000  pos=Vector (-17.2, 7.3999999999999995, 0.0)   u32_0=0000 lst1=() 
			next = (06A4): FxAttrStyles a0=(0000,0000)    u32_0=0000 associativeID=0050 typEntity=0001
			*sketch = (00D4): Sketch2D 'Esquisse3'
			*endPointOf[0000] = (01BD): Line2D - (-17.2,7.4) - (-9.2,7.4)
			*centerOf[0000] = (01C8): Circle2D - (-17.2,7.4), r=0.15, (-17.2,7.55), (-17.2,7.25)
		objects[01AC] = (01BC): Point2D  flags=20200  index=01FB flags2=0000  pos=Vector (-9.200000000000001, 7.4, 0.0)   u32_0=0000 lst1=() 
			next = (06A5): FxAttrStyles a0=(0000,0000)    u32_0=0000 associativeID=0051 typEntity=0001
			*sketch = (00D4): Sketch2D 'Esquisse3'
			*endPointOf[0000] = (01BD): Line2D - (-17.2,7.4) - (-9.2,7.4)
			*centerOf[0000] = (01C9): Circle2D - (-9.2,7.4), r=0.15, (-9.2,7.25), (-9.2,7.55)
		objects[01AD] = (01BD): Line2D  flags=20200  index=01FC flags2=80000    pos=Vector (-12.22488680638248, 7.4, 0.0) dir=Vector (1.0, 0.0, 0.0)
			next = (06A6): FxAttrStyles a0=(0000,0000)    u32_0=0000 associativeID=0052 typEntity=0002
			*sketch = (00D4): Sketch2D 'Esquisse3'
			*points[0000] = (01BB): Point2D - (-17.2,7.4)
			*points[0001] = (01BC): Point2D - (-9.2,7.4)
		objects[01AE] = (01BE): Geometric_Coincident2D  flags=4208  index=01FD flags2=-1  lst0={[01BD,1]:0}    
			*group = (02B3): Group2D
			*lst0[0000] = (01BD): Line2D - (-17.2,7.4) - (-9.2,7.4)
			*lst1[0000] = (01BD): Line2D - (-17.2,7.4) - (-9.2,7.4)
			*entity1 = (01BD): Line2D - (-17.2,7.4) - (-9.2,7.4)
			*entity2 = (01BB): Point2D - (-17.2,7.4)
		objects[01AF] = (01BF): Geometric_Coincident2D  flags=4208  index=01FE flags2=-1  lst0={[01BD,1]:1}    
			*group = (02B3): Group2D
			*lst0[0000] = (01BD): Line2D - (-17.2,7.4) - (-9.2,7.4)
			*lst1[0000] = (01BD): Line2D - (-17.2,7.4) - (-9.2,7.4)
			*entity1 = (01BD): Line2D - (-17.2,7.4) - (-9.2,7.4)
			*entity2 = (01BC): Point2D - (-9.2,7.4)
		objects[01B0] = (01C0): Geometric_Parallel2D  flags=4208  index=01FF flags2=-1  lst0={}     u16_0=000
			*group = (02B3): Group2D
			*line1 = (01A1): Line2D - (-9.2,8.75) - (-17.2,8.75)
			*line2 = (01BD): Line2D - (-17.2,7.4) - (-9.2,7.4)
		objects[01B1] = (01C1): Line2D  flags=20200  index=0200 flags2=0000    pos=Vector (-12.224886806382488, 7.25, 0.0) dir=Vector (1.0, 0.0, 0.0)
			next = (06A7): FxAttrStyles a0=(0000,0000)    u32_0=0000 associativeID=0053 typEntity=0002
			*sketch = (00D4): Sketch2D 'Esquisse3'
			*points[0000] = (01B7): Point2D - (-17.2,7.25)
			*points[0001] = (01B8): Point2D - (-9.2,7.25)
		objects[01B2] = (01C2): Line2D  flags=20200  index=0201 flags2=0000    pos=Vector (-12.224886806382488, 7.550000000000001, 0.0) dir=Vector (-1.0, 0.0, 0.0)
			next = (06A8): FxAttrStyles a0=(0000,0000)    u32_0=0000 associativeID=0054 typEntity=0002
			*sketch = (00D4): Sketch2D 'Esquisse3'
			*points[0000] = (01B9): Point2D - (-9.2,7.55)
			*points[0001] = (01BA): Point2D - (-17.2,7.55)
		objects[01B3] = (01C3): Geometric_Parallel2D  flags=4208  index=0202 flags2=-1  lst0={}     u16_0=000
			*group = (02B3): Group2D
			*line1 = (01C1): Line2D - (-17.2,7.25) - (-9.2,7.25)
			*line2 = (01C2): Line2D - (-9.2,7.55) - (-17.2,7.55)
		objects[01B4] = (01C4): Geometric_Coincident2D  flags=4208  index=0203 flags2=-1  lst0={}    
			*group = (02B3): Group2D
			*entity1 = (01C1): Line2D - (-17.2,7.25) - (-9.2,7.25)
			*entity2 = (01B7): Point2D - (-17.2,7.25)
		objects[01B5] = (01C5): Geometric_Coincident2D  flags=4208  index=0204 flags2=-1  lst0={}    
			*group = (02B3): Group2D
			*entity1 = (01C1): Line2D - (-17.2,7.25) - (-9.2,7.25)
			*entity2 = (01B8): Point2D - (-9.2,7.25)
		objects[01B6] = (01C6): Geometric_Coincident2D  flags=4208  index=0205 flags2=-1  lst0={}    
			*group = (02B3): Group2D
			*entity1 = (01C2): Line2D - (-9.2,7.55) - (-17.2,7.55)
			*entity2 = (01B9): Point2D - (-9.2,7.55)
		objects[01B7] = (01C7): Geometric_Coincident2D  flags=4208  index=0206 flags2=-1  lst0={}    
			*group = (02B3): Group2D
			*entity1 = (01C2): Line2D - (-9.2,7.55) - (-17.2,7.55)
			*entity2 = (01BA): Point2D - (-17.2,7.55)
		objects[01B8] = (01C8): Circle2D  flags=20200  index=0207 flags2=0000     r=0.15 u8_0=00
			next = (06A9): FxAttrStyles a0=(0000,0000)    u32_0=0000 associativeID=0055 typEntity=0002
			*sketch = (00D4): Sketch2D 'Esquisse3'
			*points[0000] = (01BA): Point2D - (-17.2,7.55)
			*points[0001] = (01B7): Point2D - (-17.2,7.25)
			*center = (01BB): Point2D - (-17.2,7.4)
		objects[01B9] = (01C9): Circle2D  flags=20200  index=0208 flags2=0000     r=0.15 u8_0=00
			next = (06AA): FxAttrStyles a0=(0000,0000)    u32_0=0000 associativeID=0056 typEntity=0002
			*sketch = (00D4): Sketch2D 'Esquisse3'
			*points[0000] = (01B8): Point2D - (-9.2,7.25)
			*points[0001] = (01B9): Point2D - (-9.2,7.55)
			*center = (01BC): Point2D - (-9.2,7.4)
		objects[01BA] = (01CA): Geometric_Radius2D  flags=4208  index=0209 flags2=-1  lst0={}    
			*group = (02B3): Group2D
			*entity = (01C8): Circle2D - (-17.2,7.4), r=0.15, (-17.2,7.55), (-17.2,7.25)
			*center = (01BB): Point2D - (-17.2,7.4)
		objects[01BB] = (01CB): Geometric_Radius2D  flags=4208  index=020A flags2=-1  lst0={}    
			*group = (02B3): Group2D
			*entity = (01C9): Circle2D - (-9.2,7.4), r=0.15, (-9.2,7.25), (-9.2,7.55)
			*center = (01BC): Point2D - (-9.2,7.4)
		objects[01BC] = (01CC): Geometric_Coincident2D  flags=4208  index=020B flags2=-1  lst0={[01C8,1]:4.71239}    
			*group = (02B3): Group2D
			*lst0[0000] = (01C8): Circle2D - (-17.2,7.4), r=0.15, (-17.2,7.55), (-17.2,7.25)
			*lst1[0000] = (01C8): Circle2D - (-17.2,7.4), r=0.15, (-17.2,7.55), (-17.2,7.25)
			*entity1 = (01C8): Circle2D - (-17.2,7.4), r=0.15, (-17.2,7.55), (-17.2,7.25)
			*entity2 = (01B7): Point2D - (-17.2,7.25)
		objects[01BD] = (01CD): Geometric_Coincident2D  flags=4208  index=020C flags2=-1  lst0={[01C8,1]:1.5708}    
			*group = (02B3): Group2D
			*lst0[0000] = (01C8): Circle2D - (-17.2,7.4), r=0.15, (-17.2,7.55), (-17.2,7.25)
			*lst1[0000] = (01C8): Circle2D - (-17.2,7.4), r=0.15, (-17.2,7.55), (-17.2,7.25)
			*entity1 = (01C8): Circle2D - (-17.2,7.4), r=0.15, (-17.2,7.55), (-17.2,7.25)
			*entity2 = (01BA): Point2D - (-17.2,7.55)
		objects[01BE] = (01CE): Geometric_Coincident2D  flags=4208  index=020D flags2=-1  lst0={[01C9,1]:4.71239}    
			*group = (02B3): Group2D
			*lst0[0000] = (01C9): Circle2D - (-9.2,7.4), r=0.15, (-9.2,7.25), (-9.2,7.55)
			*lst1[0000] = (01C9): Circle2D - (-9.2,7.4), r=0.15, (-9.2,7.25), (-9.2,7.55)
			*entity1 = (01C9): Circle2D - (-9.2,7.4), r=0.15, (-9.2,7.25), (-9.2,7.55)
			*entity2 = (01B8): Point2D - (-9.2,7.25)
		objects[01BF] = (01CF): Geometric_Coincident2D  flags=4208  index=020E flags2=-1  lst0={[01C9,1]:7.85398}    
			*group = (02B3): Group2D
			*lst0[0000] = (01C9): Circle2D - (-9.2,7.4), r=0.15, (-9.2,7.25), (-9.2,7.55)
			*lst1[0000] = (01C9): Circle2D - (-9.2,7.4), r=0.15, (-9.2,7.25), (-9.2,7.55)
			*entity1 = (01C9): Circle2D - (-9.2,7.4), r=0.15, (-9.2,7.25), (-9.2,7.55)
			*entity2 = (01B9): Point2D - (-9.2,7.55)
		objects[01C0] = (01D0): Geometric_Tangential2D  flags=4208  index=020F flags2=-1  lst0={}    
			*group = (02B3): Group2D
			*entity1 = (01C8): Circle2D - (-17.2,7.4), r=0.15, (-17.2,7.55), (-17.2,7.25)
			*entity2 = (01C1): Line2D - (-17.2,7.25) - (-9.2,7.25)
		objects[01C1] = (01D1): Geometric_Tangential2D  flags=4208  index=0210 flags2=-1  lst0={}    
			*group = (02B3): Group2D
			*entity1 = (01C8): Circle2D - (-17.2,7.4), r=0.15, (-17.2,7.55), (-17.2,7.25)
			*entity2 = (01C2): Line2D - (-9.2,7.55) - (-17.2,7.55)
		objects[01C2] = (01D2): Geometric_Tangential2D  flags=4208  index=0211 flags2=-1  lst0={}    
			*group = (02B3): Group2D
			*entity1 = (01C9): Circle2D - (-9.2,7.4), r=0.15, (-9.2,7.25), (-9.2,7.55)
			*entity2 = (01C1): Line2D - (-17.2,7.25) - (-9.2,7.25)
		objects[01C3] = (01D3): Geometric_Tangential2D  flags=4208  index=0212 flags2=-1  lst0={}    
			*group = (02B3): Group2D
			*entity1 = (01C9): Circle2D - (-9.2,7.4), r=0.15, (-9.2,7.25), (-9.2,7.55)
			*entity2 = (01C2): Line2D - (-9.2,7.55) - (-17.2,7.55)
		objects[01C4] = (01D4): Geometric_Coincident2D  flags=4208  index=0213 flags2=-1  lst0={[01BD,1]:0}    
			*group = (02B3): Group2D
			*lst0[0000] = (01BD): Line2D - (-17.2,7.4) - (-9.2,7.4)
			*lst1[0000] = (01BD): Line2D - (-17.2,7.4) - (-9.2,7.4)
			*entity1 = (01BD): Line2D - (-17.2,7.4) - (-9.2,7.4)
			*entity2 = (01BB): Point2D - (-17.2,7.4)
		objects[01C5] = (01D5): Geometric_Coincident2D  flags=4208  index=0214 flags2=-1  lst0={[01BD,1]:1}    
			*group = (02B3): Group2D
			*lst0[0000] = (01BD): Line2D - (-17.2,7.4) - (-9.2,7.4)
			*lst1[0000] = (01BD): Line2D - (-17.2,7.4) - (-9.2,7.4)
			*entity1 = (01BD): Line2D - (-17.2,7.4) - (-9.2,7.4)
			*entity2 = (01BC): Point2D - (-9.2,7.4)
		objects[01C6] = (01D6): Point2D  flags=20200  index=0215 flags2=0000  pos=Vector (-13.200000000000001, 7.4, 0.0)   u32_0=0000 lst1=() 
			next = (06AB): FxAttrStyles a0=(0000,0000)    u32_0=0000 associativeID=0057 typEntity=0001
				next = (0992): FxAttr_BFD09C43 a0=(0000,0000)     a1=(0,0,0,0) u32_0=0000
					*owner = (01D6): Point2D - (-13.2,7.4)
					*entity2 = (01D6): Point2D - (-13.2,7.4)
			*sketch = (00D4): Sketch2D 'Esquisse3'
		objects[01C7] = (01D7): Geometric_SymmetryPoint2D  flags=4208  index=0216 flags2=-1  lst0={}    
			*group = (02B3): Group2D
			*entity = (01BD): Line2D - (-17.2,7.4) - (-9.2,7.4)
			*point = (01D6): Point2D - (-13.2,7.4)
		objects[01C8] = (01D8): Point2D  flags=20200  index=0217 flags2=0000  pos=Vector (-9.350000000000001, 5.35, 0.0)   u32_0=0000 lst1=() 
			next = (06AC): FxAttrStyles a0=(0000,0000)    u32_0=0000 associativeID=0058 typEntity=0001
				next = (0993): FxAttr_BFD09C43 a0=(0000,0000)     a1=(0,0,0,0) u32_0=0000
					*owner = (01D8): Point2D - (-9.35,5.35)
					*entity2 = (01D8): Point2D - (-9.35,5.35)
			*sketch = (00D4): Sketch2D 'Esquisse3'
			*endPointOf[0000] = (01E3): Line2D - (-9.35,5.35) - (-9.35,1.35)
			*endPointOf[0001] = (01EA): Circle2D - (-9.2,5.35), r=0.15, (-9.05,5.35), (-9.35,5.35)
		objects[01C9] = (01D9): Point2D  flags=20200  index=0218 flags2=0000  pos=Vector (-9.350000000000001, 1.3500000000000005, 0.0)   u32_0=0000 lst1=() 
			next = (06AD): FxAttrStyles a0=(0000,0000)    u32_0=0000 associativeID=0059 typEntity=0001
				next = (0994): FxAttr_BFD09C43 a0=(0000,0000)     a1=(0,0,0,0) u32_0=0000
					*owner = (01D9): Point2D - (-9.35,1.35)
					*entity2 = (01D9): Point2D - (-9.35,1.35)
			*sketch = (00D4): Sketch2D 'Esquisse3'
			*endPointOf[0000] = (01E3): Line2D - (-9.35,5.35) - (-9.35,1.35)
			*endPointOf[0001] = (01EB): Circle2D - (-9.2,1.35), r=0.15, (-9.35,1.35), (-9.05,1.35)
		objects[01CA] = (01DA): Point2D  flags=20200  index=0219 flags2=0000  pos=Vector (-9.05, 1.3500000000000005, 0.0)   u32_0=0000 lst1=() 
			next = (06AE): FxAttrStyles a0=(0000,0000)    u32_0=0000 associativeID=005A typEntity=0001
				next = (0995): FxAttr_BFD09C43 a0=(0000,0000)     a1=(0,0,0,0) u32_0=0000
					*owner = (01DA): Point2D - (-9.05,1.35)
					*entity2 = (01DA): Point2D - (-9.05,1.35)
			*sketch = (00D4): Sketch2D 'Esquisse3'
			*endPointOf[0000] = (01E4): Line2D - (-9.05,1.35) - (-9.05,5.35)
			*endPointOf[0001] = (01EB): Circle2D - (-9.2,1.35), r=0.15, (-9.35,1.35), (-9.05,1.35)
		objects[01CB] = (01DB): Point2D  flags=20200  index=021A flags2=0000  pos=Vector (-9.05, 5.35, 0.0)   u32_0=0000 lst1=() 
			next = (06AF): FxAttrStyles a0=(0000,0000)    u32_0=0000 associativeID=005B typEntity=0001
				next = (0996): FxAttr_BFD09C43 a0=(0000,0000)     a1=(0,0,0,0) u32_0=0000
					*owner = (01DB): Point2D - (-9.05,5.35)
					*entity2 = (01DB): Point2D - (-9.05,5.35)
			*sketch = (00D4): Sketch2D 'Esquisse3'
			*endPointOf[0000] = (01E4): Line2D - (-9.05,1.35) - (-9.05,5.35)
			*endPointOf[0001] = (01EA): Circle2D - (-9.2,5.35), r=0.15, (-9.05,5.35), (-9.35,5.35)
		objects[01CC] = (01DC): Point2D  flags=20200  index=021B flags2=0000  pos=Vector (-9.200000000000001, 5.35, 0.0)   u32_0=0000 lst1=() 
			next = (06B0): FxAttrStyles a0=(0000,0000)    u32_0=0000 associativeID=005C typEntity=0001
			*sketch = (00D4): Sketch2D 'Esquisse3'
			*endPointOf[0000] = (0118): Line2D - (-9.2,14.95) - (-9.2,10.95)
			*endPointOf[0001] = (01DF): Line2D - (-9.2,5.35) - (-9.2,1.35)
			*centerOf[0000] = (01EA): Circle2D - (-9.2,5.35), r=0.15, (-9.05,5.35), (-9.35,5.35)
		objects[01CD] = (01DD): Geometric_Coincident2D  flags=4208  index=021C flags2=-1  lst0={[0118,1]:2.27267}    
			*group = (02B3): Group2D
			*lst0[0000] = (0118): Line2D - (-9.2,14.95) - (-9.2,10.95)
			*lst1[0000] = (0118): Line2D - (-9.2,14.95) - (-9.2,10.95)
			*entity1 = (0118): Line2D - (-9.2,14.95) - (-9.2,10.95)
			*entity2 = (01DC): Point2D - (-9.2,5.35)
		objects[01CE] = (01DE): Point2D  flags=20200  index=021D flags2=0000  pos=Vector (-9.200000000000001, 1.3500000000000005, 0.0)   u32_0=0000 lst1=() 
			next = (06B1): FxAttrStyles a0=(0000,0000)    u32_0=0000 associativeID=005D typEntity=0001
			*sketch = (00D4): Sketch2D 'Esquisse3'
			*endPointOf[0000] = (01DF): Line2D - (-9.2,5.35) - (-9.2,1.35)
			*endPointOf[0001] = (0118): Line2D - (-9.2,14.95) - (-9.2,10.95)
			*centerOf[0000] = (01EB): Circle2D - (-9.2,1.35), r=0.15, (-9.35,1.35), (-9.05,1.35)
		objects[01CF] = (01DF): Line2D  flags=20200  index=021E flags2=80000    pos=Vector (-9.200000000000003, 5.504773208010688, 0.0) dir=Vector (0.0, -1.0, 0.0)
			next = (06B2): FxAttrStyles a0=(0000,0000)    u32_0=0000 associativeID=005E typEntity=0002
			*sketch = (00D4): Sketch2D 'Esquisse3'
			*points[0000] = (01DC): Point2D - (-9.2,5.35)
			*points[0001] = (01DE): Point2D - (-9.2,1.35)
		objects[01D0] = (01E0): Geometric_Coincident2D  flags=4208  index=021F flags2=-1  lst0={[01DF,1]:0}    
			*group = (02B3): Group2D
			*lst0[0000] = (01DF): Line2D - (-9.2,5.35) - (-9.2,1.35)
			*lst1[0000] = (01DF): Line2D - (-9.2,5.35) - (-9.2,1.35)
			*entity1 = (01DF): Line2D - (-9.2,5.35) - (-9.2,1.35)
			*entity2 = (01DC): Point2D - (-9.2,5.35)
		objects[01D1] = (01E1): Geometric_Coincident2D  flags=4208  index=0220 flags2=-1  lst0={[01DF,1]:1}    
			*group = (02B3): Group2D
			*lst0[0000] = (01DF): Line2D - (-9.2,5.35) - (-9.2,1.35)
			*lst1[0000] = (01DF): Line2D - (-9.2,5.35) - (-9.2,1.35)
			*entity1 = (01DF): Line2D - (-9.2,5.35) - (-9.2,1.35)
			*entity2 = (01DE): Point2D - (-9.2,1.35)
		objects[01D2] = (01E2): Geometric_Coincident2D  flags=4208  index=0221 flags2=-1  lst0={[0118,1]:3.11039}    
			*group = (02B3): Group2D
			*lst0[0000] = (0118): Line2D - (-9.2,14.95) - (-9.2,10.95)
			*lst1[0000] = (0118): Line2D - (-9.2,14.95) - (-9.2,10.95)
			*entity1 = (0118): Line2D - (-9.2,14.95) - (-9.2,10.95)
			*entity2 = (01DE): Point2D - (-9.2,1.35)
		objects[01D3] = (01E3): Line2D  flags=20200  index=0222 flags2=0000    pos=Vector (-9.350000000000001, 5.504773208010687, 0.0) dir=Vector (-7.572619629117799e-19, -1.0, 0.0)
			next = (06B3): FxAttrStyles a0=(0000,0000)    u32_0=0000 associativeID=005F typEntity=0002
			*sketch = (00D4): Sketch2D 'Esquisse3'
			*points[0000] = (01D8): Point2D - (-9.35,5.35)
			*points[0001] = (01D9): Point2D - (-9.35,1.35)
		objects[01D4] = (01E4): Line2D  flags=20200  index=0223 flags2=0000    pos=Vector (-9.050000000000002, 5.504773208010686, 0.0) dir=Vector (7.572619629117799e-19, 1.0, 0.0)
			next = (06B4): FxAttrStyles a0=(0000,0000)    u32_0=0000 associativeID=0060 typEntity=0002
			*sketch = (00D4): Sketch2D 'Esquisse3'
			*points[0000] = (01DA): Point2D - (-9.05,1.35)
			*points[0001] = (01DB): Point2D - (-9.05,5.35)
		objects[01D5] = (01E5): Geometric_Parallel2D  flags=4208  index=0224 flags2=-1  lst0={}     u16_0=000
			*group = (02B3): Group2D
			*line1 = (01E3): Line2D - (-9.35,5.35) - (-9.35,1.35)
			*line2 = (01E4): Line2D - (-9.05,1.35) - (-9.05,5.35)
		objects[01D6] = (01E6): Geometric_Coincident2D  flags=4208  index=0225 flags2=-1  lst0={[01E3,1]:0}    
			*group = (02B3): Group2D
			*lst0[0000] = (01E3): Line2D - (-9.35,5.35) - (-9.35,1.35)
			*lst1[0000] = (01E3): Line2D - (-9.35,5.35) - (-9.35,1.35)
			*entity1 = (01E3): Line2D - (-9.35,5.35) - (-9.35,1.35)
			*entity2 = (01D8): Point2D - (-9.35,5.35)
		objects[01D7] = (01E7): Geometric_Coincident2D  flags=4208  index=0226 flags2=-1  lst0={[01E3,1]:1}    
			*group = (02B3): Group2D
			*lst0[0000] = (01E3): Line2D - (-9.35,5.35) - (-9.35,1.35)
			*lst1[0000] = (01E3): Line2D - (-9.35,5.35) - (-9.35,1.35)
			*entity1 = (01E3): Line2D - (-9.35,5.35) - (-9.35,1.35)
			*entity2 = (01D9): Point2D - (-9.35,1.35)
		objects[01D8] = (01E8): Geometric_Coincident2D  flags=4208  index=0227 flags2=-1  lst0={[01E4,1]:0}    
			*group = (02B3): Group2D
			*lst0[0000] = (01E4): Line2D - (-9.05,1.35) - (-9.05,5.35)
			*lst1[0000] = (01E4): Line2D - (-9.05,1.35) - (-9.05,5.35)
			*entity1 = (01E4): Line2D - (-9.05,1.35) - (-9.05,5.35)
			*entity2 = (01DA): Point2D - (-9.05,1.35)
		objects[01D9] = (01E9): Geometric_Coincident2D  flags=4208  index=0228 flags2=-1  lst0={[01E4,1]:1}    
			*group = (02B3): Group2D
			*lst0[0000] = (01E4): Line2D - (-9.05,1.35) - (-9.05,5.35)
			*lst1[0000] = (01E4): Line2D - (-9.05,1.35) - (-9.05,5.35)
			*entity1 = (01E4): Line2D - (-9.05,1.35) - (-9.05,5.35)
			*entity2 = (01DB): Point2D - (-9.05,5.35)
		objects[01DA] = (01EA): Circle2D  flags=20200  index=0229 flags2=0000     r=0.15 u8_0=00
			next = (06B5): FxAttrStyles a0=(0000,0000)    u32_0=0000 associativeID=0061 typEntity=0002
			*sketch = (00D4): Sketch2D 'Esquisse3'
			*points[0000] = (01DB): Point2D - (-9.05,5.35)
			*points[0001] = (01D8): Point2D - (-9.35,5.35)
			*center = (01DC): Point2D - (-9.2,5.35)
		objects[01DB] = (01EB): Circle2D  flags=20200  index=022A flags2=0000     r=0.15 u8_0=00
			next = (06B6): FxAttrStyles a0=(0000,0000)    u32_0=0000 associativeID=0062 typEntity=0002
			*sketch = (00D4): Sketch2D 'Esquisse3'
			*points[0000] = (01D9): Point2D - (-9.35,1.35)
			*points[0001] = (01DA): Point2D - (-9.05,1.35)
			*center = (01DE): Point2D - (-9.2,1.35)
		objects[01DC] = (01EC): Geometric_Radius2D  flags=4208  index=022B flags2=-1  lst0={}    
			*group = (02B3): Group2D
			*entity = (01EA): Circle2D - (-9.2,5.35), r=0.15, (-9.05,5.35), (-9.35,5.35)
			*center = (01DC): Point2D - (-9.2,5.35)
		objects[01DD] = (01ED): Geometric_Radius2D  flags=4208  index=022C flags2=-1  lst0={}    
			*group = (02B3): Group2D
			*entity = (01EB): Circle2D - (-9.2,1.35), r=0.15, (-9.35,1.35), (-9.05,1.35)
			*center = (01DE): Point2D - (-9.2,1.35)
		objects[01DE] = (01EE): Geometric_Coincident2D  flags=4208  index=022D flags2=-1  lst0={[01EA,1]:3.14159}    
			*group = (02B3): Group2D
			*lst0[0000] = (01EA): Circle2D - (-9.2,5.35), r=0.15, (-9.05,5.35), (-9.35,5.35)
			*lst1[0000] = (01EA): Circle2D - (-9.2,5.35), r=0.15, (-9.05,5.35), (-9.35,5.35)
			*entity1 = (01EA): Circle2D - (-9.2,5.35), r=0.15, (-9.05,5.35), (-9.35,5.35)
			*entity2 = (01D8): Point2D - (-9.35,5.35)
		objects[01DF] = (01EF): Geometric_Coincident2D  flags=4208  index=022E flags2=-1  lst0={[01EA,1]:0}    
			*group = (02B3): Group2D
			*lst0[0000] = (01EA): Circle2D - (-9.2,5.35), r=0.15, (-9.05,5.35), (-9.35,5.35)
			*lst1[0000] = (01EA): Circle2D - (-9.2,5.35), r=0.15, (-9.05,5.35), (-9.35,5.35)
			*entity1 = (01EA): Circle2D - (-9.2,5.35), r=0.15, (-9.05,5.35), (-9.35,5.35)
			*entity2 = (01DB): Point2D - (-9.05,5.35)
		objects[01E0] = (01F0): Geometric_Coincident2D  flags=4208  index=022F flags2=-1  lst0={[01EB,1]:3.14159}    
			*group = (02B3): Group2D
			*lst0[0000] = (01EB): Circle2D - (-9.2,1.35), r=0.15, (-9.35,1.35), (-9.05,1.35)
			*lst1[0000] = (01EB): Circle2D - (-9.2,1.35), r=0.15, (-9.35,1.35), (-9.05,1.35)
			*entity1 = (01EB): Circle2D - (-9.2,1.35), r=0.15, (-9.35,1.35), (-9.05,1.35)
			*entity2 = (01D9): Point2D - (-9.35,1.35)
		objects[01E1] = (01F1): Geometric_Coincident2D  flags=4208  index=0230 flags2=-1  lst0={[01EB,1]:6.28319}    
			*group = (02B3): Group2D
			*lst0[0000] = (01EB): Circle2D - (-9.2,1.35), r=0.15, (-9.35,1.35), (-9.05,1.35)
			*lst1[0000] = (01EB): Circle2D - (-9.2,1.35), r=0.15, (-9.35,1.35), (-9.05,1.35)
			*entity1 = (01EB): Circle2D - (-9.2,1.35), r=0.15, (-9.35,1.35), (-9.05,1.35)
			*entity2 = (01DA): Point2D - (-9.05,1.35)
		objects[01E2] = (01F2): Geometric_Tangential2D  flags=4208  index=0231 flags2=-1  lst0={}    
			*group = (02B3): Group2D
			*entity1 = (01EA): Circle2D - (-9.2,5.35), r=0.15, (-9.05,5.35), (-9.35,5.35)
			*entity2 = (01E3): Line2D - (-9.35,5.35) - (-9.35,1.35)
		objects[01E3] = (01F3): Geometric_Tangential2D  flags=4208  index=0232 flags2=-1  lst0={}    
			*group = (02B3): Group2D
			*entity1 = (01EA): Circle2D - (-9.2,5.35), r=0.15, (-9.05,5.35), (-9.35,5.35)
			*entity2 = (01E4): Line2D - (-9.05,1.35) - (-9.05,5.35)
		objects[01E4] = (01F4): Geometric_Tangential2D  flags=4208  index=0233 flags2=-1  lst0={}    
			*group = (02B3): Group2D
			*entity1 = (01EB): Circle2D - (-9.2,1.35), r=0.15, (-9.35,1.35), (-9.05,1.35)
			*entity2 = (01E3): Line2D - (-9.35,5.35) - (-9.35,1.35)
		objects[01E5] = (01F5): Geometric_Tangential2D  flags=4208  index=0234 flags2=-1  lst0={}    
			*group = (02B3): Group2D
			*entity1 = (01EB): Circle2D - (-9.2,1.35), r=0.15, (-9.35,1.35), (-9.05,1.35)
			*entity2 = (01E4): Line2D - (-9.05,1.35) - (-9.05,5.35)
		objects[01E6] = (01F6): Geometric_Coincident2D  flags=4208  index=0235 flags2=-1  lst0={[01DF,1]:0}    
			*group = (02B3): Group2D
			*lst0[0000] = (01DF): Line2D - (-9.2,5.35) - (-9.2,1.35)
			*lst1[0000] = (01DF): Line2D - (-9.2,5.35) - (-9.2,1.35)
			*entity1 = (01DF): Line2D - (-9.2,5.35) - (-9.2,1.35)
			*entity2 = (01DC): Point2D - (-9.2,5.35)
		objects[01E7] = (01F7): Geometric_Coincident2D  flags=4208  index=0236 flags2=-1  lst0={[01DF,1]:1}    
			*group = (02B3): Group2D
			*lst0[0000] = (01DF): Line2D - (-9.2,5.35) - (-9.2,1.35)
			*lst1[0000] = (01DF): Line2D - (-9.2,5.35) - (-9.2,1.35)
			*entity1 = (01DF): Line2D - (-9.2,5.35) - (-9.2,1.35)
			*entity2 = (01DE): Point2D - (-9.2,1.35)
		objects[01E8] = (01F8): Point2D  flags=20200  index=0237 flags2=0000  pos=Vector (-9.200000000000001, 3.3500000000000005, 0.0)   u32_0=0000 lst1=() 
			next = (06B7): FxAttrStyles a0=(0000,0000)    u32_0=0000 associativeID=0063 typEntity=0001
				next = (0997): FxAttr_BFD09C43 a0=(0000,0000)     a1=(0,0,0,0) u32_0=0000
					*owner = (01F8): Point2D - (-9.2,3.35)
					*entity2 = (01F8): Point2D - (-9.2,3.35)
			*sketch = (00D4): Sketch2D 'Esquisse3'
		objects[01E9] = (01F9): Geometric_SymmetryPoint2D  flags=4208  index=0238 flags2=-1  lst0={}    
			*group = (02B3): Group2D
			*entity = (01DF): Line2D - (-9.2,5.35) - (-9.2,1.35)
			*point = (01F8): Point2D - (-9.2,3.35)
		objects[01EA] = (01FA): Point2D  flags=20200  index=0239 flags2=0000  pos=Vector (-11.05, 5.35, 0.0)   u32_0=0000 lst1=() 
			next = (06B8): FxAttrStyles a0=(0000,0000)    u32_0=0000 associativeID=0064 typEntity=0001
				next = (0998): FxAttr_BFD09C43 a0=(0000,0000)     a1=(0,0,0,0) u32_0=0000
					*owner = (01FA): Point2D - (-11.05,5.35)
					*entity2 = (01FA): Point2D - (-11.05,5.35)
			*sketch = (00D4): Sketch2D 'Esquisse3'
			*endPointOf[0000] = (0205): Line2D - (-11.05,5.35) - (-11.05,1.35)
			*endPointOf[0001] = (020C): Circle2D - (-10.9,5.35), r=0.15, (-10.75,5.35), (-11.05,5.35)
		objects[01EB] = (01FB): Point2D  flags=20200  index=023A flags2=0000  pos=Vector (-11.05, 1.3500000000000005, 0.0)   u32_0=0000 lst1=() 
			next = (06B9): FxAttrStyles a0=(0000,0000)    u32_0=0000 associativeID=0065 typEntity=0001
				next = (0999): FxAttr_BFD09C43 a0=(0000,0000)     a1=(0,0,0,0) u32_0=0000
					*owner = (01FB): Point2D - (-11.05,1.35)
					*entity2 = (01FB): Point2D - (-11.05,1.35)
			*sketch = (00D4): Sketch2D 'Esquisse3'
			*endPointOf[0000] = (0205): Line2D - (-11.05,5.35) - (-11.05,1.35)
			*endPointOf[0001] = (020D): Circle2D - (-10.9,1.35), r=0.15, (-11.05,1.35), (-10.75,1.35)
		objects[01EC] = (01FC): Point2D  flags=20200  index=023B flags2=0000  pos=Vector (-10.75, 1.3500000000000005, 0.0)   u32_0=0000 lst1=() 
			next = (06BA): FxAttrStyles a0=(0000,0000)    u32_0=0000 associativeID=0066 typEntity=0001
				next = (099A): FxAttr_BFD09C43 a0=(0000,0000)     a1=(0,0,0,0) u32_0=0000
					*owner = (01FC): Point2D - (-10.75,1.35)
					*entity2 = (01FC): Point2D - (-10.75,1.35)
			*sketch = (00D4): Sketch2D 'Esquisse3'
			*endPointOf[0000] = (0206): Line2D - (-10.75,1.35) - (-10.75,5.35)
			*endPointOf[0001] = (020D): Circle2D - (-10.9,1.35), r=0.15, (-11.05,1.35), (-10.75,1.35)
		objects[01ED] = (01FD): Point2D  flags=20200  index=023C flags2=0000  pos=Vector (-10.75, 5.35, 0.0)   u32_0=0000 lst1=() 
			next = (06BB): FxAttrStyles a0=(0000,0000)    u32_0=0000 associativeID=0067 typEntity=0001
				next = (099B): FxAttr_BFD09C43 a0=(0000,0000)     a1=(0,0,0,0) u32_0=0000
					*owner = (01FD): Point2D - (-10.75,5.35)
					*entity2 = (01FD): Point2D - (-10.75,5.35)
			*sketch = (00D4): Sketch2D 'Esquisse3'
			*endPointOf[0000] = (0206): Line2D - (-10.75,1.35) - (-10.75,5.35)
			*endPointOf[0001] = (020C): Circle2D - (-10.9,5.35), r=0.15, (-10.75,5.35), (-11.05,5.35)
		objects[01EE] = (01FE): Point2D  flags=20200  index=023D flags2=0000  pos=Vector (-10.900000000000002, 5.35, 0.0)   u32_0=0000 lst1=() 
			next = (06BC): FxAttrStyles a0=(0000,0000)    u32_0=0000 associativeID=0068 typEntity=0001
			*sketch = (00D4): Sketch2D 'Esquisse3'
			*endPointOf[0000] = (0139): Line2D - (-10.9,14.95) - (-10.9,10.95)
			*endPointOf[0001] = (0201): Line2D - (-10.9,5.35) - (-10.9,1.35)
			*centerOf[0000] = (020C): Circle2D - (-10.9,5.35), r=0.15, (-10.75,5.35), (-11.05,5.35)
		objects[01EF] = (01FF): Geometric_Coincident2D  flags=4208  index=023E flags2=-1  lst0={[0139,1]:3.35737}    
			*group = (02B3): Group2D
			*lst0[0000] = (0139): Line2D - (-10.9,14.95) - (-10.9,10.95)
			*lst1[0000] = (0139): Line2D - (-10.9,14.95) - (-10.9,10.95)
			*entity1 = (0139): Line2D - (-10.9,14.95) - (-10.9,10.95)
			*entity2 = (01FE): Point2D - (-10.9,5.35)
		objects[01F0] = (0200): Point2D  flags=20200  index=023F flags2=0000  pos=Vector (-10.900000000000002, 1.3500000000000005, 0.0)   u32_0=0000 lst1=() 
			next = (06BD): FxAttrStyles a0=(0000,0000)    u32_0=0000 associativeID=0069 typEntity=0001
			*sketch = (00D4): Sketch2D 'Esquisse3'
			*endPointOf[0000] = (0201): Line2D - (-10.9,5.35) - (-10.9,1.35)
			*endPointOf[0001] = (0139): Line2D - (-10.9,14.95) - (-10.9,10.95)
			*centerOf[0000] = (020D): Circle2D - (-10.9,1.35), r=0.15, (-11.05,1.35), (-10.75,1.35)
		objects[01F1] = (0201): Line2D  flags=20200  index=0240 flags2=80000    pos=Vector (-10.900000000000002, 4.607531036828653, 0.0) dir=Vector (-4.12427571728477e-18, -1.0, 0.0)
			next = (06BE): FxAttrStyles a0=(0000,0000)    u32_0=0000 associativeID=006A typEntity=0002
			*sketch = (00D4): Sketch2D 'Esquisse3'
			*points[0000] = (01FE): Point2D - (-10.9,5.35)
			*points[0001] = (0200): Point2D - (-10.9,1.35)
		objects[01F2] = (0202): Geometric_Coincident2D  flags=4208  index=0241 flags2=-1  lst0={[0201,1]:0}    
			*group = (02B3): Group2D
			*lst0[0000] = (0201): Line2D - (-10.9,5.35) - (-10.9,1.35)
			*lst1[0000] = (0201): Line2D - (-10.9,5.35) - (-10.9,1.35)
			*entity1 = (0201): Line2D - (-10.9,5.35) - (-10.9,1.35)
			*entity2 = (01FE): Point2D - (-10.9,5.35)
		objects[01F3] = (0203): Geometric_Coincident2D  flags=4208  index=0242 flags2=-1  lst0={[0201,1]:1}    
			*group = (02B3): Group2D
			*lst0[0000] = (0201): Line2D - (-10.9,5.35) - (-10.9,1.35)
			*lst1[0000] = (0201): Line2D - (-10.9,5.35) - (-10.9,1.35)
			*entity1 = (0201): Line2D - (-10.9,5.35) - (-10.9,1.35)
			*entity2 = (0200): Point2D - (-10.9,1.35)
		objects[01F4] = (0204): Geometric_Coincident2D  flags=4208  index=0243 flags2=-1  lst0={[0139,1]:4.61804}    
			*group = (02B3): Group2D
			*lst0[0000] = (0139): Line2D - (-10.9,14.95) - (-10.9,10.95)
			*lst1[0000] = (0139): Line2D - (-10.9,14.95) - (-10.9,10.95)
			*entity1 = (0139): Line2D - (-10.9,14.95) - (-10.9,10.95)
			*entity2 = (0200): Point2D - (-10.9,1.35)
		objects[01F5] = (0205): Line2D  flags=20200  index=0244 flags2=0000    pos=Vector (-11.050000000000002, 4.607531036828657, 0.0) dir=Vector (-9.560624228474695e-18, -1.0, 0.0)
			next = (06BF): FxAttrStyles a0=(0000,0000)    u32_0=0000 associativeID=006B typEntity=0002
			*sketch = (00D4): Sketch2D 'Esquisse3'
			*points[0000] = (01FA): Point2D - (-11.05,5.35)
			*points[0001] = (01FB): Point2D - (-11.05,1.35)
		objects[01F6] = (0206): Line2D  flags=20200  index=0245 flags2=0000    pos=Vector (-10.750000000000004, 4.607531036828658, 0.0) dir=Vector (9.560624228474695e-18, 1.0, 0.0)
			next = (06C0): FxAttrStyles a0=(0000,0000)    u32_0=0000 associativeID=006C typEntity=0002
			*sketch = (00D4): Sketch2D 'Esquisse3'
			*points[0000] = (01FC): Point2D - (-10.75,1.35)
			*points[0001] = (01FD): Point2D - (-10.75,5.35)
		objects[01F7] = (0207): Geometric_Parallel2D  flags=4208  index=0246 flags2=-1  lst0={}     u16_0=000
			*group = (02B3): Group2D
			*line1 = (0205): Line2D - (-11.05,5.35) - (-11.05,1.35)
			*line2 = (0206): Line2D - (-10.75,1.35) - (-10.75,5.35)
		objects[01F8] = (0208): Geometric_Coincident2D  flags=4208  index=0247 flags2=-1  lst0={[0205,1]:0}    
			*group = (02B3): Group2D
			*lst0[0000] = (0205): Line2D - (-11.05,5.35) - (-11.05,1.35)
			*lst1[0000] = (0205): Line2D - (-11.05,5.35) - (-11.05,1.35)
			*entity1 = (0205): Line2D - (-11.05,5.35) - (-11.05,1.35)
			*entity2 = (01FA): Point2D - (-11.05,5.35)
		objects[01F9] = (0209): Geometric_Coincident2D  flags=4208  index=0248 flags2=-1  lst0={[0205,1]:1}    
			*group = (02B3): Group2D
			*lst0[0000] = (0205): Line2D - (-11.05,5.35) - (-11.05,1.35)
			*lst1[0000] = (0205): Line2D - (-11.05,5.35) - (-11.05,1.35)
			*entity1 = (0205): Line2D - (-11.05,5.35) - (-11.05,1.35)
			*entity2 = (01FB): Point2D - (-11.05,1.35)
		objects[01FA] = (020A): Geometric_Coincident2D  flags=4208  index=0249 flags2=-1  lst0={[0206,1]:0}    
			*group = (02B3): Group2D
			*lst0[0000] = (0206): Line2D - (-10.75,1.35) - (-10.75,5.35)
			*lst1[0000] = (0206): Line2D - (-10.75,1.35) - (-10.75,5.35)
			*entity1 = (0206): Line2D - (-10.75,1.35) - (-10.75,5.35)
			*entity2 = (01FC): Point2D - (-10.75,1.35)
		objects[01FB] = (020B): Geometric_Coincident2D  flags=4208  index=024A flags2=-1  lst0={[0206,1]:1}    
			*group = (02B3): Group2D
			*lst0[0000] = (0206): Line2D - (-10.75,1.35) - (-10.75,5.35)
			*lst1[0000] = (0206): Line2D - (-10.75,1.35) - (-10.75,5.35)
			*entity1 = (0206): Line2D - (-10.75,1.35) - (-10.75,5.35)
			*entity2 = (01FD): Point2D - (-10.75,5.35)
		objects[01FC] = (020C): Circle2D  flags=20200  index=024B flags2=0000     r=0.15 u8_0=00
			next = (06C1): FxAttrStyles a0=(0000,0000)    u32_0=0000 associativeID=006D typEntity=0002
			*sketch = (00D4): Sketch2D 'Esquisse3'
			*points[0000] = (01FD): Point2D - (-10.75,5.35)
			*points[0001] = (01FA): Point2D - (-11.05,5.35)
			*center = (01FE): Point2D - (-10.9,5.35)
		objects[01FD] = (020D): Circle2D  flags=20200  index=024C flags2=0000     r=0.15 u8_0=00
			next = (06C2): FxAttrStyles a0=(0000,0000)    u32_0=0000 associativeID=006E typEntity=0002
			*sketch = (00D4): Sketch2D 'Esquisse3'
			*points[0000] = (01FB): Point2D - (-11.05,1.35)
			*points[0001] = (01FC): Point2D - (-10.75,1.35)
			*center = (0200): Point2D - (-10.9,1.35)
		objects[01FE] = (020E): Geometric_Radius2D  flags=4208  index=024D flags2=-1  lst0={}    
			*group = (02B3): Group2D
			*entity = (020C): Circle2D - (-10.9,5.35), r=0.15, (-10.75,5.35), (-11.05,5.35)
			*center = (01FE): Point2D - (-10.9,5.35)
		objects[01FF] = (020F): Geometric_Radius2D  flags=4208  index=024E flags2=-1  lst0={}    
			*group = (02B3): Group2D
			*entity = (020D): Circle2D - (-10.9,1.35), r=0.15, (-11.05,1.35), (-10.75,1.35)
			*center = (0200): Point2D - (-10.9,1.35)
		objects[0200] = (0210): Geometric_Coincident2D  flags=4208  index=024F flags2=-1  lst0={[020C,1]:3.14159}    
			*group = (02B3): Group2D
			*lst0[0000] = (020C): Circle2D - (-10.9,5.35), r=0.15, (-10.75,5.35), (-11.05,5.35)
			*lst1[0000] = (020C): Circle2D - (-10.9,5.35), r=0.15, (-10.75,5.35), (-11.05,5.35)
			*entity1 = (020C): Circle2D - (-10.9,5.35), r=0.15, (-10.75,5.35), (-11.05,5.35)
			*entity2 = (01FA): Point2D - (-11.05,5.35)
		objects[0201] = (0211): Geometric_Coincident2D  flags=4208  index=0250 flags2=-1  lst0={[020C,1]:0}    
			*group = (02B3): Group2D
			*lst0[0000] = (020C): Circle2D - (-10.9,5.35), r=0.15, (-10.75,5.35), (-11.05,5.35)
			*lst1[0000] = (020C): Circle2D - (-10.9,5.35), r=0.15, (-10.75,5.35), (-11.05,5.35)
			*entity1 = (020C): Circle2D - (-10.9,5.35), r=0.15, (-10.75,5.35), (-11.05,5.35)
			*entity2 = (01FD): Point2D - (-10.75,5.35)
		objects[0202] = (0212): Geometric_Coincident2D  flags=4208  index=0251 flags2=-1  lst0={[020D,1]:3.14159}    
			*group = (02B3): Group2D
			*lst0[0000] = (020D): Circle2D - (-10.9,1.35), r=0.15, (-11.05,1.35), (-10.75,1.35)
			*lst1[0000] = (020D): Circle2D - (-10.9,1.35), r=0.15, (-11.05,1.35), (-10.75,1.35)
			*entity1 = (020D): Circle2D - (-10.9,1.35), r=0.15, (-11.05,1.35), (-10.75,1.35)
			*entity2 = (01FB): Point2D - (-11.05,1.35)
		objects[0203] = (0213): Geometric_Coincident2D  flags=4208  index=0252 flags2=-1  lst0={[020D,1]:6.28319}    
			*group = (02B3): Group2D
			*lst0[0000] = (020D): Circle2D - (-10.9,1.35), r=0.15, (-11.05,1.35), (-10.75,1.35)
			*lst1[0000] = (020D): Circle2D - (-10.9,1.35), r=0.15, (-11.05,1.35), (-10.75,1.35)
			*entity1 = (020D): Circle2D - (-10.9,1.35), r=0.15, (-11.05,1.35), (-10.75,1.35)
			*entity2 = (01FC): Point2D - (-10.75,1.35)
		objects[0204] = (0214): Geometric_Tangential2D  flags=4208  index=0253 flags2=-1  lst0={}    
			*group = (02B3): Group2D
			*entity1 = (020C): Circle2D - (-10.9,5.35), r=0.15, (-10.75,5.35), (-11.05,5.35)
			*entity2 = (0205): Line2D - (-11.05,5.35) - (-11.05,1.35)
		objects[0205] = (0215): Geometric_Tangential2D  flags=4208  index=0254 flags2=-1  lst0={}    
			*group = (02B3): Group2D
			*entity1 = (020C): Circle2D - (-10.9,5.35), r=0.15, (-10.75,5.35), (-11.05,5.35)
			*entity2 = (0206): Line2D - (-10.75,1.35) - (-10.75,5.35)
		objects[0206] = (0216): Geometric_Tangential2D  flags=4208  index=0255 flags2=-1  lst0={}    
			*group = (02B3): Group2D
			*entity1 = (020D): Circle2D - (-10.9,1.35), r=0.15, (-11.05,1.35), (-10.75,1.35)
			*entity2 = (0205): Line2D - (-11.05,5.35) - (-11.05,1.35)
		objects[0207] = (0217): Geometric_Tangential2D  flags=4208  index=0256 flags2=-1  lst0={}    
			*group = (02B3): Group2D
			*entity1 = (020D): Circle2D - (-10.9,1.35), r=0.15, (-11.05,1.35), (-10.75,1.35)
			*entity2 = (0206): Line2D - (-10.75,1.35) - (-10.75,5.35)
		objects[0208] = (0218): Geometric_Coincident2D  flags=4208  index=0257 flags2=-1  lst0={[0201,1]:0}    
			*group = (02B3): Group2D
			*lst0[0000] = (0201): Line2D - (-10.9,5.35) - (-10.9,1.35)
			*lst1[0000] = (0201): Line2D - (-10.9,5.35) - (-10.9,1.35)
			*entity1 = (0201): Line2D - (-10.9,5.35) - (-10.9,1.35)
			*entity2 = (01FE): Point2D - (-10.9,5.35)
		objects[0209] = (0219): Geometric_Coincident2D  flags=4208  index=0258 flags2=-1  lst0={[0201,1]:1}    
			*group = (02B3): Group2D
			*lst0[0000] = (0201): Line2D - (-10.9,5.35) - (-10.9,1.35)
			*lst1[0000] = (0201): Line2D - (-10.9,5.35) - (-10.9,1.35)
			*entity1 = (0201): Line2D - (-10.9,5.35) - (-10.9,1.35)
			*entity2 = (0200): Point2D - (-10.9,1.35)
		objects[020A] = (021A): Point2D  flags=20200  index=0259 flags2=0000  pos=Vector (-10.900000000000002, 3.3500000000000005, 0.0)   u32_0=0000 lst1=() 
			next = (06C3): FxAttrStyles a0=(0000,0000)    u32_0=0000 associativeID=006F typEntity=0001
				next = (099C): FxAttr_BFD09C43 a0=(0000,0000)     a1=(0,0,0,0) u32_0=0000
					*owner = (021A): Point2D - (-10.9,3.35)
					*entity2 = (021A): Point2D - (-10.9,3.35)
			*sketch = (00D4): Sketch2D 'Esquisse3'
		objects[020B] = (021B): Geometric_SymmetryPoint2D  flags=4208  index=025A flags2=-1  lst0={}    
			*group = (02B3): Group2D
			*entity = (0201): Line2D - (-10.9,5.35) - (-10.9,1.35)
			*point = (021A): Point2D - (-10.9,3.35)
		objects[020C] = (021C): Point2D  flags=20200  index=025B flags2=0000  pos=Vector (-12.750000000000002, 5.35, 0.0)   u32_0=0000 lst1=() 
			next = (06C4): FxAttrStyles a0=(0000,0000)    u32_0=0000 associativeID=0070 typEntity=0001
				next = (099D): FxAttr_BFD09C43 a0=(0000,0000)     a1=(0,0,0,0) u32_0=0000
					*owner = (021C): Point2D - (-12.75,5.35)
					*entity2 = (021C): Point2D - (-12.75,5.35)
			*sketch = (00D4): Sketch2D 'Esquisse3'
			*endPointOf[0000] = (0227): Line2D - (-12.75,5.35) - (-12.75,2.35)
			*endPointOf[0001] = (022E): Circle2D - (-12.6,5.35), r=0.15, (-12.45,5.35), (-12.75,5.35)
		objects[020D] = (021D): Point2D  flags=20200  index=025C flags2=0000  pos=Vector (-12.750000000000002, 2.3500000000000005, 0.0)   u32_0=0000 lst1=() 
			next = (06C5): FxAttrStyles a0=(0000,0000)    u32_0=0000 associativeID=0071 typEntity=0001
				next = (099E): FxAttr_BFD09C43 a0=(0000,0000)     a1=(0,0,0,0) u32_0=0000
					*owner = (021D): Point2D - (-12.75,2.35)
					*entity2 = (021D): Point2D - (-12.75,2.35)
			*sketch = (00D4): Sketch2D 'Esquisse3'
			*endPointOf[0000] = (0227): Line2D - (-12.75,5.35) - (-12.75,2.35)
			*endPointOf[0001] = (022F): Circle2D - (-12.6,2.35), r=0.15, (-12.75,2.35), (-12.45,2.35)
		objects[020E] = (021E): Point2D  flags=20200  index=025D flags2=0000  pos=Vector (-12.450000000000003, 2.3500000000000005, 0.0)   u32_0=0000 lst1=() 
			next = (06C6): FxAttrStyles a0=(0000,0000)    u32_0=0000 associativeID=0072 typEntity=0001
				next = (099F): FxAttr_BFD09C43 a0=(0000,0000)     a1=(0,0,0,0) u32_0=0000
					*owner = (021E): Point2D - (-12.45,2.35)
					*entity2 = (021E): Point2D - (-12.45,2.35)
			*sketch = (00D4): Sketch2D 'Esquisse3'
			*endPointOf[0000] = (0228): Line2D - (-12.45,2.35) - (-12.45,5.35)
			*endPointOf[0001] = (022F): Circle2D - (-12.6,2.35), r=0.15, (-12.75,2.35), (-12.45,2.35)
		objects[020F] = (021F): Point2D  flags=20200  index=025E flags2=0000  pos=Vector (-12.450000000000001, 5.35, 0.0)   u32_0=0000 lst1=() 
			next = (06C7): FxAttrStyles a0=(0000,0000)    u32_0=0000 associativeID=0073 typEntity=0001
				next = (09A0): FxAttr_BFD09C43 a0=(0000,0000)     a1=(0,0,0,0) u32_0=0000
					*owner = (021F): Point2D - (-12.45,5.35)
					*entity2 = (021F): Point2D - (-12.45,5.35)
			*sketch = (00D4): Sketch2D 'Esquisse3'
			*endPointOf[0000] = (0228): Line2D - (-12.45,2.35) - (-12.45,5.35)
			*endPointOf[0001] = (022E): Circle2D - (-12.6,5.35), r=0.15, (-12.45,5.35), (-12.75,5.35)
		objects[0210] = (0220): Point2D  flags=20200  index=025F flags2=0000  pos=Vector (-12.600000000000001, 5.35, 0.0)   u32_0=0000 lst1=() 
			next = (06C8): FxAttrStyles a0=(0000,0000)    u32_0=0000 associativeID=0074 typEntity=0001
			*sketch = (00D4): Sketch2D 'Esquisse3'
			*endPointOf[0000] = (015A): Line2D - (-12.6,13.95) - (-12.6,10.95)
			*endPointOf[0001] = (0223): Line2D - (-12.6,5.35) - (-12.6,2.35)
			*centerOf[0000] = (022E): Circle2D - (-12.6,5.35), r=0.15, (-12.45,5.35), (-12.75,5.35)
		objects[0211] = (0221): Geometric_Coincident2D  flags=4208  index=0260 flags2=-1  lst0={[015A,1]:3.9295}    
			*group = (02B3): Group2D
			*lst0[0000] = (015A): Line2D - (-12.6,13.95) - (-12.6,10.95)
			*lst1[0000] = (015A): Line2D - (-12.6,13.95) - (-12.6,10.95)
			*entity1 = (015A): Line2D - (-12.6,13.95) - (-12.6,10.95)
			*entity2 = (0220): Point2D - (-12.6,5.35)
		objects[0212] = (0222): Point2D  flags=20200  index=0261 flags2=0000  pos=Vector (-12.600000000000001, 2.3500000000000005, 0.0)   u32_0=0000 lst1=() 
			next = (06C9): FxAttrStyles a0=(0000,0000)    u32_0=0000 associativeID=0075 typEntity=0001
			*sketch = (00D4): Sketch2D 'Esquisse3'
			*endPointOf[0000] = (0223): Line2D - (-12.6,5.35) - (-12.6,2.35)
			*endPointOf[0001] = (015A): Line2D - (-12.6,13.95) - (-12.6,10.95)
			*centerOf[0000] = (022F): Circle2D - (-12.6,2.35), r=0.15, (-12.75,2.35), (-12.45,2.35)
		objects[0213] = (0223): Line2D  flags=20200  index=0262 flags2=80000    pos=Vector (-12.600000000000003, 3.7513629762034997, 0.0) dir=Vector (-4.12427571728477e-18, -1.0, 0.0)
			next = (06CA): FxAttrStyles a0=(0000,0000)    u32_0=0000 associativeID=0076 typEntity=0002
			*sketch = (00D4): Sketch2D 'Esquisse3'
			*points[0000] = (0220): Point2D - (-12.6,5.35)
			*points[0001] = (0222): Point2D - (-12.6,2.35)
		objects[0214] = (0224): Geometric_Coincident2D  flags=4208  index=0263 flags2=-1  lst0={[0223,1]:0}    
			*group = (02B3): Group2D
			*lst0[0000] = (0223): Line2D - (-12.6,5.35) - (-12.6,2.35)
			*lst1[0000] = (0223): Line2D - (-12.6,5.35) - (-12.6,2.35)
			*entity1 = (0223): Line2D - (-12.6,5.35) - (-12.6,2.35)
			*entity2 = (0220): Point2D - (-12.6,5.35)
		objects[0215] = (0225): Geometric_Coincident2D  flags=4208  index=0264 flags2=-1  lst0={[0223,1]:1}    
			*group = (02B3): Group2D
			*lst0[0000] = (0223): Line2D - (-12.6,5.35) - (-12.6,2.35)
			*lst1[0000] = (0223): Line2D - (-12.6,5.35) - (-12.6,2.35)
			*entity1 = (0223): Line2D - (-12.6,5.35) - (-12.6,2.35)
			*entity2 = (0222): Point2D - (-12.6,2.35)
		objects[0216] = (0226): Geometric_Coincident2D  flags=4208  index=0265 flags2=-1  lst0={[015A,1]:4.87241}    
			*group = (02B3): Group2D
			*lst0[0000] = (015A): Line2D - (-12.6,13.95) - (-12.6,10.95)
			*lst1[0000] = (015A): Line2D - (-12.6,13.95) - (-12.6,10.95)
			*entity1 = (015A): Line2D - (-12.6,13.95) - (-12.6,10.95)
			*entity2 = (0222): Point2D - (-12.6,2.35)
		objects[0217] = (0227): Line2D  flags=20200  index=0266 flags2=0000    pos=Vector (-12.750000000000004, 3.7513629762034983, 0.0) dir=Vector (1.2118848071745182e-18, -1.0, 0.0)
			next = (06CB): FxAttrStyles a0=(0000,0000)    u32_0=0000 associativeID=0077 typEntity=0002
			*sketch = (00D4): Sketch2D 'Esquisse3'
			*points[0000] = (021C): Point2D - (-12.75,5.35)
			*points[0001] = (021D): Point2D - (-12.75,2.35)
		objects[0218] = (0228): Line2D  flags=20200  index=0267 flags2=0000    pos=Vector (-12.450000000000005, 3.751362976203499, 0.0) dir=Vector (-1.2118848071745182e-18, 1.0, 0.0)
			next = (06CC): FxAttrStyles a0=(0000,0000)    u32_0=0000 associativeID=0078 typEntity=0002
			*sketch = (00D4): Sketch2D 'Esquisse3'
			*points[0000] = (021E): Point2D - (-12.45,2.35)
			*points[0001] = (021F): Point2D - (-12.45,5.35)
		objects[0219] = (0229): Geometric_Parallel2D  flags=4208  index=0268 flags2=-1  lst0={}     u16_0=000
			*group = (02B3): Group2D
			*line1 = (0227): Line2D - (-12.75,5.35) - (-12.75,2.35)
			*line2 = (0228): Line2D - (-12.45,2.35) - (-12.45,5.35)
		objects[021A] = (022A): Geometric_Coincident2D  flags=4208  index=0269 flags2=-1  lst0={[0227,1]:0}    
			*group = (02B3): Group2D
			*lst0[0000] = (0227): Line2D - (-12.75,5.35) - (-12.75,2.35)
			*lst1[0000] = (0227): Line2D - (-12.75,5.35) - (-12.75,2.35)
			*entity1 = (0227): Line2D - (-12.75,5.35) - (-12.75,2.35)
			*entity2 = (021C): Point2D - (-12.75,5.35)
		objects[021B] = (022B): Geometric_Coincident2D  flags=4208  index=026A flags2=-1  lst0={[0227,1]:1}    
			*group = (02B3): Group2D
			*lst0[0000] = (0227): Line2D - (-12.75,5.35) - (-12.75,2.35)
			*lst1[0000] = (0227): Line2D - (-12.75,5.35) - (-12.75,2.35)
			*entity1 = (0227): Line2D - (-12.75,5.35) - (-12.75,2.35)
			*entity2 = (021D): Point2D - (-12.75,2.35)
		objects[021C] = (022C): Geometric_Coincident2D  flags=4208  index=026B flags2=-1  lst0={[0228,1]:0}    
			*group = (02B3): Group2D
			*lst0[0000] = (0228): Line2D - (-12.45,2.35) - (-12.45,5.35)
			*lst1[0000] = (0228): Line2D - (-12.45,2.35) - (-12.45,5.35)
			*entity1 = (0228): Line2D - (-12.45,2.35) - (-12.45,5.35)
			*entity2 = (021E): Point2D - (-12.45,2.35)
		objects[021D] = (022D): Geometric_Coincident2D  flags=4208  index=026C flags2=-1  lst0={[0228,1]:1}    
			*group = (02B3): Group2D
			*lst0[0000] = (0228): Line2D - (-12.45,2.35) - (-12.45,5.35)
			*lst1[0000] = (0228): Line2D - (-12.45,2.35) - (-12.45,5.35)
			*entity1 = (0228): Line2D - (-12.45,2.35) - (-12.45,5.35)
			*entity2 = (021F): Point2D - (-12.45,5.35)
		objects[021E] = (022E): Circle2D  flags=20200  index=026D flags2=0000     r=0.15 u8_0=00
			next = (06CD): FxAttrStyles a0=(0000,0000)    u32_0=0000 associativeID=0079 typEntity=0002
			*sketch = (00D4): Sketch2D 'Esquisse3'
			*points[0000] = (021F): Point2D - (-12.45,5.35)
			*points[0001] = (021C): Point2D - (-12.75,5.35)
			*center = (0220): Point2D - (-12.6,5.35)
		objects[021F] = (022F): Circle2D  flags=20200  index=026E flags2=0000     r=0.15 u8_0=00
			next = (06CE): FxAttrStyles a0=(0000,0000)    u32_0=0000 associativeID=007A typEntity=0002
			*sketch = (00D4): Sketch2D 'Esquisse3'
			*points[0000] = (021D): Point2D - (-12.75,2.35)
			*points[0001] = (021E): Point2D - (-12.45,2.35)
			*center = (0222): Point2D - (-12.6,2.35)
		objects[0220] = (0230): Geometric_Radius2D  flags=4208  index=026F flags2=-1  lst0={}    
			*group = (02B3): Group2D
			*entity = (022E): Circle2D - (-12.6,5.35), r=0.15, (-12.45,5.35), (-12.75,5.35)
			*center = (0220): Point2D - (-12.6,5.35)
		objects[0221] = (0231): Geometric_Radius2D  flags=4208  index=0270 flags2=-1  lst0={}    
			*group = (02B3): Group2D
			*entity = (022F): Circle2D - (-12.6,2.35), r=0.15, (-12.75,2.35), (-12.45,2.35)
			*center = (0222): Point2D - (-12.6,2.35)
		objects[0222] = (0232): Geometric_Coincident2D  flags=4208  index=0271 flags2=-1  lst0={[022E,1]:3.14159}    
			*group = (02B3): Group2D
			*lst0[0000] = (022E): Circle2D - (-12.6,5.35), r=0.15, (-12.45,5.35), (-12.75,5.35)
			*lst1[0000] = (022E): Circle2D - (-12.6,5.35), r=0.15, (-12.45,5.35), (-12.75,5.35)
			*entity1 = (022E): Circle2D - (-12.6,5.35), r=0.15, (-12.45,5.35), (-12.75,5.35)
			*entity2 = (021C): Point2D - (-12.75,5.35)
		objects[0223] = (0233): Geometric_Coincident2D  flags=4208  index=0272 flags2=-1  lst0={[022E,1]:0}    
			*group = (02B3): Group2D
			*lst0[0000] = (022E): Circle2D - (-12.6,5.35), r=0.15, (-12.45,5.35), (-12.75,5.35)
			*lst1[0000] = (022E): Circle2D - (-12.6,5.35), r=0.15, (-12.45,5.35), (-12.75,5.35)
			*entity1 = (022E): Circle2D - (-12.6,5.35), r=0.15, (-12.45,5.35), (-12.75,5.35)
			*entity2 = (021F): Point2D - (-12.45,5.35)
		objects[0224] = (0234): Geometric_Coincident2D  flags=4208  index=0273 flags2=-1  lst0={[022F,1]:3.14159}    
			*group = (02B3): Group2D
			*lst0[0000] = (022F): Circle2D - (-12.6,2.35), r=0.15, (-12.75,2.35), (-12.45,2.35)
			*lst1[0000] = (022F): Circle2D - (-12.6,2.35), r=0.15, (-12.75,2.35), (-12.45,2.35)
			*entity1 = (022F): Circle2D - (-12.6,2.35), r=0.15, (-12.75,2.35), (-12.45,2.35)
			*entity2 = (021D): Point2D - (-12.75,2.35)
		objects[0225] = (0235): Geometric_Coincident2D  flags=4208  index=0274 flags2=-1  lst0={[022F,1]:6.28319}    
			*group = (02B3): Group2D
			*lst0[0000] = (022F): Circle2D - (-12.6,2.35), r=0.15, (-12.75,2.35), (-12.45,2.35)
			*lst1[0000] = (022F): Circle2D - (-12.6,2.35), r=0.15, (-12.75,2.35), (-12.45,2.35)
			*entity1 = (022F): Circle2D - (-12.6,2.35), r=0.15, (-12.75,2.35), (-12.45,2.35)
			*entity2 = (021E): Point2D - (-12.45,2.35)
		objects[0226] = (0236): Geometric_Tangential2D  flags=4208  index=0275 flags2=-1  lst0={}    
			*group = (02B3): Group2D
			*entity1 = (022E): Circle2D - (-12.6,5.35), r=0.15, (-12.45,5.35), (-12.75,5.35)
			*entity2 = (0227): Line2D - (-12.75,5.35) - (-12.75,2.35)
		objects[0227] = (0237): Geometric_Tangential2D  flags=4208  index=0276 flags2=-1  lst0={}    
			*group = (02B3): Group2D
			*entity1 = (022E): Circle2D - (-12.6,5.35), r=0.15, (-12.45,5.35), (-12.75,5.35)
			*entity2 = (0228): Line2D - (-12.45,2.35) - (-12.45,5.35)
		objects[0228] = (0238): Geometric_Tangential2D  flags=4208  index=0277 flags2=-1  lst0={}    
			*group = (02B3): Group2D
			*entity1 = (022F): Circle2D - (-12.6,2.35), r=0.15, (-12.75,2.35), (-12.45,2.35)
			*entity2 = (0227): Line2D - (-12.75,5.35) - (-12.75,2.35)
		objects[0229] = (0239): Geometric_Tangential2D  flags=4208  index=0278 flags2=-1  lst0={}    
			*group = (02B3): Group2D
			*entity1 = (022F): Circle2D - (-12.6,2.35), r=0.15, (-12.75,2.35), (-12.45,2.35)
			*entity2 = (0228): Line2D - (-12.45,2.35) - (-12.45,5.35)
		objects[022A] = (023A): Geometric_Coincident2D  flags=4208  index=0279 flags2=-1  lst0={[0223,1]:0}    
			*group = (02B3): Group2D
			*lst0[0000] = (0223): Line2D - (-12.6,5.35) - (-12.6,2.35)
			*lst1[0000] = (0223): Line2D - (-12.6,5.35) - (-12.6,2.35)
			*entity1 = (0223): Line2D - (-12.6,5.35) - (-12.6,2.35)
			*entity2 = (0220): Point2D - (-12.6,5.35)
		objects[022B] = (023B): Geometric_Coincident2D  flags=4208  index=027A flags2=-1  lst0={[0223,1]:1}    
			*group = (02B3): Group2D
			*lst0[0000] = (0223): Line2D - (-12.6,5.35) - (-12.6,2.35)
			*lst1[0000] = (0223): Line2D - (-12.6,5.35) - (-12.6,2.35)
			*entity1 = (0223): Line2D - (-12.6,5.35) - (-12.6,2.35)
			*entity2 = (0222): Point2D - (-12.6,2.35)
		objects[022C] = (023C): Point2D  flags=20200  index=027B flags2=0000  pos=Vector (-12.600000000000001, 3.8500000000000005, 0.0)   u32_0=0000 lst1=() 
			next = (06CF): FxAttrStyles a0=(0000,0000)    u32_0=0000 associativeID=007B typEntity=0001
				next = (09A1): FxAttr_BFD09C43 a0=(0000,0000)     a1=(0,0,0,0) u32_0=0000
					*owner = (023C): Point2D - (-12.6,3.85)
					*entity2 = (023C): Point2D - (-12.6,3.85)
			*sketch = (00D4): Sketch2D 'Esquisse3'
		objects[022D] = (023D): Geometric_SymmetryPoint2D  flags=4208  index=027C flags2=-1  lst0={}    
			*group = (02B3): Group2D
			*entity = (0223): Line2D - (-12.6,5.35) - (-12.6,2.35)
			*point = (023C): Point2D - (-12.6,3.85)
		objects[022E] = (023E): Point2D  flags=20200  index=027D flags2=0000  pos=Vector (-14.450000000000001, 5.3500000000000005, 0.0)   u32_0=0000 lst1=() 
			next = (06D0): FxAttrStyles a0=(0000,0000)    u32_0=0000 associativeID=007C typEntity=0001
				next = (09A2): FxAttr_BFD09C43 a0=(0000,0000)     a1=(0,0,0,0) u32_0=0000
					*owner = (023E): Point2D - (-14.45,5.35)
					*entity2 = (023E): Point2D - (-14.45,5.35)
			*sketch = (00D4): Sketch2D 'Esquisse3'
			*endPointOf[0000] = (0249): Line2D - (-14.45,5.35) - (-14.45,2.35)
			*endPointOf[0001] = (0250): Circle2D - (-14.3,5.35), r=0.15, (-14.15,5.35), (-14.45,5.35)
		objects[022F] = (023F): Point2D  flags=20200  index=027E flags2=0000  pos=Vector (-14.450000000000001, 2.3500000000000005, 0.0)   u32_0=0000 lst1=() 
			next = (06D1): FxAttrStyles a0=(0000,0000)    u32_0=0000 associativeID=007D typEntity=0001
				next = (09A3): FxAttr_BFD09C43 a0=(0000,0000)     a1=(0,0,0,0) u32_0=0000
					*owner = (023F): Point2D - (-14.45,2.35)
					*entity2 = (023F): Point2D - (-14.45,2.35)
			*sketch = (00D4): Sketch2D 'Esquisse3'
			*endPointOf[0000] = (0249): Line2D - (-14.45,5.35) - (-14.45,2.35)
			*endPointOf[0001] = (0251): Circle2D - (-14.3,2.35), r=0.15, (-14.45,2.35), (-14.15,2.35)
		objects[0230] = (0240): Point2D  flags=20200  index=027F flags2=0000  pos=Vector (-14.150000000000002, 2.3500000000000005, 0.0)   u32_0=0000 lst1=() 
			next = (06D2): FxAttrStyles a0=(0000,0000)    u32_0=0000 associativeID=007E typEntity=0001
				next = (09A4): FxAttr_BFD09C43 a0=(0000,0000)     a1=(0,0,0,0) u32_0=0000
					*owner = (0240): Point2D - (-14.15,2.35)
					*entity2 = (0240): Point2D - (-14.15,2.35)
			*sketch = (00D4): Sketch2D 'Esquisse3'
			*endPointOf[0000] = (024A): Line2D - (-14.15,2.35) - (-14.15,5.35)
			*endPointOf[0001] = (0251): Circle2D - (-14.3,2.35), r=0.15, (-14.45,2.35), (-14.15,2.35)
		objects[0231] = (0241): Point2D  flags=20200  index=0280 flags2=0000  pos=Vector (-14.150000000000002, 5.3500000000000005, 0.0)   u32_0=0000 lst1=() 
			next = (06D3): FxAttrStyles a0=(0000,0000)    u32_0=0000 associativeID=007F typEntity=0001
				next = (09A5): FxAttr_BFD09C43 a0=(0000,0000)     a1=(0,0,0,0) u32_0=0000
					*owner = (0241): Point2D - (-14.15,5.35)
					*entity2 = (0241): Point2D - (-14.15,5.35)
			*sketch = (00D4): Sketch2D 'Esquisse3'
			*endPointOf[0000] = (024A): Line2D - (-14.15,2.35) - (-14.15,5.35)
			*endPointOf[0001] = (0250): Circle2D - (-14.3,5.35), r=0.15, (-14.15,5.35), (-14.45,5.35)
		objects[0232] = (0242): Point2D  flags=20200  index=0281 flags2=0000  pos=Vector (-14.300000000000002, 5.3500000000000005, 0.0)   u32_0=0000 lst1=() 
			next = (06D4): FxAttrStyles a0=(0000,0000)    u32_0=0000 associativeID=0080 typEntity=0001
			*sketch = (00D4): Sketch2D 'Esquisse3'
			*endPointOf[0000] = (017B): Line2D - (-14.3,13.95) - (-14.3,10.95)
			*endPointOf[0001] = (0245): Line2D - (-14.3,5.35) - (-14.3,2.35)
			*centerOf[0000] = (0250): Circle2D - (-14.3,5.35), r=0.15, (-14.15,5.35), (-14.45,5.35)
		objects[0233] = (0243): Geometric_Coincident2D  flags=4208  index=0282 flags2=-1  lst0={[017B,1]:2.7717}    
			*group = (02B3): Group2D
			*lst0[0000] = (017B): Line2D - (-14.3,13.95) - (-14.3,10.95)
			*lst1[0000] = (017B): Line2D - (-14.3,13.95) - (-14.3,10.95)
			*entity1 = (017B): Line2D - (-14.3,13.95) - (-14.3,10.95)
			*entity2 = (0242): Point2D - (-14.3,5.35)
		objects[0234] = (0244): Point2D  flags=20200  index=0283 flags2=0000  pos=Vector (-14.300000000000002, 2.3500000000000005, 0.0)   u32_0=0000 lst1=() 
			next = (06D5): FxAttrStyles a0=(0000,0000)    u32_0=0000 associativeID=0081 typEntity=0001
			*sketch = (00D4): Sketch2D 'Esquisse3'
			*endPointOf[0000] = (0245): Line2D - (-14.3,5.35) - (-14.3,2.35)
			*endPointOf[0001] = (017B): Line2D - (-14.3,13.95) - (-14.3,10.95)
			*centerOf[0000] = (0251): Circle2D - (-14.3,2.35), r=0.15, (-14.45,2.35), (-14.15,2.35)
		objects[0235] = (0245): Line2D  flags=20200  index=0284 flags2=80000    pos=Vector (-14.300000000000002, 4.296830776482514, 0.0) dir=Vector (-4.12427571728477e-18, -1.0, 0.0)
			next = (06D6): FxAttrStyles a0=(0000,0000)    u32_0=0000 associativeID=0082 typEntity=0002
			*sketch = (00D4): Sketch2D 'Esquisse3'
			*points[0000] = (0242): Point2D - (-14.3,5.35)
			*points[0001] = (0244): Point2D - (-14.3,2.35)
		objects[0236] = (0246): Geometric_Coincident2D  flags=4208  index=0285 flags2=-1  lst0={[0245,1]:0}    
			*group = (02B3): Group2D
			*lst0[0000] = (0245): Line2D - (-14.3,5.35) - (-14.3,2.35)
			*lst1[0000] = (0245): Line2D - (-14.3,5.35) - (-14.3,2.35)
			*entity1 = (0245): Line2D - (-14.3,5.35) - (-14.3,2.35)
			*entity2 = (0242): Point2D - (-14.3,5.35)
		objects[0237] = (0247): Geometric_Coincident2D  flags=4208  index=0286 flags2=-1  lst0={[0245,1]:1}    
			*group = (02B3): Group2D
			*lst0[0000] = (0245): Line2D - (-14.3,5.35) - (-14.3,2.35)
			*lst1[0000] = (0245): Line2D - (-14.3,5.35) - (-14.3,2.35)
			*entity1 = (0245): Line2D - (-14.3,5.35) - (-14.3,2.35)
			*entity2 = (0244): Point2D - (-14.3,2.35)
		objects[0238] = (0248): Geometric_Coincident2D  flags=4208  index=0287 flags2=-1  lst0={[017B,1]:4.57811}    
			*group = (02B3): Group2D
			*lst0[0000] = (017B): Line2D - (-14.3,13.95) - (-14.3,10.95)
			*lst1[0000] = (017B): Line2D - (-14.3,13.95) - (-14.3,10.95)
			*entity1 = (017B): Line2D - (-14.3,13.95) - (-14.3,10.95)
			*entity2 = (0244): Point2D - (-14.3,2.35)
		objects[0239] = (0249): Line2D  flags=20200  index=0288 flags2=0000    pos=Vector (-14.450000000000003, 4.29683077648251, 0.0) dir=Vector (-6.649407002142317e-18, -1.0, 0.0)
			next = (06D7): FxAttrStyles a0=(0000,0000)    u32_0=0000 associativeID=0083 typEntity=0002
			*sketch = (00D4): Sketch2D 'Esquisse3'
			*points[0000] = (023E): Point2D - (-14.45,5.35)
			*points[0001] = (023F): Point2D - (-14.45,2.35)
		objects[023A] = (024A): Line2D  flags=20200  index=0289 flags2=0000    pos=Vector (-14.150000000000004, 4.296830776482511, 0.0) dir=Vector (6.649407002142317e-18, 1.0, 0.0)
			next = (06D8): FxAttrStyles a0=(0000,0000)    u32_0=0000 associativeID=0084 typEntity=0002
			*sketch = (00D4): Sketch2D 'Esquisse3'
			*points[0000] = (0240): Point2D - (-14.15,2.35)
			*points[0001] = (0241): Point2D - (-14.15,5.35)
		objects[023B] = (024B): Geometric_Parallel2D  flags=4208  index=028A flags2=-1  lst0={}     u16_0=000
			*group = (02B3): Group2D
			*line1 = (0249): Line2D - (-14.45,5.35) - (-14.45,2.35)
			*line2 = (024A): Line2D - (-14.15,2.35) - (-14.15,5.35)
		objects[023C] = (024C): Geometric_Coincident2D  flags=4208  index=028B flags2=-1  lst0={[0249,1]:0}    
			*group = (02B3): Group2D
			*lst0[0000] = (0249): Line2D - (-14.45,5.35) - (-14.45,2.35)
			*lst1[0000] = (0249): Line2D - (-14.45,5.35) - (-14.45,2.35)
			*entity1 = (0249): Line2D - (-14.45,5.35) - (-14.45,2.35)
			*entity2 = (023E): Point2D - (-14.45,5.35)
		objects[023D] = (024D): Geometric_Coincident2D  flags=4208  index=028C flags2=-1  lst0={[0249,1]:1}    
			*group = (02B3): Group2D
			*lst0[0000] = (0249): Line2D - (-14.45,5.35) - (-14.45,2.35)
			*lst1[0000] = (0249): Line2D - (-14.45,5.35) - (-14.45,2.35)
			*entity1 = (0249): Line2D - (-14.45,5.35) - (-14.45,2.35)
			*entity2 = (023F): Point2D - (-14.45,2.35)
		objects[023E] = (024E): Geometric_Coincident2D  flags=4208  index=028D flags2=-1  lst0={[024A,1]:0}    
			*group = (02B3): Group2D
			*lst0[0000] = (024A): Line2D - (-14.15,2.35) - (-14.15,5.35)
			*lst1[0000] = (024A): Line2D - (-14.15,2.35) - (-14.15,5.35)
			*entity1 = (024A): Line2D - (-14.15,2.35) - (-14.15,5.35)
			*entity2 = (0240): Point2D - (-14.15,2.35)
		objects[023F] = (024F): Geometric_Coincident2D  flags=4208  index=028E flags2=-1  lst0={[024A,1]:1}    
			*group = (02B3): Group2D
			*lst0[0000] = (024A): Line2D - (-14.15,2.35) - (-14.15,5.35)
			*lst1[0000] = (024A): Line2D - (-14.15,2.35) - (-14.15,5.35)
			*entity1 = (024A): Line2D - (-14.15,2.35) - (-14.15,5.35)
			*entity2 = (0241): Point2D - (-14.15,5.35)
		objects[0240] = (0250): Circle2D  flags=20200  index=028F flags2=0000     r=0.15 u8_0=00
			next = (06D9): FxAttrStyles a0=(0000,0000)    u32_0=0000 associativeID=0085 typEntity=0002
			*sketch = (00D4): Sketch2D 'Esquisse3'
			*points[0000] = (0241): Point2D - (-14.15,5.35)
			*points[0001] = (023E): Point2D - (-14.45,5.35)
			*center = (0242): Point2D - (-14.3,5.35)
		objects[0241] = (0251): Circle2D  flags=20200  index=0290 flags2=0000     r=0.15 u8_0=00
			next = (06DA): FxAttrStyles a0=(0000,0000)    u32_0=0000 associativeID=0086 typEntity=0002
			*sketch = (00D4): Sketch2D 'Esquisse3'
			*points[0000] = (023F): Point2D - (-14.45,2.35)
			*points[0001] = (0240): Point2D - (-14.15,2.35)
			*center = (0244): Point2D - (-14.3,2.35)
		objects[0242] = (0252): Geometric_Radius2D  flags=4208  index=0291 flags2=-1  lst0={}    
			*group = (02B3): Group2D
			*entity = (0250): Circle2D - (-14.3,5.35), r=0.15, (-14.15,5.35), (-14.45,5.35)
			*center = (0242): Point2D - (-14.3,5.35)
		objects[0243] = (0253): Geometric_Radius2D  flags=4208  index=0292 flags2=-1  lst0={}    
			*group = (02B3): Group2D
			*entity = (0251): Circle2D - (-14.3,2.35), r=0.15, (-14.45,2.35), (-14.15,2.35)
			*center = (0244): Point2D - (-14.3,2.35)
		objects[0244] = (0254): Geometric_Coincident2D  flags=4208  index=0293 flags2=-1  lst0={[0250,1]:3.14159}    
			*group = (02B3): Group2D
			*lst0[0000] = (0250): Circle2D - (-14.3,5.35), r=0.15, (-14.15,5.35), (-14.45,5.35)
			*lst1[0000] = (0250): Circle2D - (-14.3,5.35), r=0.15, (-14.15,5.35), (-14.45,5.35)
			*entity1 = (0250): Circle2D - (-14.3,5.35), r=0.15, (-14.15,5.35), (-14.45,5.35)
			*entity2 = (023E): Point2D - (-14.45,5.35)
		objects[0245] = (0255): Geometric_Coincident2D  flags=4208  index=0294 flags2=-1  lst0={[0250,1]:0}    
			*group = (02B3): Group2D
			*lst0[0000] = (0250): Circle2D - (-14.3,5.35), r=0.15, (-14.15,5.35), (-14.45,5.35)
			*lst1[0000] = (0250): Circle2D - (-14.3,5.35), r=0.15, (-14.15,5.35), (-14.45,5.35)
			*entity1 = (0250): Circle2D - (-14.3,5.35), r=0.15, (-14.15,5.35), (-14.45,5.35)
			*entity2 = (0241): Point2D - (-14.15,5.35)
		objects[0246] = (0256): Geometric_Coincident2D  flags=4208  index=0295 flags2=-1  lst0={[0251,1]:3.14159}    
			*group = (02B3): Group2D
			*lst0[0000] = (0251): Circle2D - (-14.3,2.35), r=0.15, (-14.45,2.35), (-14.15,2.35)
			*lst1[0000] = (0251): Circle2D - (-14.3,2.35), r=0.15, (-14.45,2.35), (-14.15,2.35)
			*entity1 = (0251): Circle2D - (-14.3,2.35), r=0.15, (-14.45,2.35), (-14.15,2.35)
			*entity2 = (023F): Point2D - (-14.45,2.35)
		objects[0247] = (0257): Geometric_Coincident2D  flags=4208  index=0296 flags2=-1  lst0={[0251,1]:6.28319}    
			*group = (02B3): Group2D
			*lst0[0000] = (0251): Circle2D - (-14.3,2.35), r=0.15, (-14.45,2.35), (-14.15,2.35)
			*lst1[0000] = (0251): Circle2D - (-14.3,2.35), r=0.15, (-14.45,2.35), (-14.15,2.35)
			*entity1 = (0251): Circle2D - (-14.3,2.35), r=0.15, (-14.45,2.35), (-14.15,2.35)
			*entity2 = (0240): Point2D - (-14.15,2.35)
		objects[0248] = (0258): Geometric_Tangential2D  flags=4208  index=0297 flags2=-1  lst0={}    
			*group = (02B3): Group2D
			*entity1 = (0250): Circle2D - (-14.3,5.35), r=0.15, (-14.15,5.35), (-14.45,5.35)
			*entity2 = (0249): Line2D - (-14.45,5.35) - (-14.45,2.35)
		objects[0249] = (0259): Geometric_Tangential2D  flags=4208  index=0298 flags2=-1  lst0={}    
			*group = (02B3): Group2D
			*entity1 = (0250): Circle2D - (-14.3,5.35), r=0.15, (-14.15,5.35), (-14.45,5.35)
			*entity2 = (024A): Line2D - (-14.15,2.35) - (-14.15,5.35)
		objects[024A] = (025A): Geometric_Tangential2D  flags=4208  index=0299 flags2=-1  lst0={}    
			*group = (02B3): Group2D
			*entity1 = (0251): Circle2D - (-14.3,2.35), r=0.15, (-14.45,2.35), (-14.15,2.35)
			*entity2 = (0249): Line2D - (-14.45,5.35) - (-14.45,2.35)
		objects[024B] = (025B): Geometric_Tangential2D  flags=4208  index=029A flags2=-1  lst0={}    
			*group = (02B3): Group2D
			*entity1 = (0251): Circle2D - (-14.3,2.35), r=0.15, (-14.45,2.35), (-14.15,2.35)
			*entity2 = (024A): Line2D - (-14.15,2.35) - (-14.15,5.35)
		objects[024C] = (025C): Geometric_Coincident2D  flags=4208  index=029B flags2=-1  lst0={[0245,1]:0}    
			*group = (02B3): Group2D
			*lst0[0000] = (0245): Line2D - (-14.3,5.35) - (-14.3,2.35)
			*lst1[0000] = (0245): Line2D - (-14.3,5.35) - (-14.3,2.35)
			*entity1 = (0245): Line2D - (-14.3,5.35) - (-14.3,2.35)
			*entity2 = (0242): Point2D - (-14.3,5.35)
		objects[024D] = (025D): Geometric_Coincident2D  flags=4208  index=029C flags2=-1  lst0={[0245,1]:1}    
			*group = (02B3): Group2D
			*lst0[0000] = (0245): Line2D - (-14.3,5.35) - (-14.3,2.35)
			*lst1[0000] = (0245): Line2D - (-14.3,5.35) - (-14.3,2.35)
			*entity1 = (0245): Line2D - (-14.3,5.35) - (-14.3,2.35)
			*entity2 = (0244): Point2D - (-14.3,2.35)
		objects[024E] = (025E): Point2D  flags=20200  index=029D flags2=0000  pos=Vector (-14.300000000000002, 3.8500000000000005, 0.0)   u32_0=0000 lst1=() 
			next = (06DB): FxAttrStyles a0=(0000,0000)    u32_0=0000 associativeID=0087 typEntity=0001
				next = (09A6): FxAttr_BFD09C43 a0=(0000,0000)     a1=(0,0,0,0) u32_0=0000
					*owner = (025E): Point2D - (-14.3,3.85)
					*entity2 = (025E): Point2D - (-14.3,3.85)
			*sketch = (00D4): Sketch2D 'Esquisse3'
		objects[024F] = (025F): Geometric_SymmetryPoint2D  flags=4208  index=029E flags2=-1  lst0={}    
			*group = (02B3): Group2D
			*entity = (0245): Line2D - (-14.3,5.35) - (-14.3,2.35)
			*point = (025E): Point2D - (-14.3,3.85)
		objects[0250] = (0260): Parameter 'd16'  flags=34200  index=029F   valueNominal=0.3 valueModel=0.3   tolerance=NOMINAL u16_0=-1
			unit = (06DC): Unit   visible=True 
				numerators[0000] = (09A7): UnitMilliMeter magnitude=1 factor=1 Unit="mm" UnitOffset=0 UnitFactor=0.1 UnitSupportet=True
			formula = (06DD): ParameterValue  value=0.3 type=000
				unit = (09A8): Unit   visible=True 
					numerators[0000] = (0B21): UnitMeter magnitude=0.001 factor=1 Unit="m" UnitOffset=0 UnitFactor=100 UnitSupportet=True
		objects[0251] = (0261): Dimension_Distance2D  flags=4208  index=02A0 flags2=-1  lst0={}   u32_0=0000   a0=(0000,0000,0000,0000) a1=Vector (1.7976931348623157e+308, 0.0, 0.0) a2=Vector (1.7976931348623157e+308, 0.0, 0.0)
			next = (06DE): FxAttr_EEE03AF5 a0=(0000,0000)     u16_0=006   u32_0=0000 a1=Vector (1.0, 0.0, 0.0) p1=Vector (-14.150000000000004, 13.950000000000001, 0.0) p2=Vector (-14.450000000000001, 13.950000000000001, 0.0) a2=Vector (0.29999999999999716, 1.9125000826315066, 0.0)
				entity2 = (09A9): E1D3D023  flags=3000200  index=0000 flags2=0000  a1=(0,0,1.875) a2=(100,000,000) a3=Vector (-14.150000000000004, 13.950000000000001, 0.0) a4=(6667,6666,E666) a5=Vector (-1.9035985662820182e+185, 8.116e-320, 0.0) a6=(000,003,000) s32_0=-1 a7=(4.12428e-18,1,0,-1,4.12428e-18,0,0,-14,15.8625,0,-14.3,15.8625,0,-14.15,16.0738,0,-14.45,16.0738,0,-14.15,13.95,0,-14.45,13.95,0,-14.15,15.8625,0,-14.45,15.8625,0) a8=(01,01,00,00,00,00,00,00,00,00,00,00,00,03,00,00,01,00) a9=(0,0.211279,0.0528198,0.192929,0.267933,0) u8_0=01   a10=(0000,0000,006A) a11=(-14.15,15.8625,0,-14.45,15.8625,0,-14,15.8625,0,-15.7177,15.8625,0,-14,15.8625,0,0,0,0) u8_1=01 a12=(4.12428e-18,1,0,-14.3,15.8625,0,-1,0,0,0,0,0) u8_2=00 a13=(-14.15,14.0028,0,-14.45,14.0028,0) 
					ref_1 = (0B22): 39A41830  flags=0210  index=0000 s32_0=-1 a2=(0000,0000,0000,0000,0000,0000,0000,0000,0000,0001,0000,0000,0003) a3=Vector (0.0, 0.0, 0.0) txt0="" a4=(0000,0000,0000,A7F9,A7FB) a5=(1,0,0,-14,15.8625,0) a6=(000,000,000,000,000,000)   u32_0=0000 a7=(0003,0003) a8=(07E4,0000) 
						*parameter1 = (0260): Parameter 'd16'=3mm
						*sketch = (00D4): Sketch2D 'Esquisse3'
					ref_2 = (0B23): 99B938AE  flags=0200  index=0000 a1=Vector (0.25, 0.1, 0.0) u32_0=0010 u32_1=0000
					*ref_3 = (0B23): 99B938AE
				*entity3 = (0180): Line2D - (-14.15,10.95) - (-14.15,13.95)
				*entity4 = (017F): Line2D - (-14.45,13.95) - (-14.45,10.95)
			*group = (02B3): Group2D
			*parameter = (0260): Parameter 'd16'=3mm
			*entity1 = (0180): Line2D - (-14.15,10.95) - (-14.15,13.95)
			*entity2 = (017F): Line2D - (-14.45,13.95) - (-14.45,10.95)
		objects[0252] = (0262): Parameter 'd17'  flags=24200  index=02A1   valueNominal=0.3 valueModel=0.3   tolerance=NOMINAL u16_0=-1
			unit = (06DF): Unit   visible=True 
				numerators[0000] = (09AA): UnitMilliMeter magnitude=1 factor=1 Unit="mm" UnitOffset=0 UnitFactor=0.1 UnitSupportet=True
			formula = (06E0): ParameterRef  
				unit = (09AB): Unit   visible=False 
					numerators[0000] = (0B24): UnitMilliMeter magnitude=1 factor=1 Unit="mm" UnitOffset=0 UnitFactor=0.1 UnitSupportet=True
				*operand1 = (0260): Parameter 'd16'=3mm
		objects[0253] = (0263): Dimension_Distance2D  flags=4208  index=02A2 flags2=-1  lst0={}   u32_0=0000   a0=(0000,0000,0000,0000) a1=Vector (1.7976931348623157e+308, 0.0, 0.0) a2=Vector (1.7976931348623157e+308, 0.0, 0.0)
			next = (06E1): FxAttr_EEE03AF5 a0=(0000,0000)     u16_0=006   u32_0=0000 a1=Vector (0.0, 1.0, 0.0) p1=Vector (-14.150000000000002, 2.3500000000000005, 0.0) p2=Vector (-14.450000000000001, 2.3500000000000005, 0.0) a2=Vector (0.29999999999999893, 1.5694879644305253, 0.0)
				entity2 = (09AC): E1D3D023  flags=3000200  index=0000 flags2=0000  a1=(0,0,1.875) a2=(100,000,000) a3=Vector (-14.150000000000002, 2.3500000000000005, 0.0) a4=(6667,6666,E666) a5=Vector (-9.25596313507775e+61, 8.096e-320, 0.0) a6=(000,003,000) s32_0=-1 a7=(6.64941e-18,1,0,-1,6.64941e-18,0,0,-14.6142,0.780512,0,-14.3,0.780512,0,-14.15,0.512579,0,-14.45,0.512579,0,-14.15,2.35,0,-14.45,2.35,0,-14.15,0.780512,0,-14.45,0.780512,0) a8=(01,01,00,00,00,00,00,00,00,00,00,00,00,03,00,00,01,00) a9=(0,0.267933,0.0669833,0.605454,0.275642,0) u8_0=01   a10=(0000,0000,006A) a11=(-14.15,0.780512,0,-14.45,0.780512,0,-12.5424,0.780512,0,-14.6142,0.780512,0,-14.6142,0.780512,0,0,0,0) u8_1=01 a12=(6.64941e-18,1,0,-14.3,0.780512,0,-1,0,0,0,0,0) u8_2=00 a13=(-14.15,2.28302,0,-14.45,2.28302,0) 
					ref_1 = (0B25): 39A41830  flags=0210  index=0000 s32_0=-1 a2=(0000,0000,0000,0000,0000,0000,0000,0000,0000,0001,0000,0000,0003) a3=Vector (0.0, 0.0, 0.0) txt0="" a4=(0000,0000,0000,A7F9,A7FB) a5=(1,0,0,-14.6142,0.780512,0) a6=(000,000,000,000,000,000)   u32_0=0000 a7=(0003,0003) a8=(07E4,0000) 
						*parameter1 = (0262): Parameter 'd17'=3mm
						*sketch = (00D4): Sketch2D 'Esquisse3'
					ref_2 = (0B26): 99B938AE  flags=0200  index=0000 a1=Vector (0.25, 0.1, 0.0) u32_0=0010 u32_1=0000
					*ref_3 = (0B26): 99B938AE
				*entity3 = (024A): Line2D - (-14.15,2.35) - (-14.15,5.35)
				*entity4 = (0249): Line2D - (-14.45,5.35) - (-14.45,2.35)
			*group = (02B3): Group2D
			*parameter = (0262): Parameter 'd17'=3mm
			*entity1 = (024A): Line2D - (-14.15,2.35) - (-14.15,5.35)
			*entity2 = (0249): Line2D - (-14.45,5.35) - (-14.45,2.35)
		objects[0254] = (0264): ParameterMappings  flags=0208  index=02A3 s32_0=-1    f=0  u16_0=002 u8_0=00
			*ref_1 = (0265): 0D0F9548
			*target = (0262): Parameter 'd17'=3mm
			mapping[0000] = (06E2): 553DA303  x=1
				*parameter = (0260): Parameter 'd16'=3mm
			mapping[0001] = (06E3): 553DA303  x=-1
				*parameter = (0262): Parameter 'd17'=3mm
			*paramRef = (06E0): ParameterRef
		objects[0255] = (0265): 0D0F9548  flags=0200  index=02A4 s32_0=-1 u32_0=0001 
			*mapping = (0264): ParameterMappings
		objects[0256] = (0266): Parameter 'd18'  flags=24200  index=02A5   valueNominal=0.3 valueModel=0.3   tolerance=NOMINAL u16_0=-1
			unit = (06E4): Unit   visible=True 
				numerators[0000] = (09AD): UnitMilliMeter magnitude=1 factor=1 Unit="mm" UnitOffset=0 UnitFactor=0.1 UnitSupportet=True
			formula = (06E5): ParameterRef  
				unit = (09AE): Unit   visible=False 
					numerators[0000] = (0B27): UnitMilliMeter magnitude=1 factor=1 Unit="mm" UnitOffset=0 UnitFactor=0.1 UnitSupportet=True
				*operand1 = (0260): Parameter 'd16'=3mm
		objects[0257] = (0267): Dimension_Distance2D  flags=4208  index=02A6 flags2=-1  lst0={}   u32_0=0000   a0=(0000,0000,0000,0000) a1=Vector (1.7976931348623157e+308, 0.0, 0.0) a2=Vector (1.7976931348623157e+308, 0.0, 0.0)
			next = (06E6): FxAttr_EEE03AF5 a0=(0000,0000)     u16_0=006   u32_0=0000 a1=Vector (0.0, 1.0, 0.0) p1=Vector (-12.450000000000003, 2.3500000000000005, 0.0) p2=Vector (-12.750000000000002, 2.3500000000000005, 0.0) a2=Vector (0.29999999999999893, 0.7762200328705506, 0.0)
				entity2 = (09AF): E1D3D023  flags=3000200  index=0000 flags2=0000  a1=(0,0,1.875) a2=(100,000,000) a3=Vector (-12.450000000000003, 2.3500000000000005, 0.0) a4=(001,000,8000) a5=Vector (-9.255963135077747e+61, 8.096e-320, 0.0) a6=(000,003,000) s32_0=-1 a7=(-1.21188e-18,1,0,-1,-1.21188e-18,-0,0,-12.5092,1.57378,0,-12.6,1.57378,0,-12.45,1.45832,0,-12.75,1.45832,0,-12.45,2.35,0,-12.75,2.35,0,-12.45,1.57378,0,-12.75,1.57378,0) a8=(01,01,00,00,00,00,00,00,00,00,00,00,00,03,00,00,01,00) a9=(0,0.115464,0.0288659,0.605454,0.275642,0) u8_0=01   a10=(0000,0000,006A) a11=(-12.45,1.57378,0,-12.75,1.57378,0,-11.7572,1.57378,0,-13.4428,1.57378,0,-12.5092,1.57378,0,0,0,0) u8_1=01 a12=(-1.21188e-18,1,0,-12.6,1.57378,0,-1,0,0,0,0,0) u8_2=00 a13=(-12.45,2.32113,0,-12.75,2.32113,0) 
					ref_1 = (0B28): 39A41830  flags=0210  index=0000 s32_0=-1 a2=(0000,0000,0000,0000,0000,0000,0000,0000,0000,0001,0000,0000,0003) a3=Vector (0.0, 0.0, 0.0) txt0="" a4=(0000,0000,0000,A7F9,A7FB) a5=(1,0,0,-12.5092,1.57378,0) a6=(000,000,000,000,000,000)   u32_0=0000 a7=(0003,0003) a8=(07E4,0000) 
						*parameter1 = (0266): Parameter 'd18'=3mm
						*sketch = (00D4): Sketch2D 'Esquisse3'
					ref_2 = (0B29): 99B938AE  flags=0200  index=0000 a1=Vector (0.25, 0.1, 0.0) u32_0=0010 u32_1=0000
					*ref_3 = (0B29): 99B938AE
				*entity3 = (0228): Line2D - (-12.45,2.35) - (-12.45,5.35)
				*entity4 = (0227): Line2D - (-12.75,5.35) - (-12.75,2.35)
			*group = (02B3): Group2D
			*parameter = (0266): Parameter 'd18'=3mm
			*entity1 = (0228): Line2D - (-12.45,2.35) - (-12.45,5.35)
			*entity2 = (0227): Line2D - (-12.75,5.35) - (-12.75,2.35)
		objects[0258] = (0268): ParameterMappings  flags=0208  index=02A7 s32_0=-1    f=0  u16_0=002 u8_0=00
			*ref_1 = (0269): 0D0F9548
			*target = (0266): Parameter 'd18'=3mm
			mapping[0000] = (06E7): 553DA303  x=1
				*parameter = (0260): Parameter 'd16'=3mm
			mapping[0001] = (06E8): 553DA303  x=-1
				*parameter = (0266): Parameter 'd18'=3mm
			*paramRef = (06E5): ParameterRef
		objects[0259] = (0269): 0D0F9548  flags=0200  index=02A8 s32_0=-1 u32_0=0001 
			*mapping = (0268): ParameterMappings
		objects[025A] = (026A): Parameter 'd19'  flags=24200  index=02A9   valueNominal=0.3 valueModel=0.3   tolerance=NOMINAL u16_0=-1
			unit = (06E9): Unit   visible=True 
				numerators[0000] = (09B0): UnitMilliMeter magnitude=1 factor=1 Unit="mm" UnitOffset=0 UnitFactor=0.1 UnitSupportet=True
			formula = (06EA): ParameterRef  
				unit = (09B1): Unit   visible=False 
					numerators[0000] = (0B2A): UnitMilliMeter magnitude=1 factor=1 Unit="mm" UnitOffset=0 UnitFactor=0.1 UnitSupportet=True
				*operand1 = (0260): Parameter 'd16'=3mm
		objects[025B] = (026B): Dimension_Distance2D  flags=4208  index=02AA flags2=-1  lst0={}   u32_0=0000   a0=(0000,0000,0000,0000) a1=Vector (1.7976931348623157e+308, 0.0, 0.0) a2=Vector (1.7976931348623157e+308, 0.0, 0.0)
			next = (06EB): FxAttr_EEE03AF5 a0=(0000,0000)     u16_0=006   u32_0=0000 a1=Vector (1.0, 0.0, 0.0) p1=Vector (-12.450000000000001, 13.950000000000001, 0.0) p2=Vector (-12.750000000000002, 13.950000000000001, 0.0) a2=Vector (0.3000000000000007, 12.802307952345634, 0.0)
				entity2 = (09B2): E1D3D023  flags=3000200  index=0000 flags2=0000  a1=(0,0,1.875) a2=(100,000,000) a3=Vector (-12.450000000000001, 13.950000000000001, 0.0) a4=(001,000,8000) a5=Vector (-1.9035985662820173e+185, 8.116e-320, 0.0) a6=(000,003,000) s32_0=-1 a7=(4.12428e-18,1,0,-1,4.12428e-18,0,0,-12.0595,26.7523,0,-12.6,26.7523,0,-12.45,27.1935,0,-12.75,27.1935,0,-12.45,13.95,0,-12.75,13.95,0,-12.45,26.7523,0,-12.75,26.7523,0) a8=(01,01,00,00,00,00,00,00,00,00,00,00,00,03,00,00,01,00) a9=(0,0.441223,0.110306,0.605454,0.275642,0) u8_0=01   a10=(0000,0000,006A) a11=(-12.45,26.7523,0,-12.75,26.7523,0,-9.80266,26.7523,0,-15.3973,26.7523,0,-11.3469,26.7523,0,-1.25306,5.16795e-18,0) u8_1=01 a12=(4.12428e-18,1,0,-12.6,26.7523,0,-1,0,0,0,0,0) u8_2=00 a13=(-12.45,14.0603,0,-12.75,14.0603,0) 
					ref_1 = (0B2B): 39A41830  flags=0210  index=0000 s32_0=-1 a2=(0000,0000,0000,0000,0000,0000,0000,0000,0000,0001,0000,0000,0003) a3=Vector (0.0, 0.0, 0.0) txt0="" a4=(0000,0000,0000,A7F9,A7FB) a5=(1,0,0,-11.3469,26.7523,0) a6=(000,000,000,000,000,000)   u32_0=0000 a7=(0003,0003) a8=(07E4,0000) 
						*parameter1 = (026A): Parameter 'd19'=3mm
						*sketch = (00D4): Sketch2D 'Esquisse3'
					ref_2 = (0B2C): 99B938AE  flags=0200  index=0000 a1=Vector (0.25, 0.1, 0.0) u32_0=0010 u32_1=0000
					*ref_3 = (0B2C): 99B938AE
				*entity3 = (015F): Line2D - (-12.45,10.95) - (-12.45,13.95)
				*entity4 = (015E): Line2D - (-12.75,13.95) - (-12.75,10.95)
			*group = (02B3): Group2D
			*parameter = (026A): Parameter 'd19'=3mm
			*entity1 = (015F): Line2D - (-12.45,10.95) - (-12.45,13.95)
			*entity2 = (015E): Line2D - (-12.75,13.95) - (-12.75,10.95)
		objects[025C] = (026C): ParameterMappings  flags=0208  index=02AB s32_0=-1    f=0  u16_0=002 u8_0=00
			*ref_1 = (026D): 0D0F9548
			*target = (026A): Parameter 'd19'=3mm
			mapping[0000] = (06EC): 553DA303  x=1
				*parameter = (0260): Parameter 'd16'=3mm
			mapping[0001] = (06ED): 553DA303  x=-1
				*parameter = (026A): Parameter 'd19'=3mm
			*paramRef = (06EA): ParameterRef
		objects[025D] = (026D): 0D0F9548  flags=0200  index=02AC s32_0=-1 u32_0=0001 
			*mapping = (026C): ParameterMappings
		objects[025E] = (026E): Parameter 'd20'  flags=24200  index=02AD   valueNominal=0.3 valueModel=0.3   tolerance=NOMINAL u16_0=-1
			unit = (06EE): Unit   visible=True 
				numerators[0000] = (09B3): UnitMilliMeter magnitude=1 factor=1 Unit="mm" UnitOffset=0 UnitFactor=0.1 UnitSupportet=True
			formula = (06EF): ParameterRef  
				unit = (09B4): Unit   visible=False 
					numerators[0000] = (0B2D): UnitMilliMeter magnitude=1 factor=1 Unit="mm" UnitOffset=0 UnitFactor=0.1 UnitSupportet=True
				*operand1 = (0260): Parameter 'd16'=3mm
		objects[025F] = (026F): Dimension_Distance2D  flags=4208  index=02AE flags2=-1  lst0={}   u32_0=0000   a0=(0000,0000,0000,0000) a1=Vector (1.7976931348623157e+308, 0.0, 0.0) a2=Vector (1.7976931348623157e+308, 0.0, 0.0)
			next = (06F0): FxAttr_EEE03AF5 a0=(0000,0000)     u16_0=006   u32_0=0000 a1=Vector (1.0, 0.0, 0.0) p1=Vector (-10.75, 14.95, 0.0) p2=Vector (-11.05, 14.95, 0.0) a2=Vector (0.3000000000000007, 1.3500000583281242, 0.0)
				entity2 = (09B5): E1D3D023  flags=3000200  index=0000 flags2=0000  a1=(0,0,1.875) a2=(100,000,000) a3=Vector (-10.75, 14.95, 0.0) a4=(999A,9999,1999) a5=Vector (-1.90359856626223e+185, 8.117e-320, 0.0) a6=(000,003,000) s32_0=-1 a7=(4.12428e-18,1,0,-1,4.12428e-18,0,0,-10.795,16.3,0,-10.9,16.3,0,-10.75,16.4714,0,-11.05,16.4714,0,-10.75,14.95,0,-11.05,14.95,0,-10.75,16.3,0,-11.05,16.3,0) a8=(01,01,00,00,00,00,00,00,00,00,00,00,00,03,00,00,01,00) a9=(0,0.17143,0.0428576,0.605454,0.275642,0) u8_0=01   a10=(0000,0000,006A) a11=(-10.75,16.3,0,-11.05,16.3,0,-9.72142,16.3,0,-12.0786,16.3,0,-10.795,16.3,0,0,0,0) u8_1=01 a12=(4.12428e-18,1,0,-10.9,16.3,0,-1,0,0,0,0,0) u8_2=00 a13=(-10.75,14.9929,0,-11.05,14.9929,0) 
					ref_1 = (0B2E): 39A41830  flags=0210  index=0000 s32_0=-1 a2=(0000,0000,0000,0000,0000,0000,0000,0000,0000,0001,0000,0000,0003) a3=Vector (0.0, 0.0, 0.0) txt0="" a4=(0000,0000,0000,A7F9,A7FB) a5=(1,0,0,-10.795,16.3,0) a6=(000,000,000,000,000,000)   u32_0=0000 a7=(0003,0003) a8=(07E4,0000) 
						*parameter1 = (026E): Parameter 'd20'=3mm
						*sketch = (00D4): Sketch2D 'Esquisse3'
					ref_2 = (0B2F): 99B938AE  flags=0200  index=0000 a1=Vector (0.25, 0.1, 0.0) u32_0=0010 u32_1=0000
					*ref_3 = (0B2F): 99B938AE
				*entity3 = (013E): Line2D - (-10.75,10.95) - (-10.75,14.95)
				*entity4 = (013D): Line2D - (-11.05,14.95) - (-11.05,10.95)
			*group = (02B3): Group2D
			*parameter = (026E): Parameter 'd20'=3mm
			*entity1 = (013E): Line2D - (-10.75,10.95) - (-10.75,14.95)
			*entity2 = (013D): Line2D - (-11.05,14.95) - (-11.05,10.95)
		objects[0260] = (0270): ParameterMappings  flags=0208  index=02AF s32_0=-1    f=0  u16_0=002 u8_0=00
			*ref_1 = (0271): 0D0F9548
			*target = (026E): Parameter 'd20'=3mm
			mapping[0000] = (06F1): 553DA303  x=1
				*parameter = (0260): Parameter 'd16'=3mm
			mapping[0001] = (06F2): 553DA303  x=-1
				*parameter = (026E): Parameter 'd20'=3mm
			*paramRef = (06EF): ParameterRef
		objects[0261] = (0271): 0D0F9548  flags=0200  index=02B0 s32_0=-1 u32_0=0001 
			*mapping = (0270): ParameterMappings
		objects[0262] = (0272): Parameter 'd21'  flags=24200  index=02B1   valueNominal=0.3 valueModel=0.3   tolerance=NOMINAL u16_0=-1
			unit = (06F3): Unit   visible=True 
				numerators[0000] = (09B6): UnitMilliMeter magnitude=1 factor=1 Unit="mm" UnitOffset=0 UnitFactor=0.1 UnitSupportet=True
			formula = (06F4): ParameterRef  
				unit = (09B7): Unit   visible=False 
					numerators[0000] = (0B30): UnitMilliMeter magnitude=1 factor=1 Unit="mm" UnitOffset=0 UnitFactor=0.1 UnitSupportet=True
				*operand1 = (0260): Parameter 'd16'=3mm
		objects[0263] = (0273): Dimension_Distance2D  flags=4208  index=02B2 flags2=-1  lst0={}   u32_0=0000   a0=(0000,0000,0000,0000) a1=Vector (1.7976931348623157e+308, 0.0, 0.0) a2=Vector (1.7976931348623157e+308, 0.0, 0.0)
			next = (06F5): FxAttr_EEE03AF5 a0=(0000,0000)     u16_0=006   u32_0=0000 a1=Vector (1.0, 0.0, 0.0) p1=Vector (-9.050000000000002, 14.95, 0.0) p2=Vector (-9.350000000000001, 14.95, 0.0) a2=Vector (0.29999999999999893, 1.7606959597056893, 0.0)
				entity2 = (09B8): E1D3D023  flags=3000200  index=0000 flags2=0000  a1=(0,0,1.875) a2=(100,000,000) a3=Vector (-9.050000000000002, 14.95, 0.0) a4=(3334,3333,B333) a5=Vector (-1.9035985662622288e+185, 8.117e-320, 0.0) a6=(000,003,000) s32_0=-1 a7=(4.12428e-18,1,0,-1,4.12428e-18,0,0,-8.98787,16.7107,0,-9.2,16.7107,0,-9.05,16.953,0,-9.35,16.953,0,-9.05,14.95,0,-9.35,14.95,0,-9.05,16.7107,0,-9.35,16.7107,0) a8=(01,01,00,00,00,00,00,00,00,00,00,00,00,03,00,00,01,00) a9=(0,0.242284,0.0605711,0.605454,0.275642,0) u8_0=01   a10=(0000,0000,006A) a11=(-9.05,16.7107,0,-9.35,16.7107,0,-8.98787,16.7107,0,-10.8037,16.7107,0,-8.98787,16.7107,0,0,0,0) u8_1=01 a12=(4.12428e-18,1,0,-9.2,16.7107,0,-1,0,0,0,0,0) u8_2=00 a13=(-9.05,15.0106,0,-9.35,15.0106,0) 
					ref_1 = (0B31): 39A41830  flags=0210  index=0000 s32_0=-1 a2=(0000,0000,0000,0000,0000,0000,0000,0000,0000,0001,0000,0000,0003) a3=Vector (0.0, 0.0, 0.0) txt0="" a4=(0000,0000,0000,A7F9,A7FB) a5=(1,0,0,-8.98787,16.7107,0) a6=(000,000,000,000,000,000)   u32_0=0000 a7=(0003,0003) a8=(07E4,0000) 
						*parameter1 = (0272): Parameter 'd21'=3mm
						*sketch = (00D4): Sketch2D 'Esquisse3'
					ref_2 = (0B32): 99B938AE  flags=0200  index=0000 a1=Vector (0.25, 0.1, 0.0) u32_0=0010 u32_1=0000
					*ref_3 = (0B32): 99B938AE
				*entity3 = (011D): Line2D - (-9.05,10.95) - (-9.05,14.95)
				*entity4 = (011C): Line2D - (-9.35,14.95) - (-9.35,10.95)
			*group = (02B3): Group2D
			*parameter = (0272): Parameter 'd21'=3mm
			*entity1 = (011D): Line2D - (-9.05,10.95) - (-9.05,14.95)
			*entity2 = (011C): Line2D - (-9.35,14.95) - (-9.35,10.95)
		objects[0264] = (0274): ParameterMappings  flags=0208  index=02B3 s32_0=-1    f=0  u16_0=002 u8_0=00
			*ref_1 = (0275): 0D0F9548
			*target = (0272): Parameter 'd21'=3mm
			mapping[0000] = (06F6): 553DA303  x=1
				*parameter = (0260): Parameter 'd16'=3mm
			mapping[0001] = (06F7): 553DA303  x=-1
				*parameter = (0272): Parameter 'd21'=3mm
			*paramRef = (06F4): ParameterRef
		objects[0265] = (0275): 0D0F9548  flags=0200  index=02B4 s32_0=-1 u32_0=0001 
			*mapping = (0274): ParameterMappings
		objects[0266] = (0276): Parameter 'd22'  flags=24200  index=02B5   valueNominal=0.3 valueModel=0.3   tolerance=NOMINAL u16_0=-1
			unit = (06F8): Unit   visible=True 
				numerators[0000] = (09B9): UnitMilliMeter magnitude=1 factor=1 Unit="mm" UnitOffset=0 UnitFactor=0.1 UnitSupportet=True
			formula = (06F9): ParameterRef  
				unit = (09BA): Unit   visible=False 
					numerators[0000] = (0B33): UnitMilliMeter magnitude=1 factor=1 Unit="mm" UnitOffset=0 UnitFactor=0.1 UnitSupportet=True
				*operand1 = (0260): Parameter 'd16'=3mm
		objects[0267] = (0277): Dimension_Distance2D  flags=4208  index=02B6 flags2=-1  lst0={}   u32_0=0000   a0=(0000,0000,0000,0000) a1=Vector (1.7976931348623157e+308, 0.0, 0.0) a2=Vector (1.7976931348623157e+308, 0.0, 0.0)
			next = (06FA): FxAttr_EEE03AF5 a0=(0000,0000)     u16_0=006   u32_0=0000 a1=Vector (0.0, 1.0, 0.0) p1=Vector (-10.75, 1.3500000000000005, 0.0) p2=Vector (-11.05, 1.3500000000000005, 0.0) a2=Vector (0.3000000000000007, 2.119673071106829, 0.0)
				entity2 = (09BB): E1D3D023  flags=3000200  index=0000 flags2=0000  a1=(0,0,1.875) a2=(100,000,000) a3=Vector (-10.75, 1.3500000000000005, 0.0) a4=(999A,9999,1999) a5=Vector (-2.3534373683319715e-185, 8.0893e-320, 0.0) a6=(000,003,000) s32_0=-1 a7=(9.56062e-18,1,0,-1,9.56062e-18,0,0,-10.9857,-0.769673,0,-10.9,-0.769673,0,-10.75,-1.03761,0,-11.05,-1.03761,0,-10.75,1.35,0,-11.05,1.35,0,-10.75,-0.769673,0,-11.05,-0.769673,0) a8=(01,01,00,00,00,00,00,00,00,00,00,00,00,03,00,00,01,00) a9=(0,0.267933,0.0669833,0.605454,0.275642,0) u8_0=01   a10=(0000,0000,006A) a11=(-10.75,-0.769673,0,-11.05,-0.769673,0,-9.1424,-0.769673,0,-12.6576,-0.769673,0,-10.9857,-0.769673,0,0,0,0) u8_1=01 a12=(9.56062e-18,1,0,-10.9,-0.769673,0,-1,0,0,0,0,0) u8_2=00 a13=(-10.75,1.28302,0,-11.05,1.28302,0) 
					ref_1 = (0B34): 39A41830  flags=0210  index=0000 s32_0=-1 a2=(0000,0000,0000,0000,0000,0000,0000,0000,0000,0001,0000,0000,0003) a3=Vector (0.0, 0.0, 0.0) txt0="" a4=(0000,0000,0000,A7F9,A7FB) a5=(1,0,0,-10.9857,-0.769673,0) a6=(000,000,000,000,000,000)   u32_0=0000 a7=(0003,0003) a8=(07E4,0000) 
						*parameter1 = (0276): Parameter 'd22'=3mm
						*sketch = (00D4): Sketch2D 'Esquisse3'
					ref_2 = (0B35): 99B938AE  flags=0200  index=0000 a1=Vector (0.25, 0.1, 0.0) u32_0=0010 u32_1=0000
					*ref_3 = (0B35): 99B938AE
				*entity3 = (0206): Line2D - (-10.75,1.35) - (-10.75,5.35)
				*entity4 = (0205): Line2D - (-11.05,5.35) - (-11.05,1.35)
			*group = (02B3): Group2D
			*parameter = (0276): Parameter 'd22'=3mm
			*entity1 = (0206): Line2D - (-10.75,1.35) - (-10.75,5.35)
			*entity2 = (0205): Line2D - (-11.05,5.35) - (-11.05,1.35)
		objects[0268] = (0278): ParameterMappings  flags=0208  index=02B7 s32_0=-1    f=0  u16_0=002 u8_0=00
			*ref_1 = (0279): 0D0F9548
			*target = (0276): Parameter 'd22'=3mm
			mapping[0000] = (06FB): 553DA303  x=1
				*parameter = (0260): Parameter 'd16'=3mm
			mapping[0001] = (06FC): 553DA303  x=-1
				*parameter = (0276): Parameter 'd22'=3mm
			*paramRef = (06F9): ParameterRef
		objects[0269] = (0279): 0D0F9548  flags=0200  index=02B8 s32_0=-1 u32_0=0001 
			*mapping = (0278): ParameterMappings
		objects[026A] = (027A): Parameter 'd23'  flags=24200  index=02B9   valueNominal=0.3 valueModel=0.3   tolerance=NOMINAL u16_0=-1
			unit = (06FD): Unit   visible=True 
				numerators[0000] = (09BC): UnitMilliMeter magnitude=1 factor=1 Unit="mm" UnitOffset=0 UnitFactor=0.1 UnitSupportet=True
			formula = (06FE): ParameterRef  
				unit = (09BD): Unit   visible=False 
					numerators[0000] = (0B36): UnitMilliMeter magnitude=1 factor=1 Unit="mm" UnitOffset=0 UnitFactor=0.1 UnitSupportet=True
				*operand1 = (0260): Parameter 'd16'=3mm
		objects[026B] = (027B): Dimension_Distance2D  flags=4208  index=02BA flags2=-1  lst0={}   u32_0=0000   a0=(0000,0000,0000,0000) a1=Vector (1.7976931348623157e+308, 0.0, 0.0) a2=Vector (1.7976931348623157e+308, 0.0, 0.0)
			next = (06FF): FxAttr_EEE03AF5 a0=(0000,0000)     u16_0=006   u32_0=0000 a1=Vector (0.0, 1.0, 0.0) p1=Vector (-9.05, 1.3500000000000005, 0.0) p2=Vector (-9.350000000000001, 1.3500000000000005, 0.0) a2=Vector (0.3000000000000007, 1.2420595302219788, 0.0)
				entity2 = (09BE): E1D3D023  flags=3000200  index=0000 flags2=0000  a1=(0,0,1.875) a2=(100,000,000) a3=Vector (-9.05, 1.3500000000000005, 0.0) a4=(3334,3333,B333) a5=Vector (-2.3534373683319702e-185, 8.0893e-320, 0.0) a6=(000,003,000) s32_0=-1 a7=(7.57262e-19,1,0,-1,7.57262e-19,0,0,-9.17143,0.10794,0,-9.2,0.10794,0,-9.05,-0.159993,0,-9.35,-0.159993,0,-9.05,1.35,0,-9.35,1.35,0,-9.05,0.10794,0,-9.35,0.10794,0) a8=(01,01,00,00,00,00,00,00,00,00,00,00,00,03,00,00,01,00) a9=(0,0.267933,0.0669833,0.605454,0.275642,0) u8_0=01   a10=(0000,0000,006A) a11=(-9.05,0.10794,0,-9.35,0.10794,0,-7.4424,0.10794,0,-10.9576,0.10794,0,-9.17143,0.10794,0,0,0,0) u8_1=01 a12=(7.57262e-19,1,0,-9.2,0.10794,0,-1,0,0,0,0,0) u8_2=00 a13=(-9.05,1.28302,0,-9.35,1.28302,0) 
					ref_1 = (0B37): 39A41830  flags=0210  index=0000 s32_0=-1 a2=(0000,0000,0000,0000,0000,0000,0000,0000,0000,0001,0000,0000,0003) a3=Vector (0.0, 0.0, 0.0) txt0="" a4=(0000,0000,0000,A7F9,A7FB) a5=(1,0,0,-9.17143,0.10794,0) a6=(000,000,000,000,000,000)   u32_0=0000 a7=(0003,0003) a8=(07E4,0000) 
						*parameter1 = (027A): Parameter 'd23'=3mm
						*sketch = (00D4): Sketch2D 'Esquisse3'
					ref_2 = (0B38): 99B938AE  flags=0200  index=0000 a1=Vector (0.25, 0.1, 0.0) u32_0=0010 u32_1=0000
					*ref_3 = (0B38): 99B938AE
				*entity3 = (01E4): Line2D - (-9.05,1.35) - (-9.05,5.35)
				*entity4 = (01E3): Line2D - (-9.35,5.35) - (-9.35,1.35)
			*group = (02B3): Group2D
			*parameter = (027A): Parameter 'd23'=3mm
			*entity1 = (01E4): Line2D - (-9.05,1.35) - (-9.05,5.35)
			*entity2 = (01E3): Line2D - (-9.35,5.35) - (-9.35,1.35)
		objects[026C] = (027C): ParameterMappings  flags=0208  index=02BB s32_0=-1    f=0  u16_0=002 u8_0=00
			*ref_1 = (027D): 0D0F9548
			*target = (027A): Parameter 'd23'=3mm
			mapping[0000] = (0700): 553DA303  x=1
				*parameter = (0260): Parameter 'd16'=3mm
			mapping[0001] = (0701): 553DA303  x=-1
				*parameter = (027A): Parameter 'd23'=3mm
			*paramRef = (06FE): ParameterRef
		objects[026D] = (027D): 0D0F9548  flags=0200  index=02BC s32_0=-1 u32_0=0001 
			*mapping = (027C): ParameterMappings
		objects[026E] = (027E): Parameter 'd24'  flags=24200  index=02BD   valueNominal=0.3 valueModel=0.3   tolerance=NOMINAL u16_0=-1
			unit = (0702): Unit   visible=True 
				numerators[0000] = (09BF): UnitMilliMeter magnitude=1 factor=1 Unit="mm" UnitOffset=0 UnitFactor=0.1 UnitSupportet=True
			formula = (0703): ParameterRef  
				unit = (09C0): Unit   visible=False 
					numerators[0000] = (0B39): UnitMilliMeter magnitude=1 factor=1 Unit="mm" UnitOffset=0 UnitFactor=0.1 UnitSupportet=True
				*operand1 = (0260): Parameter 'd16'=3mm
		objects[026F] = (027F): Dimension_Distance2D  flags=4208  index=02BE flags2=-1  lst0={}   u32_0=0000   a0=(0000,0000,0000,0000) a1=Vector (1.7976931348623157e+308, 0.0, 0.0) a2=Vector (1.7976931348623157e+308, 0.0, 0.0)
			next = (0704): FxAttr_EEE03AF5 a0=(0000,0000)     u16_0=006   u32_0=0000 a1=Vector (1.0, 0.0, 0.0) p1=Vector (-17.2, 8.75, 0.0) p2=Vector (-17.2, 9.05, 0.0) a2=Vector (0.3000000000000007, 1.8899999183406315, 0.0)
				entity2 = (09C1): E1D3D023  flags=3000200  index=0000 flags2=0000  a1=(0,0,1.875) a2=(100,000,000) a3=Vector (-17.2, 8.75, 0.0) a4=(3333,3333,3333) a5=Vector (2.3534373682891663e-185, 8.1116e-320, 0.0) a6=(000,003,000) s32_0=-1 a7=(-1,0,0,0,1,0,0,-19.09,8.78,0,-19.09,8.9,0,-19.4333,8.75,0,-19.4333,9.05,0,-17.2,8.75,0,-17.2,9.05,0,-19.09,8.75,0,-19.09,9.05,0) a8=(01,01,00,00,00,00,00,00,00,00,00,00,00,03,00,00,01,00) a9=(0,0.343298,0.0858246,0.605454,0.275642,0) u8_0=01   a10=(0000,0000,006A) a11=(-19.09,8.75,0,-19.09,9.05,0,-19.09,6.69021,0,-19.09,11.1098,0,-19.09,8.78,0,0,0,0) u8_1=01 a12=(-1,0,0,-19.09,8.9,0,0,1,0,-18.9095,8.39034,0) u8_2=00 a13=(-17.2858,8.75,0,-17.2858,9.05,0) 
					ref_1 = (0B3A): 39A41830  flags=0210  index=0000 s32_0=-1 a2=(0000,0000,0000,0000,0000,0000,0000,0000,0000,0001,0000,0000,0003) a3=Vector (0.0, 0.0, 0.0) txt0="" a4=(0000,0000,0000,A7F9,A7FB) a5=(1,0,0,-19.09,8.78,0) a6=(000,000,000,000,000,000)   u32_0=0000 a7=(0003,0003) a8=(07E4,0000) 
						*parameter1 = (027E): Parameter 'd24'=3mm
						*sketch = (00D4): Sketch2D 'Esquisse3'
					ref_2 = (0B3B): 99B938AE  flags=0200  index=0000 a1=Vector (0.25, 0.1, 0.0) u32_0=0010 u32_1=0000
					*ref_3 = (0B3B): 99B938AE
				*entity3 = (01A1): Line2D - (-9.2,8.75) - (-17.2,8.75)
				*entity4 = (01A0): Line2D - (-17.2,9.05) - (-9.2,9.05)
			*group = (02B3): Group2D
			*parameter = (027E): Parameter 'd24'=3mm
			*entity1 = (01A1): Line2D - (-9.2,8.75) - (-17.2,8.75)
			*entity2 = (01A0): Line2D - (-17.2,9.05) - (-9.2,9.05)
		objects[0270] = (0280): ParameterMappings  flags=0208  index=02BF s32_0=-1    f=0  u16_0=002 u8_0=00
			*ref_1 = (0281): 0D0F9548
			*target = (027E): Parameter 'd24'=3mm
			mapping[0000] = (0705): 553DA303  x=1
				*parameter = (0260): Parameter 'd16'=3mm
			mapping[0001] = (0706): 553DA303  x=-1
				*parameter = (027E): Parameter 'd24'=3mm
			*paramRef = (0703): ParameterRef
		objects[0271] = (0281): 0D0F9548  flags=0200  index=02C0 s32_0=-1 u32_0=0001 
			*mapping = (0280): ParameterMappings
		objects[0272] = (0282): Parameter 'd25'  flags=24200  index=02C1   valueNominal=0.3 valueModel=0.3   tolerance=NOMINAL u16_0=-1
			unit = (0707): Unit   visible=True 
				numerators[0000] = (09C2): UnitMilliMeter magnitude=1 factor=1 Unit="mm" UnitOffset=0 UnitFactor=0.1 UnitSupportet=True
			formula = (0708): ParameterRef  
				unit = (09C3): Unit   visible=False 
					numerators[0000] = (0B3C): UnitMilliMeter magnitude=1 factor=1 Unit="mm" UnitOffset=0 UnitFactor=0.1 UnitSupportet=True
				*operand1 = (0260): Parameter 'd16'=3mm
		objects[0273] = (0283): Dimension_Distance2D  flags=4208  index=02C2 flags2=-1  lst0={}   u32_0=0000   a0=(0000,0000,0000,0000) a1=Vector (1.7976931348623157e+308, 0.0, 0.0) a2=Vector (1.7976931348623157e+308, 0.0, 0.0)
			next = (0709): FxAttr_EEE03AF5 a0=(0000,0000)     u16_0=006   u32_0=0000 a1=Vector (0.0, 1.0, 0.0) p1=Vector (-17.2, 7.25, 0.0) p2=Vector (-17.2, 7.550000000000001, 0.0) a2=Vector (0.3000000000000007, 1.2428570891582318, 0.0)
				entity2 = (09C4): E1D3D023  flags=3000200  index=0000 flags2=0000  a1=(0,0,1.875) a2=(100,000,000) a3=Vector (-17.2, 7.25, 0.0) a4=(3333,3333,3333) a5=Vector (4.6672614584836255e-62, 8.1096e-320, 0.0) a6=(000,003,000) s32_0=-1 a7=(1,0,0,-0,1,0,0,-18.4429,7.22857,0,-18.4429,7.4,0,-18.6878,7.25,0,-18.6878,7.55,0,-17.2,7.25,0,-17.2,7.55,0,-18.4429,7.25,0,-18.4429,7.55,0) a8=(01,01,00,00,00,00,00,00,00,00,00,00,00,03,00,00,01,00) a9=(0,0.2449,0.0612251,0.605454,0.275642,0) u8_0=01   a10=(0000,0000,006A) a11=(-18.4429,7.25,0,-18.4429,7.55,0,-18.4429,7.22857,0,-18.4429,9.0194,0,-18.4429,7.22857,0,0,0,0) u8_1=01 a12=(1,0,0,-18.4429,7.4,0,0,1,0,-18.4429,7.22857,0) u8_2=00 a13=(-17.2612,7.25,0,-17.2612,7.55,0) 
					ref_1 = (0B3D): 39A41830  flags=0210  index=0000 s32_0=-1 a2=(0000,0000,0000,0000,0000,0000,0000,0000,0000,0001,0000,0000,0003) a3=Vector (0.0, 0.0, 0.0) txt0="" a4=(0000,0000,0000,A7F9,A7FB) a5=(1,0,0,-18.4429,7.22857,0) a6=(000,000,000,000,000,000)   u32_0=0000 a7=(0003,0003) a8=(07E4,0000) 
						*parameter1 = (0282): Parameter 'd25'=3mm
						*sketch = (00D4): Sketch2D 'Esquisse3'
					ref_2 = (0B3E): 99B938AE  flags=0200  index=0000 a1=Vector (0.25, 0.1, 0.0) u32_0=0010 u32_1=0000
					*ref_3 = (0B3E): 99B938AE
				*entity3 = (01C1): Line2D - (-17.2,7.25) - (-9.2,7.25)
				*entity4 = (01C2): Line2D - (-9.2,7.55) - (-17.2,7.55)
			*group = (02B3): Group2D
			*parameter = (0282): Parameter 'd25'=3mm
			*entity1 = (01C1): Line2D - (-17.2,7.25) - (-9.2,7.25)
			*entity2 = (01C2): Line2D - (-9.2,7.55) - (-17.2,7.55)
		objects[0274] = (0284): ParameterMappings  flags=0208  index=02C3 s32_0=-1    f=0  u16_0=002 u8_0=00
			*ref_1 = (0285): 0D0F9548
			*target = (0282): Parameter 'd25'=3mm
			mapping[0000] = (070A): 553DA303  x=1
				*parameter = (0260): Parameter 'd16'=3mm
			mapping[0001] = (070B): 553DA303  x=-1
				*parameter = (0282): Parameter 'd25'=3mm
			*paramRef = (0708): ParameterRef
		objects[0275] = (0285): 0D0F9548  flags=0200  index=02C4 s32_0=-1 u32_0=0001 
			*mapping = (0284): ParameterMappings
		objects[0276] = (0286): Parameter 'd26'  flags=34200  index=02C6   valueNominal=1.2 valueModel=1.2   tolerance=NOMINAL u16_0=-1
			unit = (070C): Unit   visible=True 
				numerators[0000] = (09C5): UnitMilliMeter magnitude=1 factor=1 Unit="mm" UnitOffset=0 UnitFactor=0.1 UnitSupportet=True
			formula = (070D): ParameterValue  value=1.2 type=000
				unit = (09C6): Unit   visible=True 
					numerators[0000] = (0B3F): UnitMeter magnitude=0.001 factor=1 Unit="m" UnitOffset=0 UnitFactor=100 UnitSupportet=True
		objects[0277] = (0287): Dimension_Distance2D  flags=4208  index=02C7 flags2=-1  lst0={}   u32_0=0000   a0=(0000,0000,0000,0000) a1=Vector (1.7976931348623157e+308, 0.0, 0.0) a2=Vector (1.7976931348623157e+308, 0.0, 0.0)
			next = (070E): FxAttr_EEE03AF5 a0=(0000,0000)     u16_0=006   u32_0=0000 a1=Vector (1.0, 1.0, 0.0) p1=Vector (-17.2, 7.550000000000001, 0.0) p2=Vector (-17.2, 8.75, 0.0) a2=Vector (1.1999999999999993, 0.33375777282185126, 0.0)
				entity2 = (09C7): E1D3D023  flags=3000200  index=0000 flags2=0000  a1=(0,0,1.875) a2=(100,000,000) a3=Vector (-17.2, 7.550000000000001, 0.0) a4=(3333,3333,3333) a5=Vector (-2.43085e-319, 8.111e-320, 0.0) a6=(000,003,000) s32_0=-1 a7=(-1,0,0,0,1,0,0,-17.5338,8.14611,0,-17.5338,8.15,0,-17.7195,7.55,0,-17.7195,8.75,0,-17.2,7.55,0,-17.2,8.75,0,-17.5338,7.55,0,-17.5338,8.75,0) a8=(01,01,00,00,00,00,00,00,00,00,00,00,00,03,00,00,01,00) a9=(0,0.185712,0.046428,0.385857,0.262516,0) u8_0=01   a10=(0000,0000,006A) a11=(-17.5338,7.55,0,-17.5338,8.75,0,-17.5338,7.55,0,-17.5338,8.75,0,-17.5338,8.14611,0,0,0,0) u8_1=01 a12=(-1,0,0,-17.5338,8.15,0,0,1,0,-11.1824,7.77248,0) u8_2=00 a13=(-17.2464,7.55,0,-17.2464,8.75,0) 
					ref_1 = (0B40): 39A41830  flags=0210  index=0000 s32_0=-1 a2=(0000,0000,0000,0000,0000,0000,0000,0000,0000,0001,0000,0000,0003) a3=Vector (0.0, 0.0, 0.0) txt0="" a4=(0000,0000,0000,A7F9,A7FB) a5=(1,0,0,-17.5338,8.14611,0) a6=(000,000,000,000,000,000)   u32_0=0000 a7=(0003,0003) a8=(07E4,0000) 
						*parameter1 = (0286): Parameter 'd26'=12mm
						*sketch = (00D4): Sketch2D 'Esquisse3'
					ref_2 = (0B41): 99B938AE  flags=0200  index=0000 a1=Vector (0.25, 0.1, 0.0) u32_0=0010 u32_1=0000
					*ref_3 = (0B41): 99B938AE
				*entity3 = (01C2): Line2D - (-9.2,7.55) - (-17.2,7.55)
				*entity4 = (01A1): Line2D - (-9.2,8.75) - (-17.2,8.75)
			*group = (02B3): Group2D
			*parameter = (0286): Parameter 'd26'=12mm
			*entity1 = (01C2): Line2D - (-9.2,7.55) - (-17.2,7.55)
			*entity2 = (01A1): Line2D - (-9.2,8.75) - (-17.2,8.75)
		objects[0278] = (0288): Geometric_EqualLength2D  flags=4208  index=02C8 flags2=-1  lst0={}    
			*group = (02B3): Group2D
			*line1 = (01A1): Line2D - (-9.2,8.75) - (-17.2,8.75)
			*line2 = (01C2): Line2D - (-9.2,7.55) - (-17.2,7.55)
		objects[0279] = (0289): Geometric_EqualLength2D  flags=4208  index=02C9 flags2=-1  lst0={}    
			*group = (02B3): Group2D
			*line1 = (017F): Line2D - (-14.45,13.95) - (-14.45,10.95)
			*line2 = (015E): Line2D - (-12.75,13.95) - (-12.75,10.95)
		objects[027A] = (028A): Geometric_EqualLength2D  flags=4208  index=02CA flags2=-1  lst0={}    
			*group = (02B3): Group2D
			*line1 = (017F): Line2D - (-14.45,13.95) - (-14.45,10.95)
			*line2 = (0249): Line2D - (-14.45,5.35) - (-14.45,2.35)
		objects[027B] = (028B): Geometric_EqualLength2D  flags=4208  index=02CB flags2=-1  lst0={}    
			*group = (02B3): Group2D
			*line1 = (017F): Line2D - (-14.45,13.95) - (-14.45,10.95)
			*line2 = (0227): Line2D - (-12.75,5.35) - (-12.75,2.35)
		objects[027C] = (028C): Geometric_EqualLength2D  flags=4208  index=02CC flags2=-1  lst0={}    
			*group = (02B3): Group2D
			*line1 = (013D): Line2D - (-11.05,14.95) - (-11.05,10.95)
			*line2 = (011C): Line2D - (-9.35,14.95) - (-9.35,10.95)
		objects[027D] = (028D): Geometric_EqualLength2D  flags=4208  index=02CD flags2=-1  lst0={}    
			*group = (02B3): Group2D
			*line1 = (013D): Line2D - (-11.05,14.95) - (-11.05,10.95)
			*line2 = (0205): Line2D - (-11.05,5.35) - (-11.05,1.35)
		objects[027E] = (028E): Geometric_EqualLength2D  flags=4208  index=02CE flags2=-1  lst0={}    
			*group = (02B3): Group2D
			*line1 = (013D): Line2D - (-11.05,14.95) - (-11.05,10.95)
			*line2 = (01E3): Line2D - (-9.35,5.35) - (-9.35,1.35)
		objects[027F] = (028F): Geometric_AlignHorizontal2D  flags=4208  index=02CF flags2=-1  lst0={}    
			*group = (02B3): Group2D
			*point1 = (01DC): Point2D - (-9.2,5.35)
			*point2 = (01FE): Point2D - (-10.9,5.35)
		objects[0280] = (0290): Geometric_AlignHorizontal2D  flags=4208  index=02D0 flags2=-1  lst0={}    
			*group = (02B3): Group2D
			*point1 = (0220): Point2D - (-12.6,5.35)
			*point2 = (01FE): Point2D - (-10.9,5.35)
		objects[0281] = (0291): Geometric_AlignHorizontal2D  flags=4208  index=02D1 flags2=-1  lst0={}    
			*group = (02B3): Group2D
			*point1 = (0220): Point2D - (-12.6,5.35)
			*point2 = (0242): Point2D - (-14.3,5.35)
		objects[0282] = (0292): Geometric_AlignHorizontal2D  flags=4208  index=02D2 flags2=-1  lst0={}    
			*group = (02B3): Group2D
			*point1 = (017A): Point2D - (-14.3,10.95)
			*point2 = (0159): Point2D - (-12.6,10.95)
		objects[0283] = (0293): Geometric_AlignHorizontal2D  flags=4208  index=02D3 flags2=-1  lst0={}    
			*group = (02B3): Group2D
			*point1 = (017A): Point2D - (-14.3,10.95)
			*point2 = (0138): Point2D - (-10.9,10.95)
		objects[0284] = (0294): Geometric_AlignHorizontal2D  flags=4208  index=02D4 flags2=-1  lst0={}    
			*group = (02B3): Group2D
			*point1 = (017A): Point2D - (-14.3,10.95)
			*point2 = (0117): Point2D - (-9.2,10.95)
		objects[0285] = (0295): Geometric_AlignVertical2D  flags=4208  index=02D5 flags2=-1  lst0={}    
			*group = (02B3): Group2D
			*point1 = (019B): Point2D - (-9.2,8.9)
			*point2 = (01BC): Point2D - (-9.2,7.4)
		objects[0286] = (0296): Point2D  flags=20200  index=02D6 flags2=0000  pos=Vector (-9.050000000000002, 8.9, 0.0)   u32_0=0000 lst1=() 
			next = (070F): FxAttrStyles a0=(0000,0000)    u32_0=0000 associativeID=0088 typEntity=0001
				next = (09C8): FxAttr_BFD09C43 a0=(0000,0000)     a1=(0,0,0,0) u32_0=0000
					*owner = (0296): Point2D - (-9.05,8.9)
					*entity2 = (0296): Point2D - (-9.05,8.9)
			*sketch = (00D4): Sketch2D 'Esquisse3'
			*endPointOf[0000] = (01A8): Circle2D - (-9.2,8.9), r=0.15, (-9.2,8.75), (-9.2,9.05), (-9.05,8.9)
		objects[0287] = (0297): Geometric_SymmetryPoint2D  flags=4208  index=02D7 flags2=-1  lst0={}    
			*group = (02B3): Group2D
			*entity = (01A8): Circle2D - (-9.2,8.9), r=0.15, (-9.2,8.75), (-9.2,9.05), (-9.05,8.9)
			*point = (0296): Point2D - (-9.05,8.9)
		objects[0288] = (0298): Geometric_AlignVertical2D  flags=4208  index=02D8 flags2=-1  lst0={}    
			*group = (02B3): Group2D
			*point1 = (01DB): Point2D - (-9.05,5.35)
			*point2 = (0296): Point2D - (-9.05,8.9)
		objects[0289] = (0299): Parameter 'd27'  flags=34200  index=02D9   valueNominal=1.4 valueModel=1.4   tolerance=NOMINAL u16_0=-1
			unit = (0710): Unit   visible=True 
				numerators[0000] = (09C9): UnitMilliMeter magnitude=1 factor=1 Unit="mm" UnitOffset=0 UnitFactor=0.1 UnitSupportet=True
			formula = (0711): ParameterValue  value=1.4 type=000
				unit = (09CA): Unit   visible=True 
					numerators[0000] = (0B42): UnitMeter magnitude=0.001 factor=1 Unit="m" UnitOffset=0 UnitFactor=100 UnitSupportet=True
		objects[028A] = (029A): Dimension_Distance2D  flags=4208  index=02DA flags2=-1  lst0={}   u32_0=0000   a0=(0000,0000,0000,0000) a1=Vector (1.7976931348623157e+308, 0.0, 0.0) a2=Vector (1.7976931348623157e+308, 0.0, 0.0)
			next = (0712): FxAttr_EEE03AF5 a0=(0000,0000)     u16_0=006   u32_0=0000 a1=Vector (1.0, 0.0, 0.0) p1=Vector (-9.350000000000001, 10.950000000000001, 0.0) p2=Vector (-10.750000000000002, 10.950000000000001, 0.0) a2=Vector (1.4000000000000004, 0.7780011675269058, 0.0)
				entity2 = (09CB): E1D3D023  flags=3000200  index=0000 flags2=0000  a1=(0,0,1.875) a2=(100,000,000) a3=Vector (-9.350000000000001, 10.950000000000001, 0.0) a4=(001,000,8000) a5=Vector (-1.903598566282016e+185, 8.113e-320, 0.0) a6=(000,003,000) s32_0=-1 a7=(-4.12428e-18,-1,0,-1,4.12428e-18,0,0,-9.57449,10.172,0,-10.05,10.172,0,-9.35,9.88626,0,-10.75,9.88626,0,-9.35,10.95,0,-10.75,10.95,0,-9.35,10.172,0,-10.75,10.172,0) a8=(01,01,00,00,00,00,00,00,00,00,00,00,00,03,00,00,01,00) a9=(0,0.28574,0.0714349,0.385857,0.257933,0) u8_0=01   a10=(0000,0000,006A) a11=(-9.35,10.172,0,-10.75,10.172,0,-9.35,10.172,0,-10.75,10.172,0,-9.57449,10.172,0,0,0,0) u8_1=01 a12=(-4.12428e-18,-1,0,-10.05,10.172,0,-1,0,0,0,0,0) u8_2=00 a13=(-9.35,10.8786,0,-10.75,10.8786,0) 
					ref_1 = (0B43): 39A41830  flags=0210  index=0000 s32_0=-1 a2=(0000,0000,0000,0000,0000,0000,0000,0000,0000,0001,0000,0000,0003) a3=Vector (0.0, 0.0, 0.0) txt0="" a4=(0000,0000,0000,A7F9,A7FB) a5=(1,0,0,-9.57449,10.172,0) a6=(000,000,000,000,000,000)   u32_0=0000 a7=(0003,0003) a8=(07E4,0000) 
						*parameter1 = (0299): Parameter 'd27'=14mm
						*sketch = (00D4): Sketch2D 'Esquisse3'
					ref_2 = (0B44): 99B938AE  flags=0200  index=0000 a1=Vector (0.25, 0.1, 0.0) u32_0=0010 u32_1=0000
					*ref_3 = (0B44): 99B938AE
				*entity3 = (011C): Line2D - (-9.35,14.95) - (-9.35,10.95)
				*entity4 = (013E): Line2D - (-10.75,10.95) - (-10.75,14.95)
			*group = (02B3): Group2D
			*parameter = (0299): Parameter 'd27'=14mm
			*entity1 = (011C): Line2D - (-9.35,14.95) - (-9.35,10.95)
			*entity2 = (013E): Line2D - (-10.75,10.95) - (-10.75,14.95)
		objects[028B] = (029B): Parameter 'd28'  flags=34200  index=02DB   valueNominal=1.4 valueModel=1.4   tolerance=NOMINAL u16_0=-1
			unit = (0713): Unit   visible=True 
				numerators[0000] = (09CC): UnitMilliMeter magnitude=1 factor=1 Unit="mm" UnitOffset=0 UnitFactor=0.1 UnitSupportet=True
			formula = (0714): ParameterValue  value=1.4 type=000
				unit = (09CD): Unit   visible=True 
					numerators[0000] = (0B45): UnitMeter magnitude=0.001 factor=1 Unit="m" UnitOffset=0 UnitFactor=100 UnitSupportet=True
		objects[028C] = (029C): Dimension_Distance2D  flags=4208  index=02DC flags2=-1  lst0={}   u32_0=0000   a0=(0000,0000,0000,0000) a1=Vector (1.7976931348623157e+308, 0.0, 0.0) a2=Vector (1.7976931348623157e+308, 0.0, 0.0)
			next = (0715): FxAttr_EEE03AF5 a0=(0000,0000)     u16_0=006   u32_0=0000 a1=Vector (1.0, 0.0, 0.0) p1=Vector (-11.05, 10.950000000000001, 0.0) p2=Vector (-12.450000000000001, 10.950000000000001, 0.0) a2=Vector (1.4000000000000004, 0.4920319858422104, 0.0)
				entity2 = (09CE): E1D3D023  flags=3000200  index=0000 flags2=0000  a1=(0,0,1.875) a2=(100,000,000) a3=Vector (-11.05, 10.950000000000001, 0.0) a4=(6667,6666,E666) a5=Vector (-1.903598566282017e+185, 8.113e-320, 0.0) a6=(000,003,000) s32_0=-1 a7=(-4.12428e-18,-1,0,-1,4.12428e-18,0,0,-11.2055,10.458,0,-11.75,10.458,0,-11.05,10.314,0,-12.45,10.314,0,-11.05,10.95,0,-12.45,10.95,0,-11.05,10.458,0,-12.45,10.458,0) a8=(01,01,00,00,00,00,00,00,00,00,00,00,00,03,00,00,01,00) a9=(0,0.143937,0.0359842,0.385857,0.257933,0) u8_0=01   a10=(0000,0000,006A) a11=(-11.05,10.458,0,-12.45,10.458,0,-11.05,10.458,0,-12.45,10.458,0,-11.2055,10.458,0,0,0,0) u8_1=01 a12=(-4.12428e-18,-1,0,-11.75,10.458,0,-1,0,0,0,0,0) u8_2=00 a13=(-11.05,10.914,0,-12.45,10.914,0) 
					ref_1 = (0B46): 39A41830  flags=0210  index=0000 s32_0=-1 a2=(0000,0000,0000,0000,0000,0000,0000,0000,0000,0001,0000,0000,0003) a3=Vector (0.0, 0.0, 0.0) txt0="" a4=(0000,0000,0000,A7F9,A7FB) a5=(1,0,0,-11.2055,10.458,0) a6=(000,000,000,000,000,000)   u32_0=0000 a7=(0003,0003) a8=(07E4,0000) 
						*parameter1 = (029B): Parameter 'd28'=14mm
						*sketch = (00D4): Sketch2D 'Esquisse3'
					ref_2 = (0B47): 99B938AE  flags=0200  index=0000 a1=Vector (0.25, 0.1, 0.0) u32_0=0010 u32_1=0000
					*ref_3 = (0B47): 99B938AE
				*entity3 = (013D): Line2D - (-11.05,14.95) - (-11.05,10.95)
				*entity4 = (015F): Line2D - (-12.45,10.95) - (-12.45,13.95)
			*group = (02B3): Group2D
			*parameter = (029B): Parameter 'd28'=14mm
			*entity1 = (013D): Line2D - (-11.05,14.95) - (-11.05,10.95)
			*entity2 = (015F): Line2D - (-12.45,10.95) - (-12.45,13.95)
		objects[028D] = (029D): Parameter 'd29'  flags=34200  index=02DD   valueNominal=1.4 valueModel=1.4   tolerance=NOMINAL u16_0=-1
			unit = (0716): Unit   visible=True 
				numerators[0000] = (09CF): UnitMilliMeter magnitude=1 factor=1 Unit="mm" UnitOffset=0 UnitFactor=0.1 UnitSupportet=True
			formula = (0717): ParameterValue  value=1.4 type=000
				unit = (09D0): Unit   visible=True 
					numerators[0000] = (0B48): UnitMeter magnitude=0.001 factor=1 Unit="m" UnitOffset=0 UnitFactor=100 UnitSupportet=True
		objects[028E] = (029E): Dimension_Distance2D  flags=4208  index=02DE flags2=-1  lst0={}   u32_0=0000   a0=(0000,0000,0000,0000) a1=Vector (1.7976931348623157e+308, 0.0, 0.0) a2=Vector (1.7976931348623157e+308, 0.0, 0.0)
			next = (0718): FxAttr_EEE03AF5 a0=(0000,0000)     u16_0=006   u32_0=0000 a1=Vector (1.0, 0.0, 0.0) p1=Vector (-12.750000000000002, 10.950000000000001, 0.0) p2=Vector (-14.150000000000004, 10.950000000000001, 0.0) a2=Vector (1.4000000000000021, 0.37298919870680614, 0.0)
				entity2 = (09D1): E1D3D023  flags=3000200  index=0000 flags2=0000  a1=(0,0,1.875) a2=(100,000,000) a3=Vector (-12.750000000000002, 10.950000000000001, 0.0) a4=(CCCF,CCCC,4CCC) a5=Vector (-1.9035985662820182e+185, 8.113e-320, 0.0) a6=(000,003,000) s32_0=-1 a7=(-4.12428e-18,-1,0,-1,4.12428e-18,0,0,-12.8842,10.577,0,-13.45,10.577,0,-12.75,10.4441,0,-14.15,10.4441,0,-12.75,10.95,0,-14.15,10.95,0,-12.75,10.577,0,-14.15,10.577,0) a8=(01,01,00,00,00,00,00,00,00,00,00,00,00,03,00,00,01,00) a9=(0,0.132893,0.0332233,0.385857,0.257933,0) u8_0=01   a10=(0000,0000,006A) a11=(-12.75,10.577,0,-14.15,10.577,0,-12.75,10.577,0,-14.15,10.577,0,-12.8842,10.577,0,0,0,0) u8_1=01 a12=(-4.12428e-18,-1,0,-13.45,10.577,0,-1,0,0,0,0,0) u8_2=00 a13=(-12.75,10.9168,0,-14.15,10.9168,0) 
					ref_1 = (0B49): 39A41830  flags=0210  index=0000 s32_0=-1 a2=(0000,0000,0000,0000,0000,0000,0000,0000,0000,0001,0000,0000,0003) a3=Vector (0.0, 0.0, 0.0) txt0="" a4=(0000,0000,0000,A7F9,A7FB) a5=(1,0,0,-12.8842,10.577,0) a6=(000,000,000,000,000,000)   u32_0=0000 a7=(0003,0003) a8=(07E4,0000) 
						*parameter1 = (029D): Parameter 'd29'=14mm
						*sketch = (00D4): Sketch2D 'Esquisse3'
					ref_2 = (0B4A): 99B938AE  flags=0200  index=0000 a1=Vector (0.25, 0.1, 0.0) u32_0=0010 u32_1=0000
					*ref_3 = (0B4A): 99B938AE
				*entity3 = (015E): Line2D - (-12.75,13.95) - (-12.75,10.95)
				*entity4 = (0180): Line2D - (-14.15,10.95) - (-14.15,13.95)
			*group = (02B3): Group2D
			*parameter = (029D): Parameter 'd29'=14mm
			*entity1 = (015E): Line2D - (-12.75,13.95) - (-12.75,10.95)
			*entity2 = (0180): Line2D - (-14.15,10.95) - (-14.15,13.95)
		objects[028F] = (029F): Parameter 'd30'  flags=34200  index=02DF   valueNominal=3.3 valueModel=3.3   tolerance=NOMINAL u16_0=-1
			unit = (0719): Unit   visible=True 
				numerators[0000] = (09D2): UnitMilliMeter magnitude=1 factor=1 Unit="mm" UnitOffset=0 UnitFactor=0.1 UnitSupportet=True
			formula = (071A): ParameterValue  value=3.3 type=000
				unit = (09D3): Unit   visible=True 
					numerators[0000] = (0B4B): UnitMeter magnitude=0.001 factor=1 Unit="m" UnitOffset=0 UnitFactor=100 UnitSupportet=True
		objects[0290] = (02A0): Dimension_Distance2D  flags=4208  index=02E0 flags2=-1  lst0={}   u32_0=0000   a0=(0000,0000,0000,0000) a1=Vector (-14.3, 10.8, 0.0) a2=Vector (-14.3, 14.100000000000001, 0.0)
			next = (071B): FxAttr_EEE03AF5 a0=(0000,0000)     u16_0=00C   u32_0=0000 a1=Vector (4.71238898038469, 1.5707963267948966, 0.0) p1=Vector (-14.3, 10.8, 0.0) p2=Vector (-14.3, 14.100000000000001, 0.0) a2=Vector (0.0, 0.0, 0.0)
				entity2 = (09D4): E1D3D023  flags=3000200  index=0000 flags2=0000  a1=(0,0,1.875) a2=(100,000,000) a3=Vector (-14.3, 10.8, 0.0) a4=(999A,9999,9999) a5=Vector (4.667261458483621e-62, 8.1165e-320, 0.0) a6=(000,002,000) s32_0=-1 a7=(1,0,0,-0,1,0,0,-15.423,10.9819,0,-15.423,12.45,0,-15.6371,10.8,0,-15.6371,14.1,0,-14.3,10.8,0,-14.3,14.1,0,-15.423,10.8,0,-15.423,14.1,0) a8=(01,01,00,00,00,00,00,00,00,00,00,00,00,03,00,00,01,00) a9=(0,0.214135,0.0535339,0.385857,0.267933,0) u8_0=01   a10=(0000,0000,006A) a11=(-15.423,10.8,0,-15.423,14.1,0,-15.423,10.8,0,-15.423,14.1,0,-15.423,10.9819,0,0,0,0) u8_1=01 a12=(1,0,0,-15.423,12.45,0,0,1,0,-13.0748,10.7516,0) u8_2=00 a13=(-14.3535,10.8,0,-14.3535,14.1,0) 
					ref_1 = (0B4C): 39A41830  flags=0210  index=0000 s32_0=-1 a2=(0000,0000,0000,0000,0000,0000,0000,0000,0000,0001,0000,0000,0003) a3=Vector (0.0, 0.0, 0.0) txt0="" a4=(0000,0000,0000,A7F9,A7FB) a5=(1,0,0,-15.423,10.9819,0) a6=(000,000,000,000,000,000)   u32_0=0000 a7=(0003,0003) a8=(07E4,0000) 
						*parameter1 = (029F): Parameter 'd30'=33mm
						*sketch = (00D4): Sketch2D 'Esquisse3'
					ref_2 = (0B4D): 99B938AE  flags=0200  index=0000 a1=Vector (0.25, 0.1, 0.0) u32_0=0010 u32_1=0000
					*ref_3 = (0B4D): 99B938AE
				*entity3 = (0187): Circle2D - (-14.3,10.95), r=0.15, (-14.45,10.95), (-14.15,10.95)
				*entity4 = (0186): Circle2D - (-14.3,13.95), r=0.15, (-14.15,13.95), (-14.45,13.95)
			*group = (02B3): Group2D
			*parameter = (029F): Parameter 'd30'=33mm
			*entity1 = (0187): Circle2D - (-14.3,10.95), r=0.15, (-14.45,10.95), (-14.15,10.95)
			*entity2 = (0186): Circle2D - (-14.3,13.95), r=0.15, (-14.15,13.95), (-14.45,13.95)
		objects[0291] = (02A1): Parameter 'd32'  flags=34200  index=02E4   valueNominal=4.3 valueModel=4.3   tolerance=NOMINAL u16_0=-1
			unit = (071C): Unit   visible=True 
				numerators[0000] = (09D5): UnitMilliMeter magnitude=1 factor=1 Unit="mm" UnitOffset=0 UnitFactor=0.1 UnitSupportet=True
			formula = (071D): ParameterValue  value=4.3 type=000
				unit = (09D6): Unit   visible=True 
					numerators[0000] = (0B4E): UnitMeter magnitude=0.001 factor=1 Unit="m" UnitOffset=0 UnitFactor=100 UnitSupportet=True
		objects[0292] = (02A2): Dimension_Distance2D  flags=4208  index=02E5 flags2=-1  lst0={}   u32_0=0000   a0=(0000,0000,0000,0000) a1=Vector (-9.200000000000001, 10.799999999999999, 0.0) a2=Vector (-9.200000000000001, 15.1, 0.0)
			next = (071E): FxAttr_EEE03AF5 a0=(0000,0000)     u16_0=00C   u32_0=0000 a1=Vector (4.71238898038469, 1.5707963267948966, 0.0) p1=Vector (-9.200000000000001, 10.799999999999999, 0.0) p2=Vector (-9.200000000000001, 15.1, 0.0) a2=Vector (0.0, 0.0, 0.0)
				entity2 = (09D7): E1D3D023  flags=3000200  index=0000 flags2=0000  a1=(0,0,1.875) a2=(100,000,000) a3=Vector (-9.200000000000001, 10.799999999999999, 0.0) a4=(6667,6666,6666) a5=Vector (4.6672614584270145e-62, 8.1175e-320, 0.0) a6=(000,002,000) s32_0=-1 a7=(1,0,0,-0,1,0,0,-7.94706,10.5458,0,-7.94706,12.95,0,-7.77173,10.8,0,-7.77173,15.1,0,-9.2,10.8,0,-9.2,15.1,0,-7.94706,10.8,0,-7.94706,15.1,0) a8=(01,01,00,00,00,00,00,00,00,00,00,00,00,03,00,00,01,00) a9=(0,0.175326,0.0438315,0.385857,0.267933,0) u8_0=01   a10=(0000,0000,006A) a11=(-7.94706,10.8,0,-7.94706,15.1,0,-7.94706,10.8,0,-7.94706,15.1,0,-7.94706,10.5458,0,0,0,0) u8_1=01 a12=(1,0,0,-7.94706,12.95,0,0,1,0,-7.94706,10.5458,0) u8_2=00 a13=(-9.15617,10.8,0,-9.15617,15.1,0) 
					ref_1 = (0B4F): 39A41830  flags=0210  index=0000 s32_0=-1 a2=(0000,0000,0000,0000,0000,0000,0000,0000,0000,0001,0000,0000,0003) a3=Vector (0.0, 0.0, 0.0) txt0="" a4=(0000,0000,0000,A7F9,A7FB) a5=(1,0,0,-7.94706,10.5458,0) a6=(000,000,000,000,000,000)   u32_0=0000 a7=(0003,0003) a8=(07E4,0000) 
						*parameter1 = (02A1): Parameter 'd32'=43mm
						*sketch = (00D4): Sketch2D 'Esquisse3'
					ref_2 = (0B50): 99B938AE  flags=0200  index=0000 a1=Vector (0.25, 0.1, 0.0) u32_0=0010 u32_1=0000
					*ref_3 = (0B50): 99B938AE
				*entity3 = (0124): Circle2D - (-9.2,10.95), r=0.15, (-9.35,10.95), (-9.05,10.95)
				*entity4 = (0123): Circle2D - (-9.2,14.95), r=0.15, (-9.05,14.95), (-9.35,14.95)
			*group = (02B3): Group2D
			*parameter = (02A1): Parameter 'd32'=43mm
			*entity1 = (0124): Circle2D - (-9.2,10.95), r=0.15, (-9.35,10.95), (-9.05,10.95)
			*entity2 = (0123): Circle2D - (-9.2,14.95), r=0.15, (-9.05,14.95), (-9.35,14.95)
		objects[0293] = (02A3): Parameter 'd33'  flags=34200  index=02E6   valueNominal=8 valueModel=8   tolerance=NOMINAL u16_0=-1
			unit = (071F): Unit   visible=True 
				numerators[0000] = (09D8): UnitMilliMeter magnitude=1 factor=1 Unit="mm" UnitOffset=0 UnitFactor=0.1 UnitSupportet=True
			formula = (0720): ParameterValue  value=8 type=000
				unit = (09D9): Unit   visible=True 
					numerators[0000] = (0B51): UnitMeter magnitude=0.001 factor=1 Unit="m" UnitOffset=0 UnitFactor=100 UnitSupportet=True
		objects[0294] = (02A4): Dimension_Distance2D  flags=4208  index=02E7 flags2=-1  lst0={}   u32_0=0000   a0=(0000,0000,0000,0000) a1=Vector (1.7976931348623157e+308, 0.0, 0.0) a2=Vector (1.7976931348623157e+308, 0.0, 0.0)
			next = (0721): FxAttr_EEE03AF5 a0=(0000,0000)     u16_0=005   u32_0=0000 a1=Vector (0.0, 0.0, 0.0) p1=Vector (-9.200000000000001, 8.9, 0.0) p2=Vector (-17.2, 8.9, 0.0) a2=Vector (0.0, 0.3800297172030618, 0.0)
				entity2 = (09DA): E1D3D023  flags=3000200  index=0000 flags2=0000  a1=(0,0,1.875) a2=(100,000,000) a3=Vector (-9.200000000000001, 8.9, 0.0) a4=(3333,3333,3333) a5=Vector (-9.255963135002927e+61, 8.111e-320, 0.0) a6=(000,002,000) s32_0=-1 a7=(0,1,0,-1,0,0,0,-9.14884,8.51997,0,-13.2,8.51997,0,-9.2,8.43578,0,-17.2,8.43578,0,-9.2,8.9,0,-17.2,8.9,0,-9.2,8.51997,0,-17.2,8.51997,0) a8=(01,01,00,00,00,00,00,00,00,00,00,00,00,03,00,00,01,00) a9=(0,0.0841864,0.0210466,0.385857,0.268767,0) u8_0=01   a10=(0000,0000,006A) a11=(-9.2,8.51997,0,-17.2,8.51997,0,-9.2,8.51997,0,-17.2,8.51997,0,-9.14884,8.51997,0,0,0,0) u8_1=01 a12=(0,1,0,-13.2,8.51997,0,-1,0,0,0,0,0) u8_2=00 a13=(-9.2,8.87895,0,-17.2,8.87895,0) 
					ref_1 = (0B52): 39A41830  flags=0210  index=0000 s32_0=-1 a2=(0000,0000,0000,0000,0000,0000,0000,0000,0000,0001,0000,0000,0003) a3=Vector (0.0, 0.0, 0.0) txt0="" a4=(0000,0000,0000,A7F9,A7FB) a5=(1,0,0,-9.14884,8.51997,0) a6=(000,000,000,000,000,000)   u32_0=0000 a7=(0003,0003) a8=(07E4,0000) 
						*parameter1 = (02A3): Parameter 'd33'=80mm
						*sketch = (00D4): Sketch2D 'Esquisse3'
					ref_2 = (0B53): 99B938AE  flags=0200  index=0000 a1=Vector (0.25, 0.1, 0.0) u32_0=0010 u32_1=0000
					*ref_3 = (0B53): 99B938AE
				*entity3 = (019B): Point2D - (-9.2,8.9)
				*entity4 = (019A): Point2D - (-17.2,8.9)
			*group = (02B3): Group2D
			*parameter = (02A3): Parameter 'd33'=80mm
			*entity1 = (019B): Point2D - (-9.2,8.9)
			*entity2 = (019A): Point2D - (-17.2,8.9)
		objects[0295] = (02A5): Parameter 'd34'  flags=34200  index=02E8   valueNominal=9.2 valueModel=9.2   tolerance=NOMINAL u16_0=-1
			unit = (0722): Unit   visible=True 
				numerators[0000] = (09DB): UnitMilliMeter magnitude=1 factor=1 Unit="mm" UnitOffset=0 UnitFactor=0.1 UnitSupportet=True
			formula = (0723): ParameterValue  value=9.2 type=000
				unit = (09DC): Unit   visible=True 
					numerators[0000] = (0B54): UnitMeter magnitude=0.001 factor=1 Unit="m" UnitOffset=0 UnitFactor=100 UnitSupportet=True
		objects[0296] = (02A6): Dimension_Distance2D  flags=4208  index=02E9 flags2=-1  lst0={}   u32_0=0000   a0=(0000,0000,0000,0000) a1=Vector (1.7976931348623157e+308, 0.0, 0.0) a2=Vector (1.7976931348623157e+308, 0.0, 0.0)
			next = (0724): FxAttr_EEE03AF5 a0=(0000,0000)     u16_0=009   u32_0=0000 a1=Vector (0.0, 0.5472727948451175, 0.0) p1=Vector (-9.200000000000001, 8.9, 0.0) p2=Vector (0.0, 8.60854610999764, 0.0) a2=Vector (9.200000000000001, 0.0, 0.0)
				entity2 = (09DD): E1D3D023  flags=3000200  index=0000 flags2=0000  a1=(0,0,1.875) a2=(100,000,000) a3=Vector (-9.200000000000001, 8.9, 0.0) a4=(000,000,000) a5=Vector (5.554821975921275e-41, 8.111e-320, 0.0) a6=(000,003,000) s32_0=-1 a7=(0,1,0,1,-0,0,0,-8.99896,8.60855,0,-4.6,8.60855,0,-9.2,8.39575,0,0,8.60855,0,0,3.3,0,0,13,0,-9.2,8.60855,0,0,8.60855,0) a8=(00,01,00,00,00,00,00,00,00,00,00,00,00,03,00,00,01,00) a9=(0,0.212798,0.0531995,0.385857,0.267516,0) u8_0=01   a10=(0000,0000,006A) a11=(-9.2,8.60855,0,0,8.60855,0,-9.2,8.60855,0,0,8.60855,0,-8.99896,8.60855,0,0,0,0) u8_1=01 a12=(0,1,0,-4.6,8.60855,0,1,0,0,0,0,0) u8_2=00 a13=(-9.2,8.8468,0,0,8.60855,0) 
					ref_1 = (0B55): 39A41830  flags=0210  index=0000 s32_0=-1 a2=(0000,0000,0000,0000,0000,0000,0000,0000,0000,0001,0000,0000,0003) a3=Vector (0.0, 0.0, 0.0) txt0="" a4=(0000,0000,0000,A7F9,A7FB) a5=(1,0,0,-8.99896,8.60855,0) a6=(000,000,000,000,000,000)   u32_0=0000 a7=(0003,0003) a8=(07E4,0000) 
						*parameter1 = (02A5): Parameter 'd34'=92mm
						*sketch = (00D4): Sketch2D 'Esquisse3'
					ref_2 = (0B56): 99B938AE  flags=0200  index=0000 a1=Vector (0.25, 0.1, 0.0) u32_0=0010 u32_1=0000
					*ref_3 = (0B56): 99B938AE
				*entity3 = (019B): Point2D - (-9.2,8.9)
				*entity4 = (00FB): Line2D - (0,3.3) - (0,13)
			*group = (02B3): Group2D
			*parameter = (02A5): Parameter 'd34'=92mm
			*entity1 = (019B): Point2D - (-9.2,8.9)
			*entity2 = (00FB): Line2D - (0,3.3) - (0,13)
		objects[0297] = (02A7): Point2D  flags=20200  index=02EA flags2=0000  pos=Vector (-24.660333877678042, 8.15, 0.0)   u32_0=0000 lst1=() 
			next = (0725): FxAttrStyles a0=(0000,0000)    u32_0=0000 associativeID=0089 typEntity=0001
				next = (09DE): FxAttr_BFD09C43 a0=(0000,0000)     a1=(0,0,0,0) u32_0=0000
					*owner = (02A7): Point2D - (-24.6603,8.15)
					*entity2 = (02A7): Point2D - (-24.6603,8.15)
			*sketch = (00D4): Sketch2D 'Esquisse3'
			*endPointOf[0000] = (02A9): Line2D - (-24.6603,8.15) - (1.17947,8.15)
		objects[0298] = (02A8): Point2D  flags=20200  index=02EB flags2=0000  pos=Vector (1.1794730940301683, 8.15, 0.0)   u32_0=0000 lst1=() 
			next = (0726): FxAttrStyles a0=(0000,0000)    u32_0=0000 associativeID=008A typEntity=0001
				next = (09DF): FxAttr_BFD09C43 a0=(0000,0000)     a1=(0,0,0,0) u32_0=0000
					*owner = (02A8): Point2D - (1.17947,8.15)
					*entity2 = (02A8): Point2D - (1.17947,8.15)
			*sketch = (00D4): Sketch2D 'Esquisse3'
			*endPointOf[0000] = (02A9): Line2D - (-24.6603,8.15) - (1.17947,8.15)
		objects[0299] = (02A9): Line2D  flags=20200  index=02EC flags2=0000    pos=Vector (-11.740430391823937, 8.15, 0.0) dir=Vector (1.0, 0.0, 0.0)
			next = (0727): FxAttrStyles a0=(0000,0000)    u32_0=0000 associativeID=008B typEntity=0002
			*sketch = (00D4): Sketch2D 'Esquisse3'
			*points[0000] = (02A7): Point2D - (-24.6603,8.15)
			*points[0001] = (02A8): Point2D - (1.17947,8.15)
		objects[029A] = (02AA): Geometric_Coincident2D  flags=4208  index=02ED flags2=-1  lst0={}    
			*group = (02B3): Group2D
			*entity1 = (02A9): Line2D - (-24.6603,8.15) - (1.17947,8.15)
			*entity2 = (02A7): Point2D - (-24.6603,8.15)
		objects[029B] = (02AB): Geometric_Coincident2D  flags=4208  index=02EE flags2=-1  lst0={}    
			*group = (02B3): Group2D
			*entity1 = (02A9): Line2D - (-24.6603,8.15) - (1.17947,8.15)
			*entity2 = (02A8): Point2D - (1.17947,8.15)
		objects[029C] = (02AC): Geometric_Horizontal2D  flags=4208  index=02EF flags2=-1  lst0={}    u8_0=00
			*group = (02B3): Group2D
			*line = (02A9): Line2D - (-24.6603,8.15) - (1.17947,8.15)
		objects[029D] = (02AD): Parameter 'd35'  flags=24200  index=02F1   valueNominal=4.85 valueModel=4.85   tolerance=NOMINAL u16_0=-1
			unit = (0728): Unit   visible=True 
				numerators[0000] = (09E0): UnitMilliMeter magnitude=1 factor=1 Unit="mm" UnitOffset=0 UnitFactor=0.1 UnitSupportet=True
			formula = (0729): ParameterOperatorDiv '/'   
				unit = (09E1): Unit   visible=False 
					numerators[0000] = (0B57): UnitMilliMeter magnitude=1 factor=1 Unit="mm" UnitOffset=0 UnitFactor=0.1 UnitSupportet=True
					denominators[0000] = (0B58): UnitEmpty magnitude=1 factor=1 Unit="" UnitOffset=0 UnitFactor=1 UnitSupportet=True
				operand1 = (09E2): ParameterRef  
					unit = (0B59): Unit   visible=False 
						numerators[0000] = (0C08): UnitMilliMeter magnitude=1 factor=1 Unit="mm" UnitOffset=0 UnitFactor=0.1 UnitSupportet=True
					*operand1 = (010B): Parameter 'd14'=97mm
				operand2 = (09E3): ParameterValue  value=2 type=000
					unit = (0B5A): Unit   visible=True 
						numerators[0000] = (0C09): UnitEmpty magnitude=1 factor=1 Unit="" UnitOffset=0 UnitFactor=1 UnitSupportet=True
		objects[029E] = (02AE): Dimension_Distance2D  flags=4208  index=02F2 flags2=-1  lst0={}   u32_0=0000   a0=(0000,0000,0000,0000) a1=Vector (1.7976931348623157e+308, 0.0, 0.0) a2=Vector (1.7976931348623157e+308, 0.0, 0.0)
			next = (072A): FxAttr_EEE03AF5 a0=(0000,0000)     u16_0=006   u32_0=0000 a1=Vector (0.0, 0.9543544154442962, 0.0) p1=Vector (0.0, 13.0, 0.0) p2=Vector (-3.552713678800501e-15, 8.15, 0.0) a2=Vector (4.85, 0.8985817626116248, 0.0)
				entity2 = (09E4): E1D3D023  flags=3000200  index=0000 flags2=0000  a1=(0,0,1.875) a2=(100,000,000) a3=Vector (0.0, 13.0, 0.0) a4=(000,000,000) a5=Vector (9.255963135001976e+61, 8.1106e-320, 0.0) a6=(000,003,000) s32_0=-1 a7=(-1,0,0,-0,-1,0,0,0.898582,12.5326,0,0.898582,10.575,0,1.09578,13,0,1.09578,8.15,0,0,13,0,0,8.15,0,0.898582,13,0,0.898582,8.15,0) a8=(01,01,00,00,00,00,00,00,00,00,00,00,00,03,00,00,01,00) a9=(0,0.197195,0.0492986,1.0984,0.334187,0) u8_0=01   a10=(0000,0000,006A) a11=(0.898582,13,0,0.898582,8.15,0,0.898582,13,0,0.898582,8.15,0,0.898582,12.5326,0,0,0,0) u8_1=01 a12=(-1,0,0,0.898582,10.575,0,0,-1,0,0.0195568,13.0107,0) u8_2=00 a13=(0.0492986,13,0,0.0492986,8.15,0) 
					ref_1 = (0B5B): 39A41830  flags=0210  index=0000 s32_0=-1 a2=(0000,0000,0000,0000,0000,0000,0000,0000,0000,0001,0000,0000,0003) a3=Vector (0.0, 0.0, 0.0) txt0="" a4=(0000,0000,0000,A7F9,A7FB) a5=(1,0,0,0.898582,12.5326,0) a6=(000,000,000,000,000,000)   u32_0=0000 a7=(0003,0003) a8=(07E4,0000) 
						*parameter1 = (02AD): Parameter 'd35'=48.5mm
						*sketch = (00D4): Sketch2D 'Esquisse3'
					ref_2 = (0B5C): 99B938AE  flags=0200  index=0000 a1=Vector (0.25, 0.1, 0.0) u32_0=0010 u32_1=0000
					*ref_3 = (0B5C): 99B938AE
				*entity3 = (0105): Line2D - (0,13) - (-4,13)
				*entity4 = (02A9): Line2D - (-24.6603,8.15) - (1.17947,8.15)
			*group = (02B3): Group2D
			*parameter = (02AD): Parameter 'd35'=48.5mm
			*entity1 = (0105): Line2D - (0,13) - (-4,13)
			*entity2 = (02A9): Line2D - (-24.6603,8.15) - (1.17947,8.15)
		objects[029F] = (02AF): ParameterMappings  flags=0208  index=02F3 s32_0=-1    f=0  u16_0=002 u8_0=00
			*ref_1 = (02B0): 0D0F9548
			*target = (02AD): Parameter 'd35'=48.5mm
			mapping[0000] = (072B): 553DA303  x=0.5
				*parameter = (010B): Parameter 'd14'=97mm
			mapping[0001] = (072C): 553DA303  x=-1
				*parameter = (02AD): Parameter 'd35'=48.5mm
			*paramRef = (0729): ParameterOperatorDiv '/'
		objects[02A0] = (02B0): 0D0F9548  flags=0200  index=02F8 s32_0=-1 u32_0=0001 
			*mapping = (02AF): ParameterMappings
		objects[02A1] = (02B1): Parameter 'd36'  flags=24200  index=02F9   valueNominal=0.6 valueModel=0.6   tolerance=NOMINAL u16_0=-1
			unit = (072D): Unit   visible=True 
				numerators[0000] = (09E5): UnitMilliMeter magnitude=1 factor=1 Unit="mm" UnitOffset=0 UnitFactor=0.1 UnitSupportet=True
			formula = (072E): ParameterOperatorDiv '/'   
				unit = (09E6): Unit   visible=False 
					numerators[0000] = (0B5D): UnitMilliMeter magnitude=1 factor=1 Unit="mm" UnitOffset=0 UnitFactor=0.1 UnitSupportet=True
					denominators[0000] = (0B5E): UnitEmpty magnitude=1 factor=1 Unit="" UnitOffset=0 UnitFactor=1 UnitSupportet=True
				operand1 = (09E7): ParameterRef  
					unit = (0B5F): Unit   visible=False 
						numerators[0000] = (0C0A): UnitMilliMeter magnitude=1 factor=1 Unit="mm" UnitOffset=0 UnitFactor=0.1 UnitSupportet=True
					*operand1 = (0286): Parameter 'd26'=12mm
				operand2 = (09E8): ParameterValue  value=2 type=000
					unit = (0B60): Unit   visible=True 
						numerators[0000] = (0C0B): UnitEmpty magnitude=1 factor=1 Unit="" UnitOffset=0 UnitFactor=1 UnitSupportet=True
		objects[02A2] = (02B2): Dimension_Distance2D  flags=4208  index=02FA flags2=-1  lst0={}   u32_0=0000   a0=(0000,0000,0000,0000) a1=Vector (1.7976931348623157e+308, 0.0, 0.0) a2=Vector (1.7976931348623157e+308, 0.0, 0.0)
			next = (072F): FxAttr_EEE03AF5 a0=(0000,0000)     u16_0=006   u32_0=0000 a1=Vector (0.2843851035491065, 1.0, 0.0) p1=Vector (-17.311877696339877, 8.15, 0.0) p2=Vector (-17.2, 8.75, 0.0) a2=Vector (0.5999999999999996, 0.0, 0.0)
				entity2 = (09E9): E1D3D023  flags=3000200  index=0000 flags2=0000  a1=(0,0,1.875) a2=(100,000,000) a3=Vector (-17.311877696339877, 8.15, 0.0) a4=(3333,3333,3333) a5=Vector (-2.43085e-319, 8.111e-320, 0.0) a6=(000,003,000) s32_0=-1 a7=(1,0,0,-0,1,0,0,-17.3119,8.2587,0,-17.3119,8.45,0,-17.3119,8.15,0,-17.3569,8.75,0,-9.2,9.20041,0,-17.2,9.20041,0,-17.3119,8.15,0,-17.3119,8.75,0) a8=(00,01,00,00,00,00,00,00,00,00,00,00,00,03,00,00,01,00) a9=(0,0.0449842,0.0112461,0.605454,0.275642,0) u8_0=01   a10=(0000,0000,006A) a11=(-17.3119,8.15,0,-17.3119,8.75,0,-17.3119,8.15,0,-17.3119,8.75,0,-17.3119,8.2587,0,0,0,0) u8_1=01 a12=(1,0,0,-17.3119,8.45,0,0,1,0,-16.6706,8.14723,0) u8_2=00 a13=(-17.3119,8.15,0,-17.2112,8.75,0) 
					ref_1 = (0B61): 39A41830  flags=0210  index=0000 s32_0=-1 a2=(0000,0000,0000,0000,0000,0000,0000,0000,0000,0001,0000,0000,0003) a3=Vector (0.0, 0.0, 0.0) txt0="" a4=(0000,0000,0000,A7F9,A7FB) a5=(1,0,0,-17.3119,8.2587,0) a6=(000,000,000,000,000,000)   u32_0=0000 a7=(0003,0003) a8=(07E4,0000) 
						*parameter1 = (02B1): Parameter 'd36'=6mm
						*sketch = (00D4): Sketch2D 'Esquisse3'
					ref_2 = (0B62): 99B938AE  flags=0200  index=0000 a1=Vector (0.25, 0.1, 0.0) u32_0=0010 u32_1=0000
					*ref_3 = (0B62): 99B938AE
				*entity3 = (02A9): Line2D - (-24.6603,8.15) - (1.17947,8.15)
				*entity4 = (01A1): Line2D - (-9.2,8.75) - (-17.2,8.75)
			*group = (02B3): Group2D
			*parameter = (02B1): Parameter 'd36'=6mm
			*entity1 = (02A9): Line2D - (-24.6603,8.15) - (1.17947,8.15)
			*entity2 = (01A1): Line2D - (-9.2,8.75) - (-17.2,8.75)
		objects[02A3] = (02B3): Group2D  flags=0200  index=02FB s32_0=-1 s32_1=282  entries={80000288:0000,80000289:0000,8000028A:0000,8000028B:0000,8000028C:0000,8000028D:0000,8000028E:0000,8000028F:0000,80000290:0000,80000291:0000,80000292:0000,80000293:0000,80000294:0000,80000295:0000,80000296:0000,80000297:0000,80000298:0000,8000029A:0000,8000029C:0000,8000029E:0000,800002A0:0000,800002A2:0000,800002A4:0000,800002A6:0000,800002A7:0001,800002A8:0001,800002A9:0000,800002AA:0000,800002AB:0000,800002AC:0000,800002AE:0000,800002B2:0000,800002B7:0000,800002B9:0000,8000017B:0000,8000017C:0000,8000017D:0000,8000017E:0000,8000017F:0000,80000180:0000,80000181:0000,80000182:0000,80000183:0000,80000184:0000,80000185:0000,80000186:0000,80000187:0000,80000188:0000,80000189:0000,8000018A:0000,8000018B:0000,8000018C:0000,8000018D:0000,8000018E:0000,8000018F:0000,80000190:0000,80000191:0000,80000192:0000,80000193:0000,80000194:0000,80000195:0000,80000196:0000,80000197:0000,80000198:0000,80000199:0000,8000019A:0000,8000019B:0000,8000019C:0000,8000019D:0000,8000019E:0000,8000019F:0000,800001A0:0000,800001A1:0000,800001A2:0000,800001A3:0000,800001A4:0000,800001A5:0000,800001A6:0000,800001A7:0000,800001A8:0000,800001A9:0000,800001AA:0000,800001AB:0000,800001AC:0000,800001AD:0000,800001AE:0000,800001AF:0000,800001B0:0000,800001B1:0000,800001B2:0000,800001B3:0000,800001B4:0000,800001B5:0000,800001B6:0000,800001B7:0000,800001B8:0000,800001B9:0000,800001BA:0000,800001BB:0000,800001BC:0000,800001BD:0000,800001BE:0000,800001BF:0000,800001C0:0000,800001C1:0000,800001C2:0000,800001C3:0000,800001C4:0000,800001C5:0000,800001C6:0000,800001C7:0000,800001C8:0000,800001C9:0000,800001CA:0000,800001CB:0000,800001CC:0000,800001CD:0000,800001CE:0000,800001CF:0000,800001D0:0000,800001D1:0000,800001D2:0000,800001D3:0000,800001D4:0000,800001D5:0000,800001D6:0000,800001D7:0000,800001D8:0000,800001D9:0000,800001DA:0000,800001DB:0000,800001DC:0000,800001DD:0000,800001DE:0000,800001DF:0000,800001E0:0000,800001E1:0000,800001E2:0000,800001E3:0000,800001E4:0000,800001E5:0000,800001E6:0000,800001E7:0000,800001E8:0000,800001E9:0000,800001EA:0000,800001EB:0000,800001EC:0000,800001ED:0000,800001EE:0000,800001EF:0000,800001F0:0000,800001F1:0000,800001F2:0000,800001F3:0000,800001F4:0000,800001F5:0000,800001F6:0000,800001F7:0000,800001F8:0000,800001F9:0000,800001FA:0000,800001FB:0000,800001FC:0000,800001FD:0000,800001FE:0000,800001FF:0000,80000200:0000,80000201:0000,80000202:0000,80000203:0000,80000204:0000,80000205:0000,80000206:0000,80000207:0000,80000208:0000,80000209:0000,8000020A:0000,8000020B:0000,8000020C:0000,8000020D:0000,8000020E:0000,8000020F:0000,80000210:0000,80000211:0000,80000212:0000,80000213:0000,80000214:0000,80000215:0000,80000216:0000,80000217:0000,80000218:0000,80000219:0000,8000021A:0000,8000021B:0000,8000021C:0000,8000021D:0000,8000021E:0000,8000021F:0000,80000220:0000,80000221:0000,80000222:0000,80000223:0000,80000224:0000,80000225:0000,80000226:0000,80000227:0000,80000228:0000,80000229:0000,8000022A:0000,8000022B:0000,8000022C:0000,8000022D:0000,8000022E:0000,8000022F:0000,80000230:0000,80000231:0000,80000232:0000,80000233:0000,80000234:0000,80000235:0000,80000236:0000,80000237:0000,80000238:0000,80000239:0000,8000023A:0000,8000023B:0000,8000023C:0000,8000023D:0000,8000023E:0000,8000023F:0000,80000240:0000,80000241:0000,80000242:0000,80000243:0000,80000244:0000,80000245:0000,80000246:0000,80000247:0000,80000248:0000,80000249:0000,8000024A:0000,8000024B:0000,8000024C:0000,8000024D:0000,8000024E:0000,8000024F:0000,80000250:0000,80000251:0000,80000252:0000,80000253:0000,80000254:0000,80000255:0000,80000256:0000,80000257:0000,80000258:0000,80000259:0000,8000025A:0000,8000025B:0000,8000025C:0000,8000025D:0000,8000025E:0000,8000025F:0000,80000261:0000,80000263:0000,80000267:0000,8000026B:0000,8000026F:0000,80000273:0000,80000277:0000,8000027B:0000,8000027F:0000,80000283:0000,80000287:0000,800000FB:0004,80000105:0004,80000112:0000,80000113:0000,80000114:0000,80000115:0000,80000116:0000,80000117:0000,80000118:0000,80000119:0000,8000011A:0000,8000011B:0000,8000011C:0000,8000011D:0000,8000011E:0000,8000011F:0000,80000120:0000,80000121:0000,80000122:0000,80000123:0000,80000124:0000,80000125:0000,80000126:0000,80000127:0000,80000128:0000,80000129:0000,8000012A:0000,8000012B:0000,8000012C:0000,8000012D:0000,8000012E:0000,8000012F:0000,80000130:0000,80000131:0000,80000132:0000,80000133:0000,80000134:0000,80000135:0000,80000136:0000,80000137:0000,80000138:0000,80000139:0000,8000013A:0000,8000013B:0000,8000013C:0000,8000013D:0000,8000013E:0000,8000013F:0000,80000140:0000,80000141:0000,80000142:0000,80000143:0000,80000144:0000,80000145:0000,80000146:0000,80000147:0000,80000148:0000,80000149:0000,8000014A:0000,8000014B:0000,8000014C:0000,8000014D:0000,8000014E:0000,8000014F:0000,80000150:0000,80000151:0000,80000152:0000,80000153:0000,80000154:0000,80000155:0000,80000156:0000,80000157:0000,80000158:0000,80000159:0000,8000015A:0000,8000015B:0000,8000015C:0000,8000015D:0000,8000015E:0000,8000015F:0000,80000160:0000,80000161:0000,80000162:0000,80000163:0000,80000164:0000,80000165:0000,80000166:0000,80000167:0000,80000168:0000,80000169:0000,8000016A:0000,8000016B:0000,8000016C:0000,8000016D:0000,8000016E:0000,8000016F:0000,80000170:0000,80000171:0000,80000172:0000,80000173:0000,80000174:0000,80000175:0000,80000176:0000,80000177:0000,80000178:0000,80000179:0000,8000017A:0000} u32_0=0002
			*constrains[0000] = (02B2): Dimension_Distance2D - d='d36', e1=(02A9): Line2D, e2=(01A1): Line2D
			*constrains[0001] = (02AE): Dimension_Distance2D - d='d35', e1=(0105): Line2D, e2=(02A9): Line2D
			*constrains[0002] = (02AC): Geometric_Horizontal2D
			*constrains[0003] = (02AB): Geometric_Coincident2D - (1.17947,8.15)	(02A9): Line2D
			*constrains[0004] = (02AA): Geometric_Coincident2D - (-24.6603,8.15)	(02A9): Line2D
			*constrains[0005] = (0288): Geometric_EqualLength2D
			*constrains[0006] = (0287): Dimension_Distance2D - d='d26', e1=(01C2): Line2D, e2=(01A1): Line2D
			*constrains[0007] = (027F): Dimension_Distance2D - d='d24', e1=(01A1): Line2D, e2=(01A0): Line2D
			*constrains[0008] = (01C0): Geometric_Parallel2D
			*constrains[0009] = (01B2): Geometric_Tangential2D
			*constrains[000A] = (01B0): Geometric_Tangential2D
			*constrains[000B] = (01A6): Geometric_Coincident2D - (-17.2,8.75)	(01A1): Line2D
			*constrains[000C] = (01A5): Geometric_Coincident2D - (-9.2,8.75)	(01A1): Line2D
			*constrains[000D] = (01A2): Geometric_Parallel2D
			*constrains[000E] = (0283): Dimension_Distance2D - d='d25', e1=(01C1): Line2D, e2=(01C2): Line2D
			*constrains[000F] = (01D3): Geometric_Tangential2D
			*constrains[0010] = (01D1): Geometric_Tangential2D
			*constrains[0011] = (01C7): Geometric_Coincident2D - (-17.2,7.55)	(01C2): Line2D
			*constrains[0012] = (01C6): Geometric_Coincident2D - (-9.2,7.55)	(01C2): Line2D
			*constrains[0013] = (01C3): Geometric_Parallel2D
			*constrains[0014] = (01B1): Geometric_Tangential2D
			*constrains[0015] = (01AF): Geometric_Tangential2D
			*constrains[0016] = (01A4): Geometric_Coincident2D - (-9.2,9.05)	(01A0): Line2D
			*constrains[0017] = (01A3): Geometric_Coincident2D - (-17.2,9.05)	(01A0): Line2D
			*constrains[0018] = (01D7): Geometric_SymmetryPoint2D
			*constrains[0019] = (01D5): Geometric_Coincident2D - (-9.2,7.4)	(01BD): Line2D
			*constrains[001A] = (01D4): Geometric_Coincident2D - (-17.2,7.4)	(01BD): Line2D
			*constrains[001B] = (01BF): Geometric_Coincident2D - (-9.2,7.4)	(01BD): Line2D
			*constrains[001C] = (01BE): Geometric_Coincident2D - (-17.2,7.4)	(01BD): Line2D
			*constrains[001D] = (0297): Geometric_SymmetryPoint2D
			*constrains[001E] = (01AE): Geometric_Coincident2D - (-9.2,8.75)	(01A8): Circle2D
			*constrains[001F] = (01AD): Geometric_Coincident2D - (-9.2,9.05)	(01A8): Circle2D
			*constrains[0020] = (01AA): Geometric_Radius2D - o=(01A8): Circle2D, c=(019B)
			*constrains[0021] = (01AC): Geometric_Coincident2D - (-17.2,8.75)	(01A7): Circle2D
			*constrains[0022] = (01AB): Geometric_Coincident2D - (-17.2,9.05)	(01A7): Circle2D
			*constrains[0023] = (01A9): Geometric_Radius2D - o=(01A7): Circle2D, c=(019A)
			*constrains[0024] = (01D2): Geometric_Tangential2D
			*constrains[0025] = (01D0): Geometric_Tangential2D
			*constrains[0026] = (01C5): Geometric_Coincident2D - (-9.2,7.25)	(01C1): Line2D
			*constrains[0027] = (01C4): Geometric_Coincident2D - (-17.2,7.25)	(01C1): Line2D
			*constrains[0028] = (01CF): Geometric_Coincident2D - (-9.2,7.55)	(01C9): Circle2D
			*constrains[0029] = (01CE): Geometric_Coincident2D - (-9.2,7.25)	(01C9): Circle2D
			*constrains[002A] = (01CB): Geometric_Radius2D - o=(01C9): Circle2D, c=(01BC)
			*constrains[002B] = (01CD): Geometric_Coincident2D - (-17.2,7.55)	(01C8): Circle2D
			*constrains[002C] = (01CC): Geometric_Coincident2D - (-17.2,7.25)	(01C8): Circle2D
			*constrains[002D] = (01CA): Geometric_Radius2D - o=(01C8): Circle2D, c=(01BB)
			*constrains[002E] = (0295): Geometric_AlignVertical2D
			*constrains[002F] = (0298): Geometric_AlignVertical2D
			*constrains[0030] = (02A6): Dimension_Distance2D - d='d34', (-9.2,8.9)	(00FB): Line2D
			*constrains[0031] = (02A4): Dimension_Distance2D - d='d33', (-9.2,8.9), (-17.2,8.9)
			*constrains[0032] = (01B4): Geometric_Coincident2D - (-9.2,8.9)	(019C): Line2D
			*constrains[0033] = (019E): Geometric_Coincident2D - (-9.2,8.9)	(019C): Line2D
			*constrains[0034] = (01B3): Geometric_Coincident2D - (-17.2,8.9)	(019C): Line2D
			*constrains[0035] = (019D): Geometric_Coincident2D - (-17.2,8.9)	(019C): Line2D
			*constrains[0036] = (01EF): Geometric_Coincident2D - (-9.05,5.35)	(01EA): Circle2D
			*constrains[0037] = (01E9): Geometric_Coincident2D - (-9.05,5.35)	(01E4): Line2D
			*constrains[0038] = (01B6): Geometric_SymmetryPoint2D
			*constrains[0039] = (019F): Geometric_Perpendicular2D
			*constrains[003A] = (01F3): Geometric_Tangential2D
			*constrains[003B] = (01F2): Geometric_Tangential2D
			*constrains[003C] = (01EE): Geometric_Coincident2D - (-9.35,5.35)	(01EA): Circle2D
			*constrains[003D] = (01EC): Geometric_Radius2D - o=(01EA): Circle2D, c=(01DC)
			*constrains[003E] = (027B): Dimension_Distance2D - d='d23', e1=(01E4): Line2D, e2=(01E3): Line2D
			*constrains[003F] = (01F5): Geometric_Tangential2D
			*constrains[0040] = (01E8): Geometric_Coincident2D - (-9.05,1.35)	(01E4): Line2D
			*constrains[0041] = (01E5): Geometric_Parallel2D
			*constrains[0042] = (029E): Dimension_Distance2D - d='d29', e1=(015E): Line2D, e2=(0180): Line2D
			*constrains[0043] = (0261): Dimension_Distance2D - d='d16', e1=(0180): Line2D, e2=(017F): Line2D
			*constrains[0044] = (0191): Geometric_Tangential2D
			*constrains[0045] = (018F): Geometric_Tangential2D
			*constrains[0046] = (0185): Geometric_Coincident2D - (-14.15,13.95)	(0180): Line2D
			*constrains[0047] = (0184): Geometric_Coincident2D - (-14.15,10.95)	(0180): Line2D
			*constrains[0048] = (0181): Geometric_Parallel2D
			*constrains[0049] = (028E): Geometric_EqualLength2D
			*constrains[004A] = (01F4): Geometric_Tangential2D
			*constrains[004B] = (01E7): Geometric_Coincident2D - (-9.35,1.35)	(01E3): Line2D
			*constrains[004C] = (01E6): Geometric_Coincident2D - (-9.35,5.35)	(01E3): Line2D
			*constrains[004D] = (028F): Geometric_AlignHorizontal2D
			*constrains[004E] = (01F6): Geometric_Coincident2D - (-9.2,5.35)	(01DF): Line2D
			*constrains[004F] = (01E0): Geometric_Coincident2D - (-9.2,5.35)	(01DF): Line2D
			*constrains[0050] = (01DD): Geometric_Coincident2D - (-9.2,5.35)	(0118): Line2D
			*constrains[0051] = (01F1): Geometric_Coincident2D - (-9.05,1.35)	(01EB): Circle2D
			*constrains[0052] = (01F0): Geometric_Coincident2D - (-9.35,1.35)	(01EB): Circle2D
			*constrains[0053] = (01ED): Geometric_Radius2D - o=(01EB): Circle2D, c=(01DE)
			*constrains[0054] = (0289): Geometric_EqualLength2D
			*constrains[0055] = (026B): Dimension_Distance2D - d='d19', e1=(015F): Line2D, e2=(015E): Line2D
			*constrains[0056] = (016F): Geometric_Tangential2D
			*constrains[0057] = (016D): Geometric_Tangential2D
			*constrains[0058] = (0162): Geometric_Coincident2D - (-12.75,10.95)	(015E): Line2D
			*constrains[0059] = (0161): Geometric_Coincident2D - (-12.75,13.95)	(015E): Line2D
			*constrains[005A] = (0160): Geometric_Parallel2D
			*constrains[005B] = (028B): Geometric_EqualLength2D
			*constrains[005C] = (028A): Geometric_EqualLength2D
			*constrains[005D] = (0190): Geometric_Tangential2D
			*constrains[005E] = (018E): Geometric_Tangential2D
			*constrains[005F] = (0183): Geometric_Coincident2D - (-14.45,10.95)	(017F): Line2D
			*constrains[0060] = (0182): Geometric_Coincident2D - (-14.45,13.95)	(017F): Line2D
			*constrains[0061] = (02A0): Dimension_Distance2D - d='d30', e1=(0187): Circle2D, e2=(0186): Circle2D
			*constrains[0062] = (018D): Geometric_Coincident2D - (-14.15,10.95)	(0187): Circle2D
			*constrains[0063] = (018C): Geometric_Coincident2D - (-14.45,10.95)	(0187): Circle2D
			*constrains[0064] = (0189): Geometric_Radius2D - o=(0187): Circle2D, c=(017A)
			*constrains[0065] = (018B): Geometric_Coincident2D - (-14.15,13.95)	(0186): Circle2D
			*constrains[0066] = (018A): Geometric_Coincident2D - (-14.45,13.95)	(0186): Circle2D
			*constrains[0067] = (0188): Geometric_Radius2D - o=(0186): Circle2D, c=(0179)
			*constrains[0068] = (029C): Dimension_Distance2D - d='d28', e1=(013D): Line2D, e2=(015F): Line2D
			*constrains[0069] = (028D): Geometric_EqualLength2D
			*constrains[006A] = (028C): Geometric_EqualLength2D
			*constrains[006B] = (026F): Dimension_Distance2D - d='d20', e1=(013E): Line2D, e2=(013D): Line2D
			*constrains[006C] = (014E): Geometric_Tangential2D
			*constrains[006D] = (014C): Geometric_Tangential2D
			*constrains[006E] = (0141): Geometric_Coincident2D - (-11.05,10.95)	(013D): Line2D
			*constrains[006F] = (0140): Geometric_Coincident2D - (-11.05,14.95)	(013D): Line2D
			*constrains[0070] = (013F): Geometric_Parallel2D
			*constrains[0071] = (0290): Geometric_AlignHorizontal2D
			*constrains[0072] = (0218): Geometric_Coincident2D - (-10.9,5.35)	(0201): Line2D
			*constrains[0073] = (020E): Geometric_Radius2D - o=(020C): Circle2D, c=(01FE)
			*constrains[0074] = (0202): Geometric_Coincident2D - (-10.9,5.35)	(0201): Line2D
			*constrains[0075] = (01FF): Geometric_Coincident2D - (-10.9,5.35)	(0139): Line2D
			*constrains[0076] = (01F9): Geometric_SymmetryPoint2D
			*constrains[0077] = (01F7): Geometric_Coincident2D - (-9.2,1.35)	(01DF): Line2D
			*constrains[0078] = (01E1): Geometric_Coincident2D - (-9.2,1.35)	(01DF): Line2D
			*constrains[0079] = (01E2): Geometric_Coincident2D - (-9.2,1.35)	(0118): Line2D
			*constrains[007A] = (0132): Geometric_SymmetryPoint2D
			*constrains[007B] = (0130): Geometric_Coincident2D - (-9.2,10.95)	(0118): Line2D
			*constrains[007C] = (012F): Geometric_Coincident2D - (-9.2,14.95)	(0118): Line2D
			*constrains[007D] = (011B): Geometric_Vertical2D
			*constrains[007E] = (011A): Geometric_Coincident2D - (-9.2,10.95)	(0118): Line2D
			*constrains[007F] = (0119): Geometric_Coincident2D - (-9.2,14.95)	(0118): Line2D
			*constrains[0080] = (017E): Geometric_Parallel2D
			*constrains[0081] = (0170): Geometric_Tangential2D
			*constrains[0082] = (016E): Geometric_Tangential2D
			*constrains[0083] = (0164): Geometric_Coincident2D - (-12.45,13.95)	(015F): Line2D
			*constrains[0084] = (0163): Geometric_Coincident2D - (-12.45,10.95)	(015F): Line2D
			*constrains[0085] = (016C): Geometric_Coincident2D - (-12.45,10.95)	(0166): Circle2D
			*constrains[0086] = (016B): Geometric_Coincident2D - (-12.75,10.95)	(0166): Circle2D
			*constrains[0087] = (0168): Geometric_Radius2D - o=(0166): Circle2D, c=(0159)
			*constrains[0088] = (016A): Geometric_Coincident2D - (-12.45,13.95)	(0165): Circle2D
			*constrains[0089] = (0169): Geometric_Coincident2D - (-12.75,13.95)	(0165): Circle2D
			*constrains[008A] = (0167): Geometric_Radius2D - o=(0165): Circle2D, c=(0158)
			*constrains[008B] = (0267): Dimension_Distance2D - d='d18', e1=(0228): Line2D, e2=(0227): Line2D
			*constrains[008C] = (0238): Geometric_Tangential2D
			*constrains[008D] = (0236): Geometric_Tangential2D
			*constrains[008E] = (022B): Geometric_Coincident2D - (-12.75,2.35)	(0227): Line2D
			*constrains[008F] = (022A): Geometric_Coincident2D - (-12.75,5.35)	(0227): Line2D
			*constrains[0090] = (0229): Geometric_Parallel2D
			*constrains[0091] = (0263): Dimension_Distance2D - d='d17', e1=(024A): Line2D, e2=(0249): Line2D
			*constrains[0092] = (025A): Geometric_Tangential2D
			*constrains[0093] = (0258): Geometric_Tangential2D
			*constrains[0094] = (024D): Geometric_Coincident2D - (-14.45,2.35)	(0249): Line2D
			*constrains[0095] = (024C): Geometric_Coincident2D - (-14.45,5.35)	(0249): Line2D
			*constrains[0096] = (024B): Geometric_Parallel2D
			*constrains[0097] = (0294): Geometric_AlignHorizontal2D
			*constrains[0098] = (0293): Geometric_AlignHorizontal2D
			*constrains[0099] = (0292): Geometric_AlignHorizontal2D
			*constrains[009A] = (0193): Geometric_Coincident2D - (-14.3,10.95)	(017B): Line2D
			*constrains[009B] = (017D): Geometric_Coincident2D - (-14.3,10.95)	(017B): Line2D
			*constrains[009C] = (0192): Geometric_Coincident2D - (-14.3,13.95)	(017B): Line2D
			*constrains[009D] = (017C): Geometric_Coincident2D - (-14.3,13.95)	(017B): Line2D
			*constrains[009E] = (0277): Dimension_Distance2D - d='d22', e1=(0206): Line2D, e2=(0205): Line2D
			*constrains[009F] = (0216): Geometric_Tangential2D
			*constrains[00A0] = (0214): Geometric_Tangential2D
			*constrains[00A1] = (0209): Geometric_Coincident2D - (-11.05,1.35)	(0205): Line2D
			*constrains[00A2] = (0208): Geometric_Coincident2D - (-11.05,5.35)	(0205): Line2D
			*constrains[00A3] = (0207): Geometric_Parallel2D
			*constrains[00A4] = (029A): Dimension_Distance2D - d='d27', e1=(011C): Line2D, e2=(013E): Line2D
			*constrains[00A5] = (0273): Dimension_Distance2D - d='d21', e1=(011D): Line2D, e2=(011C): Line2D
			*constrains[00A6] = (012D): Geometric_Tangential2D
			*constrains[00A7] = (012B): Geometric_Tangential2D
			*constrains[00A8] = (0120): Geometric_Coincident2D - (-9.35,10.95)	(011C): Line2D
			*constrains[00A9] = (011F): Geometric_Coincident2D - (-9.35,14.95)	(011C): Line2D
			*constrains[00AA] = (011E): Geometric_Parallel2D
			*constrains[00AB] = (015D): Geometric_Parallel2D
			*constrains[00AC] = (014F): Geometric_Tangential2D
			*constrains[00AD] = (014D): Geometric_Tangential2D
			*constrains[00AE] = (0143): Geometric_Coincident2D - (-10.75,14.95)	(013E): Line2D
			*constrains[00AF] = (0142): Geometric_Coincident2D - (-10.75,10.95)	(013E): Line2D
			*constrains[00B0] = (014B): Geometric_Coincident2D - (-10.75,10.95)	(0145): Circle2D
			*constrains[00B1] = (014A): Geometric_Coincident2D - (-11.05,10.95)	(0145): Circle2D
			*constrains[00B2] = (0147): Geometric_Radius2D - o=(0145): Circle2D, c=(0138)
			*constrains[00B3] = (0149): Geometric_Coincident2D - (-10.75,14.95)	(0144): Circle2D
			*constrains[00B4] = (0148): Geometric_Coincident2D - (-11.05,14.95)	(0144): Circle2D
			*constrains[00B5] = (0146): Geometric_Radius2D - o=(0144): Circle2D, c=(0137)
			*constrains[00B6] = (0291): Geometric_AlignHorizontal2D
			*constrains[00B7] = (023A): Geometric_Coincident2D - (-12.6,5.35)	(0223): Line2D
			*constrains[00B8] = (0230): Geometric_Radius2D - o=(022E): Circle2D, c=(0220)
			*constrains[00B9] = (0224): Geometric_Coincident2D - (-12.6,5.35)	(0223): Line2D
			*constrains[00BA] = (0221): Geometric_Coincident2D - (-12.6,5.35)	(015A): Line2D
			*constrains[00BB] = (021B): Geometric_SymmetryPoint2D
			*constrains[00BC] = (0219): Geometric_Coincident2D - (-10.9,1.35)	(0201): Line2D
			*constrains[00BD] = (0203): Geometric_Coincident2D - (-10.9,1.35)	(0201): Line2D
			*constrains[00BE] = (0215): Geometric_Tangential2D
			*constrains[00BF] = (0211): Geometric_Coincident2D - (-10.75,5.35)	(020C): Circle2D
			*constrains[00C0] = (0210): Geometric_Coincident2D - (-11.05,5.35)	(020C): Circle2D
			*constrains[00C1] = (0204): Geometric_Coincident2D - (-10.9,1.35)	(0139): Line2D
			*constrains[00C2] = (0153): Geometric_SymmetryPoint2D
			*constrains[00C3] = (0151): Geometric_Coincident2D - (-10.9,10.95)	(0139): Line2D
			*constrains[00C4] = (0150): Geometric_Coincident2D - (-10.9,14.95)	(0139): Line2D
			*constrains[00C5] = (013C): Geometric_Parallel2D
			*constrains[00C6] = (013B): Geometric_Coincident2D - (-10.9,10.95)	(0139): Line2D
			*constrains[00C7] = (013A): Geometric_Coincident2D - (-10.9,14.95)	(0139): Line2D
			*constrains[00C8] = (0126): Geometric_Radius2D - o=(0124): Circle2D, c=(0117)
			*constrains[00C9] = (0125): Geometric_Radius2D - o=(0123): Circle2D, c=(0116)
			*constrains[00CA] = (0248): Geometric_Coincident2D - (-14.3,2.35)	(017B): Line2D
			*constrains[00CB] = (0243): Geometric_Coincident2D - (-14.3,5.35)	(017B): Line2D
			*constrains[00CC] = (0195): Geometric_SymmetryPoint2D
			*constrains[00CD] = (0172): Geometric_Coincident2D - (-12.6,10.95)	(015A): Line2D
			*constrains[00CE] = (015C): Geometric_Coincident2D - (-12.6,10.95)	(015A): Line2D
			*constrains[00CF] = (0171): Geometric_Coincident2D - (-12.6,13.95)	(015A): Line2D
			*constrains[00D0] = (015B): Geometric_Coincident2D - (-12.6,13.95)	(015A): Line2D
			*constrains[00D1] = (0239): Geometric_Tangential2D
			*constrains[00D2] = (0237): Geometric_Tangential2D
			*constrains[00D3] = (022D): Geometric_Coincident2D - (-12.45,5.35)	(0228): Line2D
			*constrains[00D4] = (022C): Geometric_Coincident2D - (-12.45,2.35)	(0228): Line2D
			*constrains[00D5] = (0235): Geometric_Coincident2D - (-12.45,2.35)	(022F): Circle2D
			*constrains[00D6] = (0234): Geometric_Coincident2D - (-12.75,2.35)	(022F): Circle2D
			*constrains[00D7] = (0231): Geometric_Radius2D - o=(022F): Circle2D, c=(0222)
			*constrains[00D8] = (0233): Geometric_Coincident2D - (-12.45,5.35)	(022E): Circle2D
			*constrains[00D9] = (0232): Geometric_Coincident2D - (-12.75,5.35)	(022E): Circle2D
			*constrains[00DA] = (025B): Geometric_Tangential2D
			*constrains[00DB] = (0259): Geometric_Tangential2D
			*constrains[00DC] = (024F): Geometric_Coincident2D - (-14.15,5.35)	(024A): Line2D
			*constrains[00DD] = (024E): Geometric_Coincident2D - (-14.15,2.35)	(024A): Line2D
			*constrains[00DE] = (0257): Geometric_Coincident2D - (-14.15,2.35)	(0251): Circle2D
			*constrains[00DF] = (0256): Geometric_Coincident2D - (-14.45,2.35)	(0251): Circle2D
			*constrains[00E0] = (0253): Geometric_Radius2D - o=(0251): Circle2D, c=(0244)
			*constrains[00E1] = (0255): Geometric_Coincident2D - (-14.15,5.35)	(0250): Circle2D
			*constrains[00E2] = (0254): Geometric_Coincident2D - (-14.45,5.35)	(0250): Circle2D
			*constrains[00E3] = (0252): Geometric_Radius2D - o=(0250): Circle2D, c=(0242)
			*constrains[00E4] = (0217): Geometric_Tangential2D
			*constrains[00E5] = (020B): Geometric_Coincident2D - (-10.75,5.35)	(0206): Line2D
			*constrains[00E6] = (020A): Geometric_Coincident2D - (-10.75,1.35)	(0206): Line2D
			*constrains[00E7] = (0213): Geometric_Coincident2D - (-10.75,1.35)	(020D): Circle2D
			*constrains[00E8] = (0212): Geometric_Coincident2D - (-11.05,1.35)	(020D): Circle2D
			*constrains[00E9] = (020F): Geometric_Radius2D - o=(020D): Circle2D, c=(0200)
			*constrains[00EA] = (012E): Geometric_Tangential2D
			*constrains[00EB] = (012C): Geometric_Tangential2D
			*constrains[00EC] = (0122): Geometric_Coincident2D - (-9.05,14.95)	(011D): Line2D
			*constrains[00ED] = (0121): Geometric_Coincident2D - (-9.05,10.95)	(011D): Line2D
			*constrains[00EE] = (02A2): Dimension_Distance2D - d='d32', e1=(0124): Circle2D, e2=(0123): Circle2D
			*constrains[00EF] = (012A): Geometric_Coincident2D - (-9.05,10.95)	(0124): Circle2D
			*constrains[00F0] = (0129): Geometric_Coincident2D - (-9.35,10.95)	(0124): Circle2D
			*constrains[00F1] = (0128): Geometric_Coincident2D - (-9.05,14.95)	(0123): Circle2D
			*constrains[00F2] = (0127): Geometric_Coincident2D - (-9.35,14.95)	(0123): Circle2D
			*constrains[00F3] = (0226): Geometric_Coincident2D - (-12.6,2.35)	(015A): Line2D
			*constrains[00F4] = (0174): Geometric_SymmetryPoint2D
			*constrains[00F5] = (025C): Geometric_Coincident2D - (-14.3,5.35)	(0245): Line2D
			*constrains[00F6] = (0246): Geometric_Coincident2D - (-14.3,5.35)	(0245): Line2D
			*constrains[00F7] = (023D): Geometric_SymmetryPoint2D
			*constrains[00F8] = (023B): Geometric_Coincident2D - (-12.6,2.35)	(0223): Line2D
			*constrains[00F9] = (0225): Geometric_Coincident2D - (-12.6,2.35)	(0223): Line2D
			*constrains[00FA] = (025D): Geometric_Coincident2D - (-14.3,2.35)	(0245): Line2D
			*constrains[00FB] = (0247): Geometric_Coincident2D - (-14.3,2.35)	(0245): Line2D
			*constrains[00FC] = (025F): Geometric_SymmetryPoint2D
			*constrains[00FD] = (02B7): Dimension_Distance2D - d='d37', (-9.2,10.95)	(01A0): Line2D
			*constrains[00FE] = (02B9): Dimension_Distance2D - d='d38', (-9.2,5.35)	(01C1): Line2D
		objects[02A4] = (02B4): ParameterMappings  flags=0208  index=02FC s32_0=-1    f=0  u16_0=002 u8_0=00
			*ref_1 = (02B5): 0D0F9548
			*target = (02B1): Parameter 'd36'=6mm
			mapping[0000] = (0730): 553DA303  x=0.5
				*parameter = (0286): Parameter 'd26'=12mm
			mapping[0001] = (0731): 553DA303  x=-1
				*parameter = (02B1): Parameter 'd36'=6mm
			*paramRef = (072E): ParameterOperatorDiv '/'
		objects[02A5] = (02B5): 0D0F9548  flags=0200  index=02FD s32_0=-1 u32_0=0001 
			*mapping = (02B4): ParameterMappings
		objects[02A6] = (02B6): Parameter 'd37'  flags=34200  index=02FE   valueNominal=1.9 valueModel=1.9   tolerance=NOMINAL u16_0=-1
			unit = (0732): Unit   visible=True 
				numerators[0000] = (09EA): UnitMilliMeter magnitude=1 factor=1 Unit="mm" UnitOffset=0 UnitFactor=0.1 UnitSupportet=True
			formula = (0733): ParameterValue  value=1.9 type=000
				unit = (09EB): Unit   visible=True 
					numerators[0000] = (0B63): UnitMeter magnitude=0.001 factor=1 Unit="m" UnitOffset=0 UnitFactor=100 UnitSupportet=True
		objects[02A7] = (02B7): Dimension_Distance2D  flags=4208  index=02FF flags2=-1  lst0={}   u32_0=0000   a0=(0000,0000,0000,0000) a1=Vector (1.7976931348623157e+308, 0.0, 0.0) a2=Vector (1.7976931348623157e+308, 0.0, 0.0)
			next = (0734): FxAttr_EEE03AF5 a0=(0000,0000)     u16_0=009   u32_0=0000 a1=Vector (1.0, 0.0, 0.0) p1=Vector (-9.200000000000001, 9.05, 0.0) p2=Vector (-9.200000000000001, 10.95, 0.0) a2=Vector (1.8999999999999986, 0.6929039455810955, 0.0)
				entity2 = (09EC): E1D3D023  flags=3000200  index=0000 flags2=0000  a1=(0,0,1.875) a2=(100,000,000) a3=Vector (-9.200000000000001, 9.05, 0.0) a4=(6667,6666,6666) a5=Vector (-1.9035985662622288e+185, 8.113e-320, 0.0) a6=(000,003,000) s32_0=-1 a7=(1,0,0,-0,1,0,0,-8.5071,9.07388,0,-8.5071,10,0,-8.35631,9.05,0,-8.35631,10.95,0,-9.2,9.05,0,-9.2,10.95,0,-8.5071,9.05,0,-8.5071,10.95,0) a8=(01,01,00,00,00,00,00,00,00,00,00,00,00,03,00,00,01,00) a9=(0,0.150781,0.0376953,0.385857,0.267308,0) u8_0=01   a10=(0000,0000,006A) a11=(-8.5071,9.05,0,-8.5071,10.95,0,-8.5071,9.05,0,-8.5071,10.95,0,-8.5071,9.07388,0,0,0,0) u8_1=01 a12=(1,0,0,-8.5071,10,0,0,1,0,-16.6706,8.14723,0) u8_2=00 a13=(-9.1623,9.05,0,-9.1623,10.95,0) 
					ref_1 = (0B64): 39A41830  flags=0210  index=0000 s32_0=-1 a2=(0000,0000,0000,0000,0000,0000,0000,0000,0000,0001,0000,0000,0003) a3=Vector (0.0, 0.0, 0.0) txt0="" a4=(0000,0000,0000,A7F9,A7FB) a5=(1,0,0,-8.5071,9.07388,0) a6=(000,000,000,000,000,000)   u32_0=0000 a7=(0003,0003) a8=(07E4,0000) 
						*parameter1 = (02B6): Parameter 'd37'=19mm
						*sketch = (00D4): Sketch2D 'Esquisse3'
					ref_2 = (0B65): 99B938AE  flags=0200  index=0000 a1=Vector (0.25, 0.1, 0.0) u32_0=0010 u32_1=0000
					*ref_3 = (0B65): 99B938AE
				*entity3 = (01A0): Line2D - (-17.2,9.05) - (-9.2,9.05)
				*entity4 = (0117): Point2D - (-9.2,10.95)
			*group = (02B3): Group2D
			*parameter = (02B6): Parameter 'd37'=19mm
			*entity1 = (01A0): Line2D - (-17.2,9.05) - (-9.2,9.05)
			*entity2 = (0117): Point2D - (-9.2,10.95)
		objects[02A8] = (02B8): Parameter 'd38'  flags=24200  index=0300   valueNominal=1.9 valueModel=1.9   tolerance=NOMINAL u16_0=-1
			unit = (0735): Unit   visible=True 
				numerators[0000] = (09ED): UnitMilliMeter magnitude=1 factor=1 Unit="mm" UnitOffset=0 UnitFactor=0.1 UnitSupportet=True
			formula = (0736): ParameterRef  
				unit = (09EE): Unit   visible=False 
					numerators[0000] = (0B66): UnitMilliMeter magnitude=1 factor=1 Unit="mm" UnitOffset=0 UnitFactor=0.1 UnitSupportet=True
				*operand1 = (02B6): Parameter 'd37'=19mm
		objects[02A9] = (02B9): Dimension_Distance2D  flags=4208  index=0301 flags2=-1  lst0={}   u32_0=0000   a0=(0000,0000,0000,0000) a1=Vector (1.7976931348623157e+308, 0.0, 0.0) a2=Vector (1.7976931348623157e+308, 0.0, 0.0)
			next = (0737): FxAttr_EEE03AF5 a0=(0000,0000)     u16_0=009   u32_0=0000 a1=Vector (1.0, 0.0, 0.0) p1=Vector (-9.200000000000001, 7.25, 0.0) p2=Vector (-9.200000000000001, 5.35, 0.0) a2=Vector (1.9000000000000004, 1.4223773012440573, 0.0)
				entity2 = (09EF): E1D3D023  flags=3000200  index=0000 flags2=0000  a1=(0,0,1.875) a2=(100,000,000) a3=Vector (-9.200000000000001, 7.25, 0.0) a4=(6667,6666,6666) a5=Vector (1.9035985662622288e+185, 8.105e-320, 0.0) a6=(000,003,000) s32_0=-1 a7=(1,0,0,0,-1,0,0,-7.77762,7.08954,0,-7.77762,6.3,0,-7.53636,7.25,0,-7.53636,5.35,0,-9.2,7.25,0,-9.2,5.35,0,-7.77762,7.25,0,-7.77762,5.35,0) a8=(01,01,00,00,00,00,00,00,00,00,00,00,00,03,00,00,01,00) a9=(0,0.241261,0.0603152,0.798383,0.275225,0) u8_0=01   a10=(0000,0000,006A) a11=(-7.77762,7.25,0,-7.77762,5.35,0,-7.77762,7.25,0,-7.77762,5.35,0,-7.77762,7.08954,0,0,0,0) u8_1=01 a12=(1,0,0,-7.77762,6.3,0,0,-1,0,-9.33085,7.25449,0) u8_2=00 a13=(-9.13968,7.25,0,-9.13968,5.35,0) 
					ref_1 = (0B67): 39A41830  flags=0210  index=0000 s32_0=-1 a2=(0000,0000,0000,0000,0000,0000,0000,0000,0000,0001,0000,0000,0003) a3=Vector (0.0, 0.0, 0.0) txt0="" a4=(0000,0000,0000,A7F9,A7FB) a5=(1,0,0,-7.77762,7.08954,0) a6=(000,000,000,000,000,000)   u32_0=0000 a7=(0003,0003) a8=(07E4,0000) 
						*parameter1 = (02B8): Parameter 'd38'=19mm
						*sketch = (00D4): Sketch2D 'Esquisse3'
					ref_2 = (0B68): 99B938AE  flags=0200  index=0000 a1=Vector (0.25, 0.1, 0.0) u32_0=0010 u32_1=0000
					*ref_3 = (0B68): 99B938AE
				*entity3 = (01C1): Line2D - (-17.2,7.25) - (-9.2,7.25)
				*entity4 = (01DC): Point2D - (-9.2,5.35)
			*group = (02B3): Group2D
			*parameter = (02B8): Parameter 'd38'=19mm
			*entity1 = (01C1): Line2D - (-17.2,7.25) - (-9.2,7.25)
			*entity2 = (01DC): Point2D - (-9.2,5.35)
		objects[02AA] = (02BA): ParameterMappings  flags=0208  index=0302 s32_0=-1    f=0  u16_0=002 u8_0=00
			*ref_1 = (02BB): 0D0F9548
			*target = (02B8): Parameter 'd38'=19mm
			mapping[0000] = (0738): 553DA303  x=1
				*parameter = (02B6): Parameter 'd37'=19mm
			mapping[0001] = (0739): 553DA303  x=-1
				*parameter = (02B8): Parameter 'd38'=19mm
			*paramRef = (0736): ParameterRef
		objects[02AB] = (02BB): 0D0F9548  flags=0200  index=0303 s32_0=-1 u32_0=0001 
			*mapping = (02BA): ParameterMappings
		objects[02AC] = (02BC): BoundaryPatch  flags=0200  index=0304  
			*lst0[0000] = (02BE): FaceBoundProxy
			*lst0[0001] = (02BF): FaceBoundProxy
			*lst0[0002] = (02C0): FaceBoundProxy
			*lst0[0003] = (02C1): FaceBoundProxy
			*lst0[0004] = (02C2): FaceBoundProxy
			*lst0[0005] = (02C3): FaceBoundProxy
			*lst0[0006] = (02C4): FaceBoundProxy
			*lst0[0007] = (02C5): FaceBoundProxy
			*lst0[0008] = (02C6): FaceBoundProxy
			*lst0[0009] = (02C7): FaceBoundProxy
			*lst0[000A] = (02C8): FaceBoundProxy
		objects[02AD] = (02BD): FaceBoundOuter  flags=100200  index=0305 s32_0=2301    a1=(000B,000B)  
			parts[0000] = (073A): Loop3D  operation=0008  faceIndex=0000
				edges[0000] = (09F0): SketchEntityRef a0=(0000,0000) u32_0=0000 entityAI=002F typEntity=0002 u32_1=0000 point1AI=0028 typPt1=0001 u32_2=0000 point2AI=0029 typPt2=0001 posDir=True 
					*sketch = (00D4): Sketch2D 'Esquisse3'
				edges[0001] = (09F1): SketchEntityRef a0=(0000,0000) u32_0=0000 entityAI=0032 typEntity=0002 u32_1=0000 point1AI=0029 typPt1=0001 u32_2=0000 point2AI=002A typPt2=0001 posDir=True 
					*sketch = (00D4): Sketch2D 'Esquisse3'
				edges[0002] = (09F2): SketchEntityRef a0=(0000,0000) u32_0=0000 entityAI=0030 typEntity=0002 u32_1=0000 point1AI=002A typPt1=0001 u32_2=0000 point2AI=002B typPt2=0001 posDir=True 
					*sketch = (00D4): Sketch2D 'Esquisse3'
				edges[0003] = (09F3): SketchEntityRef a0=(0000,0000) u32_0=0000 entityAI=0031 typEntity=0002 u32_1=0000 point1AI=002B typPt1=0001 u32_2=0000 point2AI=0028 typPt2=0001 posDir=True 
					*sketch = (00D4): Sketch2D 'Esquisse3'
			parts[0001] = (073B): Loop3D  operation=0008  faceIndex=0001
				edges[0000] = (09F4): SketchEntityRef a0=(0000,0000) u32_0=0000 entityAI=003B typEntity=0002 u32_1=0000 point1AI=0034 typPt1=0001 u32_2=0000 point2AI=0035 typPt2=0001 posDir=True 
					*sketch = (00D4): Sketch2D 'Esquisse3'
				edges[0001] = (09F5): SketchEntityRef a0=(0000,0000) u32_0=0000 entityAI=003E typEntity=0002 u32_1=0000 point1AI=0035 typPt1=0001 u32_2=0000 point2AI=0036 typPt2=0001 posDir=True 
					*sketch = (00D4): Sketch2D 'Esquisse3'
				edges[0002] = (09F6): SketchEntityRef a0=(0000,0000) u32_0=0000 entityAI=003C typEntity=0002 u32_1=0000 point1AI=0036 typPt1=0001 u32_2=0000 point2AI=0037 typPt2=0001 posDir=True 
					*sketch = (00D4): Sketch2D 'Esquisse3'
				edges[0003] = (09F7): SketchEntityRef a0=(0000,0000) u32_0=0000 entityAI=003D typEntity=0002 u32_1=0000 point1AI=0037 typPt1=0001 u32_2=0000 point2AI=0034 typPt2=0001 posDir=True 
					*sketch = (00D4): Sketch2D 'Esquisse3'
			parts[0002] = (073C): Loop3D  operation=0008  faceIndex=0002
				edges[0000] = (09F8): SketchEntityRef a0=(0000,0000) u32_0=0000 entityAI=0077 typEntity=0002 u32_1=0000 point1AI=0070 typPt1=0001 u32_2=0000 point2AI=0071 typPt2=0001 posDir=True 
					*sketch = (00D4): Sketch2D 'Esquisse3'
				edges[0001] = (09F9): SketchEntityRef a0=(0000,0000) u32_0=0000 entityAI=007A typEntity=0002 u32_1=0000 point1AI=0071 typPt1=0001 u32_2=0000 point2AI=0072 typPt2=0001 posDir=True 
					*sketch = (00D4): Sketch2D 'Esquisse3'
				edges[0002] = (09FA): SketchEntityRef a0=(0000,0000) u32_0=0000 entityAI=0078 typEntity=0002 u32_1=0000 point1AI=0072 typPt1=0001 u32_2=0000 point2AI=0073 typPt2=0001 posDir=True 
					*sketch = (00D4): Sketch2D 'Esquisse3'
				edges[0003] = (09FB): SketchEntityRef a0=(0000,0000) u32_0=0000 entityAI=0079 typEntity=0002 u32_1=0000 point1AI=0073 typPt1=0001 u32_2=0000 point2AI=0070 typPt2=0001 posDir=True 
					*sketch = (00D4): Sketch2D 'Esquisse3'
			parts[0003] = (073D): Loop3D  operation=0008  faceIndex=0003
				edges[0000] = (09FC): SketchEntityRef a0=(0000,0000) u32_0=0000 entityAI=0083 typEntity=0002 u32_1=0000 point1AI=007C typPt1=0001 u32_2=0000 point2AI=007D typPt2=0001 posDir=True 
					*sketch = (00D4): Sketch2D 'Esquisse3'
				edges[0001] = (09FD): SketchEntityRef a0=(0000,0000) u32_0=0000 entityAI=0086 typEntity=0002 u32_1=0000 point1AI=007D typPt1=0001 u32_2=0000 point2AI=007E typPt2=0001 posDir=True 
					*sketch = (00D4): Sketch2D 'Esquisse3'
				edges[0002] = (09FE): SketchEntityRef a0=(0000,0000) u32_0=0000 entityAI=0084 typEntity=0002 u32_1=0000 point1AI=007E typPt1=0001 u32_2=0000 point2AI=007F typPt2=0001 posDir=True 
					*sketch = (00D4): Sketch2D 'Esquisse3'
				edges[0003] = (09FF): SketchEntityRef a0=(0000,0000) u32_0=0000 entityAI=0085 typEntity=0002 u32_1=0000 point1AI=007F typPt1=0001 u32_2=0000 point2AI=007C typPt2=0001 posDir=True 
					*sketch = (00D4): Sketch2D 'Esquisse3'
			parts[0004] = (073E): Loop3D  operation=0008  faceIndex=0004
				edges[0000] = (0A00): SketchEntityRef a0=(0000,0000) u32_0=0000 entityAI=0017 typEntity=0002 u32_1=0000 point1AI=0010 typPt1=0001 u32_2=0000 point2AI=0011 typPt2=0001 posDir=True 
					*sketch = (00D4): Sketch2D 'Esquisse3'
				edges[0001] = (0A01): SketchEntityRef a0=(0000,0000) u32_0=0000 entityAI=001A typEntity=0002 u32_1=0000 point1AI=0011 typPt1=0001 u32_2=0000 point2AI=0012 typPt2=0001 posDir=True 
					*sketch = (00D4): Sketch2D 'Esquisse3'
				edges[0002] = (0A02): SketchEntityRef a0=(0000,0000) u32_0=0000 entityAI=0018 typEntity=0002 u32_1=0000 point1AI=0012 typPt1=0001 u32_2=0000 point2AI=0013 typPt2=0001 posDir=True 
					*sketch = (00D4): Sketch2D 'Esquisse3'
				edges[0003] = (0A03): SketchEntityRef a0=(0000,0000) u32_0=0000 entityAI=0019 typEntity=0002 u32_1=0000 point1AI=0013 typPt1=0001 u32_2=0000 point2AI=0010 typPt2=0001 posDir=True 
					*sketch = (00D4): Sketch2D 'Esquisse3'
			parts[0005] = (073F): Loop3D  operation=0008  faceIndex=0005
				edges[0000] = (0A04): SketchEntityRef a0=(0000,0000) u32_0=0000 entityAI=0023 typEntity=0002 u32_1=0000 point1AI=001C typPt1=0001 u32_2=0000 point2AI=001D typPt2=0001 posDir=True 
					*sketch = (00D4): Sketch2D 'Esquisse3'
				edges[0001] = (0A05): SketchEntityRef a0=(0000,0000) u32_0=0000 entityAI=0026 typEntity=0002 u32_1=0000 point1AI=001D typPt1=0001 u32_2=0000 point2AI=001E typPt2=0001 posDir=True 
					*sketch = (00D4): Sketch2D 'Esquisse3'
				edges[0002] = (0A06): SketchEntityRef a0=(0000,0000) u32_0=0000 entityAI=0024 typEntity=0002 u32_1=0000 point1AI=001E typPt1=0001 u32_2=0000 point2AI=001F typPt2=0001 posDir=True 
					*sketch = (00D4): Sketch2D 'Esquisse3'
				edges[0003] = (0A07): SketchEntityRef a0=(0000,0000) u32_0=0000 entityAI=0025 typEntity=0002 u32_1=0000 point1AI=001F typPt1=0001 u32_2=0000 point2AI=001C typPt2=0001 posDir=True 
					*sketch = (00D4): Sketch2D 'Esquisse3'
			parts[0006] = (0740): Loop3D  operation=0008  faceIndex=0006
				edges[0000] = (0A08): SketchEntityRef a0=(0000,0000) u32_0=0000 entityAI=005F typEntity=0002 u32_1=0000 point1AI=0058 typPt1=0001 u32_2=0000 point2AI=0059 typPt2=0001 posDir=True 
					*sketch = (00D4): Sketch2D 'Esquisse3'
				edges[0001] = (0A09): SketchEntityRef a0=(0000,0000) u32_0=0000 entityAI=0062 typEntity=0002 u32_1=0000 point1AI=0059 typPt1=0001 u32_2=0000 point2AI=005A typPt2=0001 posDir=True 
					*sketch = (00D4): Sketch2D 'Esquisse3'
				edges[0002] = (0A0A): SketchEntityRef a0=(0000,0000) u32_0=0000 entityAI=0060 typEntity=0002 u32_1=0000 point1AI=005A typPt1=0001 u32_2=0000 point2AI=005B typPt2=0001 posDir=True 
					*sketch = (00D4): Sketch2D 'Esquisse3'
				edges[0003] = (0A0B): SketchEntityRef a0=(0000,0000) u32_0=0000 entityAI=0061 typEntity=0002 u32_1=0000 point1AI=005B typPt1=0001 u32_2=0000 point2AI=0058 typPt2=0001 posDir=True 
					*sketch = (00D4): Sketch2D 'Esquisse3'
			parts[0007] = (0741): Loop3D  operation=0008  faceIndex=0007
				edges[0000] = (0A0C): SketchEntityRef a0=(0000,0000) u32_0=0000 entityAI=006B typEntity=0002 u32_1=0000 point1AI=0064 typPt1=0001 u32_2=0000 point2AI=0065 typPt2=0001 posDir=True 
					*sketch = (00D4): Sketch2D 'Esquisse3'
				edges[0001] = (0A0D): SketchEntityRef a0=(0000,0000) u32_0=0000 entityAI=006E typEntity=0002 u32_1=0000 point1AI=0065 typPt1=0001 u32_2=0000 point2AI=0066 typPt2=0001 posDir=True 
					*sketch = (00D4): Sketch2D 'Esquisse3'
				edges[0002] = (0A0E): SketchEntityRef a0=(0000,0000) u32_0=0000 entityAI=006C typEntity=0002 u32_1=0000 point1AI=0066 typPt1=0001 u32_2=0000 point2AI=0067 typPt2=0001 posDir=True 
					*sketch = (00D4): Sketch2D 'Esquisse3'
				edges[0003] = (0A0F): SketchEntityRef a0=(0000,0000) u32_0=0000 entityAI=006D typEntity=0002 u32_1=0000 point1AI=0067 typPt1=0001 u32_2=0000 point2AI=0064 typPt2=0001 posDir=True 
					*sketch = (00D4): Sketch2D 'Esquisse3'
			parts[0008] = (0742): Loop3D  operation=0018  faceIndex=0008
				edges[0000] = (0A10): SketchEntityRef a0=(0000,0000) u32_0=0000 entityAI=0047 typEntity=0002 u32_1=0000 point1AI=0040 typPt1=0001 u32_2=0000 point2AI=0041 typPt2=0001 posDir=True 
					*sketch = (00D4): Sketch2D 'Esquisse3'
				edges[0001] = (0A11): SketchEntityRef a0=(0000,0000) u32_0=0000 entityAI=004A typEntity=0002 u32_1=0000 point1AI=0041 typPt1=0001 u32_2=0000 point2AI=0042 typPt2=0001 posDir=False 
					*sketch = (00D4): Sketch2D 'Esquisse3'
				edges[0002] = (0A12): SketchEntityRef a0=(0000,0000) u32_0=0000 entityAI=0048 typEntity=0002 u32_1=0000 point1AI=0042 typPt1=0001 u32_2=0000 point2AI=0043 typPt2=0001 posDir=True 
					*sketch = (00D4): Sketch2D 'Esquisse3'
				edges[0003] = (0A13): SketchEntityRef a0=(0000,0000) u32_0=0000 entityAI=0049 typEntity=0002 u32_1=0000 point1AI=0043 typPt1=0001 u32_2=0000 point2AI=0040 typPt2=0001 posDir=False 
					*sketch = (00D4): Sketch2D 'Esquisse3'
			parts[0009] = (0743): Loop3D  operation=0008  faceIndex=0009
				edges[0000] = (0A14): SketchEntityRef a0=(0000,0000) u32_0=0000 entityAI=0053 typEntity=0002 u32_1=0000 point1AI=004C typPt1=0001 u32_2=0000 point2AI=004D typPt2=0001 posDir=True 
					*sketch = (00D4): Sketch2D 'Esquisse3'
				edges[0001] = (0A15): SketchEntityRef a0=(0000,0000) u32_0=0000 entityAI=0056 typEntity=0002 u32_1=0000 point1AI=004D typPt1=0001 u32_2=0000 point2AI=004E typPt2=0001 posDir=True 
					*sketch = (00D4): Sketch2D 'Esquisse3'
				edges[0002] = (0A16): SketchEntityRef a0=(0000,0000) u32_0=0000 entityAI=0054 typEntity=0002 u32_1=0000 point1AI=004E typPt1=0001 u32_2=0000 point2AI=004F typPt2=0001 posDir=True 
					*sketch = (00D4): Sketch2D 'Esquisse3'
				edges[0003] = (0A17): SketchEntityRef a0=(0000,0000) u32_0=0000 entityAI=0055 typEntity=0002 u32_1=0000 point1AI=004F typPt1=0001 u32_2=0000 point2AI=004C typPt2=0001 posDir=True 
					*sketch = (00D4): Sketch2D 'Esquisse3'
			parts[000A] = (0744): Loop3D  operation=0018  faceIndex=000A
				edges[0000] = (0A18): SketchEntityRef a0=(0000,0000) u32_0=0000 entityAI=0006 typEntity=0002 u32_1=0000 point1AI=0002 typPt1=0001 u32_2=0000 point2AI=0004 typPt2=0001 posDir=True 
					*sketch = (00D4): Sketch2D 'Esquisse3'
				edges[0001] = (0A19): SketchEntityRef a0=(0000,0000) u32_0=0000 entityAI=0007 typEntity=0002 u32_1=0000 point1AI=0004 typPt1=0001 u32_2=0000 point2AI=0003 typPt2=0001 posDir=True 
					*sketch = (00D4): Sketch2D 'Esquisse3'
				edges[0002] = (0A1A): SketchEntityRef a0=(0000,0000) u32_0=0000 entityAI=0008 typEntity=0002 u32_1=0000 point1AI=0003 typPt1=0001 u32_2=0000 point2AI=0005 typPt2=0001 posDir=True 
					*sketch = (00D4): Sketch2D 'Esquisse3'
				edges[0003] = (0A1B): SketchEntityRef a0=(0000,0000) u32_0=0000 entityAI=0009 typEntity=0002 u32_1=0000 point1AI=0005 typPt1=0001 u32_2=0000 point2AI=0002 typPt2=0001 posDir=True 
					*sketch = (00D4): Sketch2D 'Esquisse3'
			*sketch = (00D4): Sketch2D 'Esquisse3'
			*proxy = (02BC): BoundaryPatch
		objects[02AE] = (02BE): FaceBoundProxy  flags=A1004200  index=0306  u8_0=00
			next = (0745): NameTableKeyDef a0=(0000,0000)    ntKey=0000
			refWrapper = (0746): AsmEntityWrapper index=0306 u8_0=04  u32_1=0859
				*asm = (05C8): ASM
		objects[02AF] = (02BF): FaceBoundProxy  flags=A1004200  index=0307  u8_0=00
			next = (0747): NameTableKeyDef a0=(0000,0000)    ntKey=0001
			refWrapper = (0748): AsmEntityWrapper index=0307 u8_0=04  u32_1=085A
				*asm = (05C8): ASM
		objects[02B0] = (02C0): FaceBoundProxy  flags=A1004200  index=0308  u8_0=00
			next = (0749): NameTableKeyDef a0=(0000,0000)    ntKey=0002
			refWrapper = (074A): AsmEntityWrapper index=0308 u8_0=04  u32_1=085B
				*asm = (05C8): ASM
		objects[02B1] = (02C1): FaceBoundProxy  flags=A1004200  index=0309  u8_0=00
			next = (074B): NameTableKeyDef a0=(0000,0000)    ntKey=0003
			refWrapper = (074C): AsmEntityWrapper index=0309 u8_0=04  u32_1=085C
				*asm = (05C8): ASM
		objects[02B2] = (02C2): FaceBoundProxy  flags=A1004200  index=030A  u8_0=00
			next = (074D): NameTableKeyDef a0=(0000,0000)    ntKey=0004
			refWrapper = (074E): AsmEntityWrapper index=030A u8_0=04  u32_1=085D
				*asm = (05C8): ASM
		objects[02B3] = (02C3): FaceBoundProxy  flags=A1004200  index=030B  u8_0=00
			next = (074F): NameTableKeyDef a0=(0000,0000)    ntKey=0005
			refWrapper = (0750): AsmEntityWrapper index=030B u8_0=04  u32_1=085E
				*asm = (05C8): ASM
		objects[02B4] = (02C4): FaceBoundProxy  flags=A1004200  index=030C  u8_0=00
			next = (0751): NameTableKeyDef a0=(0000,0000)    ntKey=0006
			refWrapper = (0752): AsmEntityWrapper index=030C u8_0=04  u32_1=085F
				*asm = (05C8): ASM
		objects[02B5] = (02C5): FaceBoundProxy  flags=A1004200  index=030D  u8_0=00
			next = (0753): NameTableKeyDef a0=(0000,0000)    ntKey=0007
			refWrapper = (0754): AsmEntityWrapper index=030D u8_0=04  u32_1=0860
				*asm = (05C8): ASM
		objects[02B6] = (02C6): FaceBoundProxy  flags=A1004200  index=030E  u8_0=00
			next = (0755): NameTableKeyDef a0=(0000,0000)    ntKey=0008
			refWrapper = (0756): AsmEntityWrapper index=030E u8_0=04  u32_1=0861
				*asm = (05C8): ASM
		objects[02B7] = (02C7): FaceBoundProxy  flags=A1004200  index=030F  u8_0=00
			next = (0757): NameTableKeyDef a0=(0000,0000)    ntKey=0009
			refWrapper = (0758): AsmEntityWrapper index=030F u8_0=04  u32_1=0862
				*asm = (05C8): ASM
		objects[02B8] = (02C8): FaceBoundProxy  flags=A1004200  index=0310  u8_0=00
			next = (0759): NameTableKeyDef a0=(0000,0000)    ntKey=000A
			refWrapper = (075A): AsmEntityWrapper index=0310 u8_0=04  u32_1=0863
				*asm = (05C8): ASM
		objects[02B9] = (000E): FxExtrude 'Extrusion3'  flags=6200  index=0311 s32_0=2301 outlineItem=0000  u32_1=0000
			next = (05CF): FxAttrLabel 'Extrusion3' a0=(0000,0000)    index=0010  uid={0CA91131-11D0-838B-0008-19B00524DC09}
				next = (090C): FxAttr_A9F6B271 a0=(0000,0000)    
					*owner = (000E): FxExtrude 'Extrusion3'
					next = (0AE2): FxAttrDimensionState a0=(0000,0000)     u16_0=004 u16_1=000 
						*owner = (000E): FxExtrude 'Extrusion3'
						next = (0BF6): FxAttrDimensionState a0=(0000,0000)     u16_0=008 u16_1=001 
							*owner = (000E): FxExtrude 'Extrusion3'
							attr = (0C14): AE101F92  flags=37000200  index=0000 u32_0=0000  u32_1=0000 a=1 a2=(101,000,000) a3=(0,0,0,0,0,0,0,0,0,0,0,0,0,0,0,0,0,0,0,0,0) a4=(0000,0000,0000) a5=(0,0,0,0,0,0,0,0,0,0,0,0,0,0,0,0,0,0,0.125,0) u8_0=00 a6=(000,0FC,000,000,000,100) a7=(0,0,0,0)   a8=(0,0,0,0,0,0) a9=(0,0,0,0,0,0,0,0,0,0,0,0,0,0,0) u16_0=000 a10=(0,0,0,0,0,1,1,0,0,1,0,6.28319,0,0,0,0,0,1,1,0,0,1,0,6.28319,0,0,0,0,0,1,1,0,0,1,0,6.28319,0,0,0,0,0,0,0,0,0)
								ref_2 = (0C2F): 99B938B0  flags=0200  index=0000 s32_0=-1 a0=(0000,0000,0000,0000,0000,0000,0000,0000,0000,0001,0000,0000,0003,0000,0000,0000,0000,0000) typ=0000 a1=[] a2=Vector (0.0, 0.0, 0.0) a3=(0002,0002) a4=(1,0,0,0,0,0) a5=(000,000,000,000,000,000)  a6=(0000,0000) a7=(0003,0003) a8=(07E4,0000)
									*parameter = (02CB): Parameter 'd40'=0°
								ref_3 = (0C30): 99B938AE  flags=0200  index=0000 a1=Vector (0.25, 0.1, 0.0) u32_0=0010 u32_1=0000
								*ref_4 = (0C30): 99B938AE
							*fxDims = (02CF): FeatureDimensions
						attr = (0BF7): E1D3D023  flags=3000200  index=0000 flags2=0000  a1=(0,0,1.875) a2=(101,000,000) a3=Vector (0.0, 0.0, 0.0) a4=(000,000,000) a5=Vector (0.0, 0.0, 0.0) a6=(000,002,000) s32_0=-1 a7=(0,0,0,0,0,0,0,0,0,0,0,0,0,0,0,0,0,0,0,0,0,0,0,0,0,0,0,0,0,0,0) a8=(00,00,00,00,00,00,00,00,00,00,00,00,00,03,00,00,01,00) a9=(0,0.125,0,0,0,0) u8_0=01   a10=(0000,0000,006A) a11=(0,0,0,0,0,0,0,0,0,0,0,0,0,0,0,0,0,0) u8_1=01 a12=(0,0,0,0,0,0,1,0,0,0,0,0) u8_2=00 a13=(0,0,0,0,0,0) 
							ref_1 = (0C15): 99B938B0  flags=0200  index=0000 s32_0=-1 a0=(0000,0000,0000,0000,0000,0000,0000,0000,0000,0001,0000,0000,0003,0000,0000,0000,0000,0000) typ=0000 a1=[] a2=Vector (0.0, 0.0, 0.0) a3=(0002,0002) a4=(1,0,0,0,0,0) a5=(000,000,000,000,000,000)  a6=(0000,0000) a7=(0003,0003) a8=(07E4,0000)
								*parameter = (02CA): Parameter 'd39'=2.2mm
							ref_2 = (0C16): 99B938AE  flags=0200  index=0000 a1=Vector (0.25, 0.1, 0.0) u32_0=0010 u32_1=0000
							*ref_3 = (0C16): 99B938AE
						*fxDims = (02CF): FeatureDimensions
					*participant = (00D4): Sketch2D 'Esquisse3'
				*participants[0000] = (00D4): Sketch2D 'Esquisse3'
			*properties[0000] = (02C9): PartFeatureOperation='Cut'
			*properties[0001] = (02BC): BoundaryPatch
			*properties[0002] = (00D5): DirectionAxis dir=(0,0,1)
			*properties[0003] = (02CC): Boolean=(True, 0)
			*properties[0004] = (02CA): Parameter 'd39'=2.2mm
			*properties[0005] = (02CB): Parameter 'd40'=0°
			*properties[0006] = (02CD): ExtentType='All'
			*properties[0007] = (02CE): Boolean=(False, 0)
			*properties[000F] = (02CF): FeatureDimensions
			*properties[0013] = (02D0): Parameter 'RDxVar2'=1
			*properties[0014] = (02D1): Boolean=(False, 0)
			*properties[0015] = (02D2): CEFD3973_Enum='0'
			*properties[0016] = (02D3): Boolean=(True, 0)
			*properties[0017] = (02BC): BoundaryPatch
			*properties[001A] = (02D4): ObjectCollection 'Solide1'
		objects[02BA] = (02C9): Enum PartFeatureOperation  flags=20200  index=0312 type=5   value=Cut
		objects[02BB] = (02CA): Parameter 'd39'  flags=8034200  index=0313   valueNominal=0.22 valueModel=0.22   tolerance=NOMINAL u16_0=-1
			unit = (075B): Unit   visible=True 
				numerators[0000] = (0A1C): UnitMilliMeter magnitude=1 factor=1 Unit="mm" UnitOffset=0 UnitFactor=0.1 UnitSupportet=True
			formula = (075C): ParameterValue  value=0.22 type=001
				unit = (0A1D): Unit   visible=True 
					numerators[0000] = (0B69): UnitMeter magnitude=0.001 factor=1 Unit="m" UnitOffset=0 UnitFactor=100 UnitSupportet=True
		objects[02BC] = (02CB): Parameter 'd40'  flags=34200  index=0314   valueNominal=0 valueModel=0   tolerance=NOMINAL u16_0=-1
			unit = (075D): Unit   visible=True 
				numerators[0000] = (0A1E): UnitDegree magnitude=1 factor=1 Unit="°" UnitOffset=0 UnitFactor=0.0174533 UnitSupportet=True
			formula = (075E): ParameterValue  value=0 type=001
				unit = (0A1F): Unit   visible=True 
					numerators[0000] = (0B6A): UnitGrad magnitude=1 factor=1 Unit="°" UnitOffset=0 UnitFactor=0.0174533 UnitSupportet=True
		objects[02BD] = (02CC): Boolean  flags=8024200  index=0315 value=True
		objects[02BE] = (02CD): Enum ExtentType  flags=20200  index=0316 type=12   value=All
		objects[02BF] = (02CE): Boolean  flags=8024200  index=0317 value=False
		objects[02C0] = (02CF): FeatureDimensions  flags=0200  index=0318 
			fxDimensions[0000] = (075F): FxDimension anchors=[] transformation= transformation={a0=|+000|0+00|00+0|000+| m=[[1, 0, 0, 0],[0, 1, 0, 0],[0, 0, 1, 0],[0, 0, 0, 10]]} u8_0=00 
				*parameter = (02CA): Parameter 'd39'=2.2mm
			fxDimensions[0001] = (0760): FxDimension anchors=[[-17.2,7.55,-0.00055],[-17.2,7.55,0],[-17.2,7.55,-0.000275],[-17.2,7.55,-0.00055],[-17.2,7.55,-0.00055]] transformation= transformation={a0=|00+x|+00x|0+0x|000+| m=[[0, 0, 1, -172],[1, 0, 0, 75.5],[0, 1, 0, 1.1],[0, 0, 0, 10]]} u8_0=01 
				*parameter = (02CB): Parameter 'd40'=0°
		objects[02C1] = (02D0): Parameter 'RDxVar2'  flags=8024200  index=0319 valueNominal=0001 valueModel=0001
		objects[02C2] = (02D1): Boolean  flags=8024200  index=031A value=False
		objects[02C3] = (02D2): Enum CEFD3973_Enum  flags=20200  index=031B type=4   value=0
		objects[02C4] = (02D3): Boolean  flags=8024200  index=031C value=True
		objects[02C5] = (02D4): ObjectCollection  flags=0000  index=031D  
			*items[0000] = (0008): SurfaceBody 'Solide1'
		objects[02C6] = (02D5): ObjectCollectionDef  flags=0200  index=031E s32_0=-1  
			*items[0000] = (02D6): BodyCollection 'Solide1'
			*collection = (02D4): ObjectCollection 'Solide1'
		objects[02C7] = (02D6): BodyCollection  flags=0200  index=031F 
			*items[0000] = (0008): SurfaceBody 'Solide1'
		objects[02C8] = (02D7): A31E29E0  flags=0200  index=0320 s32_0=-1   
			lst0[0000] = (0761): 845212C7 u32_0=0000  u32_1=0002
				*component = (0003): PartComponent
			*owner = (000E): FxExtrude 'Extrusion3'
			*body = (02D6): BodyCollection 'Solide1'
		objects[02C9] = (02D8): Transformation  flags=1020200  index=0321 transformation= transformation={a0=|+000|0+00|00+x|000+| m=[[1, 0, 0, 0],[0, 1, 0, 0],[0, 0, 1, 2.2],[0, 0, 0, 10]]}
		objects[02CA] = (02D9): Sketch2D  flags=400200  index=0322 s32_0=2 numEntities=0076    a0=(0000,61F83248) 
			next = (0762): FxAttrLabel 'Esquisse4' a0=(0000,0000)    index=0011  uid={00000000-0000-0000-0000-000000000000}
				next = (0A20): FxAttr_A917F560 a0=(0000,0000)    
					*owner = (02D9): Sketch2D 'Esquisse4'
					next = (0B6B): FxAttr_A9F6B271 a0=(0000,0000)    
						*owner = (02D9): Sketch2D 'Esquisse4'
						*participant = (000F): FxExtrude 'Extrusion4'
					ref_2 = (0B6C): DBDD00E3 u32_0=0000 numEntities=0076  lst0=[]
						*sketch = (02D9): Sketch2D 'Esquisse4'
			*entities[0000] = (02DE): Point2D - (0,0)
			*entities[0001] = (02E0): Point2D - (-25.7905,8.15)
			*entities[0002] = (02E1): Point2D - (3.37686,8.15)
			*entities[0003] = (02E2): Line2D - (-25.7905,8.15) - (3.37686,8.15)
			*entities[0004] = (02E3): Geometric_Coincident2D - (-25.7905,8.15)	(02E2): Line2D
			*entities[0005] = (02E4): Geometric_Coincident2D - (3.37686,8.15)	(02E2): Line2D
			*entities[0006] = (02E5): Geometric_Horizontal2D
			*entities[0007] = (02E6): Point2D - (-4,3.3)
			*entities[0008] = (02EA): Point2D - (0,3.3)
			*entities[0009] = (02EE): Line2D - (-4,3.3) - (0,3.3)
			*entities[000A] = (02F2): Point2D - (0,13)
			*entities[000B] = (02F6): Point2D - (-4,13)
			*entities[000C] = (02FA): Line2D - (0,13) - (-4,13)
			*entities[000D] = (02FF): Dimension_Distance2D - d='d41', e1=(02EE): Line2D, e2=(02FA): Line2D
			*entities[000E] = (0301): Dimension_Distance2D - d='d42', e1=(02FA): Line2D, e2=(02E2): Line2D
			*entities[000F] = (0304): Point2D - (-1.5,8.15)
			*entities[0010] = (0305): Geometric_Coincident2D - (-1.5,8.15)	(02E2): Line2D
			*entities[0011] = (0306): Circle2D - (-1.5,8.15), r=0.15
			*entities[0012] = (0307): Geometric_Radius2D - o=(0306): Circle2D, c=(0304)
			*entities[0013] = (0308): Point2D - (-0.8,8.15)
			*entities[0014] = (0309): Geometric_Coincident2D - (-0.8,8.15)	(02E2): Line2D
			*entities[0015] = (030A): Circle2D - (-0.8,8.15), r=0.15
			*entities[0016] = (030B): Geometric_Radius2D - o=(030A): Circle2D, c=(0308)
			*entities[0017] = (030C): Point2D - (-1.3,12.65)
			*entities[0018] = (030D): Circle2D - (-1.3,12.65), r=0.15
			*entities[0019] = (030E): Geometric_Radius2D - o=(030D): Circle2D, c=(030C)
			*entities[001A] = (030F): Point2D - (-2.4,12.65)
			*entities[001B] = (0310): Circle2D - (-2.4,12.65), r=0.15
			*entities[001C] = (0311): Geometric_Radius2D - o=(0310): Circle2D, c=(030F)
			*entities[001D] = (0312): Point2D - (-4.7,12.65)
			*entities[001E] = (0313): Circle2D - (-4.7,12.65), r=0.15
			*entities[001F] = (0314): Geometric_Radius2D - o=(0313): Circle2D, c=(0312)
			*entities[0020] = (0315): Point2D - (-6.7,15.5)
			*entities[0021] = (0316): Circle2D - (-6.7,15.5), r=0.15
			*entities[0022] = (0317): Geometric_Radius2D - o=(0316): Circle2D, c=(0315)
			*entities[0023] = (0318): Point2D - (-7.85,15.5)
			*entities[0024] = (0319): Circle2D - (-7.85,15.5), r=0.15
			*entities[0025] = (031A): Geometric_Radius2D - o=(0319): Circle2D, c=(0318)
			*entities[0026] = (031B): Point2D - (-7.3,14)
			*entities[0027] = (031C): Circle2D - (-7.3,14), r=0.15
			*entities[0028] = (031D): Geometric_Radius2D - o=(031C): Circle2D, c=(031B)
			*entities[0029] = (031E): Point2D - (-6.15,14)
			*entities[002A] = (031F): Circle2D - (-6.15,14), r=0.15
			*entities[002B] = (0320): Geometric_Radius2D - o=(031F): Circle2D, c=(031E)
			*entities[002C] = (0321): Point2D - (-5.6,9.15)
			*entities[002D] = (0322): Circle2D - (-5.6,9.15), r=0.15
			*entities[002E] = (0323): Geometric_Radius2D - o=(0322): Circle2D, c=(0321)
			*entities[002F] = (0324): Point2D - (-7.6,9.25)
			*entities[0030] = (0325): Circle2D - (-7.6,9.25), r=0.15
			*entities[0031] = (0326): Geometric_Radius2D - o=(0325): Circle2D, c=(0324)
			*entities[0032] = (0327): Point2D - (-8.1,9.45)
			*entities[0033] = (0328): Circle2D - (-8.1,9.45), r=0.15
			*entities[0034] = (0329): Geometric_Radius2D - o=(0328): Circle2D, c=(0327)
			*entities[0035] = (032A): Point2D - (-22.8,10.1)
			*entities[0036] = (032B): Circle2D - (-22.8,10.1), r=0.15
			*entities[0037] = (032C): Geometric_Radius2D - o=(032B): Circle2D, c=(032A)
			*entities[0038] = (032D): Point2D - (-21.1,10.1)
			*entities[0039] = (032E): Circle2D - (-21.1,10.1), r=0.15
			*entities[003A] = (032F): Geometric_Radius2D - o=(032E): Circle2D, c=(032D)
			*entities[003B] = (0330): Point2D - (-23.75,11.35)
			*entities[003C] = (0331): Circle2D - (-23.75,11.35), r=0.15
			*entities[003D] = (0332): Geometric_Radius2D - o=(0331): Circle2D, c=(0330)
			*entities[003E] = (0333): Point2D - (-23.75,8.15)
			*entities[003F] = (0334): Geometric_Coincident2D - (-23.75,8.15)	(02E2): Line2D
			*entities[0040] = (0335): Circle2D - (-23.75,8.15), r=0.15
			*entities[0041] = (0336): Geometric_Radius2D - o=(0335): Circle2D, c=(0333)
			*entities[0042] = (0337): Geometric_EqualRadius2D
			*entities[0043] = (0338): Geometric_EqualRadius2D
			*entities[0044] = (0339): Geometric_EqualRadius2D
			*entities[0045] = (033A): Geometric_EqualRadius2D
			*entities[0046] = (033B): Geometric_EqualRadius2D
			*entities[0047] = (033C): Geometric_EqualRadius2D
			*entities[0048] = (033D): Geometric_EqualRadius2D
			*entities[0049] = (033E): Geometric_EqualRadius2D
			*entities[004A] = (033F): Geometric_EqualRadius2D
			*entities[004B] = (0340): Geometric_EqualRadius2D
			*entities[004C] = (0341): Geometric_EqualRadius2D
			*entities[004D] = (0343): Dimension_Diameter2D
			*entities[004E] = (0344): Geometric_EqualRadius2D
			*entities[004F] = (0345): Geometric_EqualRadius2D
			*entities[0050] = (0346): Geometric_EqualRadius2D
			*entities[0051] = (0347): Point2D - (-21.85,11.45)
			*entities[0052] = (0348): Circle2D - (-21.85,11.45), r=0.2
			*entities[0053] = (0349): Geometric_Radius2D - o=(0348): Circle2D, c=(0347)
			*entities[0054] = (034A): Point2D - (-19.1,11.45)
			*entities[0055] = (034B): Circle2D - (-19.1,11.45), r=0.2
			*entities[0056] = (034C): Geometric_Radius2D - o=(034B): Circle2D, c=(034A)
			*entities[0057] = (034D): Geometric_EqualRadius2D
			*entities[0058] = (034F): Dimension_Diameter2D
			*entities[0059] = (0352): Geometric_Radius2D - o=(0351): Circle2D, c=(0350)
			*entities[005A] = (0351): Circle2D - (-21.85,4.85), r=0.2
			*entities[005B] = (0350): Point2D - (-21.85,4.85)
			*entities[005C] = (0353): Geometric_SymmetryLine2D
			*entities[005D] = (0354): Geometric_SymmetryLine2D
			*entities[005E] = (035D): Geometric_Radius2D - o=(0356): Circle2D, c=(0355)
			*entities[005F] = (035E): Geometric_Radius2D - o=(0358): Circle2D, c=(0357)
			*entities[0060] = (035F): Geometric_Radius2D - o=(035A): Circle2D, c=(0359)
			*entities[0061] = (0360): Geometric_Radius2D - o=(035C): Circle2D, c=(035B)
			*entities[0062] = (035A): Circle2D - (-23.75,4.95), r=0.15
			*entities[0063] = (0359): Point2D - (-23.75,4.95)
			*entities[0064] = (0356): Circle2D - (-22.8,6.2), r=0.15
			*entities[0065] = (0355): Point2D - (-22.8,6.2)
			*entities[0066] = (0358): Circle2D - (-21.1,6.2), r=0.15
			*entities[0067] = (0357): Point2D - (-21.1,6.2)
			*entities[0068] = (035C): Circle2D - (-19.1,4.85), r=0.2
			*entities[0069] = (035B): Point2D - (-19.1,4.85)
			*entities[006A] = (0361): Geometric_SymmetryLine2D
			*entities[006B] = (0362): Geometric_SymmetryLine2D
			*entities[006C] = (0363): Geometric_SymmetryLine2D
			*entities[006D] = (0364): Geometric_SymmetryLine2D
			*entities[006E] = (0365): Geometric_SymmetryLine2D
			*entities[006F] = (0366): Geometric_SymmetryLine2D
			*entities[0070] = (0367): Geometric_SymmetryLine2D
			*entities[0071] = (0368): Geometric_SymmetryLine2D
			*entities[0072] = (037D): Geometric_Radius2D - o=(036A): Circle2D, c=(0369)
			*entities[0073] = (037E): Geometric_Radius2D - o=(036C): Circle2D, c=(036B)
			*entities[0074] = (037F): Geometric_Radius2D - o=(036E): Circle2D, c=(036D)
			*entities[0075] = (0380): Geometric_Radius2D - o=(0370): Circle2D, c=(036F)
			*entities[0076] = (0381): Geometric_Radius2D - o=(0372): Circle2D, c=(0371)
			*entities[0077] = (0382): Geometric_Radius2D - o=(0374): Circle2D, c=(0373)
			*entities[0078] = (0383): Geometric_Radius2D - o=(0376): Circle2D, c=(0375)
			*entities[0079] = (0384): Geometric_Radius2D - o=(0378): Circle2D, c=(0377)
			*entities[007A] = (0385): Geometric_Radius2D - o=(037A): Circle2D, c=(0379)
			*entities[007B] = (0386): Geometric_Radius2D - o=(037C): Circle2D, c=(037B)
			*entities[007C] = (0372): Circle2D - (-7.85,0.8), r=0.15
			*entities[007D] = (0371): Point2D - (-7.85,0.8)
			*entities[007E] = (0370): Circle2D - (-6.7,0.8), r=0.15
			*entities[007F] = (036F): Point2D - (-6.7,0.8)
			*entities[0080] = (0374): Circle2D - (-7.3,2.3), r=0.15
			*entities[0081] = (0373): Point2D - (-7.3,2.3)
			*entities[0082] = (0376): Circle2D - (-6.15,2.3), r=0.15
			*entities[0083] = (0375): Point2D - (-6.15,2.3)
			*entities[0084] = (036E): Circle2D - (-4.7,3.65), r=0.15
			*entities[0085] = (036D): Point2D - (-4.7,3.65)
			*entities[0086] = (036C): Circle2D - (-2.4,3.65), r=0.15
			*entities[0087] = (036B): Point2D - (-2.4,3.65)
			*entities[0088] = (036A): Circle2D - (-1.3,3.65), r=0.15
			*entities[0089] = (0369): Point2D - (-1.3,3.65)
			*entities[008A] = (0378): Circle2D - (-5.6,7.15), r=0.15
			*entities[008B] = (0377): Point2D - (-5.6,7.15)
			*entities[008C] = (037A): Circle2D - (-7.6,7.05), r=0.15
			*entities[008D] = (0379): Point2D - (-7.6,7.05)
			*entities[008E] = (037C): Circle2D - (-8.1,6.85), r=0.15
			*entities[008F] = (037B): Point2D - (-8.1,6.85)
			*entities[0090] = (0387): Geometric_SymmetryLine2D
			*entities[0091] = (0388): Geometric_SymmetryLine2D
			*entities[0092] = (0389): Geometric_SymmetryLine2D
			*entities[0093] = (038A): Geometric_SymmetryLine2D
			*entities[0094] = (038B): Geometric_SymmetryLine2D
			*entities[0095] = (038C): Geometric_SymmetryLine2D
			*entities[0096] = (038D): Geometric_SymmetryLine2D
			*entities[0097] = (038E): Geometric_SymmetryLine2D
			*entities[0098] = (038F): Geometric_SymmetryLine2D
			*entities[0099] = (0390): Geometric_SymmetryLine2D
			*entities[009A] = (0391): Geometric_SymmetryLine2D
			*entities[009B] = (0392): Geometric_SymmetryLine2D
			*entities[009C] = (0393): Geometric_SymmetryLine2D
			*entities[009D] = (0394): Geometric_SymmetryLine2D
			*entities[009E] = (0395): Geometric_SymmetryLine2D
			*entities[009F] = (0396): Geometric_SymmetryLine2D
			*entities[00A0] = (0397): Geometric_SymmetryLine2D
			*entities[00A1] = (0398): Geometric_SymmetryLine2D
			*entities[00A2] = (0399): Geometric_SymmetryLine2D
			*entities[00A3] = (039A): Geometric_SymmetryLine2D
			*entities[00A4] = (039C): Point2D - (-16.6,12.15)
			*entities[00A5] = (03A0): Point2D - (-24.2,12.15)
			*entities[00A6] = (03A4): Line2D - (-16.6,12.15) - (-24.2,12.15)
			*entities[00A7] = (03A9): Dimension_Distance2D - d='d46', (-19.1,11.45)	(03A4): Line2D
			*entities[00A8] = (03AB): Dimension_Distance2D - d='d47', (-21.85,11.45)	(03A4): Line2D
			*entities[00A9] = (03AF): Dimension_Distance2D - d='d48', (-19.1,11.45), (-21.85,11.45)
			*entities[00AA] = (03B0): Point2D - (-24.2,4.15)
			*entities[00AB] = (03B4): Line2D - (-24.2,12.15) - (-24.2,4.15)
			*entities[00AC] = (03B9): Dimension_Distance2D - d='d49', (-21.85,11.45)	(03B4): Line2D
			*entities[00AD] = (03BB): Dimension_Distance2D - d='d50', (-23.75,8.15), (-23.75,11.35)
			*entities[00AE] = (03BD): Dimension_Distance2D - d='d51', (-23.75,11.35)	(03B4): Line2D
			*entities[00AF] = (03BF): Dimension_Distance2D - d='d52', (-23.75,8.15)	(03B4): Line2D
			*entities[00B0] = (03C3): Dimension_Distance2D - d='d53', (-22.8,10.1)	(03A4): Line2D
			*entities[00B1] = (03C5): Dimension_Distance2D - d='d54', (-21.1,10.1)	(03A4): Line2D
			*entities[00B2] = (03C9): Dimension_Distance2D - d='d55', (-21.1,10.1), (-22.8,10.1)
			*entities[00B3] = (03CB): Dimension_Distance2D - d='d56', (-22.8,10.1)	(03B4): Line2D
			*entities[00B4] = (03CC): Geometric_EqualRadius2D
			*entities[00B5] = (03CE): Dimension_Distance2D - d='d57', (-0.8,8.15), (-1.5,8.15)
			*entities[00B6] = (03CF): Point2D - (-2,11.95)
			*entities[00B7] = (03D3): Point2D - (-2,4.35)
			*entities[00B8] = (03D7): Line2D - (-2,11.95) - (-2,4.35)
			*entities[00B9] = (03DB): Line2D - (0,3.3) - (0,13)
			*entities[00BA] = (03E0): Dimension_Distance2D - d='d59', (-1.3,12.65)	(03DB): Line2D
			*entities[00BB] = (03E2): Dimension_Distance2D - d='d60', (-1.3,12.65), (-2.4,12.65)
			*entities[00BC] = (03E4): Dimension_Distance2D - d='d61', (-2.4,12.65), (-4.7,12.65)
			*entities[00BD] = (03E6): Dimension_Distance2D - d='d62', (-1.3,12.65)	(02FA): Line2D
			*entities[00BE] = (03E8): Dimension_Distance2D - d='d63', (-2.4,12.65)	(02FA): Line2D
			*entities[00BF] = (03EC): Dimension_Distance2D - d='d64', (-4.7,12.65)	(02FA): Line2D
			*entities[00C0] = (03F0): Dimension_Distance2D - d='d65', (-5.6,7.15), (-5.6,9.15)
			*entities[00C1] = (03F2): Dimension_Distance2D - d='d66', (-7.6,7.05), (-7.6,9.25)
			*entities[00C2] = (03F4): Dimension_Distance2D - d='d67', (-8.1,6.85), (-8.1,9.45)
			*entities[00C3] = (03F5): Point2D - (-4.3,4.35)
			*entities[00C4] = (03F9): Point2D - (-4.3,11.95)
			*entities[00C5] = (03FD): Line2D - (-4.3,4.35) - (-4.3,11.95)
			*entities[00C6] = (0402): Dimension_Distance2D - d='d68', (-5.6,9.15)	(03FD): Line2D
			*entities[00C7] = (0404): Dimension_Distance2D - d='d69', (-7.6,9.25)	(03FD): Line2D
			*entities[00C8] = (0406): Dimension_Distance2D - d='d70', (-8.1,9.45)	(03FD): Line2D
			*entities[00C9] = (0408): Dimension_Distance2D - d='d71', (-6.15,2.3), (-6.15,14)
			*entities[00CA] = (040A): Dimension_Distance2D - d='d72', (-6.7,0.8), (-6.7,15.5)
			*entities[00CB] = (040C): Dimension_Distance2D - d='d73', (-7.85,15.5), (-7.85,0.8)
			*entities[00CC] = (0410): Dimension_Distance2D - d='d74', (-7.3,14), (-7.3,2.3)
			*entities[00CD] = (0414): Dimension_Distance2D - d='d75', (-6.15,14), (-7.3,14)
			*entities[00CE] = (0416): Dimension_Distance2D - d='d76', (-6.7,15.5), (-7.85,15.5)
			*entities[00CF] = (041A): Dimension_Distance2D - d='d77', (-6.15,14)	(03DB): Line2D
			*entities[00D0] = (041C): Dimension_Distance2D - d='d78', (-6.7,15.5)	(03DB): Line2D
			*entities[00D1] = (051B): Dimension_Distance2D - d='d91', (-0.8,8.15)	(03DB): Line2D
			*transformation = (02D8): Transformation
			*direction = (02DA): DirectionAxis dir=(0,0,1)
		objects[02CB] = (02DA): DirectionAxis  flags=20200  index=0323 flags2=0000 a=0 dir=Vector (0.0, 0.0, 1.0)
		objects[02CC] = (02DB): Sketch2DPlacement  flags=0200  index=0324 s32_0=2    u16_0=001    lst0=[[62,4294967295]] u8_0=01
			*transformation2 = (02D8): Transformation
			*transformation3 = (001E): Transformation
			*ref_3 = (02DC): FaceItem
		objects[02CD] = (02DC): FaceItem  flags=0000  index=0325 indexRefs=(806) s32_0=-1
		objects[02CE] = (02DD): 90874D55  flags=0200  index=0326 s32_0=-1 u8_0=05  wireIndex=0002 u32_1=0002 lst0=(003E) lst1=() u8_2=00  ntEntry=0004[0001]
			creator = (0763): SurfaceCreator  flags=0000    a0=(003,8000) idxCreator=311 u16_0=8000
			*body = (0008): SurfaceBody 'Solide1'
			*owner = (02DC): FaceItem
		objects[02CF] = (02DE): Point2D  flags=30200  index=0327 flags2=0040  pos=Vector (0.0, 0.0, 0.0)   u32_0=0000 lst1=() 
			next = (0764): FxAttrStyles a0=(0000,0000)    u32_0=0000 associativeID=0001 typEntity=0001
				next = (0A21): FxAttrEntityReference a0=(0000,0000)    
					*owner = (02DE): Point2D - (0,0)
					*ref_2 = (02DF): Representation3DPoint
			*sketch = (02D9): Sketch2D 'Esquisse4'
		objects[02D0] = (02DF): Representation3DPoint  flags=0200  index=0328 s32_0=-1   
			*point2D = (02DE): Point2D - (0,0)
			*transformation = (02D8): Transformation
			*point3D = (001D): Point3D - (0,0,0)
		objects[02D1] = (02E0): Point2D  flags=20200  index=0329 flags2=0000  pos=Vector (-25.790504483480863, 8.149999999999999, 0.0)   u32_0=0000 lst1=() 
			next = (0765): FxAttrStyles a0=(0000,0000)    u32_0=0000 associativeID=0002 typEntity=0001
				next = (0A22): FxAttr_BFD09C43 a0=(0000,0000)     a1=(0,0,0,0) u32_0=0000
					*owner = (02E0): Point2D - (-25.7905,8.15)
					*entity2 = (02E0): Point2D - (-25.7905,8.15)
			*sketch = (02D9): Sketch2D 'Esquisse4'
			*endPointOf[0000] = (02E2): Line2D - (-25.7905,8.15) - (3.37686,8.15)
		objects[02D2] = (02E1): Point2D  flags=20200  index=032A flags2=0000  pos=Vector (3.3768555890241005, 8.149999999999999, 0.0)   u32_0=0000 lst1=() 
			next = (0766): FxAttrStyles a0=(0000,0000)    u32_0=0000 associativeID=0003 typEntity=0001
				next = (0A23): FxAttr_BFD09C43 a0=(0000,0000)     a1=(0,0,0,0) u32_0=0000
					*owner = (02E1): Point2D - (3.37686,8.15)
					*entity2 = (02E1): Point2D - (3.37686,8.15)
			*sketch = (02D9): Sketch2D 'Esquisse4'
			*endPointOf[0000] = (02E2): Line2D - (-25.7905,8.15) - (3.37686,8.15)
		objects[02D3] = (02E2): Line2D  flags=20200  index=032B flags2=0000    pos=Vector (-11.206824447228382, 8.149999999999999, 0.0) dir=Vector (1.0, 0.0, 0.0)
			next = (0767): FxAttrStyles a0=(0000,0000)    u32_0=0000 associativeID=0004 typEntity=0002
			*sketch = (02D9): Sketch2D 'Esquisse4'
			*points[0000] = (02E0): Point2D - (-25.7905,8.15)
			*points[0001] = (02E1): Point2D - (3.37686,8.15)
			*points[0002] = (0304): Point2D - (-1.5,8.15)
			*points[0003] = (0308): Point2D - (-0.8,8.15)
			*points[0004] = (0333): Point2D - (-23.75,8.15)
		objects[02D4] = (02E3): Geometric_Coincident2D  flags=4208  index=032C flags2=-1  lst0={}    
			*group = (0519): Group2D
			*entity1 = (02E2): Line2D - (-25.7905,8.15) - (3.37686,8.15)
			*entity2 = (02E0): Point2D - (-25.7905,8.15)
		objects[02D5] = (02E4): Geometric_Coincident2D  flags=4208  index=032D flags2=-1  lst0={}    
			*group = (0519): Group2D
			*entity1 = (02E2): Line2D - (-25.7905,8.15) - (3.37686,8.15)
			*entity2 = (02E1): Point2D - (3.37686,8.15)
		objects[02D6] = (02E5): Geometric_Horizontal2D  flags=4208  index=032E flags2=-1  lst0={}    u8_0=00
			*group = (0519): Group2D
			*line = (02E2): Line2D - (-25.7905,8.15) - (3.37686,8.15)
		objects[02D7] = (02E6): Point2D  flags=30200  index=0330 flags2=0040  pos=Vector (-4.0, 3.2999999999999994, 0.0)   u32_0=0000 lst1=() 
			next = (0768): FxAttrStyles a0=(0000,0000)    u32_0=0000 associativeID=0005 typEntity=0001
				next = (0A24): FxAttrEntityReference a0=(0000,0000)    
					*owner = (02E6): Point2D - (-4,3.3)
					*ref_2 = (02E7): 60406697
			*sketch = (02D9): Sketch2D 'Esquisse4'
			*endPointOf[0000] = (02EE): Line2D - (-4,3.3) - (0,3.3)
		objects[02D8] = (02E7): 60406697  flags=0200  index=0331 s32_0=-1   
			*ref_1 = (02E6): Point2D - (-4,3.3)
			*ref_2 = (02D8): Transformation
			*ref_3 = (02E8): C1887310
		objects[02D9] = (02E8): C1887310  flags=0000  index=0332 lst0=(819) s32_0=-1
		objects[02DA] = (02E9): B8DBEF70  flags=0200  index=0333 s32_0=-1 u8_0=05  wireIndex=0002 u32_1=0002 lst0=(003E,00EC) lst1=() u8_2=00  ntEntry=0004[0010]
			creator = (0769): SurfaceCreator  flags=0000    a0=(003,8000) idxCreator=311 u16_0=8000
			*body = (0008): SurfaceBody 'Solide1'
			*owner = (02E8): C1887310
		objects[02DB] = (02EA): Point2D  flags=30200  index=0334 flags2=0040  pos=Vector (0.0, 3.3, 0.0)   u32_0=0000 lst1=() 
			next = (076A): FxAttrStyles a0=(0000,0000)    u32_0=0000 associativeID=0006 typEntity=0001
				next = (0A25): FxAttrEntityReference a0=(0000,0000)    
					*owner = (02EA): Point2D - (0,3.3)
					*ref_2 = (02EB): 60406697
			*sketch = (02D9): Sketch2D 'Esquisse4'
			*endPointOf[0000] = (02EE): Line2D - (-4,3.3) - (0,3.3)
			*endPointOf[0001] = (03DB): Line2D - (0,3.3) - (0,13)
		objects[02DC] = (02EB): 60406697  flags=0200  index=0335 s32_0=-1   
			*ref_1 = (02EA): Point2D - (0,3.3)
			*ref_2 = (02D8): Transformation
			*ref_3 = (02EC): C1887310
		objects[02DD] = (02EC): C1887310  flags=0000  index=0336 lst0=(823) s32_0=-1
		objects[02DE] = (02ED): B8DBEF70  flags=0200  index=0337 s32_0=-1 u8_0=05  wireIndex=0002 u32_1=0002 lst0=(003E,00EC) lst1=() u8_2=00  ntEntry=0004[0008]
			creator = (076B): SurfaceCreator  flags=0000    a0=(003,8000) idxCreator=311 u16_0=8000
			*body = (0008): SurfaceBody 'Solide1'
			*owner = (02EC): C1887310
		objects[02DF] = (02EE): Line2D  flags=30200  index=0338 flags2=80040    pos=Vector (-4.0, 3.2999999999999994, 0.0) dir=Vector (1.0, 1.1102230246251565e-16, 0.0)
			next = (076C): FxAttrStyles a0=(0000,0000)    u32_0=0000 associativeID=0007 typEntity=0002
				next = (0A26): FxAttrEntityReference a0=(0000,0000)    
					*owner = (02EE): Line2D - (-4,3.3) - (0,3.3)
					next = (0B6D): FxAttr_D5F19E40 a0=(0000,0000)    u32_0=0000 pos=Vector (-4.0, 3.2999999999999994, 0.0) dir=Vector (1.0, 1.1102230246251565e-16, 0.0)
						*owner = (02EE): Line2D - (-4,3.3) - (0,3.3)
					*ref_2 = (02EF): 64DE16F3
			*sketch = (02D9): Sketch2D 'Esquisse4'
			*points[0000] = (02E6): Point2D - (-4,3.3)
			*points[0001] = (02EA): Point2D - (0,3.3)
		objects[02E0] = (02EF): 64DE16F3  flags=0200  index=0339 s32_0=3    u16_0=017
			*entity = (02EE): Line2D - (-4,3.3) - (0,3.3)
			*transformation = (02D8): Transformation
			*edge = (02F0): EdgeItem
		objects[02E1] = (02F0): EdgeItem  flags=0000  index=033A indexRefs=(827) s32_0=-1 u32_0=0000
		objects[02E2] = (02F1): EdgeId  flags=0200  index=033B s32_0=-1 u8_0=05  wireIndex=0002 u32_1=0002 lst0=(003E,00EC) lst1=() u8_2=00  ntEntry=0004[0011]
			creator = (076D): SurfaceCreator  flags=0000    a0=(003,8000) idxCreator=311 u16_0=8000
			*body = (0008): SurfaceBody 'Solide1'
			*owner = (02F0): EdgeItem
		objects[02E3] = (02F2): Point2D  flags=30200  index=033C flags2=0040  pos=Vector (0.0, 13.0, 0.0)   u32_0=0000 lst1=() 
			next = (076E): FxAttrStyles a0=(0000,0000)    u32_0=0000 associativeID=0008 typEntity=0001
				next = (0A27): FxAttrEntityReference a0=(0000,0000)    
					*owner = (02F2): Point2D - (0,13)
					*ref_2 = (02F3): 60406697
			*sketch = (02D9): Sketch2D 'Esquisse4'
			*endPointOf[0000] = (02FA): Line2D - (0,13) - (-4,13)
			*endPointOf[0001] = (03DB): Line2D - (0,3.3) - (0,13)
		objects[02E4] = (02F3): 60406697  flags=0200  index=033D s32_0=-1   
			*ref_1 = (02F2): Point2D - (0,13)
			*ref_2 = (02D8): Transformation
			*ref_3 = (02F4): C1887310
		objects[02E5] = (02F4): C1887310  flags=0000  index=033E lst0=(831) s32_0=-1
		objects[02E6] = (02F5): B8DBEF70  flags=0200  index=033F s32_0=-1 u8_0=05  wireIndex=0002 u32_1=0002 lst0=(003E,00EC) lst1=() u8_2=00  ntEntry=0004[000A]
			creator = (076F): SurfaceCreator  flags=0000    a0=(003,8000) idxCreator=311 u16_0=8000
			*body = (0008): SurfaceBody 'Solide1'
			*owner = (02F4): C1887310
		objects[02E7] = (02F6): Point2D  flags=30200  index=0340 flags2=0040  pos=Vector (-4.0, 13.0, 0.0)   u32_0=0000 lst1=() 
			next = (0770): FxAttrStyles a0=(0000,0000)    u32_0=0000 associativeID=0009 typEntity=0001
				next = (0A28): FxAttrEntityReference a0=(0000,0000)    
					*owner = (02F6): Point2D - (-4,13)
					*ref_2 = (02F7): 60406697
			*sketch = (02D9): Sketch2D 'Esquisse4'
			*endPointOf[0000] = (02FA): Line2D - (0,13) - (-4,13)
		objects[02E8] = (02F7): 60406697  flags=0200  index=0341 s32_0=-1   
			*ref_1 = (02F6): Point2D - (-4,13)
			*ref_2 = (02D8): Transformation
			*ref_3 = (02F8): C1887310
		objects[02E9] = (02F8): C1887310  flags=0000  index=0342 lst0=(835) s32_0=-1
		objects[02EA] = (02F9): B8DBEF70  flags=0200  index=0343 s32_0=-1 u8_0=05  wireIndex=0002 u32_1=0002 lst0=(003E,00EC) lst1=() u8_2=00  ntEntry=0004[000D]
			creator = (0771): SurfaceCreator  flags=0000    a0=(003,8000) idxCreator=311 u16_0=8000
			*body = (0008): SurfaceBody 'Solide1'
			*owner = (02F8): C1887310
		objects[02EB] = (02FA): Line2D  flags=30200  index=0344 flags2=80040    pos=Vector (0.0, 13.0, 0.0) dir=Vector (-1.0, 0.0, 0.0)
			next = (0772): FxAttrStyles a0=(0000,0000)    u32_0=0000 associativeID=000A typEntity=0002
				next = (0A29): FxAttrEntityReference a0=(0000,0000)    
					*owner = (02FA): Line2D - (0,13) - (-4,13)
					next = (0B6E): FxAttr_D5F19E40 a0=(0000,0000)    u32_0=0000 pos=Vector (0.0, 13.0, 0.0) dir=Vector (-1.0, 0.0, 0.0)
						*owner = (02FA): Line2D - (0,13) - (-4,13)
					*ref_2 = (02FB): 64DE16F3
			*sketch = (02D9): Sketch2D 'Esquisse4'
			*points[0000] = (02F2): Point2D - (0,13)
			*points[0001] = (02F6): Point2D - (-4,13)
		objects[02EC] = (02FB): 64DE16F3  flags=0200  index=0345 s32_0=3    u16_0=017
			*entity = (02FA): Line2D - (0,13) - (-4,13)
			*transformation = (02D8): Transformation
			*edge = (02FC): EdgeItem
		objects[02ED] = (02FC): EdgeItem  flags=0000  index=0346 indexRefs=(839) s32_0=-1 u32_0=0000
		objects[02EE] = (02FD): EdgeId  flags=0200  index=0347 s32_0=-1 u8_0=05  wireIndex=0002 u32_1=0002 lst0=(003E,00EC) lst1=() u8_2=00  ntEntry=0004[000E]
			creator = (0773): SurfaceCreator  flags=0000    a0=(003,8000) idxCreator=311 u16_0=8000
			*body = (0008): SurfaceBody 'Solide1'
			*owner = (02FC): EdgeItem
		objects[02EF] = (02FE): Parameter 'd41'  flags=1024200  index=0348   valueNominal=9.7 valueModel=9.7   tolerance=NOMINAL u16_0=-1
			unit = (0774): Unit   visible=True 
				numerators[0000] = (0A2A): UnitMilliMeter magnitude=1 factor=1 Unit="mm" UnitOffset=0 UnitFactor=0.1 UnitSupportet=True
			formula = (0775): ParameterValue  value=9.7 type=FFFF
				unit = (0A2B): Unit   visible=True 
					numerators[0000] = (0B6F): UnitMeter magnitude=0.001 factor=1 Unit="m" UnitOffset=0 UnitFactor=100 UnitSupportet=True
		objects[02F0] = (02FF): Dimension_Distance2D  flags=4208  index=0349 flags2=-1  lst0={}   u32_0=0000   a0=(0000,0000,0000,0000) a1=Vector (1.7976931348623157e+308, 0.0, 0.0) a2=Vector (1.7976931348623157e+308, 0.0, 0.0)
			next = (0776): FxAttr_EEE03AF5 a0=(0000,0000)     u16_0=006   u32_0=0000 a1=Vector (1.0, 0.0, 0.0) p1=Vector (0.0, 3.3, 0.0) p2=Vector (0.0, 13.0, 0.0) a2=Vector (9.7, 1.3111785300648235, 0.0)
				entity2 = (0A2C): E1D3D023  flags=3000200  index=0000 flags2=0000  a1=(0,0,1.875) a2=(100,000,000) a3=Vector (0.0, 3.3, 0.0) a4=(000,000,000) a5=Vector (0.0, 8.1155e-320, 0.0) a6=(000,003,000) s32_0=-1 a7=(1,1.11022e-16,0,-1.11022e-16,1,0,0,1.31118,3.57469,0,1.31118,8.15,0,1.5689,3.3,0,1.5689,13,0,1.07692e-15,3.3,0,0,13,0,1.31118,3.3,0,1.31118,13,0) a8=(01,01,00,00,00,00,00,00,00,00,00,00,00,03,00,00,01,00) a9=(0,0.257724,0.064431,0.6069,0.313847,0) u8_0=01   a10=(0000,0000,006A) a11=(1.31118,3.3,0,1.31118,13,0,1.31118,3.3,0,1.31118,13,0,1.31118,3.57469,0,0,0,0) u8_1=01 a12=(1,1.11022e-16,0,1.31118,8.15,0,0,1,0,0,0,0) u8_2=00 a13=(0.064431,3.3,0,0.064431,13,0) 
					ref_1 = (0B70): 39A41830  flags=0210  index=0000 s32_0=-1 a2=(0000,0000,0000,0000,0000,0000,0000,0000,0000,0001,0000,0000,0003) a3=Vector (0.0, 0.0, 0.0) txt0="" a4=(0000,0000,0000,A7F9,A7FB) a5=(1,0,0,1.31118,3.57469,0) a6=(000,000,000,000,000,000)   u32_0=0000 a7=(0003,0003) a8=(07E4,0000) 
						*parameter1 = (02FE): Parameter 'd41'=97mm
						*sketch = (02D9): Sketch2D 'Esquisse4'
					ref_2 = (0B71): 99B938AE  flags=0200  index=0000 a1=Vector (0.25, 0.1, 0.0) u32_0=0010 u32_1=0000
					*ref_3 = (0B71): 99B938AE
				*entity3 = (02EE): Line2D - (-4,3.3) - (0,3.3)
				*entity4 = (02FA): Line2D - (0,13) - (-4,13)
			*group = (039B): Group2D
			*parameter = (02FE): Parameter 'd41'=97mm
			*entity1 = (02EE): Line2D - (-4,3.3) - (0,3.3)
			*entity2 = (02FA): Line2D - (0,13) - (-4,13)
		objects[02F1] = (0300): Parameter 'd42'  flags=24200  index=034C   valueNominal=4.85 valueModel=4.85   tolerance=NOMINAL u16_0=-1
			unit = (0777): Unit   visible=True 
				numerators[0000] = (0A2D): UnitMilliMeter magnitude=1 factor=1 Unit="mm" UnitOffset=0 UnitFactor=0.1 UnitSupportet=True
			formula = (0778): ParameterOperatorDiv '/'   
				unit = (0A2E): Unit   visible=False 
					numerators[0000] = (0B72): UnitMilliMeter magnitude=1 factor=1 Unit="mm" UnitOffset=0 UnitFactor=0.1 UnitSupportet=True
					denominators[0000] = (0B73): UnitEmpty magnitude=1 factor=1 Unit="" UnitOffset=0 UnitFactor=1 UnitSupportet=True
				operand1 = (0A2F): ParameterRef  
					unit = (0B74): Unit   visible=False 
						numerators[0000] = (0C0C): UnitMilliMeter magnitude=1 factor=1 Unit="mm" UnitOffset=0 UnitFactor=0.1 UnitSupportet=True
					*operand1 = (02FE): Parameter 'd41'=97mm
				operand2 = (0A30): ParameterValue  value=2 type=000
					unit = (0B75): Unit   visible=True 
						numerators[0000] = (0C0D): UnitEmpty magnitude=1 factor=1 Unit="" UnitOffset=0 UnitFactor=1 UnitSupportet=True
		objects[02F2] = (0301): Dimension_Distance2D  flags=4208  index=034D flags2=-1  lst0={}   u32_0=0000   a0=(0000,0000,0000,0000) a1=Vector (1.7976931348623157e+308, 0.0, 0.0) a2=Vector (1.7976931348623157e+308, 0.0, 0.0)
			next = (0779): FxAttr_EEE03AF5 a0=(0000,0000)     u16_0=006   u32_0=0000 a1=Vector (0.0, 0.8842248465191973, 0.0) p1=Vector (0.0, 13.0, 0.0) p2=Vector (0.0, 8.149999999999999, 0.0) a2=Vector (4.850000000000001, 2.731390775168665, 0.0)
				entity2 = (0A31): E1D3D023  flags=3000200  index=0000 flags2=0000  a1=(0,0,1.875) a2=(100,000,000) a3=Vector (0.0, 13.0, 0.0) a4=(000,000,000) a5=Vector (9.255963134871921e+61, 8.1106e-320, 0.0) a6=(000,003,000) s32_0=-1 a7=(-1,0,0,0,-1,0,0,2.73139,12.9355,0,2.73139,10.575,0,3.06466,13,0,3.06466,8.15,0,0,13,0,0,8.15,0,2.73139,13,0,2.73139,8.15,0) a8=(01,01,00,00,00,00,00,00,00,00,00,00,00,03,00,00,01,00) a9=(0,0.333273,0.0833182,1.01509,0.308841,0) u8_0=01   a10=(0000,0000,006A) a11=(2.73139,13,0,2.73139,8.15,0,2.73139,13,0,2.73139,8.15,0,2.73139,12.9355,0,0,0,0) u8_1=01 a12=(-1,0,0,2.73139,10.575,0,0,-1,0,0,0,0) u8_2=00 a13=(0.0833182,13,0,0.0833182,8.15,0) 
					ref_1 = (0B76): 39A41830  flags=0210  index=0000 s32_0=-1 a2=(0000,0000,0000,0000,0000,0000,0000,0000,0000,0001,0000,0000,0003) a3=Vector (0.0, 0.0, 0.0) txt0="" a4=(0000,0000,0000,A7F9,A7FB) a5=(1,0,0,2.73139,12.9355,0) a6=(000,000,000,000,000,000)   u32_0=0000 a7=(0003,0003) a8=(07E4,0000) 
						*parameter1 = (0300): Parameter 'd42'=48.5mm
						*sketch = (02D9): Sketch2D 'Esquisse4'
					ref_2 = (0B77): 99B938AE  flags=0200  index=0000 a1=Vector (0.25, 0.1, 0.0) u32_0=0010 u32_1=0000
					*ref_3 = (0B77): 99B938AE
				*entity3 = (02FA): Line2D - (0,13) - (-4,13)
				*entity4 = (02E2): Line2D - (-25.7905,8.15) - (3.37686,8.15)
			*group = (0519): Group2D
			*parameter = (0300): Parameter 'd42'=48.5mm
			*entity1 = (02FA): Line2D - (0,13) - (-4,13)
			*entity2 = (02E2): Line2D - (-25.7905,8.15) - (3.37686,8.15)
		objects[02F3] = (0302): ParameterMappings  flags=0208  index=034E s32_0=-1    f=0  u16_0=002 u8_0=00
			*ref_1 = (0303): 0D0F9548
			*target = (0300): Parameter 'd42'=48.5mm
			mapping[0000] = (077A): 553DA303  x=0.5
				*parameter = (02FE): Parameter 'd41'=97mm
			mapping[0001] = (077B): 553DA303  x=-1
				*parameter = (0300): Parameter 'd42'=48.5mm
			*paramRef = (0778): ParameterOperatorDiv '/'
		objects[02F4] = (0303): 0D0F9548  flags=0200  index=034F s32_0=-1 u32_0=0001 
			*mapping = (0302): ParameterMappings
		objects[02F5] = (0304): Point2D  flags=20200  index=0350 flags2=0000  pos=Vector (-1.4999999999999996, 8.149999999999999, 0.0)   u32_0=0000 lst1=() 
			next = (077C): FxAttrStyles a0=(0000,0000)    u32_0=0000 associativeID=000B typEntity=0001
			*sketch = (02D9): Sketch2D 'Esquisse4'
			*endPointOf[0000] = (02E2): Line2D - (-25.7905,8.15) - (3.37686,8.15)
			*centerOf[0000] = (0306): Circle2D - (-1.5,8.15), r=0.15
		objects[02F6] = (0305): Geometric_Coincident2D  flags=4208  index=0351 flags2=-1  lst0={}    
			*group = (0519): Group2D
			*entity1 = (02E2): Line2D - (-25.7905,8.15) - (3.37686,8.15)
			*entity2 = (0304): Point2D - (-1.5,8.15)
		objects[02F7] = (0306): Circle2D  flags=20200  index=0352 flags2=0000     r=0.15 u8_0=01
			next = (077D): FxAttrStyles a0=(0000,0000)    u32_0=0000 associativeID=000C typEntity=0002
			*sketch = (02D9): Sketch2D 'Esquisse4'
			*center = (0304): Point2D - (-1.5,8.15)
		objects[02F8] = (0307): Geometric_Radius2D  flags=4208  index=0353 flags2=-1  lst0={}    
			*group = (0519): Group2D
			*entity = (0306): Circle2D - (-1.5,8.15), r=0.15
			*center = (0304): Point2D - (-1.5,8.15)
		objects[02F9] = (0308): Point2D  flags=20200  index=0354 flags2=0000  pos=Vector (-0.7999999999999995, 8.149999999999999, 0.0)   u32_0=0000 lst1=() 
			next = (077E): FxAttrStyles a0=(0000,0000)    u32_0=0000 associativeID=000D typEntity=0001
			*sketch = (02D9): Sketch2D 'Esquisse4'
			*endPointOf[0000] = (02E2): Line2D - (-25.7905,8.15) - (3.37686,8.15)
			*centerOf[0000] = (030A): Circle2D - (-0.8,8.15), r=0.15
		objects[02FA] = (0309): Geometric_Coincident2D  flags=4208  index=0355 flags2=-1  lst0={}    
			*group = (0519): Group2D
			*entity1 = (02E2): Line2D - (-25.7905,8.15) - (3.37686,8.15)
			*entity2 = (0308): Point2D - (-0.8,8.15)
		objects[02FB] = (030A): Circle2D  flags=20200  index=0356 flags2=0000     r=0.15 u8_0=01
			next = (077F): FxAttrStyles a0=(0000,0000)    u32_0=0000 associativeID=000E typEntity=0002
			*sketch = (02D9): Sketch2D 'Esquisse4'
			*center = (0308): Point2D - (-0.8,8.15)
		objects[02FC] = (030B): Geometric_Radius2D  flags=4208  index=0357 flags2=-1  lst0={}    
			*group = (0519): Group2D
			*entity = (030A): Circle2D - (-0.8,8.15), r=0.15
			*center = (0308): Point2D - (-0.8,8.15)
		objects[02FD] = (030C): Point2D  flags=20200  index=0358 flags2=0000  pos=Vector (-1.3, 12.650000000000002, 0.0)   u32_0=0000 lst1=() 
			next = (0780): FxAttrStyles a0=(0000,0000)    u32_0=0000 associativeID=000F typEntity=0001
			*sketch = (02D9): Sketch2D 'Esquisse4'
			*centerOf[0000] = (030D): Circle2D - (-1.3,12.65), r=0.15
		objects[02FE] = (030D): Circle2D  flags=20200  index=0359 flags2=0000     r=0.15 u8_0=01
			next = (0781): FxAttrStyles a0=(0000,0000)    u32_0=0000 associativeID=0010 typEntity=0002
			*sketch = (02D9): Sketch2D 'Esquisse4'
			*center = (030C): Point2D - (-1.3,12.65)
		objects[02FF] = (030E): Geometric_Radius2D  flags=4208  index=035A flags2=-1  lst0={}    
			*group = (0519): Group2D
			*entity = (030D): Circle2D - (-1.3,12.65), r=0.15
			*center = (030C): Point2D - (-1.3,12.65)
		objects[0300] = (030F): Point2D  flags=20200  index=035C flags2=0000  pos=Vector (-2.4000000000000004, 12.650000000000002, 0.0)   u32_0=0000 lst1=() 
			next = (0782): FxAttrStyles a0=(0000,0000)    u32_0=0000 associativeID=0011 typEntity=0001
			*sketch = (02D9): Sketch2D 'Esquisse4'
			*centerOf[0000] = (0310): Circle2D - (-2.4,12.65), r=0.15
		objects[0301] = (0310): Circle2D  flags=20200  index=035D flags2=0000     r=0.15 u8_0=01
			next = (0783): FxAttrStyles a0=(0000,0000)    u32_0=0000 associativeID=0012 typEntity=0002
			*sketch = (02D9): Sketch2D 'Esquisse4'
			*center = (030F): Point2D - (-2.4,12.65)
		objects[0302] = (0311): Geometric_Radius2D  flags=4208  index=035E flags2=-1  lst0={}    
			*group = (0519): Group2D
			*entity = (0310): Circle2D - (-2.4,12.65), r=0.15
			*center = (030F): Point2D - (-2.4,12.65)
		objects[0303] = (0312): Point2D  flags=20200  index=0368 flags2=0000  pos=Vector (-4.700000000000001, 12.65, 0.0)   u32_0=0000 lst1=() 
			next = (0784): FxAttrStyles a0=(0000,0000)    u32_0=0000 associativeID=0017 typEntity=0001
			*sketch = (02D9): Sketch2D 'Esquisse4'
			*centerOf[0000] = (0313): Circle2D - (-4.7,12.65), r=0.15
		objects[0304] = (0313): Circle2D  flags=20200  index=0369 flags2=0000     r=0.15 u8_0=01
			next = (0785): FxAttrStyles a0=(0000,0000)    u32_0=0000 associativeID=0018 typEntity=0002
			*sketch = (02D9): Sketch2D 'Esquisse4'
			*center = (0312): Point2D - (-4.7,12.65)
		objects[0305] = (0314): Geometric_Radius2D  flags=4208  index=036A flags2=-1  lst0={}    
			*group = (0519): Group2D
			*entity = (0313): Circle2D - (-4.7,12.65), r=0.15
			*center = (0312): Point2D - (-4.7,12.65)
		objects[0306] = (0315): Point2D  flags=20200  index=0380 flags2=0000  pos=Vector (-6.7, 15.5, 0.0)   u32_0=0000 lst1=() 
			next = (0786): FxAttrStyles a0=(0000,0000)    u32_0=0000 associativeID=0023 typEntity=0001
			*sketch = (02D9): Sketch2D 'Esquisse4'
			*centerOf[0000] = (0316): Circle2D - (-6.7,15.5), r=0.15
		objects[0307] = (0316): Circle2D  flags=20200  index=0381 flags2=0000     r=0.15 u8_0=01
			next = (0787): FxAttrStyles a0=(0000,0000)    u32_0=0000 associativeID=0024 typEntity=0002
			*sketch = (02D9): Sketch2D 'Esquisse4'
			*center = (0315): Point2D - (-6.7,15.5)
		objects[0308] = (0317): Geometric_Radius2D  flags=4208  index=0382 flags2=-1  lst0={}    
			*group = (0519): Group2D
			*entity = (0316): Circle2D - (-6.7,15.5), r=0.15
			*center = (0315): Point2D - (-6.7,15.5)
		objects[0309] = (0318): Point2D  flags=20200  index=0384 flags2=0000  pos=Vector (-7.8500000000000005, 15.5, 0.0)   u32_0=0000 lst1=() 
			next = (0788): FxAttrStyles a0=(0000,0000)    u32_0=0000 associativeID=0025 typEntity=0001
			*sketch = (02D9): Sketch2D 'Esquisse4'
			*centerOf[0000] = (0319): Circle2D - (-7.85,15.5), r=0.15
		objects[030A] = (0319): Circle2D  flags=20200  index=0385 flags2=0000     r=0.15 u8_0=01
			next = (0789): FxAttrStyles a0=(0000,0000)    u32_0=0000 associativeID=0026 typEntity=0002
			*sketch = (02D9): Sketch2D 'Esquisse4'
			*center = (0318): Point2D - (-7.85,15.5)
		objects[030B] = (031A): Geometric_Radius2D  flags=4208  index=0386 flags2=-1  lst0={}    
			*group = (0519): Group2D
			*entity = (0319): Circle2D - (-7.85,15.5), r=0.15
			*center = (0318): Point2D - (-7.85,15.5)
		objects[030C] = (031B): Point2D  flags=20200  index=0388 flags2=0000  pos=Vector (-7.300000000000001, 14.0, 0.0)   u32_0=0000 lst1=() 
			next = (078A): FxAttrStyles a0=(0000,0000)    u32_0=0000 associativeID=0027 typEntity=0001
			*sketch = (02D9): Sketch2D 'Esquisse4'
			*centerOf[0000] = (031C): Circle2D - (-7.3,14), r=0.15
		objects[030D] = (031C): Circle2D  flags=20200  index=0389 flags2=0000     r=0.15 u8_0=01
			next = (078B): FxAttrStyles a0=(0000,0000)    u32_0=0000 associativeID=0028 typEntity=0002
			*sketch = (02D9): Sketch2D 'Esquisse4'
			*center = (031B): Point2D - (-7.3,14)
		objects[030E] = (031D): Geometric_Radius2D  flags=4208  index=038A flags2=-1  lst0={}    
			*group = (0519): Group2D
			*entity = (031C): Circle2D - (-7.3,14), r=0.15
			*center = (031B): Point2D - (-7.3,14)
		objects[030F] = (031E): Point2D  flags=20200  index=038C flags2=0000  pos=Vector (-6.15, 14.0, 0.0)   u32_0=0000 lst1=() 
			next = (078C): FxAttrStyles a0=(0000,0000)    u32_0=0000 associativeID=0029 typEntity=0001
			*sketch = (02D9): Sketch2D 'Esquisse4'
			*centerOf[0000] = (031F): Circle2D - (-6.15,14), r=0.15
		objects[0310] = (031F): Circle2D  flags=20200  index=038D flags2=0000     r=0.15 u8_0=01
			next = (078D): FxAttrStyles a0=(0000,0000)    u32_0=0000 associativeID=002A typEntity=0002
			*sketch = (02D9): Sketch2D 'Esquisse4'
			*center = (031E): Point2D - (-6.15,14)
		objects[0311] = (0320): Geometric_Radius2D  flags=4208  index=038E flags2=-1  lst0={}    
			*group = (0519): Group2D
			*entity = (031F): Circle2D - (-6.15,14), r=0.15
			*center = (031E): Point2D - (-6.15,14)
		objects[0312] = (0321): Point2D  flags=20200  index=0390 flags2=0000  pos=Vector (-5.6, 9.149999999999999, 0.0)   u32_0=0000 lst1=() 
			next = (078E): FxAttrStyles a0=(0000,0000)    u32_0=0000 associativeID=002B typEntity=0001
			*sketch = (02D9): Sketch2D 'Esquisse4'
			*centerOf[0000] = (0322): Circle2D - (-5.6,9.15), r=0.15
		objects[0313] = (0322): Circle2D  flags=20200  index=0391 flags2=0000     r=0.15 u8_0=01
			next = (078F): FxAttrStyles a0=(0000,0000)    u32_0=0000 associativeID=002C typEntity=0002
			*sketch = (02D9): Sketch2D 'Esquisse4'
			*center = (0321): Point2D - (-5.6,9.15)
		objects[0314] = (0323): Geometric_Radius2D  flags=4208  index=0392 flags2=-1  lst0={}    
			*group = (0519): Group2D
			*entity = (0322): Circle2D - (-5.6,9.15), r=0.15
			*center = (0321): Point2D - (-5.6,9.15)
		objects[0315] = (0324): Point2D  flags=20200  index=0398 flags2=0000  pos=Vector (-7.600000000000001, 9.249999999999998, 0.0)   u32_0=0000 lst1=() 
			next = (0790): FxAttrStyles a0=(0000,0000)    u32_0=0000 associativeID=002F typEntity=0001
			*sketch = (02D9): Sketch2D 'Esquisse4'
			*centerOf[0000] = (0325): Circle2D - (-7.6,9.25), r=0.15
		objects[0316] = (0325): Circle2D  flags=20200  index=0399 flags2=0000     r=0.15 u8_0=01
			next = (0791): FxAttrStyles a0=(0000,0000)    u32_0=0000 associativeID=0030 typEntity=0002
			*sketch = (02D9): Sketch2D 'Esquisse4'
			*center = (0324): Point2D - (-7.6,9.25)
		objects[0317] = (0326): Geometric_Radius2D  flags=4208  index=039A flags2=-1  lst0={}    
			*group = (0519): Group2D
			*entity = (0325): Circle2D - (-7.6,9.25), r=0.15
			*center = (0324): Point2D - (-7.6,9.25)
		objects[0318] = (0327): Point2D  flags=20200  index=03A4 flags2=0000  pos=Vector (-8.100000000000001, 9.45, 0.0)   u32_0=0000 lst1=() 
			next = (0792): FxAttrStyles a0=(0000,0000)    u32_0=0000 associativeID=0035 typEntity=0001
			*sketch = (02D9): Sketch2D 'Esquisse4'
			*centerOf[0000] = (0328): Circle2D - (-8.1,9.45), r=0.15
		objects[0319] = (0328): Circle2D  flags=20200  index=03A5 flags2=0000     r=0.15 u8_0=01
			next = (0793): FxAttrStyles a0=(0000,0000)    u32_0=0000 associativeID=0036 typEntity=0002
			*sketch = (02D9): Sketch2D 'Esquisse4'
			*center = (0327): Point2D - (-8.1,9.45)
		objects[031A] = (0329): Geometric_Radius2D  flags=4208  index=03A6 flags2=-1  lst0={}    
			*group = (0519): Group2D
			*entity = (0328): Circle2D - (-8.1,9.45), r=0.15
			*center = (0327): Point2D - (-8.1,9.45)
		objects[031B] = (032A): Point2D  flags=20200  index=03A8 flags2=0000  pos=Vector (-22.800000000000004, 10.1, 0.0)   u32_0=0000 lst1=() 
			next = (0794): FxAttrStyles a0=(0000,0000)    u32_0=0000 associativeID=0037 typEntity=0001
			*sketch = (02D9): Sketch2D 'Esquisse4'
			*centerOf[0000] = (032B): Circle2D - (-22.8,10.1), r=0.15
		objects[031C] = (032B): Circle2D  flags=20200  index=03A9 flags2=0000     r=0.15 u8_0=01
			next = (0795): FxAttrStyles a0=(0000,0000)    u32_0=0000 associativeID=0038 typEntity=0002
			*sketch = (02D9): Sketch2D 'Esquisse4'
			*center = (032A): Point2D - (-22.8,10.1)
		objects[031D] = (032C): Geometric_Radius2D  flags=4208  index=03AA flags2=-1  lst0={}    
			*group = (0519): Group2D
			*entity = (032B): Circle2D - (-22.8,10.1), r=0.15
			*center = (032A): Point2D - (-22.8,10.1)
		objects[031E] = (032D): Point2D  flags=20200  index=03AC flags2=0000  pos=Vector (-21.100000000000005, 10.1, 0.0)   u32_0=0000 lst1=() 
			next = (0796): FxAttrStyles a0=(0000,0000)    u32_0=0000 associativeID=0039 typEntity=0001
			*sketch = (02D9): Sketch2D 'Esquisse4'
			*centerOf[0000] = (032E): Circle2D - (-21.1,10.1), r=0.15
		objects[031F] = (032E): Circle2D  flags=20200  index=03AD flags2=0000     r=0.15 u8_0=01
			next = (0797): FxAttrStyles a0=(0000,0000)    u32_0=0000 associativeID=003A typEntity=0002
			*sketch = (02D9): Sketch2D 'Esquisse4'
			*center = (032D): Point2D - (-21.1,10.1)
		objects[0320] = (032F): Geometric_Radius2D  flags=4208  index=03AE flags2=-1  lst0={}    
			*group = (0519): Group2D
			*entity = (032E): Circle2D - (-21.1,10.1), r=0.15
			*center = (032D): Point2D - (-21.1,10.1)
		objects[0321] = (0330): Point2D  flags=20200  index=03B8 flags2=0000  pos=Vector (-23.750000000000007, 11.349999999999998, 0.0)   u32_0=0000 lst1=() 
			next = (0798): FxAttrStyles a0=(0000,0000)    u32_0=0000 associativeID=003F typEntity=0001
			*sketch = (02D9): Sketch2D 'Esquisse4'
			*centerOf[0000] = (0331): Circle2D - (-23.75,11.35), r=0.15
		objects[0322] = (0331): Circle2D  flags=20200  index=03B9 flags2=0000     r=0.15 u8_0=01
			next = (0799): FxAttrStyles a0=(0000,0000)    u32_0=0000 associativeID=0040 typEntity=0002
			*sketch = (02D9): Sketch2D 'Esquisse4'
			*center = (0330): Point2D - (-23.75,11.35)
		objects[0323] = (0332): Geometric_Radius2D  flags=4208  index=03BA flags2=-1  lst0={}    
			*group = (0519): Group2D
			*entity = (0331): Circle2D - (-23.75,11.35), r=0.15
			*center = (0330): Point2D - (-23.75,11.35)
		objects[0324] = (0333): Point2D  flags=20200  index=03BC flags2=0000  pos=Vector (-23.750000000000004, 8.149999999999999, 0.0)   u32_0=0000 lst1=() 
			next = (079A): FxAttrStyles a0=(0000,0000)    u32_0=0000 associativeID=0041 typEntity=0001
			*sketch = (02D9): Sketch2D 'Esquisse4'
			*endPointOf[0000] = (02E2): Line2D - (-25.7905,8.15) - (3.37686,8.15)
			*centerOf[0000] = (0335): Circle2D - (-23.75,8.15), r=0.15
		objects[0325] = (0334): Geometric_Coincident2D  flags=4208  index=03BD flags2=-1  lst0={}    
			*group = (0519): Group2D
			*entity1 = (02E2): Line2D - (-25.7905,8.15) - (3.37686,8.15)
			*entity2 = (0333): Point2D - (-23.75,8.15)
		objects[0326] = (0335): Circle2D  flags=20200  index=03BE flags2=0000     r=0.15 u8_0=01
			next = (079B): FxAttrStyles a0=(0000,0000)    u32_0=0000 associativeID=0042 typEntity=0002
			*sketch = (02D9): Sketch2D 'Esquisse4'
			*center = (0333): Point2D - (-23.75,8.15)
		objects[0327] = (0336): Geometric_Radius2D  flags=4208  index=03BF flags2=-1  lst0={}    
			*group = (0519): Group2D
			*entity = (0335): Circle2D - (-23.75,8.15), r=0.15
			*center = (0333): Point2D - (-23.75,8.15)
		objects[0328] = (0337): Geometric_EqualRadius2D  flags=4208  index=03C4 flags2=-1  lst0={}    
			*group = (0519): Group2D
			*circle1 = (0319): Circle2D - (-7.85,15.5), r=0.15
			*circle2 = (0316): Circle2D - (-6.7,15.5), r=0.15
		objects[0329] = (0338): Geometric_EqualRadius2D  flags=4208  index=03C6 flags2=-1  lst0={}    
			*group = (0519): Group2D
			*circle1 = (031C): Circle2D - (-7.3,14), r=0.15
			*circle2 = (0319): Circle2D - (-7.85,15.5), r=0.15
		objects[032A] = (0339): Geometric_EqualRadius2D  flags=4208  index=03C8 flags2=-1  lst0={}    
			*group = (0519): Group2D
			*circle1 = (0316): Circle2D - (-6.7,15.5), r=0.15
			*circle2 = (031F): Circle2D - (-6.15,14), r=0.15
		objects[032B] = (033A): Geometric_EqualRadius2D  flags=4208  index=03CA flags2=-1  lst0={}    
			*group = (0519): Group2D
			*circle1 = (031F): Circle2D - (-6.15,14), r=0.15
			*circle2 = (0313): Circle2D - (-4.7,12.65), r=0.15
		objects[032C] = (033B): Geometric_EqualRadius2D  flags=4208  index=03CC flags2=-1  lst0={}    
			*group = (0519): Group2D
			*circle1 = (031F): Circle2D - (-6.15,14), r=0.15
			*circle2 = (0310): Circle2D - (-2.4,12.65), r=0.15
		objects[032D] = (033C): Geometric_EqualRadius2D  flags=4208  index=03CE flags2=-1  lst0={}    
			*group = (0519): Group2D
			*circle1 = (0313): Circle2D - (-4.7,12.65), r=0.15
			*circle2 = (030D): Circle2D - (-1.3,12.65), r=0.15
		objects[032E] = (033D): Geometric_EqualRadius2D  flags=4208  index=03D0 flags2=-1  lst0={}    
			*group = (0519): Group2D
			*circle1 = (0313): Circle2D - (-4.7,12.65), r=0.15
			*circle2 = (0328): Circle2D - (-8.1,9.45), r=0.15
		objects[032F] = (033E): Geometric_EqualRadius2D  flags=4208  index=03D2 flags2=-1  lst0={}    
			*group = (0519): Group2D
			*circle1 = (0313): Circle2D - (-4.7,12.65), r=0.15
			*circle2 = (0325): Circle2D - (-7.6,9.25), r=0.15
		objects[0330] = (033F): Geometric_EqualRadius2D  flags=4208  index=03D4 flags2=-1  lst0={}    
			*group = (0519): Group2D
			*circle1 = (0325): Circle2D - (-7.6,9.25), r=0.15
			*circle2 = (0322): Circle2D - (-5.6,9.15), r=0.15
		objects[0331] = (0340): Geometric_EqualRadius2D  flags=4208  index=03DC flags2=-1  lst0={}    
			*group = (0519): Group2D
			*circle1 = (0322): Circle2D - (-5.6,9.15), r=0.15
			*circle2 = (0306): Circle2D - (-1.5,8.15), r=0.15
		objects[0332] = (0341): Geometric_EqualRadius2D  flags=4208  index=03DE flags2=-1  lst0={}    
			*group = (0519): Group2D
			*circle1 = (0322): Circle2D - (-5.6,9.15), r=0.15
			*circle2 = (030A): Circle2D - (-0.8,8.15), r=0.15
		objects[0333] = (0342): Parameter 'd43'  flags=34200  index=03DF   valueNominal=0.3 valueModel=0.3   tolerance=NOMINAL u16_0=-1
			unit = (079C): Unit   visible=True 
				numerators[0000] = (0A32): UnitMilliMeter magnitude=1 factor=1 Unit="mm" UnitOffset=0 UnitFactor=0.1 UnitSupportet=True
			formula = (079D): ParameterValue  value=0.3 type=000
				unit = (0A33): Unit   visible=True 
					numerators[0000] = (0B78): UnitMeter magnitude=0.001 factor=1 Unit="m" UnitOffset=0 UnitFactor=100 UnitSupportet=True
		objects[0334] = (0343): Dimension_Diameter2D  flags=4208  index=03E0 flags2=-1  lst0={}     a0=(0000,0000,0000,0000)
			next = (079E): FxAttr_26F369B7 a0=(0000,0000)     u16_0=001  a1=(0000,0000) a2=Vector (1.4804676446350091, 0.0, 0.0)
				ref_1 = (0A34): 7F4A3E30 flags=3000200  index=0000 flags2=0000  u32_1=0000 a=1 a0=(101,000,000) a1=(-7.83647,15.6494,0,-7.86353,15.3506,0) u32_2=0002 s32_0=-1 a2=(-0.995923,0.0902059,0,0.0902059,0.995923,0) u32_3=0000 s32_1=0 a3=(-7.79857,16.0679,0,-7.85,15.5,0,0,0,0,0,0,0,0,0,0,0,0,0,-7.83647,15.6494,0,-7.86353,15.3506,0) u16_0=000 f64_0=0 a4=(000,300,000) b=(01,00) a5=(0,0.122372,0,0.178296,0.247612,0) u8_1=01   a6=(0000,0000,016A) a7=(-7.83647,15.6494,0,-7.86353,15.3506,0,-7.79857,16.0679,0,-7.03637,16.0679,0,-7.12552,16.0679,0,0,0,0) u8_2=00 a8=(0,0,0,0,0,0,1,0,0,0,0,0,0,0,0,0,0,0) u8_3=00  a9=(-7.85,15.5,0,0,0,1,1,0,-0,0.15,0,6.28319) u8_4=00 a10=(000,BDBB,D9D7,7CDF,3DDB) a11=(-7.83647,15.6494,0,-7.85,15.5,0,-1)
					ref_1 = (0B79): 39A41830  flags=0210  index=0000 s32_0=-1 a2=(0000,0000,0000,0000,0000,0000,0000,0000,0000,0001,0000,0000,0003) a3=Vector (0.0, 0.0, 0.0) txt0="" a4=(0000,0000,0000,A7F9,A7FB) a5=(1,0,0,-7.12552,16.0679,0) a6=(000,000,000,000,000,000)   u32_0=0000 a7=(0003,0003) a8=(07E4,0000) 
						*parameter1 = (0342): Parameter 'd43'=3mm
						*sketch = (02D9): Sketch2D 'Esquisse4'
					ref_2 = (0B7A): 99B938AE  flags=0200  index=0000 a1=Vector (0.25, 0.1, 0.0) u32_0=0010 u32_1=0000
					*ref_3 = (0B7A): 99B938AE
				*ref_2 = (0319): Circle2D - (-7.85,15.5), r=0.15
			*group = (0519): Group2D
			*parameter = (0342): Parameter 'd43'=3mm
			*circle = (0319): Circle2D - (-7.85,15.5), r=0.15
		objects[0335] = (0344): Geometric_EqualRadius2D  flags=4208  index=03F6 flags2=-1  lst0={}    
			*group = (0519): Group2D
			*circle1 = (0335): Circle2D - (-23.75,8.15), r=0.15
			*circle2 = (032B): Circle2D - (-22.8,10.1), r=0.15
		objects[0336] = (0345): Geometric_EqualRadius2D  flags=4208  index=03F8 flags2=-1  lst0={}    
			*group = (0519): Group2D
			*circle1 = (032B): Circle2D - (-22.8,10.1), r=0.15
			*circle2 = (0331): Circle2D - (-23.75,11.35), r=0.15
		objects[0337] = (0346): Geometric_EqualRadius2D  flags=4208  index=03FA flags2=-1  lst0={}    
			*group = (0519): Group2D
			*circle1 = (032B): Circle2D - (-22.8,10.1), r=0.15
			*circle2 = (032E): Circle2D - (-21.1,10.1), r=0.15
		objects[0338] = (0347): Point2D  flags=20200  index=03FC flags2=0000  pos=Vector (-21.85, 11.450000000000001, 0.0)   u32_0=0000 lst1=() 
			next = (079F): FxAttrStyles a0=(0000,0000)    u32_0=0000 associativeID=0045 typEntity=0001
			*sketch = (02D9): Sketch2D 'Esquisse4'
			*centerOf[0000] = (0348): Circle2D - (-21.85,11.45), r=0.2
		objects[0339] = (0348): Circle2D  flags=20200  index=03FD flags2=0000     r=0.2 u8_0=01
			next = (07A0): FxAttrStyles a0=(0000,0000)    u32_0=0000 associativeID=0046 typEntity=0002
			*sketch = (02D9): Sketch2D 'Esquisse4'
			*center = (0347): Point2D - (-21.85,11.45)
		objects[033A] = (0349): Geometric_Radius2D  flags=4208  index=03FE flags2=-1  lst0={}    
			*group = (0519): Group2D
			*entity = (0348): Circle2D - (-21.85,11.45), r=0.2
			*center = (0347): Point2D - (-21.85,11.45)
		objects[033B] = (034A): Point2D  flags=20200  index=0400 flags2=0000  pos=Vector (-19.1, 11.45, 0.0)   u32_0=0000 lst1=() 
			next = (07A1): FxAttrStyles a0=(0000,0000)    u32_0=0000 associativeID=0047 typEntity=0001
			*sketch = (02D9): Sketch2D 'Esquisse4'
			*centerOf[0000] = (034B): Circle2D - (-19.1,11.45), r=0.2
		objects[033C] = (034B): Circle2D  flags=20200  index=0401 flags2=0000     r=0.2 u8_0=01
			next = (07A2): FxAttrStyles a0=(0000,0000)    u32_0=0000 associativeID=0048 typEntity=0002
			*sketch = (02D9): Sketch2D 'Esquisse4'
			*center = (034A): Point2D - (-19.1,11.45)
		objects[033D] = (034C): Geometric_Radius2D  flags=4208  index=0402 flags2=-1  lst0={}    
			*group = (0519): Group2D
			*entity = (034B): Circle2D - (-19.1,11.45), r=0.2
			*center = (034A): Point2D - (-19.1,11.45)
		objects[033E] = (034D): Geometric_EqualRadius2D  flags=4208  index=040C flags2=-1  lst0={}    
			*group = (0519): Group2D
			*circle1 = (0348): Circle2D - (-21.85,11.45), r=0.2
			*circle2 = (034B): Circle2D - (-19.1,11.45), r=0.2
		objects[033F] = (034E): Parameter 'd44'  flags=34200  index=0412   valueNominal=0.4 valueModel=0.4   tolerance=NOMINAL u16_0=-1
			unit = (07A3): Unit   visible=True 
				numerators[0000] = (0A35): UnitMilliMeter magnitude=1 factor=1 Unit="mm" UnitOffset=0 UnitFactor=0.1 UnitSupportet=True
			formula = (07A4): ParameterValue  value=0.4 type=000
				unit = (0A36): Unit   visible=True 
					numerators[0000] = (0B7B): UnitMeter magnitude=0.001 factor=1 Unit="m" UnitOffset=0 UnitFactor=100 UnitSupportet=True
		objects[0340] = (034F): Dimension_Diameter2D  flags=4208  index=0413 flags2=-1  lst0={}     a0=(0000,0000,0000,0000)
			next = (07A5): FxAttr_26F369B7 a0=(0000,0000)     u16_0=001  a1=(0000,0000) a2=Vector (1.1332865705036714, 0.0, 0.0)
				ref_1 = (0A37): 7F4A3E30 flags=3000200  index=0000 flags2=0000  u32_1=0000 a=1 a0=(101,000,000) a1=(-21.7653,11.6312,0,-21.9347,11.2688,0) u32_2=0002 s32_0=-1 a2=(-0.90581,0.423685,0,0.423685,0.90581,0) u32_3=0000 s32_1=0 a3=(-21.4857,12.2288,0,-21.85,11.45,0,0,0,0,0,0,0,0,0,0,0,0,0,-21.7653,11.6312,0,-21.9347,11.2688,0) u16_0=000 f64_0=0 a4=(000,300,000) b=(01,00) a5=(0,0.143745,0,0.178296,0.2376,0) u8_1=01   a6=(0000,0000,016A) a7=(-21.7653,11.6312,0,-21.9347,11.2688,0,-21.4857,12.2288,0,-20.606,12.2288,0,-20.6951,12.2288,0,0,0,0) u8_2=00 a8=(0,0,0,0,0,0,1,0,0,0,0,0,0,0,0,0,0,0) u8_3=00  a9=(-21.85,11.45,0,0,0,1,1,0,-0,0.2,0,6.28319) u8_4=00 a10=(000,BDBB,D9D7,7CDF,3DDB) a11=(-21.7653,11.6312,0,-21.85,11.45,0,-1)
					ref_1 = (0B7C): 39A41830  flags=0210  index=0000 s32_0=-1 a2=(0000,0000,0000,0000,0000,0000,0000,0000,0000,0001,0000,0000,0003) a3=Vector (0.0, 0.0, 0.0) txt0="" a4=(0000,0000,0000,A7F9,A7FB) a5=(1,0,0,-20.6951,12.2288,0) a6=(000,000,000,000,000,000)   u32_0=0000 a7=(0003,0003) a8=(07E4,0000) 
						*parameter1 = (034E): Parameter 'd44'=4mm
						*sketch = (02D9): Sketch2D 'Esquisse4'
					ref_2 = (0B7D): 99B938AE  flags=0200  index=0000 a1=Vector (0.25, 0.1, 0.0) u32_0=0010 u32_1=0000
					*ref_3 = (0B7D): 99B938AE
				*ref_2 = (0348): Circle2D - (-21.85,11.45), r=0.2
			*group = (0519): Group2D
			*parameter = (034E): Parameter 'd44'=4mm
			*circle = (0348): Circle2D - (-21.85,11.45), r=0.2
		objects[0341] = (0350): Point2D  flags=20200  index=0417 flags2=0000  pos=Vector (-21.85, 4.849999999999996, 0.0)   u32_0=0000 lst1=() 
			next = (07A6): FxAttrStyles a0=(0000,0000)    u32_0=0000 associativeID=004E typEntity=0001
			*sketch = (02D9): Sketch2D 'Esquisse4'
			*centerOf[0000] = (0351): Circle2D - (-21.85,4.85), r=0.2
		objects[0342] = (0351): Circle2D  flags=20200  index=0418 flags2=0000     r=0.2 u8_0=01
			next = (07A7): FxAttrStyles a0=(0000,0000)    u32_0=0000 associativeID=004D typEntity=0002
			*sketch = (02D9): Sketch2D 'Esquisse4'
			*center = (0350): Point2D - (-21.85,4.85)
		objects[0343] = (0352): Geometric_Radius2D  flags=4208  index=0419 flags2=-1  lst0={}    
			*group = (0519): Group2D
			*entity = (0351): Circle2D - (-21.85,4.85), r=0.2
			*center = (0350): Point2D - (-21.85,4.85)
		objects[0344] = (0353): Geometric_SymmetryLine2D  flags=4208  index=041A flags2=-1  lst0={}     
			*group = (0519): Group2D
			*entity1 = (0348): Circle2D - (-21.85,11.45), r=0.2
			*entity2 = (0351): Circle2D - (-21.85,4.85), r=0.2
			*symmetry = (02E2): Line2D - (-25.7905,8.15) - (3.37686,8.15)
		objects[0345] = (0354): Geometric_SymmetryLine2D  flags=4208  index=041B flags2=-1  lst0={}     
			*group = (0519): Group2D
			*entity1 = (0347): Point2D - (-21.85,11.45)
			*entity2 = (0350): Point2D - (-21.85,4.85)
			*symmetry = (02E2): Line2D - (-25.7905,8.15) - (3.37686,8.15)
		objects[0346] = (0355): Point2D  flags=20200  index=041E flags2=0000  pos=Vector (-22.800000000000004, 6.1999999999999975, 0.0)   u32_0=0000 lst1=() 
			next = (07A8): FxAttrStyles a0=(0000,0000)    u32_0=0000 associativeID=0052 typEntity=0001
			*sketch = (02D9): Sketch2D 'Esquisse4'
			*centerOf[0000] = (0356): Circle2D - (-22.8,6.2), r=0.15
		objects[0347] = (0356): Circle2D  flags=20200  index=041F flags2=0000     r=0.15 u8_0=01
			next = (07A9): FxAttrStyles a0=(0000,0000)    u32_0=0000 associativeID=0051 typEntity=0002
			*sketch = (02D9): Sketch2D 'Esquisse4'
			*center = (0355): Point2D - (-22.8,6.2)
		objects[0348] = (0357): Point2D  flags=20200  index=0420 flags2=0000  pos=Vector (-21.100000000000005, 6.1999999999999975, 0.0)   u32_0=0000 lst1=() 
			next = (07AA): FxAttrStyles a0=(0000,0000)    u32_0=0000 associativeID=0054 typEntity=0001
			*sketch = (02D9): Sketch2D 'Esquisse4'
			*centerOf[0000] = (0358): Circle2D - (-21.1,6.2), r=0.15
		objects[0349] = (0358): Circle2D  flags=20200  index=0421 flags2=0000     r=0.15 u8_0=01
			next = (07AB): FxAttrStyles a0=(0000,0000)    u32_0=0000 associativeID=0053 typEntity=0002
			*sketch = (02D9): Sketch2D 'Esquisse4'
			*center = (0357): Point2D - (-21.1,6.2)
		objects[034A] = (0359): Point2D  flags=20200  index=0422 flags2=0000  pos=Vector (-23.750000000000007, 4.949999999999999, 0.0)   u32_0=0000 lst1=() 
			next = (07AC): FxAttrStyles a0=(0000,0000)    u32_0=0000 associativeID=0050 typEntity=0001
			*sketch = (02D9): Sketch2D 'Esquisse4'
			*centerOf[0000] = (035A): Circle2D - (-23.75,4.95), r=0.15
		objects[034B] = (035A): Circle2D  flags=20200  index=0423 flags2=0000     r=0.15 u8_0=01
			next = (07AD): FxAttrStyles a0=(0000,0000)    u32_0=0000 associativeID=004F typEntity=0002
			*sketch = (02D9): Sketch2D 'Esquisse4'
			*center = (0359): Point2D - (-23.75,4.95)
		objects[034C] = (035B): Point2D  flags=20200  index=0424 flags2=0000  pos=Vector (-19.1, 4.849999999999998, 0.0)   u32_0=0000 lst1=() 
			next = (07AE): FxAttrStyles a0=(0000,0000)    u32_0=0000 associativeID=0056 typEntity=0001
			*sketch = (02D9): Sketch2D 'Esquisse4'
			*centerOf[0000] = (035C): Circle2D - (-19.1,4.85), r=0.2
		objects[034D] = (035C): Circle2D  flags=20200  index=0425 flags2=0000     r=0.2 u8_0=01
			next = (07AF): FxAttrStyles a0=(0000,0000)    u32_0=0000 associativeID=0055 typEntity=0002
			*sketch = (02D9): Sketch2D 'Esquisse4'
			*center = (035B): Point2D - (-19.1,4.85)
		objects[034E] = (035D): Geometric_Radius2D  flags=4208  index=0426 flags2=-1  lst0={}    
			*group = (0519): Group2D
			*entity = (0356): Circle2D - (-22.8,6.2), r=0.15
			*center = (0355): Point2D - (-22.8,6.2)
		objects[034F] = (035E): Geometric_Radius2D  flags=4208  index=0427 flags2=-1  lst0={}    
			*group = (0519): Group2D
			*entity = (0358): Circle2D - (-21.1,6.2), r=0.15
			*center = (0357): Point2D - (-21.1,6.2)
		objects[0350] = (035F): Geometric_Radius2D  flags=4208  index=0428 flags2=-1  lst0={}    
			*group = (0519): Group2D
			*entity = (035A): Circle2D - (-23.75,4.95), r=0.15
			*center = (0359): Point2D - (-23.75,4.95)
		objects[0351] = (0360): Geometric_Radius2D  flags=4208  index=0429 flags2=-1  lst0={}    
			*group = (0519): Group2D
			*entity = (035C): Circle2D - (-19.1,4.85), r=0.2
			*center = (035B): Point2D - (-19.1,4.85)
		objects[0352] = (0361): Geometric_SymmetryLine2D  flags=4208  index=042A flags2=-1  lst0={}     
			*group = (0519): Group2D
			*entity1 = (0331): Circle2D - (-23.75,11.35), r=0.15
			*entity2 = (035A): Circle2D - (-23.75,4.95), r=0.15
			*symmetry = (02E2): Line2D - (-25.7905,8.15) - (3.37686,8.15)
		objects[0353] = (0362): Geometric_SymmetryLine2D  flags=4208  index=042B flags2=-1  lst0={}     
			*group = (0519): Group2D
			*entity1 = (0330): Point2D - (-23.75,11.35)
			*entity2 = (0359): Point2D - (-23.75,4.95)
			*symmetry = (02E2): Line2D - (-25.7905,8.15) - (3.37686,8.15)
		objects[0354] = (0363): Geometric_SymmetryLine2D  flags=4208  index=042C flags2=-1  lst0={}     
			*group = (0519): Group2D
			*entity1 = (032B): Circle2D - (-22.8,10.1), r=0.15
			*entity2 = (0356): Circle2D - (-22.8,6.2), r=0.15
			*symmetry = (02E2): Line2D - (-25.7905,8.15) - (3.37686,8.15)
		objects[0355] = (0364): Geometric_SymmetryLine2D  flags=4208  index=042D flags2=-1  lst0={}     
			*group = (0519): Group2D
			*entity1 = (032A): Point2D - (-22.8,10.1)
			*entity2 = (0355): Point2D - (-22.8,6.2)
			*symmetry = (02E2): Line2D - (-25.7905,8.15) - (3.37686,8.15)
		objects[0356] = (0365): Geometric_SymmetryLine2D  flags=4208  index=042E flags2=-1  lst0={}     
			*group = (0519): Group2D
			*entity1 = (032E): Circle2D - (-21.1,10.1), r=0.15
			*entity2 = (0358): Circle2D - (-21.1,6.2), r=0.15
			*symmetry = (02E2): Line2D - (-25.7905,8.15) - (3.37686,8.15)
		objects[0357] = (0366): Geometric_SymmetryLine2D  flags=4208  index=042F flags2=-1  lst0={}     
			*group = (0519): Group2D
			*entity1 = (032D): Point2D - (-21.1,10.1)
			*entity2 = (0357): Point2D - (-21.1,6.2)
			*symmetry = (02E2): Line2D - (-25.7905,8.15) - (3.37686,8.15)
		objects[0358] = (0367): Geometric_SymmetryLine2D  flags=4208  index=0430 flags2=-1  lst0={}     
			*group = (0519): Group2D
			*entity1 = (034B): Circle2D - (-19.1,11.45), r=0.2
			*entity2 = (035C): Circle2D - (-19.1,4.85), r=0.2
			*symmetry = (02E2): Line2D - (-25.7905,8.15) - (3.37686,8.15)
		objects[0359] = (0368): Geometric_SymmetryLine2D  flags=4208  index=0431 flags2=-1  lst0={}     
			*group = (0519): Group2D
			*entity1 = (034A): Point2D - (-19.1,11.45)
			*entity2 = (035B): Point2D - (-19.1,4.85)
			*symmetry = (02E2): Line2D - (-25.7905,8.15) - (3.37686,8.15)
		objects[035A] = (0369): Point2D  flags=20200  index=0438 flags2=0000  pos=Vector (-1.3, 3.649999999999995, 0.0)   u32_0=0000 lst1=() 
			next = (07B0): FxAttrStyles a0=(0000,0000)    u32_0=0000 associativeID=0064 typEntity=0001
			*sketch = (02D9): Sketch2D 'Esquisse4'
			*centerOf[0000] = (036A): Circle2D - (-1.3,3.65), r=0.15
		objects[035B] = (036A): Circle2D  flags=20200  index=0439 flags2=0000     r=0.15 u8_0=01
			next = (07B1): FxAttrStyles a0=(0000,0000)    u32_0=0000 associativeID=0063 typEntity=0002
			*sketch = (02D9): Sketch2D 'Esquisse4'
			*center = (0369): Point2D - (-1.3,3.65)
		objects[035C] = (036B): Point2D  flags=20200  index=043A flags2=0000  pos=Vector (-2.4000000000000004, 3.649999999999995, 0.0)   u32_0=0000 lst1=() 
			next = (07B2): FxAttrStyles a0=(0000,0000)    u32_0=0000 associativeID=0062 typEntity=0001
			*sketch = (02D9): Sketch2D 'Esquisse4'
			*centerOf[0000] = (036C): Circle2D - (-2.4,3.65), r=0.15
		objects[035D] = (036C): Circle2D  flags=20200  index=043B flags2=0000     r=0.15 u8_0=01
			next = (07B3): FxAttrStyles a0=(0000,0000)    u32_0=0000 associativeID=0061 typEntity=0002
			*sketch = (02D9): Sketch2D 'Esquisse4'
			*center = (036B): Point2D - (-2.4,3.65)
		objects[035E] = (036D): Point2D  flags=20200  index=043C flags2=0000  pos=Vector (-4.700000000000001, 3.649999999999997, 0.0)   u32_0=0000 lst1=() 
			next = (07B4): FxAttrStyles a0=(0000,0000)    u32_0=0000 associativeID=0060 typEntity=0001
			*sketch = (02D9): Sketch2D 'Esquisse4'
			*centerOf[0000] = (036E): Circle2D - (-4.7,3.65), r=0.15
		objects[035F] = (036E): Circle2D  flags=20200  index=043D flags2=0000     r=0.15 u8_0=01
			next = (07B5): FxAttrStyles a0=(0000,0000)    u32_0=0000 associativeID=005F typEntity=0002
			*sketch = (02D9): Sketch2D 'Esquisse4'
			*center = (036D): Point2D - (-4.7,3.65)
		objects[0360] = (036F): Point2D  flags=20200  index=043E flags2=0000  pos=Vector (-6.7, 0.7999999999999972, 0.0)   u32_0=0000 lst1=() 
			next = (07B6): FxAttrStyles a0=(0000,0000)    u32_0=0000 associativeID=005A typEntity=0001
			*sketch = (02D9): Sketch2D 'Esquisse4'
			*centerOf[0000] = (0370): Circle2D - (-6.7,0.8), r=0.15
		objects[0361] = (0370): Circle2D  flags=20200  index=043F flags2=0000     r=0.15 u8_0=01
			next = (07B7): FxAttrStyles a0=(0000,0000)    u32_0=0000 associativeID=0059 typEntity=0002
			*sketch = (02D9): Sketch2D 'Esquisse4'
			*center = (036F): Point2D - (-6.7,0.8)
		objects[0362] = (0371): Point2D  flags=20200  index=0440 flags2=0000  pos=Vector (-7.8500000000000005, 0.7999999999999972, 0.0)   u32_0=0000 lst1=() 
			next = (07B8): FxAttrStyles a0=(0000,0000)    u32_0=0000 associativeID=0058 typEntity=0001
			*sketch = (02D9): Sketch2D 'Esquisse4'
			*centerOf[0000] = (0372): Circle2D - (-7.85,0.8), r=0.15
		objects[0363] = (0372): Circle2D  flags=20200  index=0441 flags2=0000     r=0.15 u8_0=01
			next = (07B9): FxAttrStyles a0=(0000,0000)    u32_0=0000 associativeID=0057 typEntity=0002
			*sketch = (02D9): Sketch2D 'Esquisse4'
			*center = (0371): Point2D - (-7.85,0.8)
		objects[0364] = (0373): Point2D  flags=20200  index=0442 flags2=0000  pos=Vector (-7.300000000000001, 2.299999999999997, 0.0)   u32_0=0000 lst1=() 
			next = (07BA): FxAttrStyles a0=(0000,0000)    u32_0=0000 associativeID=005C typEntity=0001
			*sketch = (02D9): Sketch2D 'Esquisse4'
			*centerOf[0000] = (0374): Circle2D - (-7.3,2.3), r=0.15
		objects[0365] = (0374): Circle2D  flags=20200  index=0443 flags2=0000     r=0.15 u8_0=01
			next = (07BB): FxAttrStyles a0=(0000,0000)    u32_0=0000 associativeID=005B typEntity=0002
			*sketch = (02D9): Sketch2D 'Esquisse4'
			*center = (0373): Point2D - (-7.3,2.3)
		objects[0366] = (0375): Point2D  flags=20200  index=0444 flags2=0000  pos=Vector (-6.15, 2.299999999999997, 0.0)   u32_0=0000 lst1=() 
			next = (07BC): FxAttrStyles a0=(0000,0000)    u32_0=0000 associativeID=005E typEntity=0001
			*sketch = (02D9): Sketch2D 'Esquisse4'
			*centerOf[0000] = (0376): Circle2D - (-6.15,2.3), r=0.15
		objects[0367] = (0376): Circle2D  flags=20200  index=0445 flags2=0000     r=0.15 u8_0=01
			next = (07BD): FxAttrStyles a0=(0000,0000)    u32_0=0000 associativeID=005D typEntity=0002
			*sketch = (02D9): Sketch2D 'Esquisse4'
			*center = (0375): Point2D - (-6.15,2.3)
		objects[0368] = (0377): Point2D  flags=20200  index=0446 flags2=0000  pos=Vector (-5.6, 7.149999999999999, 0.0)   u32_0=0000 lst1=() 
			next = (07BE): FxAttrStyles a0=(0000,0000)    u32_0=0000 associativeID=0066 typEntity=0001
			*sketch = (02D9): Sketch2D 'Esquisse4'
			*centerOf[0000] = (0378): Circle2D - (-5.6,7.15), r=0.15
		objects[0369] = (0378): Circle2D  flags=20200  index=0447 flags2=0000     r=0.15 u8_0=01
			next = (07BF): FxAttrStyles a0=(0000,0000)    u32_0=0000 associativeID=0065 typEntity=0002
			*sketch = (02D9): Sketch2D 'Esquisse4'
			*center = (0377): Point2D - (-5.6,7.15)
		objects[036A] = (0379): Point2D  flags=20200  index=0448 flags2=0000  pos=Vector (-7.600000000000001, 7.049999999999999, 0.0)   u32_0=0000 lst1=() 
			next = (07C0): FxAttrStyles a0=(0000,0000)    u32_0=0000 associativeID=0068 typEntity=0001
			*sketch = (02D9): Sketch2D 'Esquisse4'
			*centerOf[0000] = (037A): Circle2D - (-7.6,7.05), r=0.15
		objects[036B] = (037A): Circle2D  flags=20200  index=0449 flags2=0000     r=0.15 u8_0=01
			next = (07C1): FxAttrStyles a0=(0000,0000)    u32_0=0000 associativeID=0067 typEntity=0002
			*sketch = (02D9): Sketch2D 'Esquisse4'
			*center = (0379): Point2D - (-7.6,7.05)
		objects[036C] = (037B): Point2D  flags=20200  index=044A flags2=0000  pos=Vector (-8.100000000000001, 6.849999999999998, 0.0)   u32_0=0000 lst1=() 
			next = (07C2): FxAttrStyles a0=(0000,0000)    u32_0=0000 associativeID=006A typEntity=0001
			*sketch = (02D9): Sketch2D 'Esquisse4'
			*centerOf[0000] = (037C): Circle2D - (-8.1,6.85), r=0.15
		objects[036D] = (037C): Circle2D  flags=20200  index=044B flags2=0000     r=0.15 u8_0=01
			next = (07C3): FxAttrStyles a0=(0000,0000)    u32_0=0000 associativeID=0069 typEntity=0002
			*sketch = (02D9): Sketch2D 'Esquisse4'
			*center = (037B): Point2D - (-8.1,6.85)
		objects[036E] = (037D): Geometric_Radius2D  flags=4208  index=044C flags2=-1  lst0={}    
			*group = (0519): Group2D
			*entity = (036A): Circle2D - (-1.3,3.65), r=0.15
			*center = (0369): Point2D - (-1.3,3.65)
		objects[036F] = (037E): Geometric_Radius2D  flags=4208  index=044D flags2=-1  lst0={}    
			*group = (0519): Group2D
			*entity = (036C): Circle2D - (-2.4,3.65), r=0.15
			*center = (036B): Point2D - (-2.4,3.65)
		objects[0370] = (037F): Geometric_Radius2D  flags=4208  index=044E flags2=-1  lst0={}    
			*group = (0519): Group2D
			*entity = (036E): Circle2D - (-4.7,3.65), r=0.15
			*center = (036D): Point2D - (-4.7,3.65)
		objects[0371] = (0380): Geometric_Radius2D  flags=4208  index=044F flags2=-1  lst0={}    
			*group = (0519): Group2D
			*entity = (0370): Circle2D - (-6.7,0.8), r=0.15
			*center = (036F): Point2D - (-6.7,0.8)
		objects[0372] = (0381): Geometric_Radius2D  flags=4208  index=0450 flags2=-1  lst0={}    
			*group = (0519): Group2D
			*entity = (0372): Circle2D - (-7.85,0.8), r=0.15
			*center = (0371): Point2D - (-7.85,0.8)
		objects[0373] = (0382): Geometric_Radius2D  flags=4208  index=0451 flags2=-1  lst0={}    
			*group = (0519): Group2D
			*entity = (0374): Circle2D - (-7.3,2.3), r=0.15
			*center = (0373): Point2D - (-7.3,2.3)
		objects[0374] = (0383): Geometric_Radius2D  flags=4208  index=0452 flags2=-1  lst0={}    
			*group = (0519): Group2D
			*entity = (0376): Circle2D - (-6.15,2.3), r=0.15
			*center = (0375): Point2D - (-6.15,2.3)
		objects[0375] = (0384): Geometric_Radius2D  flags=4208  index=0453 flags2=-1  lst0={}    
			*group = (0519): Group2D
			*entity = (0378): Circle2D - (-5.6,7.15), r=0.15
			*center = (0377): Point2D - (-5.6,7.15)
		objects[0376] = (0385): Geometric_Radius2D  flags=4208  index=0454 flags2=-1  lst0={}    
			*group = (0519): Group2D
			*entity = (037A): Circle2D - (-7.6,7.05), r=0.15
			*center = (0379): Point2D - (-7.6,7.05)
		objects[0377] = (0386): Geometric_Radius2D  flags=4208  index=0455 flags2=-1  lst0={}    
			*group = (0519): Group2D
			*entity = (037C): Circle2D - (-8.1,6.85), r=0.15
			*center = (037B): Point2D - (-8.1,6.85)
		objects[0378] = (0387): Geometric_SymmetryLine2D  flags=4208  index=0456 flags2=-1  lst0={}     
			*group = (0519): Group2D
			*entity1 = (0319): Circle2D - (-7.85,15.5), r=0.15
			*entity2 = (0372): Circle2D - (-7.85,0.8), r=0.15
			*symmetry = (02E2): Line2D - (-25.7905,8.15) - (3.37686,8.15)
		objects[0379] = (0388): Geometric_SymmetryLine2D  flags=4208  index=0457 flags2=-1  lst0={}     
			*group = (0519): Group2D
			*entity1 = (0318): Point2D - (-7.85,15.5)
			*entity2 = (0371): Point2D - (-7.85,0.8)
			*symmetry = (02E2): Line2D - (-25.7905,8.15) - (3.37686,8.15)
		objects[037A] = (0389): Geometric_SymmetryLine2D  flags=4208  index=0458 flags2=-1  lst0={}     
			*group = (0519): Group2D
			*entity1 = (0316): Circle2D - (-6.7,15.5), r=0.15
			*entity2 = (0370): Circle2D - (-6.7,0.8), r=0.15
			*symmetry = (02E2): Line2D - (-25.7905,8.15) - (3.37686,8.15)
		objects[037B] = (038A): Geometric_SymmetryLine2D  flags=4208  index=0459 flags2=-1  lst0={}     
			*group = (0519): Group2D
			*entity1 = (0315): Point2D - (-6.7,15.5)
			*entity2 = (036F): Point2D - (-6.7,0.8)
			*symmetry = (02E2): Line2D - (-25.7905,8.15) - (3.37686,8.15)
		objects[037C] = (038B): Geometric_SymmetryLine2D  flags=4208  index=045A flags2=-1  lst0={}     
			*group = (0519): Group2D
			*entity1 = (031C): Circle2D - (-7.3,14), r=0.15
			*entity2 = (0374): Circle2D - (-7.3,2.3), r=0.15
			*symmetry = (02E2): Line2D - (-25.7905,8.15) - (3.37686,8.15)
		objects[037D] = (038C): Geometric_SymmetryLine2D  flags=4208  index=045B flags2=-1  lst0={}     
			*group = (0519): Group2D
			*entity1 = (031B): Point2D - (-7.3,14)
			*entity2 = (0373): Point2D - (-7.3,2.3)
			*symmetry = (02E2): Line2D - (-25.7905,8.15) - (3.37686,8.15)
		objects[037E] = (038D): Geometric_SymmetryLine2D  flags=4208  index=045C flags2=-1  lst0={}     
			*group = (0519): Group2D
			*entity1 = (031F): Circle2D - (-6.15,14), r=0.15
			*entity2 = (0376): Circle2D - (-6.15,2.3), r=0.15
			*symmetry = (02E2): Line2D - (-25.7905,8.15) - (3.37686,8.15)
		objects[037F] = (038E): Geometric_SymmetryLine2D  flags=4208  index=045D flags2=-1  lst0={}     
			*group = (0519): Group2D
			*entity1 = (031E): Point2D - (-6.15,14)
			*entity2 = (0375): Point2D - (-6.15,2.3)
			*symmetry = (02E2): Line2D - (-25.7905,8.15) - (3.37686,8.15)
		objects[0380] = (038F): Geometric_SymmetryLine2D  flags=4208  index=045E flags2=-1  lst0={}     
			*group = (0519): Group2D
			*entity1 = (0313): Circle2D - (-4.7,12.65), r=0.15
			*entity2 = (036E): Circle2D - (-4.7,3.65), r=0.15
			*symmetry = (02E2): Line2D - (-25.7905,8.15) - (3.37686,8.15)
		objects[0381] = (0390): Geometric_SymmetryLine2D  flags=4208  index=045F flags2=-1  lst0={}     
			*group = (0519): Group2D
			*entity1 = (0312): Point2D - (-4.7,12.65)
			*entity2 = (036D): Point2D - (-4.7,3.65)
			*symmetry = (02E2): Line2D - (-25.7905,8.15) - (3.37686,8.15)
		objects[0382] = (0391): Geometric_SymmetryLine2D  flags=4208  index=0460 flags2=-1  lst0={}     
			*group = (0519): Group2D
			*entity1 = (0310): Circle2D - (-2.4,12.65), r=0.15
			*entity2 = (036C): Circle2D - (-2.4,3.65), r=0.15
			*symmetry = (02E2): Line2D - (-25.7905,8.15) - (3.37686,8.15)
		objects[0383] = (0392): Geometric_SymmetryLine2D  flags=4208  index=0461 flags2=-1  lst0={}     
			*group = (0519): Group2D
			*entity1 = (030F): Point2D - (-2.4,12.65)
			*entity2 = (036B): Point2D - (-2.4,3.65)
			*symmetry = (02E2): Line2D - (-25.7905,8.15) - (3.37686,8.15)
		objects[0384] = (0393): Geometric_SymmetryLine2D  flags=4208  index=0462 flags2=-1  lst0={}     
			*group = (0519): Group2D
			*entity1 = (030D): Circle2D - (-1.3,12.65), r=0.15
			*entity2 = (036A): Circle2D - (-1.3,3.65), r=0.15
			*symmetry = (02E2): Line2D - (-25.7905,8.15) - (3.37686,8.15)
		objects[0385] = (0394): Geometric_SymmetryLine2D  flags=4208  index=0463 flags2=-1  lst0={}     
			*group = (0519): Group2D
			*entity1 = (030C): Point2D - (-1.3,12.65)
			*entity2 = (0369): Point2D - (-1.3,3.65)
			*symmetry = (02E2): Line2D - (-25.7905,8.15) - (3.37686,8.15)
		objects[0386] = (0395): Geometric_SymmetryLine2D  flags=4208  index=0464 flags2=-1  lst0={}     
			*group = (0519): Group2D
			*entity1 = (0322): Circle2D - (-5.6,9.15), r=0.15
			*entity2 = (0378): Circle2D - (-5.6,7.15), r=0.15
			*symmetry = (02E2): Line2D - (-25.7905,8.15) - (3.37686,8.15)
		objects[0387] = (0396): Geometric_SymmetryLine2D  flags=4208  index=0465 flags2=-1  lst0={}     
			*group = (0519): Group2D
			*entity1 = (0321): Point2D - (-5.6,9.15)
			*entity2 = (0377): Point2D - (-5.6,7.15)
			*symmetry = (02E2): Line2D - (-25.7905,8.15) - (3.37686,8.15)
		objects[0388] = (0397): Geometric_SymmetryLine2D  flags=4208  index=0466 flags2=-1  lst0={}     
			*group = (0519): Group2D
			*entity1 = (0325): Circle2D - (-7.6,9.25), r=0.15
			*entity2 = (037A): Circle2D - (-7.6,7.05), r=0.15
			*symmetry = (02E2): Line2D - (-25.7905,8.15) - (3.37686,8.15)
		objects[0389] = (0398): Geometric_SymmetryLine2D  flags=4208  index=0467 flags2=-1  lst0={}     
			*group = (0519): Group2D
			*entity1 = (0324): Point2D - (-7.6,9.25)
			*entity2 = (0379): Point2D - (-7.6,7.05)
			*symmetry = (02E2): Line2D - (-25.7905,8.15) - (3.37686,8.15)
		objects[038A] = (0399): Geometric_SymmetryLine2D  flags=4208  index=0468 flags2=-1  lst0={}     
			*group = (0519): Group2D
			*entity1 = (0328): Circle2D - (-8.1,9.45), r=0.15
			*entity2 = (037C): Circle2D - (-8.1,6.85), r=0.15
			*symmetry = (02E2): Line2D - (-25.7905,8.15) - (3.37686,8.15)
		objects[038B] = (039A): Geometric_SymmetryLine2D  flags=4208  index=0469 flags2=-1  lst0={}     
			*group = (0519): Group2D
			*entity1 = (0327): Point2D - (-8.1,9.45)
			*entity2 = (037B): Point2D - (-8.1,6.85)
			*symmetry = (02E2): Line2D - (-25.7905,8.15) - (3.37686,8.15)
		objects[038C] = (039B): Group2D  flags=0200  index=046B s32_0=-1 s32_1=1  entries={800002EE:0004,800002FA:0004,800002FE:0005,800002FF:0000} u32_0=0000
			*constrains[0000] = (02FF): Dimension_Distance2D - d='d41', e1=(02EE): Line2D, e2=(02FA): Line2D
		objects[038D] = (039C): Point2D  flags=30200  index=046D flags2=0040  pos=Vector (-16.6, 12.149999999999999, 0.0)   u32_0=0000 lst1=() 
			next = (07C4): FxAttrStyles a0=(0000,0000)    u32_0=0000 associativeID=006B typEntity=0001
				next = (0A38): FxAttrEntityReference a0=(0000,0000)    
					*owner = (039C): Point2D - (-16.6,12.15)
					*ref_2 = (039D): 60406697
			*sketch = (02D9): Sketch2D 'Esquisse4'
			*endPointOf[0000] = (03A4): Line2D - (-16.6,12.15) - (-24.2,12.15)
		objects[038E] = (039D): 60406697  flags=0200  index=046E s32_0=-1   
			*ref_1 = (039C): Point2D - (-16.6,12.15)
			*ref_2 = (02D8): Transformation
			*ref_3 = (039E): C1887310
		objects[038F] = (039E): C1887310  flags=0000  index=046F lst0=(1136) s32_0=-1
		objects[0390] = (039F): B8DBEF70  flags=0200  index=0470 s32_0=-1 u8_0=05  wireIndex=0002 u32_1=0002 lst0=(003E,00EC) lst1=() u8_2=00  ntEntry=0004[0014]
			creator = (07C5): SurfaceCreator  flags=0000    a0=(003,8000) idxCreator=311 u16_0=8000
			*body = (0008): SurfaceBody 'Solide1'
			*owner = (039E): C1887310
		objects[0391] = (03A0): Point2D  flags=30200  index=0471 flags2=0040  pos=Vector (-24.200000000000003, 12.15, 0.0)   u32_0=0000 lst1=() 
			next = (07C6): FxAttrStyles a0=(0000,0000)    u32_0=0000 associativeID=006C typEntity=0001
				next = (0A39): FxAttrEntityReference a0=(0000,0000)    
					*owner = (03A0): Point2D - (-24.2,12.15)
					*ref_2 = (03A1): 60406697
			*sketch = (02D9): Sketch2D 'Esquisse4'
			*endPointOf[0000] = (03A4): Line2D - (-16.6,12.15) - (-24.2,12.15)
			*endPointOf[0001] = (03B4): Line2D - (-24.2,12.15) - (-24.2,4.15)
		objects[0392] = (03A1): 60406697  flags=0200  index=0472 s32_0=-1   
			*ref_1 = (03A0): Point2D - (-24.2,12.15)
			*ref_2 = (02D8): Transformation
			*ref_3 = (03A2): C1887310
		objects[0393] = (03A2): C1887310  flags=0000  index=0473 lst0=(1140) s32_0=-1
		objects[0394] = (03A3): B8DBEF70  flags=0200  index=0474 s32_0=-1 u8_0=05  wireIndex=0002 u32_1=0002 lst0=(003E,00EC) lst1=() u8_2=00  ntEntry=0004[0016]
			creator = (07C7): SurfaceCreator  flags=0000    a0=(003,8000) idxCreator=311 u16_0=8000
			*body = (0008): SurfaceBody 'Solide1'
			*owner = (03A2): C1887310
		objects[0395] = (03A4): Line2D  flags=30200  index=0475 flags2=80040    pos=Vector (-16.6, 12.149999999999999, 0.0) dir=Vector (-0.9999999999999999, 2.3373116307898026e-16, 0.0)
			next = (07C8): FxAttrStyles a0=(0000,0000)    u32_0=0000 associativeID=006D typEntity=0002
				next = (0A3A): FxAttrEntityReference a0=(0000,0000)    
					*owner = (03A4): Line2D - (-16.6,12.15) - (-24.2,12.15)
					next = (0B7E): FxAttr_D5F19E40 a0=(0000,0000)    u32_0=0000 pos=Vector (-16.6, 12.149999999999999, 0.0) dir=Vector (-0.9999999999999999, 2.3373116307898026e-16, 0.0)
						*owner = (03A4): Line2D - (-16.6,12.15) - (-24.2,12.15)
					*ref_2 = (03A5): 64DE16F3
			*sketch = (02D9): Sketch2D 'Esquisse4'
			*points[0000] = (039C): Point2D - (-16.6,12.15)
			*points[0001] = (03A0): Point2D - (-24.2,12.15)
		objects[0396] = (03A5): 64DE16F3  flags=0200  index=0476 s32_0=3    u16_0=017
			*entity = (03A4): Line2D - (-16.6,12.15) - (-24.2,12.15)
			*transformation = (02D8): Transformation
			*edge = (03A6): EdgeItem
		objects[0397] = (03A6): EdgeItem  flags=0000  index=0477 indexRefs=(1144) s32_0=-1 u32_0=0000
		objects[0398] = (03A7): EdgeId  flags=0200  index=0478 s32_0=-1 u8_0=05  wireIndex=0002 u32_1=0002 lst0=(003E,00EC) lst1=() u8_2=00  ntEntry=0004[0017]
			creator = (07C9): SurfaceCreator  flags=0000    a0=(003,8000) idxCreator=311 u16_0=8000
			*body = (0008): SurfaceBody 'Solide1'
			*owner = (03A6): EdgeItem
		objects[0399] = (03A8): Parameter 'd46'  flags=34200  index=0479   valueNominal=0.7 valueModel=0.7   tolerance=NOMINAL u16_0=-1
			unit = (07CA): Unit   visible=True 
				numerators[0000] = (0A3B): UnitMilliMeter magnitude=1 factor=1 Unit="mm" UnitOffset=0 UnitFactor=0.1 UnitSupportet=True
			formula = (07CB): ParameterValue  value=0.7 type=000
				unit = (0A3C): Unit   visible=True 
					numerators[0000] = (0B7F): UnitMeter magnitude=0.001 factor=1 Unit="m" UnitOffset=0 UnitFactor=100 UnitSupportet=True
		objects[039A] = (03A9): Dimension_Distance2D  flags=4208  index=047A flags2=-1  lst0={}   u32_0=0000   a0=(0000,0000,0000,0000) a1=Vector (1.7976931348623157e+308, 0.0, 0.0) a2=Vector (1.7976931348623157e+308, 0.0, 0.0)
			next = (07CC): FxAttr_EEE03AF5 a0=(0000,0000)     u16_0=009   u32_0=0000 a1=Vector (0.28702834416281664, 0.0, 0.0) p1=Vector (-18.781415415637408, 12.149999999999999, 0.0) p2=Vector (-19.1, 11.45, 0.0) a2=Vector (0.6999999999999993, 0.0, 0.0)
				entity2 = (0A3D): E1D3D023  flags=3000200  index=0000 flags2=0000  a1=(0,0,1.875) a2=(100,000,000) a3=Vector (-18.781415415637408, 12.149999999999999, 0.0) a4=(999A,9999,1999) a5=Vector (-1.903598566262234e+185, 8.1135e-320, 0.0) a6=(000,003,000) s32_0=-1 a7=(-1,2.33731e-16,0,-2.33731e-16,-1,0,0,-18.7814,11.9854,0,-18.7814,11.8,0,-18.7814,12.15,0,-18.6632,11.45,0,0,0,0,0,0,0,-18.7814,12.15,0,-18.7814,11.45,0) a8=(00,01,00,00,00,00,00,00,00,00,00,00,00,03,00,00,01,00) a9=(0,0.118172,0.0295429,0.178296,0.2376,0) u8_0=01   a10=(0000,0000,006A) a11=(-18.7814,12.15,0,-18.7814,11.45,0,-18.7814,12.15,0,-18.7814,11.45,0,-18.7814,11.9854,0,0,0,0) u8_1=01 a12=(-1,2.33731e-16,0,-18.7814,11.8,0,0,-1,0,0,0,0) u8_2=00 a13=(-18.7814,12.15,0,-19.0705,11.45,0) 
					ref_1 = (0B80): 39A41830  flags=0210  index=0000 s32_0=-1 a2=(0000,0000,0000,0000,0000,0000,0000,0000,0000,0001,0000,0000,0003) a3=Vector (0.0, 0.0, 0.0) txt0="" a4=(0000,0000,0000,A7F9,A7FB) a5=(1,0,0,-18.7814,11.9854,0) a6=(000,000,000,000,000,000)   u32_0=0000 a7=(0003,0003) a8=(07E4,0000) 
						*parameter1 = (03A8): Parameter 'd46'=7mm
						*sketch = (02D9): Sketch2D 'Esquisse4'
					ref_2 = (0B81): 99B938AE  flags=0200  index=0000 a1=Vector (0.25, 0.1, 0.0) u32_0=0010 u32_1=0000
					*ref_3 = (0B81): 99B938AE
				*entity3 = (03A4): Line2D - (-16.6,12.15) - (-24.2,12.15)
				*entity4 = (034A): Point2D - (-19.1,11.45)
			*group = (0519): Group2D
			*parameter = (03A8): Parameter 'd46'=7mm
			*entity1 = (03A4): Line2D - (-16.6,12.15) - (-24.2,12.15)
			*entity2 = (034A): Point2D - (-19.1,11.45)
		objects[039B] = (03AA): Parameter 'd47'  flags=24200  index=047B   valueNominal=0.7 valueModel=0.7   tolerance=NOMINAL u16_0=-1
			unit = (07CD): Unit   visible=True 
				numerators[0000] = (0A3E): UnitMilliMeter magnitude=1 factor=1 Unit="mm" UnitOffset=0 UnitFactor=0.1 UnitSupportet=True
			formula = (07CE): ParameterRef  
				unit = (0A3F): Unit   visible=False 
					numerators[0000] = (0B82): UnitMilliMeter magnitude=1 factor=1 Unit="mm" UnitOffset=0 UnitFactor=0.1 UnitSupportet=True
				*operand1 = (03A8): Parameter 'd46'=7mm
		objects[039C] = (03AB): Dimension_Distance2D  flags=4208  index=047C flags2=-1  lst0={}   u32_0=0000   a0=(0000,0000,0000,0000) a1=Vector (1.7976931348623157e+308, 0.0, 0.0) a2=Vector (1.7976931348623157e+308, 0.0, 0.0)
			next = (07CF): FxAttr_EEE03AF5 a0=(0000,0000)     u16_0=009   u32_0=0000 a1=Vector (0.597854026476957, 0.0, 0.0) p1=Vector (-21.143690601224876, 12.15, 0.0) p2=Vector (-21.85, 11.450000000000001, 0.0) a2=Vector (0.6999999999999993, 0.0, 0.0)
				entity2 = (0A40): E1D3D023  flags=3000200  index=0000 flags2=0000  a1=(0,0,1.875) a2=(100,000,000) a3=Vector (-21.143690601224876, 12.15, 0.0) a4=(999A,9999,D999) a5=Vector (-1.903598566282021e+185, 8.1135e-320, 0.0) a6=(000,003,000) s32_0=-1 a7=(-1,2.33731e-16,0,-2.33731e-16,-1,0,0,-21.1437,11.8026,0,-21.1437,11.8,0,-21.1437,12.15,0,-20.7776,11.45,0,0,0,0,0,0,0,-21.1437,12.15,0,-21.1437,11.45,0) a8=(00,01,00,00,00,00,00,00,00,00,00,00,00,03,00,00,01,00) a9=(0,0.366067,0.0915166,0.559534,0.24973,0) u8_0=01   a10=(0000,0000,006A) a11=(-21.1437,12.15,0,-21.1437,11.45,0,-21.1437,14.3464,0,-21.1437,9.2536,0,-21.1437,11.8026,0,0,0,0) u8_1=01 a12=(-1,2.33731e-16,0,-21.1437,11.8,0,0,-1,0,0,0,0) u8_2=00 a13=(-21.1437,12.15,0,-21.7585,11.45,0) 
					ref_1 = (0B83): 39A41830  flags=0210  index=0000 s32_0=-1 a2=(0000,0000,0000,0000,0000,0000,0000,0000,0000,0001,0000,0000,0003) a3=Vector (0.0, 0.0, 0.0) txt0="" a4=(0000,0000,0000,A7F9,A7FB) a5=(1,0,0,-21.1437,11.8026,0) a6=(000,000,000,000,000,000)   u32_0=0000 a7=(0003,0003) a8=(07E4,0000) 
						*parameter1 = (03AA): Parameter 'd47'=7mm
						*sketch = (02D9): Sketch2D 'Esquisse4'
					ref_2 = (0B84): 99B938AE  flags=0200  index=0000 a1=Vector (0.25, 0.1, 0.0) u32_0=0010 u32_1=0000
					*ref_3 = (0B84): 99B938AE
				*entity3 = (03A4): Line2D - (-16.6,12.15) - (-24.2,12.15)
				*entity4 = (0347): Point2D - (-21.85,11.45)
			*group = (0519): Group2D
			*parameter = (03AA): Parameter 'd47'=7mm
			*entity1 = (03A4): Line2D - (-16.6,12.15) - (-24.2,12.15)
			*entity2 = (0347): Point2D - (-21.85,11.45)
		objects[039D] = (03AC): ParameterMappings  flags=0208  index=047D s32_0=-1    f=0  u16_0=002 u8_0=00
			*ref_1 = (03AD): 0D0F9548
			*target = (03AA): Parameter 'd47'=7mm
			mapping[0000] = (07D0): 553DA303  x=1
				*parameter = (03A8): Parameter 'd46'=7mm
			mapping[0001] = (07D1): 553DA303  x=-1
				*parameter = (03AA): Parameter 'd47'=7mm
			*paramRef = (07CE): ParameterRef
		objects[039E] = (03AD): 0D0F9548  flags=0200  index=047E s32_0=-1 u32_0=0001 
			*mapping = (03AC): ParameterMappings
		objects[039F] = (03AE): Parameter 'd48'  flags=34200  index=047F   valueNominal=2.75 valueModel=2.75   tolerance=NOMINAL u16_0=-1
			unit = (07D2): Unit   visible=True 
				numerators[0000] = (0A41): UnitMilliMeter magnitude=1 factor=1 Unit="mm" UnitOffset=0 UnitFactor=0.1 UnitSupportet=True
			formula = (07D3): ParameterValue  value=2.75 type=001
				unit = (0A42): Unit   visible=True 
					numerators[0000] = (0B85): UnitMeter magnitude=0.001 factor=1 Unit="m" UnitOffset=0 UnitFactor=100 UnitSupportet=True
		objects[03A0] = (03AF): Dimension_Distance2D  flags=4208  index=0480 flags2=-1  lst0={}   u32_0=0000   a0=(0000,0000,0000,0000) a1=Vector (1.7976931348623157e+308, 0.0, 0.0) a2=Vector (1.7976931348623157e+308, 0.0, 0.0)
			next = (07D4): FxAttr_EEE03AF5 a0=(0000,0000)     u16_0=00A   u32_0=0000 a1=Vector (0.0, 0.0, 0.0) p1=Vector (-19.1, 11.45, 0.0) p2=Vector (-21.85, 11.450000000000001, 0.0) a2=Vector (0.0, 2.4243054945366502, 0.0)
				entity2 = (0A43): E1D3D023  flags=3000200  index=0000 flags2=0000  a1=(0,0,1.875) a2=(100,000,000) a3=Vector (-19.1, 11.45, 0.0) a4=(999A,9999,D999) a5=Vector (-1.903598566282021e+185, 8.1135e-320, 0.0) a6=(000,002,000) s32_0=-1 a7=(0,1,0,-1,0,0,0,-19.3089,13.8743,0,-20.475,13.8743,0,-19.1,14.2721,0,-21.85,14.2721,0,-19.1,11.45,0,-21.85,11.45,0,-19.1,13.8743,0,-21.85,13.8743,0) a8=(01,01,00,00,00,00,00,00,00,00,00,00,00,03,00,00,01,00) a9=(0,0.397834,0.0994585,0.633856,0.301717,0) u8_0=01   a10=(0000,0000,006A) a11=(-19.1,13.8743,0,-21.85,13.8743,0,-19.1,13.8743,0,-21.85,13.8743,0,-19.3089,13.8743,0,0,0,0) u8_1=01 a12=(0,1,0,-20.475,13.8743,0,-1,0,0,0,0,0) u8_2=00 a13=(-19.1,11.5495,0,-21.85,11.5495,0) 
					ref_1 = (0B86): 39A41830  flags=0210  index=0000 s32_0=-1 a2=(0000,0000,0000,0000,0000,0000,0000,0000,0000,0001,0000,0000,0003) a3=Vector (0.0, 0.0, 0.0) txt0="" a4=(0000,0000,0000,A7F9,A7FB) a5=(1,0,0,-19.3089,13.8743,0) a6=(000,000,000,000,000,000)   u32_0=0000 a7=(0003,0003) a8=(07E4,0000) 
						*parameter1 = (03AE): Parameter 'd48'=27.5mm
						*sketch = (02D9): Sketch2D 'Esquisse4'
					ref_2 = (0B87): 99B938AE  flags=0200  index=0000 a1=Vector (0.25, 0.1, 0.0) u32_0=0010 u32_1=0000
					*ref_3 = (0B87): 99B938AE
				*entity3 = (034A): Point2D - (-19.1,11.45)
				*entity4 = (0347): Point2D - (-21.85,11.45)
			*group = (0519): Group2D
			*parameter = (03AE): Parameter 'd48'=27.5mm
			*entity1 = (034A): Point2D - (-19.1,11.45)
			*entity2 = (0347): Point2D - (-21.85,11.45)
		objects[03A1] = (03B0): Point2D  flags=30200  index=0481 flags2=0040  pos=Vector (-24.200000000000003, 4.15, 0.0)   u32_0=0000 lst1=() 
			next = (07D5): FxAttrStyles a0=(0000,0000)    u32_0=0000 associativeID=006E typEntity=0001
				next = (0A44): FxAttrEntityReference a0=(0000,0000)    
					*owner = (03B0): Point2D - (-24.2,4.15)
					*ref_2 = (03B1): 60406697
			*sketch = (02D9): Sketch2D 'Esquisse4'
			*endPointOf[0000] = (03B4): Line2D - (-24.2,12.15) - (-24.2,4.15)
		objects[03A2] = (03B1): 60406697  flags=0200  index=0482 s32_0=-1   
			*ref_1 = (03B0): Point2D - (-24.2,4.15)
			*ref_2 = (02D8): Transformation
			*ref_3 = (03B2): C1887310
		objects[03A3] = (03B2): C1887310  flags=0000  index=0483 lst0=(1156) s32_0=-1
		objects[03A4] = (03B3): B8DBEF70  flags=0200  index=0484 s32_0=-1 u8_0=05  wireIndex=0002 u32_1=0002 lst0=(003E,00EC) lst1=() u8_2=00  ntEntry=0004[0019]
			creator = (07D6): SurfaceCreator  flags=0000    a0=(003,8000) idxCreator=311 u16_0=8000
			*body = (0008): SurfaceBody 'Solide1'
			*owner = (03B2): C1887310
		objects[03A5] = (03B4): Line2D  flags=30200  index=0485 flags2=80040    pos=Vector (-24.200000000000003, 12.15, 0.0) dir=Vector (0.0, -1.0, 0.0)
			next = (07D7): FxAttrStyles a0=(0000,0000)    u32_0=0000 associativeID=006F typEntity=0002
				next = (0A45): FxAttrEntityReference a0=(0000,0000)    
					*owner = (03B4): Line2D - (-24.2,12.15) - (-24.2,4.15)
					next = (0B88): FxAttr_D5F19E40 a0=(0000,0000)    u32_0=0000 pos=Vector (-24.200000000000003, 12.15, 0.0) dir=Vector (0.0, -1.0, 0.0)
						*owner = (03B4): Line2D - (-24.2,12.15) - (-24.2,4.15)
					*ref_2 = (03B5): 64DE16F3
			*sketch = (02D9): Sketch2D 'Esquisse4'
			*points[0000] = (03A0): Point2D - (-24.2,12.15)
			*points[0001] = (03B0): Point2D - (-24.2,4.15)
		objects[03A6] = (03B5): 64DE16F3  flags=0200  index=0486 s32_0=3    u16_0=017
			*entity = (03B4): Line2D - (-24.2,12.15) - (-24.2,4.15)
			*transformation = (02D8): Transformation
			*edge = (03B6): EdgeItem
		objects[03A7] = (03B6): EdgeItem  flags=0000  index=0487 indexRefs=(1160) s32_0=-1 u32_0=0000
		objects[03A8] = (03B7): EdgeId  flags=0200  index=0488 s32_0=-1 u8_0=05  wireIndex=0002 u32_1=0002 lst0=(003E,00EC) lst1=() u8_2=00  ntEntry=0004[001A]
			creator = (07D8): SurfaceCreator  flags=0000    a0=(003,8000) idxCreator=311 u16_0=8000
			*body = (0008): SurfaceBody 'Solide1'
			*owner = (03B6): EdgeItem
		objects[03A9] = (03B8): Parameter 'd49'  flags=34200  index=0489   valueNominal=2.35 valueModel=2.35   tolerance=NOMINAL u16_0=-1
			unit = (07D9): Unit   visible=True 
				numerators[0000] = (0A46): UnitMilliMeter magnitude=1 factor=1 Unit="mm" UnitOffset=0 UnitFactor=0.1 UnitSupportet=True
			formula = (07DA): ParameterValue  value=2.35 type=001
				unit = (0A47): Unit   visible=True 
					numerators[0000] = (0B89): UnitMeter magnitude=0.001 factor=1 Unit="m" UnitOffset=0 UnitFactor=100 UnitSupportet=True
		objects[03AA] = (03B9): Dimension_Distance2D  flags=4208  index=048A flags2=-1  lst0={}   u32_0=0000   a0=(0000,0000,0000,0000) a1=Vector (1.7976931348623157e+308, 0.0, 0.0) a2=Vector (1.7976931348623157e+308, 0.0, 0.0)
			next = (07DB): FxAttr_EEE03AF5 a0=(0000,0000)     u16_0=009   u32_0=0000 a1=Vector (0.0, 0.0, 0.0) p1=Vector (-24.200000000000003, 12.15, 0.0) p2=Vector (-21.85, 11.450000000000001, 0.0) a2=Vector (2.3500000000000014, 1.2856651257658118, 0.0)
				entity2 = (0A48): E1D3D023  flags=3000200  index=0000 flags2=0000  a1=(0,0,1.875) a2=(100,000,000) a3=Vector (-24.200000000000003, 12.15, 0.0) a4=(999A,9999,D999) a5=Vector (-1.903598566282021e+185, 8.1135e-320, 0.0) a6=(000,003,000) s32_0=-1 a7=(0,-1,0,1,0,0,0,-23.788,13.4357,0,-23.025,13.4357,0,-24.2,13.8536,0,-21.85,13.8536,0,-24.2,12.15,0,-21.85,12.15,0,-24.2,13.4357,0,-21.85,13.4357,0) a8=(01,01,00,00,00,00,00,00,00,00,00,00,00,03,00,00,01,00) a9=(0,0.417906,0.104476,0.633856,0.301717,0) u8_0=01   a10=(0000,0000,006A) a11=(-24.2,13.4357,0,-21.85,13.4357,0,-24.2,13.4357,0,-21.85,13.4357,0,-23.788,13.4357,0,0,0,0) u8_1=01 a12=(0,-1,0,-23.025,13.4357,0,1,0,0,0,0,0) u8_2=00 a13=(-24.2,12.2545,0,-21.85,11.5545,0) 
					ref_1 = (0B8A): 39A41830  flags=0210  index=0000 s32_0=-1 a2=(0000,0000,0000,0000,0000,0000,0000,0000,0000,0001,0000,0000,0003) a3=Vector (0.0, 0.0, 0.0) txt0="" a4=(0000,0000,0000,A7F9,A7FB) a5=(1,0,0,-23.788,13.4357,0) a6=(000,000,000,000,000,000)   u32_0=0000 a7=(0003,0003) a8=(07E4,0000) 
						*parameter1 = (03B8): Parameter 'd49'=23.5mm
						*sketch = (02D9): Sketch2D 'Esquisse4'
					ref_2 = (0B8B): 99B938AE  flags=0200  index=0000 a1=Vector (0.25, 0.1, 0.0) u32_0=0010 u32_1=0000
					*ref_3 = (0B8B): 99B938AE
				*entity3 = (03B4): Line2D - (-24.2,12.15) - (-24.2,4.15)
				*entity4 = (0347): Point2D - (-21.85,11.45)
			*group = (0519): Group2D
			*parameter = (03B8): Parameter 'd49'=23.5mm
			*entity1 = (03B4): Line2D - (-24.2,12.15) - (-24.2,4.15)
			*entity2 = (0347): Point2D - (-21.85,11.45)
		objects[03AB] = (03BA): Parameter 'd50'  flags=34200  index=048B   valueNominal=3.2 valueModel=3.2   tolerance=NOMINAL u16_0=-1
			unit = (07DC): Unit   visible=True 
				numerators[0000] = (0A49): UnitMilliMeter magnitude=1 factor=1 Unit="mm" UnitOffset=0 UnitFactor=0.1 UnitSupportet=True
			formula = (07DD): ParameterValue  value=3.2 type=000
				unit = (0A4A): Unit   visible=True 
					numerators[0000] = (0B8C): UnitMeter magnitude=0.001 factor=1 Unit="m" UnitOffset=0 UnitFactor=100 UnitSupportet=True
		objects[03AC] = (03BB): Dimension_Distance2D  flags=4208  index=048C flags2=-1  lst0={}   u32_0=0000   a0=(0000,0000,0000,0000) a1=Vector (1.7976931348623157e+308, 0.0, 0.0) a2=Vector (1.7976931348623157e+308, 0.0, 0.0)
			next = (07DE): FxAttr_EEE03AF5 a0=(0000,0000)     u16_0=00A   u32_0=0000 a1=Vector (0.0, 0.0, 0.0) p1=Vector (-23.750000000000004, 8.149999999999999, 0.0) p2=Vector (-23.750000000000007, 11.349999999999998, 0.0) a2=Vector (0.0, 1.1045435424345307, 0.0)
				entity2 = (0A4B): E1D3D023  flags=3000200  index=0000 flags2=0000  a1=(0,0,1.875) a2=(100,000,000) a3=Vector (-23.750000000000004, 8.149999999999999, 0.0) a4=(002,000,C000) a5=Vector (-4.667261458370435e-62, 8.1135e-320, 0.0) a6=(000,002,000) s32_0=-1 a7=(1,0,0,-0,1,0,0,-24.8545,8.52129,0,-24.8545,9.75,0,-25.1624,8.15,0,-25.1624,11.35,0,-23.75,8.15,0,-23.75,11.35,0,-24.8545,8.15,0,-24.8545,11.35,0) a8=(01,01,00,00,00,00,00,00,00,00,00,00,00,03,00,00,01,00) a9=(0,0.30789,0.0769725,0.356592,0.247612,0) u8_0=01   a10=(0000,0000,006A) a11=(-24.8545,8.15,0,-24.8545,11.35,0,-24.8545,8.15,0,-24.8545,11.35,0,-24.8545,8.52129,0,0,0,0) u8_1=01 a12=(1,0,0,-24.8545,9.75,0,0,1,0,0,0,0) u8_2=00 a13=(-23.827,8.15,0,-23.827,11.35,0) 
					ref_1 = (0B8D): 39A41830  flags=0210  index=0000 s32_0=-1 a2=(0000,0000,0000,0000,0000,0000,0000,0000,0000,0001,0000,0000,0003) a3=Vector (0.0, 0.0, 0.0) txt0="" a4=(0000,0000,0000,A7F9,A7FB) a5=(1,0,0,-24.8545,8.52129,0) a6=(000,000,000,000,000,000)   u32_0=0000 a7=(0003,0003) a8=(07E4,0000) 
						*parameter1 = (03BA): Parameter 'd50'=32mm
						*sketch = (02D9): Sketch2D 'Esquisse4'
					ref_2 = (0B8E): 99B938AE  flags=0200  index=0000 a1=Vector (0.25, 0.1, 0.0) u32_0=0010 u32_1=0000
					*ref_3 = (0B8E): 99B938AE
				*entity3 = (0333): Point2D - (-23.75,8.15)
				*entity4 = (0330): Point2D - (-23.75,11.35)
			*group = (0519): Group2D
			*parameter = (03BA): Parameter 'd50'=32mm
			*entity1 = (0333): Point2D - (-23.75,8.15)
			*entity2 = (0330): Point2D - (-23.75,11.35)
		objects[03AD] = (03BC): Parameter 'd51'  flags=34200  index=048D   valueNominal=0.45 valueModel=0.45   tolerance=NOMINAL u16_0=-1
			unit = (07DF): Unit   visible=True 
				numerators[0000] = (0A4C): UnitMilliMeter magnitude=1 factor=1 Unit="mm" UnitOffset=0 UnitFactor=0.1 UnitSupportet=True
			formula = (07E0): ParameterValue  value=0.45 type=001
				unit = (0A4D): Unit   visible=True 
					numerators[0000] = (0B8F): UnitMeter magnitude=0.001 factor=1 Unit="m" UnitOffset=0 UnitFactor=100 UnitSupportet=True
		objects[03AE] = (03BD): Dimension_Distance2D  flags=4208  index=048E flags2=-1  lst0={}   u32_0=0000   a0=(0000,0000,0000,0000) a1=Vector (1.7976931348623157e+308, 0.0, 0.0) a2=Vector (1.7976931348623157e+308, 0.0, 0.0)
			next = (07E1): FxAttr_EEE03AF5 a0=(0000,0000)     u16_0=009   u32_0=0000 a1=Vector (0.057821574246077256, 0.0, 0.0) p1=Vector (-24.200000000000003, 11.687427406031382, 0.0) p2=Vector (-23.750000000000007, 11.349999999999998, 0.0) a2=Vector (0.44999999999999574, 0.0, 0.0)
				entity2 = (0A4E): E1D3D023  flags=3000200  index=0000 flags2=0000  a1=(0,0,1.875) a2=(100,000,000) a3=Vector (-24.200000000000003, 11.687427406031382, 0.0) a4=(002,000,C000) a5=Vector (-4.667261458370435e-62, 8.1135e-320, 0.0) a6=(000,003,000) s32_0=-1 a7=(0,-1,0,1,0,0,0,-25.9467,11.6874,0,-23.975,11.6874,0,-24.2,11.6874,0,-23.75,12.1439,0,-25.7905,8.15,0,3.37686,8.15,0,-24.2,11.6874,0,-23.75,11.6874,0) a8=(00,01,00,00,00,00,00,00,00,00,00,00,00,03,00,00,01,00) a9=(0,0.456469,0.114117,0.45556,0.296711,0) u8_0=01   a10=(0000,0000,006A) a11=(-24.2,11.6874,0,-23.75,11.6874,0,-26.9388,11.6874,0,-21.0112,11.6874,0,-25.9467,11.6874,0,1.36617,0,0) u8_1=01 a12=(0,-1,0,-23.975,11.6874,0,1,0,0,-23.918,11.3578,0) u8_2=00 a13=(-24.2,11.6874,0,-23.75,11.4641,0) 
					ref_1 = (0B90): 39A41830  flags=0210  index=0000 s32_0=-1 a2=(0000,0000,0000,0000,0000,0000,0000,0000,0000,0001,0000,0000,0003) a3=Vector (0.0, 0.0, 0.0) txt0="" a4=(0000,0000,0000,A7F9,A7FB) a5=(1,0,0,-25.9467,11.6874,0) a6=(000,000,000,000,000,000)   u32_0=0000 a7=(0003,0003) a8=(07E4,0000) 
						*parameter1 = (03BC): Parameter 'd51'=4.5mm
						*sketch = (02D9): Sketch2D 'Esquisse4'
					ref_2 = (0B91): 99B938AE  flags=0200  index=0000 a1=Vector (0.25, 0.1, 0.0) u32_0=0010 u32_1=0000
					*ref_3 = (0B91): 99B938AE
				*entity3 = (03B4): Line2D - (-24.2,12.15) - (-24.2,4.15)
				*entity4 = (0330): Point2D - (-23.75,11.35)
			*group = (0519): Group2D
			*parameter = (03BC): Parameter 'd51'=4.5mm
			*entity1 = (03B4): Line2D - (-24.2,12.15) - (-24.2,4.15)
			*entity2 = (0330): Point2D - (-23.75,11.35)
		objects[03AF] = (03BE): Parameter 'd52'  flags=24200  index=048F   valueNominal=0.45 valueModel=0.45   tolerance=NOMINAL u16_0=-1
			unit = (07E2): Unit   visible=True 
				numerators[0000] = (0A4F): UnitMilliMeter magnitude=1 factor=1 Unit="mm" UnitOffset=0 UnitFactor=0.1 UnitSupportet=True
			formula = (07E3): ParameterRef  
				unit = (0A50): Unit   visible=False 
					numerators[0000] = (0B92): UnitMilliMeter magnitude=1 factor=1 Unit="mm" UnitOffset=0 UnitFactor=0.1 UnitSupportet=True
				*operand1 = (03BC): Parameter 'd51'=4.5mm
		objects[03B0] = (03BF): Dimension_Distance2D  flags=4208  index=0490 flags2=-1  lst0={}   u32_0=0000   a0=(0000,0000,0000,0000) a1=Vector (1.7976931348623157e+308, 0.0, 0.0) a2=Vector (1.7976931348623157e+308, 0.0, 0.0)
			next = (07E4): FxAttr_EEE03AF5 a0=(0000,0000)     u16_0=009   u32_0=0000 a1=Vector (0.36340660358802057, 0.0, 0.0) p1=Vector (-24.200000000000003, 9.242747171295836, 0.0) p2=Vector (-23.750000000000004, 8.149999999999999, 0.0) a2=Vector (0.4499999999999993, 0.0, 0.0)
				entity2 = (0A51): E1D3D023  flags=3000200  index=0000 flags2=0000  a1=(0,0,1.875) a2=(100,000,000) a3=Vector (-24.200000000000003, 9.242747171295836, 0.0) a4=(001,000,C000) a5=Vector (9.255963134928105e+61, 8.1106e-320, 0.0) a6=(000,003,000) s32_0=-1 a7=(0,-1,0,1,0,0,0,-24.9083,9.24275,0,-23.975,9.24275,0,-24.2,9.24275,0,-23.75,9.69922,0,-25.7905,8.15,0,3.37686,8.15,0,-24.2,9.24275,0,-23.75,9.24275,0) a8=(00,01,00,00,00,00,00,00,00,00,00,00,00,03,00,00,01,00) a9=(0,0.456469,0.114117,0.836798,0.308841,0) u8_0=01   a10=(0000,0000,006A) a11=(-24.2,9.24275,0,-23.75,9.24275,0,-26.9388,9.24275,0,-21.0112,9.24275,0,-24.9083,9.24275,0,1.36617,0,0) u8_1=01 a12=(0,-1,0,-23.975,9.24275,0,1,0,0,-23.918,11.3578,0) u8_2=00 a13=(-24.2,9.24275,0,-23.75,8.26412,0) 
					ref_1 = (0B93): 39A41830  flags=0210  index=0000 s32_0=-1 a2=(0000,0000,0000,0000,0000,0000,0000,0000,0000,0001,0000,0000,0003) a3=Vector (0.0, 0.0, 0.0) txt0="" a4=(0000,0000,0000,A7F9,A7FB) a5=(1,0,0,-24.9083,9.24275,0) a6=(000,000,000,000,000,000)   u32_0=0000 a7=(0003,0003) a8=(07E4,0000) 
						*parameter1 = (03BE): Parameter 'd52'=4.5mm
						*sketch = (02D9): Sketch2D 'Esquisse4'
					ref_2 = (0B94): 99B938AE  flags=0200  index=0000 a1=Vector (0.25, 0.1, 0.0) u32_0=0010 u32_1=0000
					*ref_3 = (0B94): 99B938AE
				*entity3 = (03B4): Line2D - (-24.2,12.15) - (-24.2,4.15)
				*entity4 = (0333): Point2D - (-23.75,8.15)
			*group = (0519): Group2D
			*parameter = (03BE): Parameter 'd52'=4.5mm
			*entity1 = (03B4): Line2D - (-24.2,12.15) - (-24.2,4.15)
			*entity2 = (0333): Point2D - (-23.75,8.15)
		objects[03B1] = (03C0): ParameterMappings  flags=0208  index=0491 s32_0=-1    f=0  u16_0=002 u8_0=00
			*ref_1 = (03C1): 0D0F9548
			*target = (03BE): Parameter 'd52'=4.5mm
			mapping[0000] = (07E5): 553DA303  x=1
				*parameter = (03BC): Parameter 'd51'=4.5mm
			mapping[0001] = (07E6): 553DA303  x=-1
				*parameter = (03BE): Parameter 'd52'=4.5mm
			*paramRef = (07E3): ParameterRef
		objects[03B2] = (03C1): 0D0F9548  flags=0200  index=0492 s32_0=-1 u32_0=0001 
			*mapping = (03C0): ParameterMappings
		objects[03B3] = (03C2): Parameter 'd53'  flags=34200  index=0493   valueNominal=2.05 valueModel=2.05   tolerance=NOMINAL u16_0=-1
			unit = (07E7): Unit   visible=True 
				numerators[0000] = (0A52): UnitMilliMeter magnitude=1 factor=1 Unit="mm" UnitOffset=0 UnitFactor=0.1 UnitSupportet=True
			formula = (07E8): ParameterValue  value=2.05 type=001
				unit = (0A53): Unit   visible=True 
					numerators[0000] = (0B95): UnitMeter magnitude=0.001 factor=1 Unit="m" UnitOffset=0 UnitFactor=100 UnitSupportet=True
		objects[03B4] = (03C3): Dimension_Distance2D  flags=4208  index=0494 flags2=-1  lst0={}   u32_0=0000   a0=(0000,0000,0000,0000) a1=Vector (1.7976931348623157e+308, 0.0, 0.0) a2=Vector (1.7976931348623157e+308, 0.0, 0.0)
			next = (07E9): FxAttr_EEE03AF5 a0=(0000,0000)     u16_0=009   u32_0=0000 a1=Vector (1.0, 0.0, 0.0) p1=Vector (-24.200000000000003, 12.15, 0.0) p2=Vector (-22.800000000000004, 10.1, 0.0) a2=Vector (2.0500000000000007, 4.44469214102298, 0.0)
				entity2 = (0A54): E1D3D023  flags=3000200  index=0000 flags2=0000  a1=(0,0,1.875) a2=(100,000,000) a3=Vector (-24.200000000000003, 12.15, 0.0) a4=(CCCE,CCCC,CCCC) a5=Vector (4.667261458427032e-62, 8.1126e-320, 0.0) a6=(000,003,000) s32_0=-1 a7=(-1,2.33731e-16,0,-2.33731e-16,-1,0,0,-28.6447,12.613,0,-28.6447,11.125,0,-29.0804,12.15,0,-29.0804,10.1,0,-24.2,12.15,0,-24.2,10.1,0,-28.6447,12.15,0,-28.6447,10.1,0) a8=(01,01,00,00,00,00,00,00,00,00,00,00,00,03,00,00,01,00) a9=(0,0.43571,0.108927,0.633856,0.301717,0) u8_0=01   a10=(0000,0000,006A) a11=(-28.6447,12.15,0,-28.6447,10.1,0,-28.6447,12.15,0,-28.6447,10.1,0,-28.6447,12.613,0,0,0,0) u8_1=01 a12=(-1,2.33731e-16,0,-28.6447,11.125,0,0,-1,0,-28.6447,12.613,0) u8_2=00 a13=(-24.3089,12.15,0,-22.9089,10.1,0) 
					ref_1 = (0B96): 39A41830  flags=0210  index=0000 s32_0=-1 a2=(0000,0000,0000,0000,0000,0000,0000,0000,0000,0001,0000,0000,0003) a3=Vector (0.0, 0.0, 0.0) txt0="" a4=(0000,0000,0000,A7F9,A7FB) a5=(1,0,0,-28.6447,12.613,0) a6=(000,000,000,000,000,000)   u32_0=0000 a7=(0003,0003) a8=(07E4,0000) 
						*parameter1 = (03C2): Parameter 'd53'=20.5mm
						*sketch = (02D9): Sketch2D 'Esquisse4'
					ref_2 = (0B97): 99B938AE  flags=0200  index=0000 a1=Vector (0.25, 0.1, 0.0) u32_0=0010 u32_1=0000
					*ref_3 = (0B97): 99B938AE
				*entity3 = (03A4): Line2D - (-16.6,12.15) - (-24.2,12.15)
				*entity4 = (032A): Point2D - (-22.8,10.1)
			*group = (0519): Group2D
			*parameter = (03C2): Parameter 'd53'=20.5mm
			*entity1 = (03A4): Line2D - (-16.6,12.15) - (-24.2,12.15)
			*entity2 = (032A): Point2D - (-22.8,10.1)
		objects[03B5] = (03C4): Parameter 'd54'  flags=24200  index=0495   valueNominal=2.05 valueModel=2.05   tolerance=NOMINAL u16_0=-1
			unit = (07EA): Unit   visible=True 
				numerators[0000] = (0A55): UnitMilliMeter magnitude=1 factor=1 Unit="mm" UnitOffset=0 UnitFactor=0.1 UnitSupportet=True
			formula = (07EB): ParameterRef  
				unit = (0A56): Unit   visible=False 
					numerators[0000] = (0B98): UnitMilliMeter magnitude=1 factor=1 Unit="mm" UnitOffset=0 UnitFactor=0.1 UnitSupportet=True
				*operand1 = (03C2): Parameter 'd53'=20.5mm
		objects[03B6] = (03C5): Dimension_Distance2D  flags=4208  index=0496 flags2=-1  lst0={}   u32_0=0000   a0=(0000,0000,0000,0000) a1=Vector (1.7976931348623157e+308, 0.0, 0.0) a2=Vector (1.7976931348623157e+308, 0.0, 0.0)
			next = (07EC): FxAttr_EEE03AF5 a0=(0000,0000)     u16_0=009   u32_0=0000 a1=Vector (1.0, 0.0, 0.0) p1=Vector (-24.200000000000003, 12.15, 0.0) p2=Vector (-21.100000000000005, 10.1, 0.0) a2=Vector (2.0500000000000007, 4.1400871757798825, 0.0)
				entity2 = (0A57): E1D3D023  flags=3000200  index=0000 flags2=0000  a1=(0,0,1.875) a2=(100,000,000) a3=Vector (-24.200000000000003, 12.15, 0.0) a4=(999B,9999,1999) a5=Vector (4.667261458427031e-62, 8.1126e-320, 0.0) a6=(000,003,000) s32_0=-1 a7=(-1,2.33731e-16,0,-2.33731e-16,-1,0,0,-28.3401,12.118,0,-28.3401,11.125,0,-28.7758,12.15,0,-28.7758,10.1,0,-24.2,12.15,0,-24.2,10.1,0,-28.3401,12.15,0,-28.3401,10.1,0) a8=(01,01,00,00,00,00,00,00,00,00,00,00,00,03,00,00,01,00) a9=(0,0.43571,0.108927,1.01509,0.308841,0) u8_0=01   a10=(0000,0000,006A) a11=(-28.3401,12.15,0,-28.3401,10.1,0,-28.3401,12.15,0,-28.3401,10.1,0,-28.3401,12.118,0,0,0,0) u8_1=01 a12=(-1,2.33731e-16,0,-28.3401,11.125,0,0,-1,0,-27.1867,12.1544,0) u8_2=00 a13=(-24.3089,12.15,0,-21.2089,10.1,0) 
					ref_1 = (0B99): 39A41830  flags=0210  index=0000 s32_0=-1 a2=(0000,0000,0000,0000,0000,0000,0000,0000,0000,0001,0000,0000,0003) a3=Vector (0.0, 0.0, 0.0) txt0="" a4=(0000,0000,0000,A7F9,A7FB) a5=(1,0,0,-28.3401,12.118,0) a6=(000,000,000,000,000,000)   u32_0=0000 a7=(0003,0003) a8=(07E4,0000) 
						*parameter1 = (03C4): Parameter 'd54'=20.5mm
						*sketch = (02D9): Sketch2D 'Esquisse4'
					ref_2 = (0B9A): 99B938AE  flags=0200  index=0000 a1=Vector (0.25, 0.1, 0.0) u32_0=0010 u32_1=0000
					*ref_3 = (0B9A): 99B938AE
				*entity3 = (03A4): Line2D - (-16.6,12.15) - (-24.2,12.15)
				*entity4 = (032D): Point2D - (-21.1,10.1)
			*group = (0519): Group2D
			*parameter = (03C4): Parameter 'd54'=20.5mm
			*entity1 = (03A4): Line2D - (-16.6,12.15) - (-24.2,12.15)
			*entity2 = (032D): Point2D - (-21.1,10.1)
		objects[03B7] = (03C6): ParameterMappings  flags=0208  index=0497 s32_0=-1    f=0  u16_0=002 u8_0=00
			*ref_1 = (03C7): 0D0F9548
			*target = (03C4): Parameter 'd54'=20.5mm
			mapping[0000] = (07ED): 553DA303  x=1
				*parameter = (03C2): Parameter 'd53'=20.5mm
			mapping[0001] = (07EE): 553DA303  x=-1
				*parameter = (03C4): Parameter 'd54'=20.5mm
			*paramRef = (07EB): ParameterRef
		objects[03B8] = (03C7): 0D0F9548  flags=0200  index=0498 s32_0=-1 u32_0=0001 
			*mapping = (03C6): ParameterMappings
		objects[03B9] = (03C8): Parameter 'd55'  flags=34200  index=0499   valueNominal=1.7 valueModel=1.7   tolerance=NOMINAL u16_0=-1
			unit = (07EF): Unit   visible=True 
				numerators[0000] = (0A58): UnitMilliMeter magnitude=1 factor=1 Unit="mm" UnitOffset=0 UnitFactor=0.1 UnitSupportet=True
			formula = (07F0): ParameterValue  value=1.7 type=000
				unit = (0A59): Unit   visible=True 
					numerators[0000] = (0B9B): UnitMeter magnitude=0.001 factor=1 Unit="m" UnitOffset=0 UnitFactor=100 UnitSupportet=True
		objects[03BA] = (03C9): Dimension_Distance2D  flags=4208  index=049A flags2=-1  lst0={}   u32_0=0000   a0=(0000,0000,0000,0000) a1=Vector (1.7976931348623157e+308, 0.0, 0.0) a2=Vector (1.7976931348623157e+308, 0.0, 0.0)
			next = (07F1): FxAttr_EEE03AF5 a0=(0000,0000)     u16_0=00A   u32_0=0000 a1=Vector (0.0, 0.0, 0.0) p1=Vector (-21.100000000000005, 10.1, 0.0) p2=Vector (-22.800000000000004, 10.1, 0.0) a2=Vector (0.0, 2.248975907100185, 0.0)
				entity2 = (0A5A): E1D3D023  flags=3000200  index=0000 flags2=0000  a1=(0,0,1.875) a2=(100,000,000) a3=Vector (-21.100000000000005, 10.1, 0.0) a4=(CCCE,CCCC,CCCC) a5=Vector (4.667261458427032e-62, 8.1126e-320, 0.0) a6=(000,002,000) s32_0=-1 a7=(0,1,0,-1,0,0,0,-21.1,7.85102,0,-21.95,7.85102,0,-21.1,7.4089,0,-22.8,7.4089,0,-21.1,10.1,0,-22.8,10.1,0,-21.1,7.85102,0,-22.8,7.85102,0) a8=(01,01,00,00,00,00,00,00,00,00,00,00,00,03,00,00,01,00) a9=(0,0.442127,0.110532,0.356592,0.23837,0) u8_0=01   a10=(0000,0000,006A) a11=(-21.1,7.85102,0,-22.8,7.85102,0,-21.1,7.85102,0,-22.8,7.85102,0,-21.1,7.85102,0,0,0,0) u8_1=01 a12=(0,1,0,-21.95,7.85102,0,-1,0,0,-27.1867,12.1544,0) u8_2=00 a13=(-21.1,9.98947,0,-22.8,9.98947,0) 
					ref_1 = (0B9C): 39A41830  flags=0210  index=0000 s32_0=-1 a2=(0000,0000,0000,0000,0000,0000,0000,0000,0000,0001,0000,0000,0003) a3=Vector (0.0, 0.0, 0.0) txt0="" a4=(0000,0000,0000,A7F9,A7FB) a5=(1,0,0,-21.1,7.85102,0) a6=(000,000,000,000,000,000)   u32_0=0000 a7=(0003,0003) a8=(07E4,0000) 
						*parameter1 = (03C8): Parameter 'd55'=17mm
						*sketch = (02D9): Sketch2D 'Esquisse4'
					ref_2 = (0B9D): 99B938AE  flags=0200  index=0000 a1=Vector (0.25, 0.1, 0.0) u32_0=0010 u32_1=0000
					*ref_3 = (0B9D): 99B938AE
				*entity3 = (032D): Point2D - (-21.1,10.1)
				*entity4 = (032A): Point2D - (-22.8,10.1)
			*group = (0519): Group2D
			*parameter = (03C8): Parameter 'd55'=17mm
			*entity1 = (032D): Point2D - (-21.1,10.1)
			*entity2 = (032A): Point2D - (-22.8,10.1)
		objects[03BB] = (03CA): Parameter 'd56'  flags=34200  index=049B   valueNominal=1.4 valueModel=1.4   tolerance=NOMINAL u16_0=-1
			unit = (07F2): Unit   visible=True 
				numerators[0000] = (0A5B): UnitMilliMeter magnitude=1 factor=1 Unit="mm" UnitOffset=0 UnitFactor=0.1 UnitSupportet=True
			formula = (07F3): ParameterValue  value=1.4 type=000
				unit = (0A5C): Unit   visible=True 
					numerators[0000] = (0B9E): UnitMeter magnitude=0.001 factor=1 Unit="m" UnitOffset=0 UnitFactor=100 UnitSupportet=True
		objects[03BC] = (03CB): Dimension_Distance2D  flags=4208  index=049C flags2=-1  lst0={}   u32_0=0000   a0=(0000,0000,0000,0000) a1=Vector (1.7976931348623157e+308, 0.0, 0.0) a2=Vector (1.7976931348623157e+308, 0.0, 0.0)
			next = (07F4): FxAttr_EEE03AF5 a0=(0000,0000)     u16_0=009   u32_0=0000 a1=Vector (0.0, 0.0, 0.0) p1=Vector (-24.200000000000003, 12.15, 0.0) p2=Vector (-22.800000000000004, 10.1, 0.0) a2=Vector (1.3999999999999986, 0.5616419597055486, 0.0)
				entity2 = (0A5D): E1D3D023  flags=3000200  index=0000 flags2=0000  a1=(0,0,1.875) a2=(100,000,000) a3=Vector (-24.200000000000003, 12.15, 0.0) a4=(CCCE,CCCC,CCCC) a5=Vector (4.667261458427032e-62, 8.1126e-320, 0.0) a6=(000,003,000) s32_0=-1 a7=(0,-1,0,1,0,0,0,-23.8206,12.7116,0,-23.5,12.7116,0,-24.2,13.0651,0,-22.8,13.0651,0,-24.2,12.15,0,-22.8,12.15,0,-24.2,12.7116,0,-22.8,12.7116,0) a8=(01,01,00,00,00,00,00,00,00,00,00,00,00,03,00,00,01,00) a9=(0,0.353464,0.088366,0.356592,0.23837,0) u8_0=01   a10=(0000,0000,006A) a11=(-24.2,12.7116,0,-22.8,12.7116,0,-24.2,12.7116,0,-22.8,12.7116,0,-23.8206,12.7116,0,0,0,0) u8_1=01 a12=(0,-1,0,-23.5,12.7116,0,1,0,0,-27.1867,12.1544,0) u8_2=00 a13=(-24.2,12.2384,0,-22.8,10.1884,0) 
					ref_1 = (0B9F): 39A41830  flags=0210  index=0000 s32_0=-1 a2=(0000,0000,0000,0000,0000,0000,0000,0000,0000,0001,0000,0000,0003) a3=Vector (0.0, 0.0, 0.0) txt0="" a4=(0000,0000,0000,A7F9,A7FB) a5=(1,0,0,-23.8206,12.7116,0) a6=(000,000,000,000,000,000)   u32_0=0000 a7=(0003,0003) a8=(07E4,0000) 
						*parameter1 = (03CA): Parameter 'd56'=14mm
						*sketch = (02D9): Sketch2D 'Esquisse4'
					ref_2 = (0BA0): 99B938AE  flags=0200  index=0000 a1=Vector (0.25, 0.1, 0.0) u32_0=0010 u32_1=0000
					*ref_3 = (0BA0): 99B938AE
				*entity3 = (03B4): Line2D - (-24.2,12.15) - (-24.2,4.15)
				*entity4 = (032A): Point2D - (-22.8,10.1)
			*group = (0519): Group2D
			*parameter = (03CA): Parameter 'd56'=14mm
			*entity1 = (03B4): Line2D - (-24.2,12.15) - (-24.2,4.15)
			*entity2 = (032A): Point2D - (-22.8,10.1)
		objects[03BD] = (03CC): Geometric_EqualRadius2D  flags=4208  index=049D flags2=-1  lst0={}    
			*group = (0519): Group2D
			*circle1 = (0319): Circle2D - (-7.85,15.5), r=0.15
			*circle2 = (0331): Circle2D - (-23.75,11.35), r=0.15
		objects[03BE] = (03CD): Parameter 'd57'  flags=34200  index=049E   valueNominal=0.7 valueModel=0.7   tolerance=NOMINAL u16_0=-1
			unit = (07F5): Unit   visible=True 
				numerators[0000] = (0A5E): UnitMilliMeter magnitude=1 factor=1 Unit="mm" UnitOffset=0 UnitFactor=0.1 UnitSupportet=True
			formula = (07F6): ParameterValue  value=0.7 type=000
				unit = (0A5F): Unit   visible=True 
					numerators[0000] = (0BA1): UnitMeter magnitude=0.001 factor=1 Unit="m" UnitOffset=0 UnitFactor=100 UnitSupportet=True
		objects[03BF] = (03CE): Dimension_Distance2D  flags=4208  index=049F flags2=-1  lst0={}   u32_0=0000   a0=(0000,0000,0000,0000) a1=Vector (1.7976931348623157e+308, 0.0, 0.0) a2=Vector (1.7976931348623157e+308, 0.0, 0.0)
			next = (07F7): FxAttr_EEE03AF5 a0=(0000,0000)     u16_0=00A   u32_0=0000 a1=Vector (0.0, 0.0, 0.0) p1=Vector (-0.7999999999999995, 8.149999999999999, 0.0) p2=Vector (-1.4999999999999996, 8.149999999999999, 0.0) a2=Vector (0.0, 1.2477180842745206, 0.0)
				entity2 = (0A60): E1D3D023  flags=3000200  index=0000 flags2=0000  a1=(0,0,1.875) a2=(100,000,000) a3=Vector (-0.7999999999999995, 8.149999999999999, 0.0) a4=(FFFE,FFFF,FFFF) a5=Vector (9.255963134928032e+61, 8.1106e-320, 0.0) a6=(000,002,000) s32_0=-1 a7=(0,1,0,-1,0,0,0,-0.752757,9.39772,0,-1.15,9.39772,0,-0.8,9.74782,0,-1.5,9.74782,0,-0.8,8.15,0,-1.5,8.15,0,-0.8,9.39772,0,-1.5,9.39772,0) a8=(01,01,00,00,00,00,00,00,00,00,00,00,00,03,00,00,01,00) a9=(0,0.350104,0.087526,0.178296,0.2376,0) u8_0=01   a10=(0000,0000,006A) a11=(-0.8,9.39772,0,-1.5,9.39772,0,-0.752757,9.39772,0,-3.60062,9.39772,0,-0.752757,9.39772,0,0,0,0) u8_1=01 a12=(0,1,0,-1.15,9.39772,0,-1,0,0,0,0,0) u8_2=00 a13=(-0.8,8.23753,0,-1.5,8.23753,0) 
					ref_1 = (0BA2): 39A41830  flags=0210  index=0000 s32_0=-1 a2=(0000,0000,0000,0000,0000,0000,0000,0000,0000,0001,0000,0000,0003) a3=Vector (0.0, 0.0, 0.0) txt0="" a4=(0000,0000,0000,A7F9,A7FB) a5=(1,0,0,-0.752757,9.39772,0) a6=(000,000,000,000,000,000)   u32_0=0000 a7=(0003,0003) a8=(07E4,0000) 
						*parameter1 = (03CD): Parameter 'd57'=7mm
						*sketch = (02D9): Sketch2D 'Esquisse4'
					ref_2 = (0BA3): 99B938AE  flags=0200  index=0000 a1=Vector (0.25, 0.1, 0.0) u32_0=0010 u32_1=0000
					*ref_3 = (0BA3): 99B938AE
				*entity3 = (0308): Point2D - (-0.8,8.15)
				*entity4 = (0304): Point2D - (-1.5,8.15)
			*group = (0519): Group2D
			*parameter = (03CD): Parameter 'd57'=7mm
			*entity1 = (0308): Point2D - (-0.8,8.15)
			*entity2 = (0304): Point2D - (-1.5,8.15)
		objects[03C0] = (03CF): Point2D  flags=30200  index=04A0 flags2=0040  pos=Vector (-2.0000000000000004, 11.950000000000001, 0.0)   u32_0=0000 lst1=() 
			next = (07F8): FxAttrStyles a0=(0000,0000)    u32_0=0000 associativeID=0070 typEntity=0001
				next = (0A61): FxAttrEntityReference a0=(0000,0000)    
					*owner = (03CF): Point2D - (-2,11.95)
					*ref_2 = (03D0): 60406697
			*sketch = (02D9): Sketch2D 'Esquisse4'
			*endPointOf[0000] = (03D7): Line2D - (-2,11.95) - (-2,4.35)
		objects[03C1] = (03D0): 60406697  flags=0200  index=04A1 s32_0=-1   
			*ref_1 = (03CF): Point2D - (-2,11.95)
			*ref_2 = (02D8): Transformation
			*ref_3 = (03D1): C1887310
		objects[03C2] = (03D1): C1887310  flags=0000  index=04A2 lst0=(1187) s32_0=-1
		objects[03C3] = (03D2): B8DBEF70  flags=0200  index=04A3 s32_0=-1 u8_0=05  wireIndex=0002 u32_1=0002 lst0=(003E,0311) lst1=() u8_2=00  ntEntry=0004[001D]
			creator = (07F9): SurfaceCreator  flags=0000    a0=(003,8000) idxCreator=311 u16_0=8000
			*body = (0008): SurfaceBody 'Solide1'
			*owner = (03D1): C1887310
		objects[03C4] = (03D3): Point2D  flags=30200  index=04A4 flags2=0040  pos=Vector (-1.999999999999999, 4.3500000000000005, 0.0)   u32_0=0000 lst1=() 
			next = (07FA): FxAttrStyles a0=(0000,0000)    u32_0=0000 associativeID=0071 typEntity=0001
				next = (0A62): FxAttrEntityReference a0=(0000,0000)    
					*owner = (03D3): Point2D - (-2,4.35)
					*ref_2 = (03D4): 60406697
			*sketch = (02D9): Sketch2D 'Esquisse4'
			*endPointOf[0000] = (03D7): Line2D - (-2,11.95) - (-2,4.35)
		objects[03C5] = (03D4): 60406697  flags=0200  index=04A5 s32_0=-1   
			*ref_1 = (03D3): Point2D - (-2,4.35)
			*ref_2 = (02D8): Transformation
			*ref_3 = (03D5): C1887310
		objects[03C6] = (03D5): C1887310  flags=0000  index=04A6 lst0=(1191) s32_0=-1
		objects[03C7] = (03D6): B8DBEF70  flags=0200  index=04A7 s32_0=-1 u8_0=05  wireIndex=0002 u32_1=0002 lst0=(003E,0311) lst1=() u8_2=00  ntEntry=0004[001F]
			creator = (07FB): SurfaceCreator  flags=0000    a0=(003,8000) idxCreator=311 u16_0=8000
			*body = (0008): SurfaceBody 'Solide1'
			*owner = (03D5): C1887310
		objects[03C8] = (03D7): Line2D  flags=30200  index=04A8 flags2=80040    pos=Vector (-2.0000000000000004, 11.950000000000001, 0.0) dir=Vector (2.0451476769410778e-16, -1.0, 0.0)
			next = (07FC): FxAttrStyles a0=(0000,0000)    u32_0=0000 associativeID=0072 typEntity=0002
				next = (0A63): FxAttrEntityReference a0=(0000,0000)    
					*owner = (03D7): Line2D - (-2,11.95) - (-2,4.35)
					next = (0BA4): FxAttr_D5F19E40 a0=(0000,0000)    u32_0=0000 pos=Vector (-2.0000000000000004, 11.950000000000001, 0.0) dir=Vector (2.0451476769410778e-16, -1.0, 0.0)
						*owner = (03D7): Line2D - (-2,11.95) - (-2,4.35)
					*ref_2 = (03D8): 64DE16F3
			*sketch = (02D9): Sketch2D 'Esquisse4'
			*points[0000] = (03CF): Point2D - (-2,11.95)
			*points[0001] = (03D3): Point2D - (-2,4.35)
		objects[03C9] = (03D8): 64DE16F3  flags=0200  index=04A9 s32_0=3    u16_0=017
			*entity = (03D7): Line2D - (-2,11.95) - (-2,4.35)
			*transformation = (02D8): Transformation
			*edge = (03D9): EdgeItem
		objects[03CA] = (03D9): EdgeItem  flags=0000  index=04AA indexRefs=(1195) s32_0=-1 u32_0=0000
		objects[03CB] = (03DA): EdgeId  flags=0200  index=04AB s32_0=-1 u8_0=05  wireIndex=0002 u32_1=0002 lst0=(003E,0311) lst1=() u8_2=00  ntEntry=0004[0020]
			creator = (07FD): SurfaceCreator  flags=0000    a0=(003,8000) idxCreator=311 u16_0=8000
			*body = (0008): SurfaceBody 'Solide1'
			*owner = (03D9): EdgeItem
		objects[03CC] = (03DB): Line2D  flags=30200  index=04AE flags2=80040    pos=Vector (0.0, 3.3, 0.0) dir=Vector (0.0, 1.0, 0.0)
			next = (07FE): FxAttrStyles a0=(0000,0000)    u32_0=0000 associativeID=0073 typEntity=0002
				next = (0A64): FxAttrEntityReference a0=(0000,0000)    
					*owner = (03DB): Line2D - (0,3.3) - (0,13)
					next = (0BA5): FxAttr_D5F19E40 a0=(0000,0000)    u32_0=0000 pos=Vector (0.0, 3.3, 0.0) dir=Vector (0.0, 1.0, 0.0)
						*owner = (03DB): Line2D - (0,3.3) - (0,13)
					*ref_2 = (03DC): 64DE16F3
			*sketch = (02D9): Sketch2D 'Esquisse4'
			*points[0000] = (02EA): Point2D - (0,3.3)
			*points[0001] = (02F2): Point2D - (0,13)
		objects[03CD] = (03DC): 64DE16F3  flags=0200  index=04AF s32_0=3    u16_0=017
			*entity = (03DB): Line2D - (0,3.3) - (0,13)
			*transformation = (02D8): Transformation
			*edge = (03DD): EdgeItem
		objects[03CE] = (03DD): EdgeItem  flags=0000  index=04B0 indexRefs=(1201) s32_0=-1 u32_0=0000
		objects[03CF] = (03DE): EdgeId  flags=0200  index=04B1 s32_0=-1 u8_0=05  wireIndex=0002 u32_1=0002 lst0=(003E,00EC) lst1=() u8_2=00  ntEntry=0004[000B]
			creator = (07FF): SurfaceCreator  flags=0000    a0=(003,8000) idxCreator=311 u16_0=8000
			*body = (0008): SurfaceBody 'Solide1'
			*owner = (03DD): EdgeItem
		objects[03D0] = (03DF): Parameter 'd59'  flags=34200  index=04B2   valueNominal=1.3 valueModel=1.3   tolerance=NOMINAL u16_0=-1
			unit = (0800): Unit   visible=True 
				numerators[0000] = (0A65): UnitMilliMeter magnitude=1 factor=1 Unit="mm" UnitOffset=0 UnitFactor=0.1 UnitSupportet=True
			formula = (0801): ParameterValue  value=1.3 type=000
				unit = (0A66): Unit   visible=True 
					numerators[0000] = (0BA6): UnitMeter magnitude=0.001 factor=1 Unit="m" UnitOffset=0 UnitFactor=100 UnitSupportet=True
		objects[03D1] = (03E0): Dimension_Distance2D  flags=4208  index=04B3 flags2=-1  lst0={}   u32_0=0000   a0=(0000,0000,0000,0000) a1=Vector (1.7976931348623157e+308, 0.0, 0.0) a2=Vector (1.7976931348623157e+308, 0.0, 0.0)
			next = (0802): FxAttr_EEE03AF5 a0=(0000,0000)     u16_0=009   u32_0=0000 a1=Vector (1.0, 0.0, 0.0) p1=Vector (0.0, 13.0, 0.0) p2=Vector (-1.3, 12.650000000000002, 0.0) a2=Vector (1.3, 1.1614814081612082, 0.0)
				entity2 = (0A67): E1D3D023  flags=3000200  index=0000 flags2=0000  a1=(0,0,1.875) a2=(100,000,000) a3=Vector (0.0, 13.0, 0.0) a4=(CCCD,CCCC,CCCC) a5=Vector (9.255963135077687e+61, 8.115e-320, 0.0) a6=(000,003,000) s32_0=-1 a7=(0,1,0,-1,0,0,0,0.0370721,14.1615,0,-0.65,14.1615,0,0,14.5,0,-1.3,14.5,0,0,13,0,-1.3,13,0,0,14.1615,0,-1.3,14.1615,0) a8=(01,01,00,00,00,00,00,00,00,00,00,00,00,03,00,00,01,00) a9=(0,0.338498,0.0846245,0.356592,0.247612,0) u8_0=01   a10=(0000,0000,006A) a11=(0,14.1615,0,-1.3,14.1615,0,0,14.1615,0,-1.3,14.1615,0,0.0370721,14.1615,0,0,0,0) u8_1=01 a12=(0,1,0,-0.65,14.1615,0,-1,0,0,0,0,0) u8_2=00 a13=(0,13.0846,0,-1.3,12.7346,0) 
					ref_1 = (0BA7): 39A41830  flags=0210  index=0000 s32_0=-1 a2=(0000,0000,0000,0000,0000,0000,0000,0000,0000,0001,0000,0000,0003) a3=Vector (0.0, 0.0, 0.0) txt0="" a4=(0000,0000,0000,A7F9,A7FB) a5=(1,0,0,0.0370721,14.1615,0) a6=(000,000,000,000,000,000)   u32_0=0000 a7=(0003,0003) a8=(07E4,0000) 
						*parameter1 = (03DF): Parameter 'd59'=13mm
						*sketch = (02D9): Sketch2D 'Esquisse4'
					ref_2 = (0BA8): 99B938AE  flags=0200  index=0000 a1=Vector (0.25, 0.1, 0.0) u32_0=0010 u32_1=0000
					*ref_3 = (0BA8): 99B938AE
				*entity3 = (03DB): Line2D - (0,3.3) - (0,13)
				*entity4 = (030C): Point2D - (-1.3,12.65)
			*group = (0519): Group2D
			*parameter = (03DF): Parameter 'd59'=13mm
			*entity1 = (03DB): Line2D - (0,3.3) - (0,13)
			*entity2 = (030C): Point2D - (-1.3,12.65)
		objects[03D2] = (03E1): Parameter 'd60'  flags=34200  index=04B4   valueNominal=1.1 valueModel=1.1   tolerance=NOMINAL u16_0=-1
			unit = (0803): Unit   visible=True 
				numerators[0000] = (0A68): UnitMilliMeter magnitude=1 factor=1 Unit="mm" UnitOffset=0 UnitFactor=0.1 UnitSupportet=True
			formula = (0804): ParameterValue  value=1.1 type=000
				unit = (0A69): Unit   visible=True 
					numerators[0000] = (0BA9): UnitMeter magnitude=0.001 factor=1 Unit="m" UnitOffset=0 UnitFactor=100 UnitSupportet=True
		objects[03D3] = (03E2): Dimension_Distance2D  flags=4208  index=04B5 flags2=-1  lst0={}   u32_0=0000   a0=(0000,0000,0000,0000) a1=Vector (1.7976931348623157e+308, 0.0, 0.0) a2=Vector (1.7976931348623157e+308, 0.0, 0.0)
			next = (0805): FxAttr_EEE03AF5 a0=(0000,0000)     u16_0=00A   u32_0=0000 a1=Vector (0.0, 0.0, 0.0) p1=Vector (-1.3, 12.650000000000002, 0.0) p2=Vector (-2.4000000000000004, 12.650000000000002, 0.0) a2=Vector (0.0, 2.992593980132268, 0.0)
				entity2 = (0A6A): E1D3D023  flags=3000200  index=0000 flags2=0000  a1=(0,0,1.875) a2=(100,000,000) a3=Vector (-1.3, 12.650000000000002, 0.0) a4=(3334,3333,3333) a5=Vector (9.255963135077704e+61, 8.115e-320, 0.0) a6=(000,002,000) s32_0=-1 a7=(0,1,0,-1,0,0,0,-1.20806,15.6426,0,-1.85,15.6426,0,-1.3,16.2331,0,-2.4,16.2331,0,-1.3,12.65,0,-2.4,12.65,0,-1.3,15.6426,0,-2.4,15.6426,0) a8=(01,01,00,00,00,00,00,00,00,00,00,00,00,03,00,00,01,00) a9=(0,0.59048,0.14762,0.356592,0.23837,0) u8_0=01   a10=(0000,0000,006A) a11=(-1.3,15.6426,0,-2.4,15.6426,0,-1.20806,15.6426,0,-5.94288,15.6426,0,-1.20806,15.6426,0,0,0,0) u8_1=01 a12=(0,1,0,-1.85,15.6426,0,-1,0,0,0,0,0) u8_2=00 a13=(-1.3,12.7976,0,-2.4,12.7976,0) 
					ref_1 = (0BAA): 39A41830  flags=0210  index=0000 s32_0=-1 a2=(0000,0000,0000,0000,0000,0000,0000,0000,0000,0001,0000,0000,0003) a3=Vector (0.0, 0.0, 0.0) txt0="" a4=(0000,0000,0000,A7F9,A7FB) a5=(1,0,0,-1.20806,15.6426,0) a6=(000,000,000,000,000,000)   u32_0=0000 a7=(0003,0003) a8=(07E4,0000) 
						*parameter1 = (03E1): Parameter 'd60'=11mm
						*sketch = (02D9): Sketch2D 'Esquisse4'
					ref_2 = (0BAB): 99B938AE  flags=0200  index=0000 a1=Vector (0.25, 0.1, 0.0) u32_0=0010 u32_1=0000
					*ref_3 = (0BAB): 99B938AE
				*entity3 = (030C): Point2D - (-1.3,12.65)
				*entity4 = (030F): Point2D - (-2.4,12.65)
			*group = (0519): Group2D
			*parameter = (03E1): Parameter 'd60'=11mm
			*entity1 = (030C): Point2D - (-1.3,12.65)
			*entity2 = (030F): Point2D - (-2.4,12.65)
		objects[03D4] = (03E3): Parameter 'd61'  flags=34200  index=04B6   valueNominal=2.3 valueModel=2.3   tolerance=NOMINAL u16_0=-1
			unit = (0806): Unit   visible=True 
				numerators[0000] = (0A6B): UnitMilliMeter magnitude=1 factor=1 Unit="mm" UnitOffset=0 UnitFactor=0.1 UnitSupportet=True
			formula = (0807): ParameterValue  value=2.3 type=000
				unit = (0A6C): Unit   visible=True 
					numerators[0000] = (0BAC): UnitMeter magnitude=0.001 factor=1 Unit="m" UnitOffset=0 UnitFactor=100 UnitSupportet=True
		objects[03D5] = (03E4): Dimension_Distance2D  flags=4208  index=04B7 flags2=-1  lst0={}   u32_0=0000   a0=(0000,0000,0000,0000) a1=Vector (1.7976931348623157e+308, 0.0, 0.0) a2=Vector (1.7976931348623157e+308, 0.0, 0.0)
			next = (0808): FxAttr_EEE03AF5 a0=(0000,0000)     u16_0=00A   u32_0=0000 a1=Vector (0.0, 0.0, 0.0) p1=Vector (-2.4000000000000004, 12.650000000000002, 0.0) p2=Vector (-4.700000000000001, 12.65, 0.0) a2=Vector (0.0, 1.867701238914023, 0.0)
				entity2 = (0A6D): E1D3D023  flags=3000200  index=0000 flags2=0000  a1=(0,0,1.875) a2=(100,000,000) a3=Vector (-2.4000000000000004, 12.650000000000002, 0.0) a4=(CCCE,CCCC,CCCC) a5=Vector (9.255963135002892e+61, 8.115e-320, 0.0) a6=(000,002,000) s32_0=-1 a7=(0,1,0,-1,0,0,0,-2.7421,14.5177,0,-3.55,14.5177,0,-2.4,14.8677,0,-4.7,14.8677,0,-2.4,12.65,0,-4.7,12.65,0,-2.4,14.5177,0,-4.7,14.5177,0) a8=(01,01,00,00,00,00,00,00,00,00,00,00,00,03,00,00,01,00) a9=(0,0.349951,0.0874877,0.356592,0.247612,0) u8_0=01   a10=(0000,0000,006A) a11=(-2.4,14.5177,0,-4.7,14.5177,0,-2.4,14.5177,0,-4.7,14.5177,0,-2.7421,14.5177,0,0,0,0) u8_1=01 a12=(0,1,0,-3.55,14.5177,0,-1,0,0,0,0,0) u8_2=00 a13=(-2.4,12.7375,0,-4.7,12.7375,0) 
					ref_1 = (0BAD): 39A41830  flags=0210  index=0000 s32_0=-1 a2=(0000,0000,0000,0000,0000,0000,0000,0000,0000,0001,0000,0000,0003) a3=Vector (0.0, 0.0, 0.0) txt0="" a4=(0000,0000,0000,A7F9,A7FB) a5=(1,0,0,-2.7421,14.5177,0) a6=(000,000,000,000,000,000)   u32_0=0000 a7=(0003,0003) a8=(07E4,0000) 
						*parameter1 = (03E3): Parameter 'd61'=23mm
						*sketch = (02D9): Sketch2D 'Esquisse4'
					ref_2 = (0BAE): 99B938AE  flags=0200  index=0000 a1=Vector (0.25, 0.1, 0.0) u32_0=0010 u32_1=0000
					*ref_3 = (0BAE): 99B938AE
				*entity3 = (030F): Point2D - (-2.4,12.65)
				*entity4 = (0312): Point2D - (-4.7,12.65)
			*group = (0519): Group2D
			*parameter = (03E3): Parameter 'd61'=23mm
			*entity1 = (030F): Point2D - (-2.4,12.65)
			*entity2 = (0312): Point2D - (-4.7,12.65)
		objects[03D6] = (03E5): Parameter 'd62'  flags=34200  index=04B8   valueNominal=0.35 valueModel=0.35   tolerance=NOMINAL u16_0=-1
			unit = (0809): Unit   visible=True 
				numerators[0000] = (0A6E): UnitMilliMeter magnitude=1 factor=1 Unit="mm" UnitOffset=0 UnitFactor=0.1 UnitSupportet=True
			formula = (080A): ParameterValue  value=0.35 type=001
				unit = (0A6F): Unit   visible=True 
					numerators[0000] = (0BAF): UnitMeter magnitude=0.001 factor=1 Unit="m" UnitOffset=0 UnitFactor=100 UnitSupportet=True
		objects[03D7] = (03E6): Dimension_Distance2D  flags=4208  index=04B9 flags2=-1  lst0={}   u32_0=0000   a0=(0000,0000,0000,0000) a1=Vector (1.7976931348623157e+308, 0.0, 0.0) a2=Vector (1.7976931348623157e+308, 0.0, 0.0)
			next = (080B): FxAttr_EEE03AF5 a0=(0000,0000)     u16_0=009   u32_0=0000 a1=Vector (0.0, 0.0, 0.0) p1=Vector (0.0, 13.0, 0.0) p2=Vector (-1.3, 12.650000000000002, 0.0) a2=Vector (0.34999999999999787, 1.3147454777866912, 0.0)
				entity2 = (0A70): E1D3D023  flags=3000200  index=0000 flags2=0000  a1=(0,0,1.875) a2=(100,000,000) a3=Vector (0.0, 13.0, 0.0) a4=(CCCD,CCCC,CCCC) a5=Vector (9.255963135077687e+61, 8.115e-320, 0.0) a6=(000,003,000) s32_0=-1 a7=(-1,0,0,-0,-1,0,0,1.31475,12.531,0,1.31475,12.825,0,1.6543,13,0,1.6543,12.65,0,0,13,0,0,12.65,0,1.31475,13,0,1.31475,12.65,0) a8=(01,01,00,00,00,00,00,00,00,00,00,00,00,03,00,00,01,00) a9=(0,0.339554,0.0848884,0.45556,0.301717,0) u8_0=01   a10=(0000,0000,006A) a11=(1.31475,13,0,1.31475,12.65,0,1.31475,15.0373,0,1.31475,12.531,0,1.31475,12.531,0,0,0,0) u8_1=01 a12=(-1,0,0,1.31475,12.825,0,0,-1,0,1.31475,12.531,0) u8_2=00 a13=(0.0848884,13,0,-1.21511,12.65,0) 
					ref_1 = (0BB0): 39A41830  flags=0210  index=0000 s32_0=-1 a2=(0000,0000,0000,0000,0000,0000,0000,0000,0000,0001,0000,0000,0003) a3=Vector (0.0, 0.0, 0.0) txt0="" a4=(0000,0000,0000,A7F9,A7FB) a5=(1,0,0,1.31475,12.531,0) a6=(000,000,000,000,000,000)   u32_0=0000 a7=(0003,0003) a8=(07E4,0000) 
						*parameter1 = (03E5): Parameter 'd62'=3.5mm
						*sketch = (02D9): Sketch2D 'Esquisse4'
					ref_2 = (0BB1): 99B938AE  flags=0200  index=0000 a1=Vector (0.25, 0.1, 0.0) u32_0=0010 u32_1=0000
					*ref_3 = (0BB1): 99B938AE
				*entity3 = (02FA): Line2D - (0,13) - (-4,13)
				*entity4 = (030C): Point2D - (-1.3,12.65)
			*group = (0519): Group2D
			*parameter = (03E5): Parameter 'd62'=3.5mm
			*entity1 = (02FA): Line2D - (0,13) - (-4,13)
			*entity2 = (030C): Point2D - (-1.3,12.65)
		objects[03D8] = (03E7): Parameter 'd63'  flags=24200  index=04BA   valueNominal=0.35 valueModel=0.35   tolerance=NOMINAL u16_0=-1
			unit = (080C): Unit   visible=True 
				numerators[0000] = (0A71): UnitMilliMeter magnitude=1 factor=1 Unit="mm" UnitOffset=0 UnitFactor=0.1 UnitSupportet=True
			formula = (080D): ParameterRef  
				unit = (0A72): Unit   visible=False 
					numerators[0000] = (0BB2): UnitMilliMeter magnitude=1 factor=1 Unit="mm" UnitOffset=0 UnitFactor=0.1 UnitSupportet=True
				*operand1 = (03E5): Parameter 'd62'=3.5mm
		objects[03D9] = (03E8): Dimension_Distance2D  flags=4208  index=04BB flags2=-1  lst0={}   u32_0=0000   a0=(0000,0000,0000,0000) a1=Vector (1.7976931348623157e+308, 0.0, 0.0) a2=Vector (1.7976931348623157e+308, 0.0, 0.0)
			next = (080E): FxAttr_EEE03AF5 a0=(0000,0000)     u16_0=009   u32_0=0000 a1=Vector (0.0, 0.0, 0.0) p1=Vector (0.0, 13.0, 0.0) p2=Vector (-2.4000000000000004, 12.650000000000002, 0.0) a2=Vector (0.34999999999999787, 0.8584306040723639, 0.0)
				entity2 = (0A73): E1D3D023  flags=3000200  index=0000 flags2=0000  a1=(0,0,1.875) a2=(100,000,000) a3=Vector (0.0, 13.0, 0.0) a4=(3334,3333,3333) a5=Vector (9.255963135077704e+61, 8.115e-320, 0.0) a6=(000,003,000) s32_0=-1 a7=(-1,0,0,-0,-1,0,0,0.858431,12.8686,0,0.858431,12.825,0,1.17236,13,0,1.17236,12.65,0,0,13,0,0,12.65,0,0.858431,13,0,0.858431,12.65,0) a8=(01,01,00,00,00,00,00,00,00,00,00,00,00,03,00,00,01,00) a9=(0,0.313927,0.0784817,0.836798,0.308841,0) u8_0=01   a10=(0000,0000,006A) a11=(0.858431,13,0,0.858431,12.65,0,0.858431,14.8836,0,0.858431,10.7664,0,0.858431,12.8686,0,0,0,0) u8_1=01 a12=(-1,0,0,0.858431,12.825,0,0,-1,0,0,0,0) u8_2=00 a13=(0.0784817,13,0,-2.32152,12.65,0) 
					ref_1 = (0BB3): 39A41830  flags=0210  index=0000 s32_0=-1 a2=(0000,0000,0000,0000,0000,0000,0000,0000,0000,0001,0000,0000,0003) a3=Vector (0.0, 0.0, 0.0) txt0="" a4=(0000,0000,0000,A7F9,A7FB) a5=(1,0,0,0.858431,12.8686,0) a6=(000,000,000,000,000,000)   u32_0=0000 a7=(0003,0003) a8=(07E4,0000) 
						*parameter1 = (03E7): Parameter 'd63'=3.5mm
						*sketch = (02D9): Sketch2D 'Esquisse4'
					ref_2 = (0BB4): 99B938AE  flags=0200  index=0000 a1=Vector (0.25, 0.1, 0.0) u32_0=0010 u32_1=0000
					*ref_3 = (0BB4): 99B938AE
				*entity3 = (02FA): Line2D - (0,13) - (-4,13)
				*entity4 = (030F): Point2D - (-2.4,12.65)
			*group = (0519): Group2D
			*parameter = (03E7): Parameter 'd63'=3.5mm
			*entity1 = (02FA): Line2D - (0,13) - (-4,13)
			*entity2 = (030F): Point2D - (-2.4,12.65)
		objects[03DA] = (03E9): ParameterMappings  flags=0208  index=04BC s32_0=-1    f=0  u16_0=002 u8_0=00
			*ref_1 = (03EA): 0D0F9548
			*target = (03E7): Parameter 'd63'=3.5mm
			mapping[0000] = (080F): 553DA303  x=1
				*parameter = (03E5): Parameter 'd62'=3.5mm
			mapping[0001] = (0810): 553DA303  x=-1
				*parameter = (03E7): Parameter 'd63'=3.5mm
			*paramRef = (080D): ParameterRef
		objects[03DB] = (03EA): 0D0F9548  flags=0200  index=04BD s32_0=-1 u32_0=0001 
			*mapping = (03E9): ParameterMappings
		objects[03DC] = (03EB): Parameter 'd64'  flags=24200  index=04BE   valueNominal=0.35 valueModel=0.35   tolerance=NOMINAL u16_0=-1
			unit = (0811): Unit   visible=True 
				numerators[0000] = (0A74): UnitMilliMeter magnitude=1 factor=1 Unit="mm" UnitOffset=0 UnitFactor=0.1 UnitSupportet=True
			formula = (0812): ParameterRef  
				unit = (0A75): Unit   visible=False 
					numerators[0000] = (0BB5): UnitMilliMeter magnitude=1 factor=1 Unit="mm" UnitOffset=0 UnitFactor=0.1 UnitSupportet=True
				*operand1 = (03E5): Parameter 'd62'=3.5mm
		objects[03DD] = (03EC): Dimension_Distance2D  flags=4208  index=04BF flags2=-1  lst0={}   u32_0=0000   a0=(0000,0000,0000,0000) a1=Vector (1.7976931348623157e+308, 0.0, 0.0) a2=Vector (1.7976931348623157e+308, 0.0, 0.0)
			next = (0813): FxAttr_EEE03AF5 a0=(0000,0000)     u16_0=009   u32_0=0000 a1=Vector (0.0, 0.0, 0.0) p1=Vector (0.0, 13.0, 0.0) p2=Vector (-4.700000000000001, 12.65, 0.0) a2=Vector (0.34999999999999964, 0.3914692301771687, 0.0)
				entity2 = (0A76): E1D3D023  flags=3000200  index=0000 flags2=0000  a1=(0,0,1.875) a2=(100,000,000) a3=Vector (0.0, 13.0, 0.0) a4=(CCCE,CCCC,CCCC) a5=Vector (9.255963135002892e+61, 8.115e-320, 0.0) a6=(000,003,000) s32_0=-1 a7=(-1,0,0,-0,-1,0,0,0.391469,12.9235,0,0.391469,12.825,0,0.705396,13,0,0.705396,12.65,0,0,13,0,0,12.65,0,0.391469,13,0,0.391469,12.65,0) a8=(01,01,00,00,00,00,00,00,00,00,00,00,00,03,00,00,01,00) a9=(0,0.313927,0.0784817,0.836798,0.308841,0) u8_0=01   a10=(0000,0000,006A) a11=(0.391469,13,0,0.391469,12.65,0,0.391469,14.8836,0,0.391469,10.7664,0,0.391469,12.9235,0,0,0,0) u8_1=01 a12=(-1,0,0,0.391469,12.825,0,0,-1,0,0,0,0) u8_2=00 a13=(0.0784817,13,0,-4.62152,12.65,0) 
					ref_1 = (0BB6): 39A41830  flags=0210  index=0000 s32_0=-1 a2=(0000,0000,0000,0000,0000,0000,0000,0000,0000,0001,0000,0000,0003) a3=Vector (0.0, 0.0, 0.0) txt0="" a4=(0000,0000,0000,A7F9,A7FB) a5=(1,0,0,0.391469,12.9235,0) a6=(000,000,000,000,000,000)   u32_0=0000 a7=(0003,0003) a8=(07E4,0000) 
						*parameter1 = (03EB): Parameter 'd64'=3.5mm
						*sketch = (02D9): Sketch2D 'Esquisse4'
					ref_2 = (0BB7): 99B938AE  flags=0200  index=0000 a1=Vector (0.25, 0.1, 0.0) u32_0=0010 u32_1=0000
					*ref_3 = (0BB7): 99B938AE
				*entity3 = (02FA): Line2D - (0,13) - (-4,13)
				*entity4 = (0312): Point2D - (-4.7,12.65)
			*group = (0519): Group2D
			*parameter = (03EB): Parameter 'd64'=3.5mm
			*entity1 = (02FA): Line2D - (0,13) - (-4,13)
			*entity2 = (0312): Point2D - (-4.7,12.65)
		objects[03DE] = (03ED): ParameterMappings  flags=0208  index=04C0 s32_0=-1    f=0  u16_0=002 u8_0=00
			*ref_1 = (03EE): 0D0F9548
			*target = (03EB): Parameter 'd64'=3.5mm
			mapping[0000] = (0814): 553DA303  x=1
				*parameter = (03E5): Parameter 'd62'=3.5mm
			mapping[0001] = (0815): 553DA303  x=-1
				*parameter = (03EB): Parameter 'd64'=3.5mm
			*paramRef = (0812): ParameterRef
		objects[03DF] = (03EE): 0D0F9548  flags=0200  index=04C1 s32_0=-1 u32_0=0001 
			*mapping = (03ED): ParameterMappings
		objects[03E0] = (03EF): Parameter 'd65'  flags=34200  index=04C2   valueNominal=2 valueModel=2   tolerance=NOMINAL u16_0=-1
			unit = (0816): Unit   visible=True 
				numerators[0000] = (0A77): UnitMilliMeter magnitude=1 factor=1 Unit="mm" UnitOffset=0 UnitFactor=0.1 UnitSupportet=True
			formula = (0817): ParameterValue  value=2 type=000
				unit = (0A78): Unit   visible=True 
					numerators[0000] = (0BB8): UnitMeter magnitude=0.001 factor=1 Unit="m" UnitOffset=0 UnitFactor=100 UnitSupportet=True
		objects[03E1] = (03F0): Dimension_Distance2D  flags=4208  index=04C3 flags2=-1  lst0={}   u32_0=0000   a0=(0000,0000,0000,0000) a1=Vector (1.7976931348623157e+308, 0.0, 0.0) a2=Vector (1.7976931348623157e+308, 0.0, 0.0)
			next = (0818): FxAttr_EEE03AF5 a0=(0000,0000)     u16_0=00A   u32_0=0000 a1=Vector (0.0, 0.0, 0.0) p1=Vector (-5.6, 7.149999999999999, 0.0) p2=Vector (-5.6, 9.149999999999999, 0.0) a2=Vector (0.0, 1.2996270788097997, 0.0)
				entity2 = (0A79): E1D3D023  flags=3000200  index=0000 flags2=0000  a1=(0,0,1.875) a2=(100,000,000) a3=Vector (-5.6, 7.149999999999999, 0.0) a4=(6666,6666,6666) a5=Vector (9.255963134928068e+61, 8.1116e-320, 0.0) a6=(000,002,000) s32_0=-1 a7=(1,0,0,-0,1,0,0,-4.30037,7.21288,0,-4.30037,8.15,0,-4.02014,7.15,0,-4.02014,9.15,0,-5.6,7.15,0,-5.6,9.15,0,-4.30037,7.15,0,-4.30037,9.15,0) a8=(01,01,00,00,00,00,00,00,00,00,00,00,00,03,00,00,01,00) a9=(0,0.280238,0.0700595,0.356592,0.247612,0) u8_0=01   a10=(0000,0000,006A) a11=(-4.30037,7.15,0,-4.30037,9.15,0,-4.30037,7.15,0,-4.30037,9.15,0,-4.30037,7.21288,0,0,0,0) u8_1=01 a12=(1,0,0,-4.30037,8.15,0,0,1,0,0,0,0) u8_2=00 a13=(-5.52994,7.15,0,-5.52994,9.15,0) 
					ref_1 = (0BB9): 39A41830  flags=0210  index=0000 s32_0=-1 a2=(0000,0000,0000,0000,0000,0000,0000,0000,0000,0001,0000,0000,0003) a3=Vector (0.0, 0.0, 0.0) txt0="" a4=(0000,0000,0000,A7F9,A7FB) a5=(1,0,0,-4.30037,7.21288,0) a6=(000,000,000,000,000,000)   u32_0=0000 a7=(0003,0003) a8=(07E4,0000) 
						*parameter1 = (03EF): Parameter 'd65'=20mm
						*sketch = (02D9): Sketch2D 'Esquisse4'
					ref_2 = (0BBA): 99B938AE  flags=0200  index=0000 a1=Vector (0.25, 0.1, 0.0) u32_0=0010 u32_1=0000
					*ref_3 = (0BBA): 99B938AE
				*entity3 = (0377): Point2D - (-5.6,7.15)
				*entity4 = (0321): Point2D - (-5.6,9.15)
			*group = (0519): Group2D
			*parameter = (03EF): Parameter 'd65'=20mm
			*entity1 = (0377): Point2D - (-5.6,7.15)
			*entity2 = (0321): Point2D - (-5.6,9.15)
		objects[03E2] = (03F1): Parameter 'd66'  flags=34200  index=04C4   valueNominal=2.2 valueModel=2.2   tolerance=NOMINAL u16_0=-1
			unit = (0819): Unit   visible=True 
				numerators[0000] = (0A7A): UnitMilliMeter magnitude=1 factor=1 Unit="mm" UnitOffset=0 UnitFactor=0.1 UnitSupportet=True
			formula = (081A): ParameterValue  value=2.2 type=000
				unit = (0A7B): Unit   visible=True 
					numerators[0000] = (0BBB): UnitMeter magnitude=0.001 factor=1 Unit="m" UnitOffset=0 UnitFactor=100 UnitSupportet=True
		objects[03E3] = (03F2): Dimension_Distance2D  flags=4208  index=04C5 flags2=-1  lst0={}   u32_0=0000   a0=(0000,0000,0000,0000) a1=Vector (1.7976931348623157e+308, 0.0, 0.0) a2=Vector (1.7976931348623157e+308, 0.0, 0.0)
			next = (081B): FxAttr_EEE03AF5 a0=(0000,0000)     u16_0=00A   u32_0=0000 a1=Vector (0.0, 0.0, 0.0) p1=Vector (-7.600000000000001, 7.049999999999999, 0.0) p2=Vector (-7.600000000000001, 9.249999999999998, 0.0) a2=Vector (0.0, 0.7180190720145925, 0.0)
				entity2 = (0A7C): E1D3D023  flags=3000200  index=0000 flags2=0000  a1=(0,0,1.875) a2=(100,000,000) a3=Vector (-7.600000000000001, 7.049999999999999, 0.0) a4=(6668,6666,6666) a5=Vector (nan, 8.1116e-320, 0.0) a6=(000,002,000) s32_0=-1 a7=(1,0,0,-0,1,0,0,-6.88198,7.18944,0,-6.88198,8.15,0,-6.63889,7.05,0,-6.63889,9.25,0,-7.6,7.05,0,-7.6,9.25,0,-6.88198,7.05,0,-6.88198,9.25,0) a8=(01,01,00,00,00,00,00,00,00,00,00,00,00,03,00,00,01,00) a9=(0,0.243088,0.060772,0.356592,0.242606,0) u8_0=01   a10=(0000,0000,006A) a11=(-6.88198,7.05,0,-6.88198,9.25,0,-6.88198,7.05,0,-6.88198,9.25,0,-6.88198,7.18944,0,0,0,0) u8_1=01 a12=(1,0,0,-6.88198,8.15,0,0,1,0,-7.73915,6.68819,0) u8_2=00 a13=(-7.53923,7.05,0,-7.53923,9.25,0) 
					ref_1 = (0BBC): 39A41830  flags=0210  index=0000 s32_0=-1 a2=(0000,0000,0000,0000,0000,0000,0000,0000,0000,0001,0000,0000,0003) a3=Vector (0.0, 0.0, 0.0) txt0="" a4=(0000,0000,0000,A7F9,A7FB) a5=(1,0,0,-6.88198,7.18944,0) a6=(000,000,000,000,000,000)   u32_0=0000 a7=(0003,0003) a8=(07E4,0000) 
						*parameter1 = (03F1): Parameter 'd66'=22mm
						*sketch = (02D9): Sketch2D 'Esquisse4'
					ref_2 = (0BBD): 99B938AE  flags=0200  index=0000 a1=Vector (0.25, 0.1, 0.0) u32_0=0010 u32_1=0000
					*ref_3 = (0BBD): 99B938AE
				*entity3 = (0379): Point2D - (-7.6,7.05)
				*entity4 = (0324): Point2D - (-7.6,9.25)
			*group = (0519): Group2D
			*parameter = (03F1): Parameter 'd66'=22mm
			*entity1 = (0379): Point2D - (-7.6,7.05)
			*entity2 = (0324): Point2D - (-7.6,9.25)
		objects[03E4] = (03F3): Parameter 'd67'  flags=34200  index=04C6   valueNominal=2.6 valueModel=2.6   tolerance=NOMINAL u16_0=-1
			unit = (081C): Unit   visible=True 
				numerators[0000] = (0A7D): UnitMilliMeter magnitude=1 factor=1 Unit="mm" UnitOffset=0 UnitFactor=0.1 UnitSupportet=True
			formula = (081D): ParameterValue  value=2.6 type=000
				unit = (0A7E): Unit   visible=True 
					numerators[0000] = (0BBE): UnitMeter magnitude=0.001 factor=1 Unit="m" UnitOffset=0 UnitFactor=100 UnitSupportet=True
		objects[03E5] = (03F4): Dimension_Distance2D  flags=4208  index=04C7 flags2=-1  lst0={}   u32_0=0000   a0=(0000,0000,0000,0000) a1=Vector (1.7976931348623157e+308, 0.0, 0.0) a2=Vector (1.7976931348623157e+308, 0.0, 0.0)
			next = (081E): FxAttr_EEE03AF5 a0=(0000,0000)     u16_0=00A   u32_0=0000 a1=Vector (0.0, 0.0, 0.0) p1=Vector (-8.100000000000001, 6.849999999999998, 0.0) p2=Vector (-8.100000000000001, 9.45, 0.0) a2=Vector (0.0, 0.5774726798119882, 0.0)
				entity2 = (0A7F): E1D3D023  flags=3000200  index=0000 flags2=0000  a1=(0,0,1.875) a2=(100,000,000) a3=Vector (-8.100000000000001, 6.849999999999998, 0.0) a4=(3334,3333,3333) a5=Vector (-1.9035985662622282e+185, 8.1116e-320, 0.0) a6=(000,002,000) s32_0=-1 a7=(1,0,0,-0,1,0,0,-8.67747,6.94762,0,-8.67747,8.15,0,-8.92191,6.85,0,-8.92191,9.45,0,-8.1,6.85,0,-8.1,9.45,0,-8.67747,6.85,0,-8.67747,9.45,0) a8=(01,01,00,00,00,00,00,00,00,00,00,00,00,03,00,00,01,00) a9=(0,0.244435,0.0611088,0.356592,0.247612,0) u8_0=01   a10=(0000,0000,006A) a11=(-8.67747,6.85,0,-8.67747,9.45,0,-8.67747,6.85,0,-8.67747,9.45,0,-8.67747,6.94762,0,0,0,0) u8_1=01 a12=(1,0,0,-8.67747,8.15,0,0,1,0,-7.73915,6.68819,0) u8_2=00 a13=(-8.16111,6.85,0,-8.16111,9.45,0) 
					ref_1 = (0BBF): 39A41830  flags=0210  index=0000 s32_0=-1 a2=(0000,0000,0000,0000,0000,0000,0000,0000,0000,0001,0000,0000,0003) a3=Vector (0.0, 0.0, 0.0) txt0="" a4=(0000,0000,0000,A7F9,A7FB) a5=(1,0,0,-8.67747,6.94762,0) a6=(000,000,000,000,000,000)   u32_0=0000 a7=(0003,0003) a8=(07E4,0000) 
						*parameter1 = (03F3): Parameter 'd67'=26mm
						*sketch = (02D9): Sketch2D 'Esquisse4'
					ref_2 = (0BC0): 99B938AE  flags=0200  index=0000 a1=Vector (0.25, 0.1, 0.0) u32_0=0010 u32_1=0000
					*ref_3 = (0BC0): 99B938AE
				*entity3 = (037B): Point2D - (-8.1,6.85)
				*entity4 = (0327): Point2D - (-8.1,9.45)
			*group = (0519): Group2D
			*parameter = (03F3): Parameter 'd67'=26mm
			*entity1 = (037B): Point2D - (-8.1,6.85)
			*entity2 = (0327): Point2D - (-8.1,9.45)
		objects[03E6] = (03F5): Point2D  flags=30200  index=04C8 flags2=0040  pos=Vector (-4.299999999999999, 4.3500000000000005, 0.0)   u32_0=0000 lst1=() 
			next = (081F): FxAttrStyles a0=(0000,0000)    u32_0=0000 associativeID=0074 typEntity=0001
				next = (0A80): FxAttrEntityReference a0=(0000,0000)    
					*owner = (03F5): Point2D - (-4.3,4.35)
					*ref_2 = (03F6): 60406697
			*sketch = (02D9): Sketch2D 'Esquisse4'
			*endPointOf[0000] = (03FD): Line2D - (-4.3,4.35) - (-4.3,11.95)
		objects[03E7] = (03F6): 60406697  flags=0200  index=04C9 s32_0=-1   
			*ref_1 = (03F5): Point2D - (-4.3,4.35)
			*ref_2 = (02D8): Transformation
			*ref_3 = (03F7): C1887310
		objects[03E8] = (03F7): C1887310  flags=0000  index=04CA lst0=(1227) s32_0=-1
		objects[03E9] = (03F8): B8DBEF70  flags=0200  index=04CB s32_0=-1 u8_0=05  wireIndex=0002 u32_1=0002 lst0=(003E,0311) lst1=() u8_2=00  ntEntry=0004[0022]
			creator = (0820): SurfaceCreator  flags=0000    a0=(003,8000) idxCreator=311 u16_0=8000
			*body = (0008): SurfaceBody 'Solide1'
			*owner = (03F7): C1887310
		objects[03EA] = (03F9): Point2D  flags=30200  index=04CC flags2=0040  pos=Vector (-4.300000000000001, 11.950000000000001, 0.0)   u32_0=0000 lst1=() 
			next = (0821): FxAttrStyles a0=(0000,0000)    u32_0=0000 associativeID=0075 typEntity=0001
				next = (0A81): FxAttrEntityReference a0=(0000,0000)    
					*owner = (03F9): Point2D - (-4.3,11.95)
					*ref_2 = (03FA): 60406697
			*sketch = (02D9): Sketch2D 'Esquisse4'
			*endPointOf[0000] = (03FD): Line2D - (-4.3,4.35) - (-4.3,11.95)
		objects[03EB] = (03FA): 60406697  flags=0200  index=04CD s32_0=-1   
			*ref_1 = (03F9): Point2D - (-4.3,11.95)
			*ref_2 = (02D8): Transformation
			*ref_3 = (03FB): C1887310
		objects[03EC] = (03FB): C1887310  flags=0000  index=04CE lst0=(1231) s32_0=-1
		objects[03ED] = (03FC): B8DBEF70  flags=0200  index=04CF s32_0=-1 u8_0=05  wireIndex=0002 u32_1=0002 lst0=(003E,0311) lst1=() u8_2=00  ntEntry=0004[0023]
			creator = (0822): SurfaceCreator  flags=0000    a0=(003,8000) idxCreator=311 u16_0=8000
			*body = (0008): SurfaceBody 'Solide1'
			*owner = (03FB): C1887310
		objects[03EE] = (03FD): Line2D  flags=30200  index=04D0 flags2=80040    pos=Vector (-4.299999999999999, 4.3500000000000005, 0.0) dir=Vector (-2.337311630789803e-16, 1.0, 0.0)
			next = (0823): FxAttrStyles a0=(0000,0000)    u32_0=0000 associativeID=0076 typEntity=0002
				next = (0A82): FxAttrEntityReference a0=(0000,0000)    
					*owner = (03FD): Line2D - (-4.3,4.35) - (-4.3,11.95)
					next = (0BC1): FxAttr_D5F19E40 a0=(0000,0000)    u32_0=0000 pos=Vector (-4.299999999999999, 4.3500000000000005, 0.0) dir=Vector (-2.337311630789803e-16, 1.0, 0.0)
						*owner = (03FD): Line2D - (-4.3,4.35) - (-4.3,11.95)
					*ref_2 = (03FE): 64DE16F3
			*sketch = (02D9): Sketch2D 'Esquisse4'
			*points[0000] = (03F5): Point2D - (-4.3,4.35)
			*points[0001] = (03F9): Point2D - (-4.3,11.95)
		objects[03EF] = (03FE): 64DE16F3  flags=0200  index=04D1 s32_0=3    u16_0=017
			*entity = (03FD): Line2D - (-4.3,4.35) - (-4.3,11.95)
			*transformation = (02D8): Transformation
			*edge = (03FF): EdgeItem
		objects[03F0] = (03FF): EdgeItem  flags=0000  index=04D2 indexRefs=(1235) s32_0=-1 u32_0=0000
		objects[03F1] = (0400): EdgeId  flags=0200  index=04D3 s32_0=-1 u8_0=05  wireIndex=0002 u32_1=0002 lst0=(003E,0311) lst1=() u8_2=00  ntEntry=0004[0024]
			creator = (0824): SurfaceCreator  flags=0000    a0=(003,8000) idxCreator=311 u16_0=8000
			*body = (0008): SurfaceBody 'Solide1'
			*owner = (03FF): EdgeItem
		objects[03F2] = (0401): Parameter 'd68'  flags=34200  index=04D4   valueNominal=1.3 valueModel=1.3   tolerance=NOMINAL u16_0=-1
			unit = (0825): Unit   visible=True 
				numerators[0000] = (0A83): UnitMilliMeter magnitude=1 factor=1 Unit="mm" UnitOffset=0 UnitFactor=0.1 UnitSupportet=True
			formula = (0826): ParameterValue  value=1.3 type=000
				unit = (0A84): Unit   visible=True 
					numerators[0000] = (0BC2): UnitMeter magnitude=0.001 factor=1 Unit="m" UnitOffset=0 UnitFactor=100 UnitSupportet=True
		objects[03F3] = (0402): Dimension_Distance2D  flags=4208  index=04D5 flags2=-1  lst0={}   u32_0=0000   a0=(0000,0000,0000,0000) a1=Vector (1.7976931348623157e+308, 0.0, 0.0) a2=Vector (1.7976931348623157e+308, 0.0, 0.0)
			next = (0827): FxAttr_EEE03AF5 a0=(0000,0000)     u16_0=009   u32_0=0000 a1=Vector (0.0, 0.741367333801285, 0.0) p1=Vector (-5.6, 9.149999999999999, 0.0) p2=Vector (-4.3, 9.984391736889766, 0.0) a2=Vector (1.2999999999999998, 0.0, 0.0)
				entity2 = (0A85): E1D3D023  flags=3000200  index=0000 flags2=0000  a1=(0,0,1.875) a2=(100,000,000) a3=Vector (-5.6, 9.149999999999999, 0.0) a4=(3333,3333,3333) a5=Vector (-1.201456510400892e+270, 8.112e-320, 0.0) a6=(000,003,000) s32_0=-1 a7=(-2.33731e-16,1,0,1,2.33731e-16,0,0,-5.51173,9.98439,0,-4.95,9.98439,0,-5.6,10.3205,0,-4.3,9.98439,0,-4.3,4.35,0,-4.3,11.95,0,-5.6,9.98439,0,-4.3,9.98439,0) a8=(00,01,00,00,00,00,00,00,00,00,00,00,00,03,00,00,01,00) a9=(0,0.336093,0.0840233,0.356592,0.247612,0) u8_0=01   a10=(0000,0000,006A) a11=(-5.6,9.98439,0,-4.3,9.98439,0,-5.6,9.98439,0,-4.3,9.98439,0,-5.51173,9.98439,0,0,0,0) u8_1=01 a12=(-2.33731e-16,1,0,-4.95,9.98439,0,1,0,0,-7.73915,6.68819,0) u8_2=00 a13=(-5.6,9.23402,0,-4.3,9.98439,0) 
					ref_1 = (0BC3): 39A41830  flags=0210  index=0000 s32_0=-1 a2=(0000,0000,0000,0000,0000,0000,0000,0000,0000,0001,0000,0000,0003) a3=Vector (0.0, 0.0, 0.0) txt0="" a4=(0000,0000,0000,A7F9,A7FB) a5=(1,0,0,-5.51173,9.98439,0) a6=(000,000,000,000,000,000)   u32_0=0000 a7=(0003,0003) a8=(07E4,0000) 
						*parameter1 = (0401): Parameter 'd68'=13mm
						*sketch = (02D9): Sketch2D 'Esquisse4'
					ref_2 = (0BC4): 99B938AE  flags=0200  index=0000 a1=Vector (0.25, 0.1, 0.0) u32_0=0010 u32_1=0000
					*ref_3 = (0BC4): 99B938AE
				*entity3 = (0321): Point2D - (-5.6,9.15)
				*entity4 = (03FD): Line2D - (-4.3,4.35) - (-4.3,11.95)
			*group = (0519): Group2D
			*parameter = (0401): Parameter 'd68'=13mm
			*entity1 = (0321): Point2D - (-5.6,9.15)
			*entity2 = (03FD): Line2D - (-4.3,4.35) - (-4.3,11.95)
		objects[03F4] = (0403): Parameter 'd69'  flags=34200  index=04D6   valueNominal=3.3 valueModel=3.3   tolerance=NOMINAL u16_0=-1
			unit = (0828): Unit   visible=True 
				numerators[0000] = (0A86): UnitMilliMeter magnitude=1 factor=1 Unit="mm" UnitOffset=0 UnitFactor=0.1 UnitSupportet=True
			formula = (0829): ParameterValue  value=3.3 type=000
				unit = (0A87): Unit   visible=True 
					numerators[0000] = (0BC5): UnitMeter magnitude=0.001 factor=1 Unit="m" UnitOffset=0 UnitFactor=100 UnitSupportet=True
		objects[03F5] = (0404): Dimension_Distance2D  flags=4208  index=04D7 flags2=-1  lst0={}   u32_0=0000   a0=(0000,0000,0000,0000) a1=Vector (1.7976931348623157e+308, 0.0, 0.0) a2=Vector (1.7976931348623157e+308, 0.0, 0.0)
			next = (082A): FxAttr_EEE03AF5 a0=(0000,0000)     u16_0=009   u32_0=0000 a1=Vector (0.8461806496015967, 0.0, 0.0) p1=Vector (-4.300000000000001, 10.780972936972136, 0.0) p2=Vector (-7.600000000000001, 9.249999999999998, 0.0) a2=Vector (3.3000000000000007, 0.0, 0.0)
				entity2 = (0A88): E1D3D023  flags=3000200  index=0000 flags2=0000  a1=(0,0,1.875) a2=(100,000,000) a3=Vector (-4.300000000000001, 10.780972936972136, 0.0) a4=(6668,6666,6666) a5=Vector (nan, 8.1116e-320, 0.0) a6=(000,003,000) s32_0=-1 a7=(-2.33731e-16,1,0,-1,-2.33731e-16,0,0,-5.45769,10.781,0,-5.95,10.781,0,-4.3,10.781,0,-7.6,11.0803,0,-4.3,4.35,0,-4.3,11.95,0,-4.3,10.781,0,-7.6,10.781,0) a8=(00,01,00,00,00,00,00,00,00,00,00,00,00,03,00,00,01,00) a9=(0,0.299311,0.0748278,0.356592,0.247612,0) u8_0=01   a10=(0000,0000,006A) a11=(-4.3,10.781,0,-7.6,10.781,0,-4.3,10.781,0,-7.6,10.781,0,-5.45769,10.781,0,0,0,0) u8_1=01 a12=(-2.33731e-16,1,0,-5.95,10.781,0,-1,0,0,-7.73915,6.68819,0) u8_2=00 a13=(-4.3,10.781,0,-7.6,9.32483,0) 
					ref_1 = (0BC6): 39A41830  flags=0210  index=0000 s32_0=-1 a2=(0000,0000,0000,0000,0000,0000,0000,0000,0000,0001,0000,0000,0003) a3=Vector (0.0, 0.0, 0.0) txt0="" a4=(0000,0000,0000,A7F9,A7FB) a5=(1,0,0,-5.45769,10.781,0) a6=(000,000,000,000,000,000)   u32_0=0000 a7=(0003,0003) a8=(07E4,0000) 
						*parameter1 = (0403): Parameter 'd69'=33mm
						*sketch = (02D9): Sketch2D 'Esquisse4'
					ref_2 = (0BC7): 99B938AE  flags=0200  index=0000 a1=Vector (0.25, 0.1, 0.0) u32_0=0010 u32_1=0000
					*ref_3 = (0BC7): 99B938AE
				*entity3 = (03FD): Line2D - (-4.3,4.35) - (-4.3,11.95)
				*entity4 = (0324): Point2D - (-7.6,9.25)
			*group = (0519): Group2D
			*parameter = (0403): Parameter 'd69'=33mm
			*entity1 = (03FD): Line2D - (-4.3,4.35) - (-4.3,11.95)
			*entity2 = (0324): Point2D - (-7.6,9.25)
		objects[03F6] = (0405): Parameter 'd70'  flags=34200  index=04D8   valueNominal=3.8 valueModel=3.8   tolerance=NOMINAL u16_0=-1
			unit = (082B): Unit   visible=True 
				numerators[0000] = (0A89): UnitMilliMeter magnitude=1 factor=1 Unit="mm" UnitOffset=0 UnitFactor=0.1 UnitSupportet=True
			formula = (082C): ParameterValue  value=3.8 type=000
				unit = (0A8A): Unit   visible=True 
					numerators[0000] = (0BC8): UnitMeter magnitude=0.001 factor=1 Unit="m" UnitOffset=0 UnitFactor=100 UnitSupportet=True
		objects[03F7] = (0406): Dimension_Distance2D  flags=4208  index=04D9 flags2=-1  lst0={}   u32_0=0000   a0=(0000,0000,0000,0000) a1=Vector (1.7976931348623157e+308, 0.0, 0.0) a2=Vector (1.7976931348623157e+308, 0.0, 0.0)
			next = (082D): FxAttr_EEE03AF5 a0=(0000,0000)     u16_0=009   u32_0=0000 a1=Vector (0.9582224699398609, 0.0, 0.0) p1=Vector (-4.300000000000001, 11.632490771542944, 0.0) p2=Vector (-8.100000000000001, 9.45, 0.0) a2=Vector (3.8000000000000016, 0.0, 0.0)
				entity2 = (0A8B): E1D3D023  flags=3000200  index=0000 flags2=0000  a1=(0,0,1.875) a2=(100,000,000) a3=Vector (-4.300000000000001, 11.632490771542944, 0.0) a4=(3334,3333,3333) a5=Vector (-1.9035985662622282e+185, 8.1116e-320, 0.0) a6=(000,003,000) s32_0=-1 a7=(-2.33731e-16,1,0,-1,-2.33731e-16,0,0,-4.5531,11.6325,0,-6.2,11.6325,0,-4.3,11.6325,0,-8.1,11.9163,0,-4.3,4.35,0,-4.3,11.95,0,-4.3,11.6325,0,-8.1,11.6325,0) a8=(00,01,00,00,00,00,00,00,00,00,00,00,00,03,00,00,01,00) a9=(0,0.283833,0.0709582,0.356592,0.248382,0) u8_0=01   a10=(0000,0000,006A) a11=(-4.3,11.6325,0,-8.1,11.6325,0,-4.3,11.6325,0,-8.1,11.6325,0,-4.5531,11.6325,0,0,0,0) u8_1=01 a12=(-2.33731e-16,1,0,-6.2,11.6325,0,-1,0,0,-7.73915,6.68819,0) u8_2=00 a13=(-4.3,11.6325,0,-8.1,9.52096,0) 
					ref_1 = (0BC9): 39A41830  flags=0210  index=0000 s32_0=-1 a2=(0000,0000,0000,0000,0000,0000,0000,0000,0000,0001,0000,0000,0003) a3=Vector (0.0, 0.0, 0.0) txt0="" a4=(0000,0000,0000,A7F9,A7FB) a5=(1,0,0,-4.5531,11.6325,0) a6=(000,000,000,000,000,000)   u32_0=0000 a7=(0003,0003) a8=(07E4,0000) 
						*parameter1 = (0405): Parameter 'd70'=38mm
						*sketch = (02D9): Sketch2D 'Esquisse4'
					ref_2 = (0BCA): 99B938AE  flags=0200  index=0000 a1=Vector (0.25, 0.1, 0.0) u32_0=0010 u32_1=0000
					*ref_3 = (0BCA): 99B938AE
				*entity3 = (03FD): Line2D - (-4.3,4.35) - (-4.3,11.95)
				*entity4 = (0327): Point2D - (-8.1,9.45)
			*group = (0519): Group2D
			*parameter = (0405): Parameter 'd70'=38mm
			*entity1 = (03FD): Line2D - (-4.3,4.35) - (-4.3,11.95)
			*entity2 = (0327): Point2D - (-8.1,9.45)
		objects[03F8] = (0407): Parameter 'd71'  flags=34200  index=04DA   valueNominal=11.7 valueModel=11.7   tolerance=NOMINAL u16_0=-1
			unit = (082E): Unit   visible=True 
				numerators[0000] = (0A8C): UnitMilliMeter magnitude=1 factor=1 Unit="mm" UnitOffset=0 UnitFactor=0.1 UnitSupportet=True
			formula = (082F): ParameterValue  value=11.7 type=000
				unit = (0A8D): Unit   visible=True 
					numerators[0000] = (0BCB): UnitMeter magnitude=0.001 factor=1 Unit="m" UnitOffset=0 UnitFactor=100 UnitSupportet=True
		objects[03F9] = (0408): Dimension_Distance2D  flags=4208  index=04DB flags2=-1  lst0={}   u32_0=0000   a0=(0000,0000,0000,0000) a1=Vector (1.7976931348623157e+308, 0.0, 0.0) a2=Vector (1.7976931348623157e+308, 0.0, 0.0)
			next = (0830): FxAttr_EEE03AF5 a0=(0000,0000)     u16_0=00A   u32_0=0000 a1=Vector (0.0, 0.0, 0.0) p1=Vector (-6.15, 2.299999999999997, 0.0) p2=Vector (-6.15, 14.0, 0.0) a2=Vector (0.0, 1.9358395123842227, 0.0)
				entity2 = (0A8E): E1D3D023  flags=3000200  index=0000 flags2=0000  a1=(0,0,1.875) a2=(100,000,000) a3=Vector (-6.15, 2.299999999999997, 0.0) a4=(999A,9999,9999) a5=Vector (2.4296e-319, 8.1165e-320, 0.0) a6=(000,002,000) s32_0=-1 a7=(1,0,0,-0,1,0,0,-4.21416,2.36128,0,-4.21416,8.15,0,-3.94103,2.3,0,-3.94103,14,0,-6.15,2.3,0,-6.15,14,0,-4.21416,2.3,0,-4.21416,14,0) a8=(01,01,00,00,00,00,00,00,00,00,00,00,00,03,00,00,01,00) a9=(0,0.273132,0.068283,0.534888,0.23837,0) u8_0=01   a10=(0000,0000,006A) a11=(-4.21416,2.3,0,-4.21416,14,0,-4.21416,2.3,0,-4.21416,14,0,-4.21416,2.36128,0,0,0,0) u8_1=01 a12=(1,0,0,-4.21416,8.15,0,0,1,0,-7.73915,6.68819,0) u8_2=00 a13=(-6.08172,2.3,0,-6.08172,14,0) 
					ref_1 = (0BCC): 39A41830  flags=0210  index=0000 s32_0=-1 a2=(0000,0000,0000,0000,0000,0000,0000,0000,0000,0001,0000,0000,0003) a3=Vector (0.0, 0.0, 0.0) txt0="" a4=(0000,0000,0000,A7F9,A7FB) a5=(1,0,0,-4.21416,2.36128,0) a6=(000,000,000,000,000,000)   u32_0=0000 a7=(0003,0003) a8=(07E4,0000) 
						*parameter1 = (0407): Parameter 'd71'=117mm
						*sketch = (02D9): Sketch2D 'Esquisse4'
					ref_2 = (0BCD): 99B938AE  flags=0200  index=0000 a1=Vector (0.25, 0.1, 0.0) u32_0=0010 u32_1=0000
					*ref_3 = (0BCD): 99B938AE
				*entity3 = (0375): Point2D - (-6.15,2.3)
				*entity4 = (031E): Point2D - (-6.15,14)
			*group = (0519): Group2D
			*parameter = (0407): Parameter 'd71'=117mm
			*entity1 = (0375): Point2D - (-6.15,2.3)
			*entity2 = (031E): Point2D - (-6.15,14)
		objects[03FA] = (0409): Parameter 'd72'  flags=34200  index=04DC   valueNominal=14.7 valueModel=14.7   tolerance=NOMINAL u16_0=-1
			unit = (0831): Unit   visible=True 
				numerators[0000] = (0A8F): UnitMilliMeter magnitude=1 factor=1 Unit="mm" UnitOffset=0 UnitFactor=0.1 UnitSupportet=True
			formula = (0832): ParameterValue  value=14.7 type=000
				unit = (0A90): Unit   visible=True 
					numerators[0000] = (0BCE): UnitMeter magnitude=0.001 factor=1 Unit="m" UnitOffset=0 UnitFactor=100 UnitSupportet=True
		objects[03FB] = (040A): Dimension_Distance2D  flags=4208  index=04DD flags2=-1  lst0={}   u32_0=0000   a0=(0000,0000,0000,0000) a1=Vector (1.7976931348623157e+308, 0.0, 0.0) a2=Vector (1.7976931348623157e+308, 0.0, 0.0)
			next = (0833): FxAttr_EEE03AF5 a0=(0000,0000)     u16_0=00A   u32_0=0000 a1=Vector (0.0, 0.0, 0.0) p1=Vector (-6.7, 0.7999999999999972, 0.0) p2=Vector (-6.7, 15.5, 0.0) a2=Vector (0.0, 3.4885339808166993, 0.0)
				entity2 = (0A91): E1D3D023  flags=3000200  index=0000 flags2=0000  a1=(0,0,1.875) a2=(100,000,000) a3=Vector (-6.7, 0.7999999999999972, 0.0) a4=(CCCD,CCCC,CCCC) a5=Vector (2.4297e-319, 8.118e-320, 0.0) a6=(000,002,000) s32_0=-1 a7=(1,0,0,-0,1,0,0,-3.21147,1.0577,0,-3.21147,8.15,0,-2.90313,0.8,0,-2.90313,15.5,0,-6.7,0.8,0,-6.7,15.5,0,-3.21147,0.8,0,-3.21147,15.5,0) a8=(01,01,00,00,00,00,00,00,00,00,00,00,00,03,00,00,01,00) a9=(0,0.308334,0.0770836,0.534888,0.23837,0) u8_0=01   a10=(0000,0000,006A) a11=(-3.21147,0.8,0,-3.21147,15.5,0,-3.21147,0.8,0,-3.21147,15.5,0,-3.21147,1.0577,0,0,0,0) u8_1=01 a12=(1,0,0,-3.21147,8.15,0,0,1,0,-6.33827,0.617696,0) u8_2=00 a13=(-6.62292,0.8,0,-6.62292,15.5,0) 
					ref_1 = (0BCF): 39A41830  flags=0210  index=0000 s32_0=-1 a2=(0000,0000,0000,0000,0000,0000,0000,0000,0000,0001,0000,0000,0003) a3=Vector (0.0, 0.0, 0.0) txt0="" a4=(0000,0000,0000,A7F9,A7FB) a5=(1,0,0,-3.21147,1.0577,0) a6=(000,000,000,000,000,000)   u32_0=0000 a7=(0003,0003) a8=(07E4,0000) 
						*parameter1 = (0409): Parameter 'd72'=147mm
						*sketch = (02D9): Sketch2D 'Esquisse4'
					ref_2 = (0BD0): 99B938AE  flags=0200  index=0000 a1=Vector (0.25, 0.1, 0.0) u32_0=0010 u32_1=0000
					*ref_3 = (0BD0): 99B938AE
				*entity3 = (036F): Point2D - (-6.7,0.8)
				*entity4 = (0315): Point2D - (-6.7,15.5)
			*group = (0519): Group2D
			*parameter = (0409): Parameter 'd72'=147mm
			*entity1 = (036F): Point2D - (-6.7,0.8)
			*entity2 = (0315): Point2D - (-6.7,15.5)
		objects[03FC] = (040B): Parameter 'd73'  flags=24200  index=04DE   valueNominal=14.7 valueModel=14.7   tolerance=NOMINAL u16_0=-1
			unit = (0834): Unit   visible=True 
				numerators[0000] = (0A92): UnitMilliMeter magnitude=1 factor=1 Unit="mm" UnitOffset=0 UnitFactor=0.1 UnitSupportet=True
			formula = (0835): ParameterRef  
				unit = (0A93): Unit   visible=False 
					numerators[0000] = (0BD1): UnitMilliMeter magnitude=1 factor=1 Unit="mm" UnitOffset=0 UnitFactor=0.1 UnitSupportet=True
				*operand1 = (0409): Parameter 'd72'=147mm
		objects[03FD] = (040C): Dimension_Distance2D  flags=4208  index=04DF flags2=-1  lst0={}   u32_0=0000   a0=(0000,0000,0000,0000) a1=Vector (1.7976931348623157e+308, 0.0, 0.0) a2=Vector (1.7976931348623157e+308, 0.0, 0.0)
			next = (0836): FxAttr_EEE03AF5 a0=(0000,0000)     u16_0=00A   u32_0=0000 a1=Vector (0.0, 0.0, 0.0) p1=Vector (-7.8500000000000005, 15.5, 0.0) p2=Vector (-7.8500000000000005, 0.7999999999999972, 0.0) a2=Vector (0.0, 1.4334387716069221, 0.0)
				entity2 = (0A94): E1D3D023  flags=3000200  index=0000 flags2=0000  a1=(0,0,1.875) a2=(100,000,000) a3=Vector (-7.8500000000000005, 15.5, 0.0) a4=(6667,6666,6666) a5=Vector (-2.3534373677326463e-185, 8.0834e-320, 0.0) a6=(000,002,000) s32_0=-1 a7=(1,0,0,0,-1,0,0,-9.28344,15.2575,0,-9.28344,8.15,0,-9.59177,15.5,0,-9.59177,0.8,0,-7.85,15.5,0,-7.85,0.8,0,-9.28344,15.5,0,-9.28344,0.8,0) a8=(01,01,00,00,00,00,00,00,00,00,00,00,00,03,00,00,01,00) a9=(0,0.308334,0.0770836,0.916126,0.24973,0) u8_0=01   a10=(0000,0000,006A) a11=(-9.28344,15.5,0,-9.28344,0.8,0,-9.28344,15.5,0,-9.28344,0.8,0,-9.28344,15.2575,0,0,0,0) u8_1=01 a12=(1,0,0,-9.28344,8.15,0,0,-1,0,-6.33827,0.617696,0) u8_2=00 a13=(-7.92708,15.5,0,-7.92708,0.8,0) 
					ref_1 = (0BD2): 39A41830  flags=0210  index=0000 s32_0=-1 a2=(0000,0000,0000,0000,0000,0000,0000,0000,0000,0001,0000,0000,0003) a3=Vector (0.0, 0.0, 0.0) txt0="" a4=(0000,0000,0000,A7F9,A7FB) a5=(1,0,0,-9.28344,15.2575,0) a6=(000,000,000,000,000,000)   u32_0=0000 a7=(0003,0003) a8=(07E4,0000) 
						*parameter1 = (040B): Parameter 'd73'=147mm
						*sketch = (02D9): Sketch2D 'Esquisse4'
					ref_2 = (0BD3): 99B938AE  flags=0200  index=0000 a1=Vector (0.25, 0.1, 0.0) u32_0=0010 u32_1=0000
					*ref_3 = (0BD3): 99B938AE
				*entity3 = (0318): Point2D - (-7.85,15.5)
				*entity4 = (0371): Point2D - (-7.85,0.8)
			*group = (0519): Group2D
			*parameter = (040B): Parameter 'd73'=147mm
			*entity1 = (0318): Point2D - (-7.85,15.5)
			*entity2 = (0371): Point2D - (-7.85,0.8)
		objects[03FE] = (040D): ParameterMappings  flags=0208  index=04E0 s32_0=-1    f=0  u16_0=002 u8_0=00
			*ref_1 = (040E): 0D0F9548
			*target = (040B): Parameter 'd73'=147mm
			mapping[0000] = (0837): 553DA303  x=1
				*parameter = (0409): Parameter 'd72'=147mm
			mapping[0001] = (0838): 553DA303  x=-1
				*parameter = (040B): Parameter 'd73'=147mm
			*paramRef = (0835): ParameterRef
		objects[03FF] = (040E): 0D0F9548  flags=0200  index=04E1 s32_0=-1 u32_0=0001 
			*mapping = (040D): ParameterMappings
		objects[0400] = (040F): Parameter 'd74'  flags=24200  index=04E2   valueNominal=11.7 valueModel=11.7   tolerance=NOMINAL u16_0=-1
			unit = (0839): Unit   visible=True 
				numerators[0000] = (0A95): UnitMilliMeter magnitude=1 factor=1 Unit="mm" UnitOffset=0 UnitFactor=0.1 UnitSupportet=True
			formula = (083A): ParameterRef  
				unit = (0A96): Unit   visible=False 
					numerators[0000] = (0BD4): UnitMilliMeter magnitude=1 factor=1 Unit="mm" UnitOffset=0 UnitFactor=0.1 UnitSupportet=True
				*operand1 = (0407): Parameter 'd71'=117mm
		objects[0401] = (0410): Dimension_Distance2D  flags=4208  index=04E3 flags2=-1  lst0={}   u32_0=0000   a0=(0000,0000,0000,0000) a1=Vector (1.7976931348623157e+308, 0.0, 0.0) a2=Vector (1.7976931348623157e+308, 0.0, 0.0)
			next = (083B): FxAttr_EEE03AF5 a0=(0000,0000)     u16_0=00A   u32_0=0000 a1=Vector (0.0, 0.0, 0.0) p1=Vector (-7.300000000000001, 14.0, 0.0) p2=Vector (-7.300000000000001, 2.299999999999997, 0.0) a2=Vector (0.0, 1.1477465297693819, 0.0)
				entity2 = (0A97): E1D3D023  flags=3000200  index=0000 flags2=0000  a1=(0,0,1.875) a2=(100,000,000) a3=Vector (-7.300000000000001, 14.0, 0.0) a4=(3334,3333,3333) a5=Vector (1.9035985661435087e+185, 8.096e-320, 0.0) a6=(000,002,000) s32_0=-1 a7=(1,0,0,0,-1,0,0,-8.44775,13.9522,0,-8.44775,8.15,0,-8.72088,14,0,-8.72088,2.3,0,-7.3,14,0,-7.3,2.3,0,-8.44775,14,0,-8.44775,2.3,0) a8=(01,01,00,00,00,00,00,00,00,00,00,00,00,03,00,00,01,00) a9=(0,0.273132,0.068283,0.916126,0.24973,0) u8_0=01   a10=(0000,0000,006A) a11=(-8.44775,14,0,-8.44775,2.3,0,-8.44775,14,0,-8.44775,2.3,0,-8.44775,13.9522,0,0,0,0) u8_1=01 a12=(1,0,0,-8.44775,8.15,0,0,-1,0,-6.9151,14.9012,0) u8_2=00 a13=(-7.36828,14,0,-7.36828,2.3,0) 
					ref_1 = (0BD5): 39A41830  flags=0210  index=0000 s32_0=-1 a2=(0000,0000,0000,0000,0000,0000,0000,0000,0000,0001,0000,0000,0003) a3=Vector (0.0, 0.0, 0.0) txt0="" a4=(0000,0000,0000,A7F9,A7FB) a5=(1,0,0,-8.44775,13.9522,0) a6=(000,000,000,000,000,000)   u32_0=0000 a7=(0003,0003) a8=(07E4,0000) 
						*parameter1 = (040F): Parameter 'd74'=117mm
						*sketch = (02D9): Sketch2D 'Esquisse4'
					ref_2 = (0BD6): 99B938AE  flags=0200  index=0000 a1=Vector (0.25, 0.1, 0.0) u32_0=0010 u32_1=0000
					*ref_3 = (0BD6): 99B938AE
				*entity3 = (031B): Point2D - (-7.3,14)
				*entity4 = (0373): Point2D - (-7.3,2.3)
			*group = (0519): Group2D
			*parameter = (040F): Parameter 'd74'=117mm
			*entity1 = (031B): Point2D - (-7.3,14)
			*entity2 = (0373): Point2D - (-7.3,2.3)
		objects[0402] = (0411): ParameterMappings  flags=0208  index=04E4 s32_0=-1    f=0  u16_0=002 u8_0=00
			*ref_1 = (0412): 0D0F9548
			*target = (040F): Parameter 'd74'=117mm
			mapping[0000] = (083C): 553DA303  x=1
				*parameter = (0407): Parameter 'd71'=117mm
			mapping[0001] = (083D): 553DA303  x=-1
				*parameter = (040F): Parameter 'd74'=117mm
			*paramRef = (083A): ParameterRef
		objects[0403] = (0412): 0D0F9548  flags=0200  index=04E5 s32_0=-1 u32_0=0001 
			*mapping = (0411): ParameterMappings
		objects[0404] = (0413): Parameter 'd75'  flags=34200  index=04E6   valueNominal=1.15 valueModel=1.15   tolerance=NOMINAL u16_0=-1
			unit = (083E): Unit   visible=True 
				numerators[0000] = (0A98): UnitMilliMeter magnitude=1 factor=1 Unit="mm" UnitOffset=0 UnitFactor=0.1 UnitSupportet=True
			formula = (083F): ParameterValue  value=1.15 type=001
				unit = (0A99): Unit   visible=True 
					numerators[0000] = (0BD7): UnitMeter magnitude=0.001 factor=1 Unit="m" UnitOffset=0 UnitFactor=100 UnitSupportet=True
		objects[0405] = (0414): Dimension_Distance2D  flags=4208  index=04E7 flags2=-1  lst0={}   u32_0=0000   a0=(0000,0000,0000,0000) a1=Vector (1.7976931348623157e+308, 0.0, 0.0) a2=Vector (1.7976931348623157e+308, 0.0, 0.0)
			next = (0840): FxAttr_EEE03AF5 a0=(0000,0000)     u16_0=00A   u32_0=0000 a1=Vector (0.0, 0.0, 0.0) p1=Vector (-6.15, 14.0, 0.0) p2=Vector (-7.300000000000001, 14.0, 0.0) a2=Vector (0.0, 0.8473615265940371, 0.0)
				entity2 = (0A9A): E1D3D023  flags=3000200  index=0000 flags2=0000  a1=(0,0,1.875) a2=(100,000,000) a3=Vector (-6.15, 14.0, 0.0) a4=(3334,3333,3333) a5=Vector (2.42986e-319, 8.1165e-320, 0.0) a6=(000,002,000) s32_0=-1 a7=(0,1,0,-1,0,0,0,-6.59903,13.1526,0,-6.725,13.1526,0,-6.15,12.8319,0,-7.3,12.8319,0,-6.15,14,0,-7.3,14,0,-6.15,13.1526,0,-7.3,13.1526,0) a8=(01,01,00,00,00,00,00,00,00,00,00,00,00,03,00,00,01,00) a9=(0,0.32077,0.0801926,0.633856,0.297481,0) u8_0=01   a10=(0000,0000,006A) a11=(-6.15,13.1526,0,-7.3,13.1526,0,-6.15,13.1526,0,-7.3,13.1526,0,-6.59903,13.1526,0,0,0,0) u8_1=01 a12=(0,1,0,-6.725,13.1526,0,-1,0,0,-6.9151,14.9012,0) u8_2=00 a13=(-6.15,13.9198,0,-7.3,13.9198,0) 
					ref_1 = (0BD8): 39A41830  flags=0210  index=0000 s32_0=-1 a2=(0000,0000,0000,0000,0000,0000,0000,0000,0000,0001,0000,0000,0003) a3=Vector (0.0, 0.0, 0.0) txt0="" a4=(0000,0000,0000,A7F9,A7FB) a5=(1,0,0,-6.59903,13.1526,0) a6=(000,000,000,000,000,000)   u32_0=0000 a7=(0003,0003) a8=(07E4,0000) 
						*parameter1 = (0413): Parameter 'd75'=11.5mm
						*sketch = (02D9): Sketch2D 'Esquisse4'
					ref_2 = (0BD9): 99B938AE  flags=0200  index=0000 a1=Vector (0.25, 0.1, 0.0) u32_0=0010 u32_1=0000
					*ref_3 = (0BD9): 99B938AE
				*entity3 = (031E): Point2D - (-6.15,14)
				*entity4 = (031B): Point2D - (-7.3,14)
			*group = (0519): Group2D
			*parameter = (0413): Parameter 'd75'=11.5mm
			*entity1 = (031E): Point2D - (-6.15,14)
			*entity2 = (031B): Point2D - (-7.3,14)
		objects[0406] = (0415): Parameter 'd76'  flags=24200  index=04E8   valueNominal=1.15 valueModel=1.15   tolerance=NOMINAL u16_0=-1
			unit = (0841): Unit   visible=True 
				numerators[0000] = (0A9B): UnitMilliMeter magnitude=1 factor=1 Unit="mm" UnitOffset=0 UnitFactor=0.1 UnitSupportet=True
			formula = (0842): ParameterRef  
				unit = (0A9C): Unit   visible=False 
					numerators[0000] = (0BDA): UnitMilliMeter magnitude=1 factor=1 Unit="mm" UnitOffset=0 UnitFactor=0.1 UnitSupportet=True
				*operand1 = (0413): Parameter 'd75'=11.5mm
		objects[0407] = (0416): Dimension_Distance2D  flags=4208  index=04E9 flags2=-1  lst0={}   u32_0=0000   a0=(0000,0000,0000,0000) a1=Vector (1.7976931348623157e+308, 0.0, 0.0) a2=Vector (1.7976931348623157e+308, 0.0, 0.0)
			next = (0843): FxAttr_EEE03AF5 a0=(0000,0000)     u16_0=00A   u32_0=0000 a1=Vector (0.0, 0.0, 0.0) p1=Vector (-6.7, 15.5, 0.0) p2=Vector (-7.8500000000000005, 15.5, 0.0) a2=Vector (0.0, 2.0462221399232163, 0.0)
				entity2 = (0A9D): E1D3D023  flags=3000200  index=0000 flags2=0000  a1=(0,0,1.875) a2=(100,000,000) a3=Vector (-6.7, 15.5, 0.0) a4=(6667,6666,6666) a5=Vector (2.42996e-319, 8.118e-320, 0.0) a6=(000,002,000) s32_0=-1 a7=(0,1,0,-1,0,0,0,-6.68588,17.5462,0,-7.275,17.5462,0,-6.7,17.8891,0,-7.85,17.8891,0,-6.7,15.5,0,-7.85,15.5,0,-6.7,17.5462,0,-7.85,17.5462,0) a8=(01,01,00,00,00,00,00,00,00,00,00,00,00,03,00,00,01,00) a9=(0,0.342892,0.0857231,1.01509,0.308841,0) u8_0=01   a10=(0000,0000,006A) a11=(-6.7,17.5462,0,-7.85,17.5462,0,-6.7,17.5462,0,-7.85,17.5462,0,-6.68588,17.5462,0,0,0,0) u8_1=01 a12=(0,1,0,-7.275,17.5462,0,-1,0,0,-6.9151,14.9012,0) u8_2=00 a13=(-6.7,15.5857,0,-7.85,15.5857,0) 
					ref_1 = (0BDB): 39A41830  flags=0210  index=0000 s32_0=-1 a2=(0000,0000,0000,0000,0000,0000,0000,0000,0000,0001,0000,0000,0003) a3=Vector (0.0, 0.0, 0.0) txt0="" a4=(0000,0000,0000,A7F9,A7FB) a5=(1,0,0,-6.68588,17.5462,0) a6=(000,000,000,000,000,000)   u32_0=0000 a7=(0003,0003) a8=(07E4,0000) 
						*parameter1 = (0415): Parameter 'd76'=11.5mm
						*sketch = (02D9): Sketch2D 'Esquisse4'
					ref_2 = (0BDC): 99B938AE  flags=0200  index=0000 a1=Vector (0.25, 0.1, 0.0) u32_0=0010 u32_1=0000
					*ref_3 = (0BDC): 99B938AE
				*entity3 = (0315): Point2D - (-6.7,15.5)
				*entity4 = (0318): Point2D - (-7.85,15.5)
			*group = (0519): Group2D
			*parameter = (0415): Parameter 'd76'=11.5mm
			*entity1 = (0315): Point2D - (-6.7,15.5)
			*entity2 = (0318): Point2D - (-7.85,15.5)
		objects[0408] = (0417): ParameterMappings  flags=0208  index=04EA s32_0=-1    f=0  u16_0=002 u8_0=00
			*ref_1 = (0418): 0D0F9548
			*target = (0415): Parameter 'd76'=11.5mm
			mapping[0000] = (0844): 553DA303  x=1
				*parameter = (0413): Parameter 'd75'=11.5mm
			mapping[0001] = (0845): 553DA303  x=-1
				*parameter = (0415): Parameter 'd76'=11.5mm
			*paramRef = (0842): ParameterRef
		objects[0409] = (0418): 0D0F9548  flags=0200  index=04EB s32_0=-1 u32_0=0001 
			*mapping = (0417): ParameterMappings
		objects[040A] = (0419): Parameter 'd77'  flags=34200  index=04EC   valueNominal=6.15 valueModel=6.15   tolerance=NOMINAL u16_0=-1
			unit = (0846): Unit   visible=True 
				numerators[0000] = (0A9E): UnitMilliMeter magnitude=1 factor=1 Unit="mm" UnitOffset=0 UnitFactor=0.1 UnitSupportet=True
			formula = (0847): ParameterValue  value=6.15 type=001
				unit = (0A9F): Unit   visible=True 
					numerators[0000] = (0BDD): UnitMeter magnitude=0.001 factor=1 Unit="m" UnitOffset=0 UnitFactor=100 UnitSupportet=True
		objects[040B] = (041A): Dimension_Distance2D  flags=4208  index=04ED flags2=-1  lst0={}   u32_0=0000   a0=(0000,0000,0000,0000) a1=Vector (1.7976931348623157e+308, 0.0, 0.0) a2=Vector (1.7976931348623157e+308, 0.0, 0.0)
			next = (0848): FxAttr_EEE03AF5 a0=(0000,0000)     u16_0=009   u32_0=0000 a1=Vector (1.0, 0.0, 0.0) p1=Vector (0.0, 13.0, 0.0) p2=Vector (-6.15, 14.0, 0.0) a2=Vector (6.15, 4.573619971635495, 0.0)
				entity2 = (0AA0): E1D3D023  flags=3000200  index=0000 flags2=0000  a1=(0,0,1.875) a2=(100,000,000) a3=Vector (0.0, 13.0, 0.0) a4=(999A,9999,9999) a5=Vector (2.4296e-319, 8.1165e-320, 0.0) a6=(000,003,000) s32_0=-1 a7=(0,1,0,-1,0,0,0,-0.25516,18.5736,0,-3.075,18.5736,0,0,18.9067,0,-6.15,18.9067,0,0,14,0,-6.15,14,0,0,18.5736,0,-6.15,18.5736,0) a8=(01,01,00,00,00,00,00,00,00,00,00,00,00,03,00,00,01,00) a9=(0,0.333125,0.0832812,0.633856,0.301139,0) u8_0=01   a10=(0000,0000,006A) a11=(0,18.5736,0,-6.15,18.5736,0,0,18.5736,0,-6.15,18.5736,0,-0.25516,18.5736,0,0,0,0) u8_1=01 a12=(0,1,0,-3.075,18.5736,0,-1,0,0,-6.9151,14.9012,0) u8_2=00 a13=(0,13.0833,0,-6.15,14.0833,0) 
					ref_1 = (0BDE): 39A41830  flags=0210  index=0000 s32_0=-1 a2=(0000,0000,0000,0000,0000,0000,0000,0000,0000,0001,0000,0000,0003) a3=Vector (0.0, 0.0, 0.0) txt0="" a4=(0000,0000,0000,A7F9,A7FB) a5=(1,0,0,-0.25516,18.5736,0) a6=(000,000,000,000,000,000)   u32_0=0000 a7=(0003,0003) a8=(07E4,0000) 
						*parameter1 = (0419): Parameter 'd77'=61.5mm
						*sketch = (02D9): Sketch2D 'Esquisse4'
					ref_2 = (0BDF): 99B938AE  flags=0200  index=0000 a1=Vector (0.25, 0.1, 0.0) u32_0=0010 u32_1=0000
					*ref_3 = (0BDF): 99B938AE
				*entity3 = (03DB): Line2D - (0,3.3) - (0,13)
				*entity4 = (031E): Point2D - (-6.15,14)
			*group = (0519): Group2D
			*parameter = (0419): Parameter 'd77'=61.5mm
			*entity1 = (03DB): Line2D - (0,3.3) - (0,13)
			*entity2 = (031E): Point2D - (-6.15,14)
		objects[040C] = (041B): Parameter 'd78'  flags=34200  index=04EE   valueNominal=6.7 valueModel=6.7   tolerance=NOMINAL u16_0=-1
			unit = (0849): Unit   visible=True 
				numerators[0000] = (0AA1): UnitMilliMeter magnitude=1 factor=1 Unit="mm" UnitOffset=0 UnitFactor=0.1 UnitSupportet=True
			formula = (084A): ParameterValue  value=6.7 type=000
				unit = (0AA2): Unit   visible=True 
					numerators[0000] = (0BE0): UnitMeter magnitude=0.001 factor=1 Unit="m" UnitOffset=0 UnitFactor=100 UnitSupportet=True
		objects[040D] = (041C): Dimension_Distance2D  flags=4208  index=04EF flags2=-1  lst0={}   u32_0=0000   a0=(0000,0000,0000,0000) a1=Vector (1.7976931348623157e+308, 0.0, 0.0) a2=Vector (1.7976931348623157e+308, 0.0, 0.0)
			next = (084B): FxAttr_EEE03AF5 a0=(0000,0000)     u16_0=009   u32_0=0000 a1=Vector (1.0, 0.0, 0.0) p1=Vector (0.0, 13.0, 0.0) p2=Vector (-6.7, 15.5, 0.0) a2=Vector (6.7, 2.7360011055250837, 0.0)
				entity2 = (0AA3): E1D3D023  flags=3000200  index=0000 flags2=0000  a1=(0,0,1.875) a2=(100,000,000) a3=Vector (0.0, 13.0, 0.0) a4=(CCCD,CCCC,CCCC) a5=Vector (2.4297e-319, 8.118e-320, 0.0) a6=(000,003,000) s32_0=-1 a7=(0,1,0,-1,0,0,0,1.0529,18.236,0,-3.35,18.236,0,0,18.5679,0,-6.7,18.5679,0,-1.77636e-15,15.5,0,-6.7,15.5,0,-1.77636e-15,18.236,0,-6.7,18.236,0) a8=(01,01,00,00,00,00,00,00,00,00,00,00,00,03,00,00,01,00) a9=(0,0.331938,0.0829845,0.356592,0.247034,0) u8_0=01   a10=(0000,0000,006A) a11=(-1.77636e-15,18.236,0,-6.7,18.236,0,-1.77636e-15,18.236,0,-6.7,18.236,0,1.0529,18.236,0,0,0,0) u8_1=01 a12=(0,1,0,-3.35,18.236,0,-1,0,0,-6.9151,14.9012,0) u8_2=00 a13=(0,13.083,0,-6.7,15.583,0) 
					ref_1 = (0BE1): 39A41830  flags=0210  index=0000 s32_0=-1 a2=(0000,0000,0000,0000,0000,0000,0000,0000,0000,0001,0000,0000,0003) a3=Vector (0.0, 0.0, 0.0) txt0="" a4=(0000,0000,0000,A7F9,A7FB) a5=(1,0,0,1.0529,18.236,0) a6=(000,000,000,000,000,000)   u32_0=0000 a7=(0003,0003) a8=(07E4,0000) 
						*parameter1 = (041B): Parameter 'd78'=67mm
						*sketch = (02D9): Sketch2D 'Esquisse4'
					ref_2 = (0BE2): 99B938AE  flags=0200  index=0000 a1=Vector (0.25, 0.1, 0.0) u32_0=0010 u32_1=0000
					*ref_3 = (0BE2): 99B938AE
				*entity3 = (03DB): Line2D - (0,3.3) - (0,13)
				*entity4 = (0315): Point2D - (-6.7,15.5)
			*group = (0519): Group2D
			*parameter = (041B): Parameter 'd78'=67mm
			*entity1 = (03DB): Line2D - (0,3.3) - (0,13)
			*entity2 = (0315): Point2D - (-6.7,15.5)
		objects[040E] = (041D): BoundaryPatch  flags=0200  index=04F0  
			next = (084C): FxAttr_B6A36C30 a0=(0000,0000)    lst0=[[0000,0001,()],[0001,0001,()],[0002,0001,()],[0003,0001,()],[0004,0001,()],[0005,0001,()],[0006,0001,()],[0007,0001,()],[0008,0001,()],[0009,0001,()],[001D,0001,()],[001E,0001,()],[000A,0001,()],[000B,0001,()],[000C,0001,()],[000D,0001,()],[000E,0001,()],[000F,0001,()],[0010,0001,()],[0011,0001,()],[0012,0001,()],[0013,0001,()],[0014,0001,()],[0015,0001,()],[0016,0001,()],[0017,0001,()],[0018,0001,()],[001F,0001,()],[0020,0001,()],[0019,0001,()],[001A,0001,()],[001B,0001,()],[001C,0001,()]]
			*lst0[0000] = (041F): FaceBoundProxy
			*lst0[0001] = (0420): FaceBoundProxy
			*lst0[0002] = (0421): FaceBoundProxy
			*lst0[0003] = (0422): FaceBoundProxy
			*lst0[0004] = (0423): FaceBoundProxy
			*lst0[0005] = (0424): FaceBoundProxy
			*lst0[0006] = (0425): FaceBoundProxy
			*lst0[0007] = (0426): FaceBoundProxy
			*lst0[0008] = (0427): FaceBoundProxy
			*lst0[0009] = (0428): FaceBoundProxy
			*lst0[000A] = (0429): FaceBoundProxy
			*lst0[000B] = (042A): FaceBoundProxy
			*lst0[000C] = (042B): FaceBoundProxy
			*lst0[000D] = (042C): FaceBoundProxy
			*lst0[000E] = (042D): FaceBoundProxy
			*lst0[000F] = (042E): FaceBoundProxy
			*lst0[0010] = (042F): FaceBoundProxy
			*lst0[0011] = (0430): FaceBoundProxy
			*lst0[0012] = (0431): FaceBoundProxy
			*lst0[0013] = (0432): FaceBoundProxy
			*lst0[0014] = (0433): FaceBoundProxy
			*lst0[0015] = (0434): FaceBoundProxy
			*lst0[0016] = (0435): FaceBoundProxy
			*lst0[0017] = (0436): FaceBoundProxy
			*lst0[0018] = (0437): FaceBoundProxy
			*lst0[0019] = (0438): FaceBoundProxy
			*lst0[001A] = (0439): FaceBoundProxy
			*lst0[001B] = (043A): FaceBoundProxy
			*lst0[001C] = (043B): FaceBoundProxy
			*lst0[001D] = (043C): FaceBoundProxy
			*lst0[001E] = (043D): FaceBoundProxy
			*lst0[001F] = (043E): FaceBoundProxy
			*lst0[0020] = (043F): FaceBoundProxy
		objects[040F] = (041E): FaceBoundOuter  flags=100200  index=04F1 s32_0=2301    a1=(0021,0021)  
			parts[0000] = (084D): Loop3D  operation=0018  faceIndex=0000
				edges[0000] = (0AA4): SketchEntityRef a0=(0000,0000) u32_0=0000 entityAI=000C typEntity=0002 u32_1=0000 point1AI=0000 typPt1=0000 u32_2=0000 point2AI=0000 typPt2=0000 posDir=False 
					*sketch = (02D9): Sketch2D 'Esquisse4'
			parts[0001] = (084E): Loop3D  operation=0018  faceIndex=0001
				edges[0000] = (0AA5): SketchEntityRef a0=(0000,0000) u32_0=0000 entityAI=000E typEntity=0002 u32_1=0000 point1AI=0000 typPt1=0000 u32_2=0000 point2AI=0000 typPt2=0000 posDir=False 
					*sketch = (02D9): Sketch2D 'Esquisse4'
			parts[0002] = (084F): Loop3D  operation=0018  faceIndex=0002
				edges[0000] = (0AA6): SketchEntityRef a0=(0000,0000) u32_0=0000 entityAI=0010 typEntity=0002 u32_1=0000 point1AI=0000 typPt1=0000 u32_2=0000 point2AI=0000 typPt2=0000 posDir=False 
					*sketch = (02D9): Sketch2D 'Esquisse4'
			parts[0003] = (0850): Loop3D  operation=0018  faceIndex=0003
				edges[0000] = (0AA7): SketchEntityRef a0=(0000,0000) u32_0=0000 entityAI=0012 typEntity=0002 u32_1=0000 point1AI=0000 typPt1=0000 u32_2=0000 point2AI=0000 typPt2=0000 posDir=False 
					*sketch = (02D9): Sketch2D 'Esquisse4'
			parts[0004] = (0851): Loop3D  operation=0018  faceIndex=0004
				edges[0000] = (0AA8): SketchEntityRef a0=(0000,0000) u32_0=0000 entityAI=0018 typEntity=0002 u32_1=0000 point1AI=0000 typPt1=0000 u32_2=0000 point2AI=0000 typPt2=0000 posDir=False 
					*sketch = (02D9): Sketch2D 'Esquisse4'
			parts[0005] = (0852): Loop3D  operation=0018  faceIndex=0005
				edges[0000] = (0AA9): SketchEntityRef a0=(0000,0000) u32_0=0000 entityAI=0024 typEntity=0002 u32_1=0000 point1AI=0000 typPt1=0000 u32_2=0000 point2AI=0000 typPt2=0000 posDir=False 
					*sketch = (02D9): Sketch2D 'Esquisse4'
			parts[0006] = (0853): Loop3D  operation=0018  faceIndex=0006
				edges[0000] = (0AAA): SketchEntityRef a0=(0000,0000) u32_0=0000 entityAI=0026 typEntity=0002 u32_1=0000 point1AI=0000 typPt1=0000 u32_2=0000 point2AI=0000 typPt2=0000 posDir=False 
					*sketch = (02D9): Sketch2D 'Esquisse4'
			parts[0007] = (0854): Loop3D  operation=0018  faceIndex=0007
				edges[0000] = (0AAB): SketchEntityRef a0=(0000,0000) u32_0=0000 entityAI=0028 typEntity=0002 u32_1=0000 point1AI=0000 typPt1=0000 u32_2=0000 point2AI=0000 typPt2=0000 posDir=False 
					*sketch = (02D9): Sketch2D 'Esquisse4'
			parts[0008] = (0855): Loop3D  operation=0018  faceIndex=0008
				edges[0000] = (0AAC): SketchEntityRef a0=(0000,0000) u32_0=0000 entityAI=002A typEntity=0002 u32_1=0000 point1AI=0000 typPt1=0000 u32_2=0000 point2AI=0000 typPt2=0000 posDir=False 
					*sketch = (02D9): Sketch2D 'Esquisse4'
			parts[0009] = (0856): Loop3D  operation=0018  faceIndex=0009
				edges[0000] = (0AAD): SketchEntityRef a0=(0000,0000) u32_0=0000 entityAI=002C typEntity=0002 u32_1=0000 point1AI=0000 typPt1=0000 u32_2=0000 point2AI=0000 typPt2=0000 posDir=False 
					*sketch = (02D9): Sketch2D 'Esquisse4'
			parts[000A] = (0857): Loop3D  operation=0018  faceIndex=000A
				edges[0000] = (0AAE): SketchEntityRef a0=(0000,0000) u32_0=0000 entityAI=0038 typEntity=0002 u32_1=0000 point1AI=0000 typPt1=0000 u32_2=0000 point2AI=0000 typPt2=0000 posDir=False 
					*sketch = (02D9): Sketch2D 'Esquisse4'
			parts[000B] = (0858): Loop3D  operation=0018  faceIndex=000B
				edges[0000] = (0AAF): SketchEntityRef a0=(0000,0000) u32_0=0000 entityAI=003A typEntity=0002 u32_1=0000 point1AI=0000 typPt1=0000 u32_2=0000 point2AI=0000 typPt2=0000 posDir=False 
					*sketch = (02D9): Sketch2D 'Esquisse4'
			parts[000C] = (0859): Loop3D  operation=0018  faceIndex=000C
				edges[0000] = (0AB0): SketchEntityRef a0=(0000,0000) u32_0=0000 entityAI=0040 typEntity=0002 u32_1=0000 point1AI=0000 typPt1=0000 u32_2=0000 point2AI=0000 typPt2=0000 posDir=False 
					*sketch = (02D9): Sketch2D 'Esquisse4'
			parts[000D] = (085A): Loop3D  operation=0018  faceIndex=000D
				edges[0000] = (0AB1): SketchEntityRef a0=(0000,0000) u32_0=0000 entityAI=0042 typEntity=0002 u32_1=0000 point1AI=0000 typPt1=0000 u32_2=0000 point2AI=0000 typPt2=0000 posDir=False 
					*sketch = (02D9): Sketch2D 'Esquisse4'
			parts[000E] = (085B): Loop3D  operation=0018  faceIndex=000E
				edges[0000] = (0AB2): SketchEntityRef a0=(0000,0000) u32_0=0000 entityAI=004F typEntity=0002 u32_1=0000 point1AI=0000 typPt1=0000 u32_2=0000 point2AI=0000 typPt2=0000 posDir=False 
					*sketch = (02D9): Sketch2D 'Esquisse4'
			parts[000F] = (085C): Loop3D  operation=0018  faceIndex=000F
				edges[0000] = (0AB3): SketchEntityRef a0=(0000,0000) u32_0=0000 entityAI=0051 typEntity=0002 u32_1=0000 point1AI=0000 typPt1=0000 u32_2=0000 point2AI=0000 typPt2=0000 posDir=False 
					*sketch = (02D9): Sketch2D 'Esquisse4'
			parts[0010] = (085D): Loop3D  operation=0018  faceIndex=0010
				edges[0000] = (0AB4): SketchEntityRef a0=(0000,0000) u32_0=0000 entityAI=0053 typEntity=0002 u32_1=0000 point1AI=0000 typPt1=0000 u32_2=0000 point2AI=0000 typPt2=0000 posDir=False 
					*sketch = (02D9): Sketch2D 'Esquisse4'
			parts[0011] = (085E): Loop3D  operation=0018  faceIndex=0011
				edges[0000] = (0AB5): SketchEntityRef a0=(0000,0000) u32_0=0000 entityAI=0057 typEntity=0002 u32_1=0000 point1AI=0000 typPt1=0000 u32_2=0000 point2AI=0000 typPt2=0000 posDir=False 
					*sketch = (02D9): Sketch2D 'Esquisse4'
			parts[0012] = (085F): Loop3D  operation=0018  faceIndex=0012
				edges[0000] = (0AB6): SketchEntityRef a0=(0000,0000) u32_0=0000 entityAI=0059 typEntity=0002 u32_1=0000 point1AI=0000 typPt1=0000 u32_2=0000 point2AI=0000 typPt2=0000 posDir=False 
					*sketch = (02D9): Sketch2D 'Esquisse4'
			parts[0013] = (0860): Loop3D  operation=0018  faceIndex=0013
				edges[0000] = (0AB7): SketchEntityRef a0=(0000,0000) u32_0=0000 entityAI=005B typEntity=0002 u32_1=0000 point1AI=0000 typPt1=0000 u32_2=0000 point2AI=0000 typPt2=0000 posDir=False 
					*sketch = (02D9): Sketch2D 'Esquisse4'
			parts[0014] = (0861): Loop3D  operation=0018  faceIndex=0014
				edges[0000] = (0AB8): SketchEntityRef a0=(0000,0000) u32_0=0000 entityAI=005D typEntity=0002 u32_1=0000 point1AI=0000 typPt1=0000 u32_2=0000 point2AI=0000 typPt2=0000 posDir=False 
					*sketch = (02D9): Sketch2D 'Esquisse4'
			parts[0015] = (0862): Loop3D  operation=0018  faceIndex=0015
				edges[0000] = (0AB9): SketchEntityRef a0=(0000,0000) u32_0=0000 entityAI=005F typEntity=0002 u32_1=0000 point1AI=0000 typPt1=0000 u32_2=0000 point2AI=0000 typPt2=0000 posDir=False 
					*sketch = (02D9): Sketch2D 'Esquisse4'
			parts[0016] = (0863): Loop3D  operation=0018  faceIndex=0016
				edges[0000] = (0ABA): SketchEntityRef a0=(0000,0000) u32_0=0000 entityAI=0061 typEntity=0002 u32_1=0000 point1AI=0000 typPt1=0000 u32_2=0000 point2AI=0000 typPt2=0000 posDir=False 
					*sketch = (02D9): Sketch2D 'Esquisse4'
			parts[0017] = (0864): Loop3D  operation=0018  faceIndex=0017
				edges[0000] = (0ABB): SketchEntityRef a0=(0000,0000) u32_0=0000 entityAI=0063 typEntity=0002 u32_1=0000 point1AI=0000 typPt1=0000 u32_2=0000 point2AI=0000 typPt2=0000 posDir=False 
					*sketch = (02D9): Sketch2D 'Esquisse4'
			parts[0018] = (0865): Loop3D  operation=0018  faceIndex=0018
				edges[0000] = (0ABC): SketchEntityRef a0=(0000,0000) u32_0=0000 entityAI=0065 typEntity=0002 u32_1=0000 point1AI=0000 typPt1=0000 u32_2=0000 point2AI=0000 typPt2=0000 posDir=False 
					*sketch = (02D9): Sketch2D 'Esquisse4'
			parts[0019] = (0866): Loop3D  operation=0018  faceIndex=0019
				edges[0000] = (0ABD): SketchEntityRef a0=(0000,0000) u32_0=0000 entityAI=0046 typEntity=0002 u32_1=0000 point1AI=0000 typPt1=0000 u32_2=0000 point2AI=0000 typPt2=0000 posDir=False 
					*sketch = (02D9): Sketch2D 'Esquisse4'
			parts[001A] = (0867): Loop3D  operation=0018  faceIndex=001A
				edges[0000] = (0ABE): SketchEntityRef a0=(0000,0000) u32_0=0000 entityAI=0048 typEntity=0002 u32_1=0000 point1AI=0000 typPt1=0000 u32_2=0000 point2AI=0000 typPt2=0000 posDir=False 
					*sketch = (02D9): Sketch2D 'Esquisse4'
			parts[001B] = (0868): Loop3D  operation=0018  faceIndex=001B
				edges[0000] = (0ABF): SketchEntityRef a0=(0000,0000) u32_0=0000 entityAI=004D typEntity=0002 u32_1=0000 point1AI=0000 typPt1=0000 u32_2=0000 point2AI=0000 typPt2=0000 posDir=False 
					*sketch = (02D9): Sketch2D 'Esquisse4'
			parts[001C] = (0869): Loop3D  operation=0018  faceIndex=001C
				edges[0000] = (0AC0): SketchEntityRef a0=(0000,0000) u32_0=0000 entityAI=0055 typEntity=0002 u32_1=0000 point1AI=0000 typPt1=0000 u32_2=0000 point2AI=0000 typPt2=0000 posDir=False 
					*sketch = (02D9): Sketch2D 'Esquisse4'
			parts[001D] = (086A): Loop3D  operation=0018  faceIndex=001D
				edges[0000] = (0AC1): SketchEntityRef a0=(0000,0000) u32_0=0000 entityAI=0036 typEntity=0002 u32_1=0000 point1AI=0000 typPt1=0000 u32_2=0000 point2AI=0000 typPt2=0000 posDir=False 
					*sketch = (02D9): Sketch2D 'Esquisse4'
			parts[001E] = (086B): Loop3D  operation=0018  faceIndex=001E
				edges[0000] = (0AC2): SketchEntityRef a0=(0000,0000) u32_0=0000 entityAI=0030 typEntity=0002 u32_1=0000 point1AI=0000 typPt1=0000 u32_2=0000 point2AI=0000 typPt2=0000 posDir=False 
					*sketch = (02D9): Sketch2D 'Esquisse4'
			parts[001F] = (086C): Loop3D  operation=0018  faceIndex=001F
				edges[0000] = (0AC3): SketchEntityRef a0=(0000,0000) u32_0=0000 entityAI=0069 typEntity=0002 u32_1=0000 point1AI=0000 typPt1=0000 u32_2=0000 point2AI=0000 typPt2=0000 posDir=False 
					*sketch = (02D9): Sketch2D 'Esquisse4'
			parts[0020] = (086D): Loop3D  operation=0018  faceIndex=0020
				edges[0000] = (0AC4): SketchEntityRef a0=(0000,0000) u32_0=0000 entityAI=0067 typEntity=0002 u32_1=0000 point1AI=0000 typPt1=0000 u32_2=0000 point2AI=0000 typPt2=0000 posDir=False 
					*sketch = (02D9): Sketch2D 'Esquisse4'
			*sketch = (02D9): Sketch2D 'Esquisse4'
			*proxy = (041D): BoundaryPatch
		objects[0410] = (041F): FaceBoundProxy  flags=A1004200  index=04F2  u8_0=00
			next = (086E): NameTableKeyDef a0=(0000,0000)    ntKey=0000
			refWrapper = (086F): AsmEntityWrapper index=04F2 u8_0=04  u32_1=19F2
				*asm = (05C8): ASM
		objects[0411] = (0420): FaceBoundProxy  flags=A1004200  index=04F3  u8_0=00
			next = (0870): NameTableKeyDef a0=(0000,0000)    ntKey=0001
			refWrapper = (0871): AsmEntityWrapper index=04F3 u8_0=04  u32_1=19F3
				*asm = (05C8): ASM
		objects[0412] = (0421): FaceBoundProxy  flags=A1004200  index=04F4  u8_0=00
			next = (0872): NameTableKeyDef a0=(0000,0000)    ntKey=0002
			refWrapper = (0873): AsmEntityWrapper index=04F4 u8_0=04  u32_1=19F4
				*asm = (05C8): ASM
		objects[0413] = (0422): FaceBoundProxy  flags=A1004200  index=04F5  u8_0=00
			next = (0874): NameTableKeyDef a0=(0000,0000)    ntKey=0003
			refWrapper = (0875): AsmEntityWrapper index=04F5 u8_0=04  u32_1=19F5
				*asm = (05C8): ASM
		objects[0414] = (0423): FaceBoundProxy  flags=A1004200  index=04F6  u8_0=00
			next = (0876): NameTableKeyDef a0=(0000,0000)    ntKey=0004
			refWrapper = (0877): AsmEntityWrapper index=04F6 u8_0=04  u32_1=19F6
				*asm = (05C8): ASM
		objects[0415] = (0424): FaceBoundProxy  flags=A1004200  index=04F7  u8_0=00
			next = (0878): NameTableKeyDef a0=(0000,0000)    ntKey=0005
			refWrapper = (0879): AsmEntityWrapper index=04F7 u8_0=04  u32_1=19F7
				*asm = (05C8): ASM
		objects[0416] = (0425): FaceBoundProxy  flags=A1004200  index=04F8  u8_0=00
			next = (087A): NameTableKeyDef a0=(0000,0000)    ntKey=0006
			refWrapper = (087B): AsmEntityWrapper index=04F8 u8_0=04  u32_1=19F8
				*asm = (05C8): ASM
		objects[0417] = (0426): FaceBoundProxy  flags=A1004200  index=04F9  u8_0=00
			next = (087C): NameTableKeyDef a0=(0000,0000)    ntKey=0007
			refWrapper = (087D): AsmEntityWrapper index=04F9 u8_0=04  u32_1=19F9
				*asm = (05C8): ASM
		objects[0418] = (0427): FaceBoundProxy  flags=A1004200  index=04FA  u8_0=00
			next = (087E): NameTableKeyDef a0=(0000,0000)    ntKey=0008
			refWrapper = (087F): AsmEntityWrapper index=04FA u8_0=04  u32_1=19FA
				*asm = (05C8): ASM
		objects[0419] = (0428): FaceBoundProxy  flags=A1004200  index=04FB  u8_0=00
			next = (0880): NameTableKeyDef a0=(0000,0000)    ntKey=0009
			refWrapper = (0881): AsmEntityWrapper index=04FB u8_0=04  u32_1=19FB
				*asm = (05C8): ASM
		objects[041A] = (0429): FaceBoundProxy  flags=A1004200  index=04FC  u8_0=00
			next = (0882): NameTableKeyDef a0=(0000,0000)    ntKey=000A
			refWrapper = (0883): AsmEntityWrapper index=04FC u8_0=04  u32_1=19FC
				*asm = (05C8): ASM
		objects[041B] = (042A): FaceBoundProxy  flags=A1004200  index=04FD  u8_0=00
			next = (0884): NameTableKeyDef a0=(0000,0000)    ntKey=000B
			refWrapper = (0885): AsmEntityWrapper index=04FD u8_0=04  u32_1=19FD
				*asm = (05C8): ASM
		objects[041C] = (042B): FaceBoundProxy  flags=A1004200  index=04FE  u8_0=00
			next = (0886): NameTableKeyDef a0=(0000,0000)    ntKey=000C
			refWrapper = (0887): AsmEntityWrapper index=04FE u8_0=04  u32_1=19FE
				*asm = (05C8): ASM
		objects[041D] = (042C): FaceBoundProxy  flags=A1004200  index=04FF  u8_0=00
			next = (0888): NameTableKeyDef a0=(0000,0000)    ntKey=000D
			refWrapper = (0889): AsmEntityWrapper index=04FF u8_0=04  u32_1=19FF
				*asm = (05C8): ASM
		objects[041E] = (042D): FaceBoundProxy  flags=A1004200  index=0500  u8_0=00
			next = (088A): NameTableKeyDef a0=(0000,0000)    ntKey=000E
			refWrapper = (088B): AsmEntityWrapper index=0500 u8_0=04  u32_1=1A00
				*asm = (05C8): ASM
		objects[041F] = (042E): FaceBoundProxy  flags=A1004200  index=0501  u8_0=00
			next = (088C): NameTableKeyDef a0=(0000,0000)    ntKey=000F
			refWrapper = (088D): AsmEntityWrapper index=0501 u8_0=04  u32_1=1A01
				*asm = (05C8): ASM
		objects[0420] = (042F): FaceBoundProxy  flags=A1004200  index=0502  u8_0=00
			next = (088E): NameTableKeyDef a0=(0000,0000)    ntKey=0010
			refWrapper = (088F): AsmEntityWrapper index=0502 u8_0=04  u32_1=1A02
				*asm = (05C8): ASM
		objects[0421] = (0430): FaceBoundProxy  flags=A1004200  index=0503  u8_0=00
			next = (0890): NameTableKeyDef a0=(0000,0000)    ntKey=0011
			refWrapper = (0891): AsmEntityWrapper index=0503 u8_0=04  u32_1=1A03
				*asm = (05C8): ASM
		objects[0422] = (0431): FaceBoundProxy  flags=A1004200  index=0504  u8_0=00
			next = (0892): NameTableKeyDef a0=(0000,0000)    ntKey=0012
			refWrapper = (0893): AsmEntityWrapper index=0504 u8_0=04  u32_1=1A04
				*asm = (05C8): ASM
		objects[0423] = (0432): FaceBoundProxy  flags=A1004200  index=0505  u8_0=00
			next = (0894): NameTableKeyDef a0=(0000,0000)    ntKey=0013
			refWrapper = (0895): AsmEntityWrapper index=0505 u8_0=04  u32_1=1A05
				*asm = (05C8): ASM
		objects[0424] = (0433): FaceBoundProxy  flags=A1004200  index=0506  u8_0=00
			next = (0896): NameTableKeyDef a0=(0000,0000)    ntKey=0014
			refWrapper = (0897): AsmEntityWrapper index=0506 u8_0=04  u32_1=1A06
				*asm = (05C8): ASM
		objects[0425] = (0434): FaceBoundProxy  flags=A1004200  index=0507  u8_0=00
			next = (0898): NameTableKeyDef a0=(0000,0000)    ntKey=0015
			refWrapper = (0899): AsmEntityWrapper index=0507 u8_0=04  u32_1=1A07
				*asm = (05C8): ASM
		objects[0426] = (0435): FaceBoundProxy  flags=A1004200  index=0508  u8_0=00
			next = (089A): NameTableKeyDef a0=(0000,0000)    ntKey=0016
			refWrapper = (089B): AsmEntityWrapper index=0508 u8_0=04  u32_1=1A08
				*asm = (05C8): ASM
		objects[0427] = (0436): FaceBoundProxy  flags=A1004200  index=0509  u8_0=00
			next = (089C): NameTableKeyDef a0=(0000,0000)    ntKey=0017
			refWrapper = (089D): AsmEntityWrapper index=0509 u8_0=04  u32_1=1A09
				*asm = (05C8): ASM
		objects[0428] = (0437): FaceBoundProxy  flags=A1004200  index=050A  u8_0=00
			next = (089E): NameTableKeyDef a0=(0000,0000)    ntKey=0018
			refWrapper = (089F): AsmEntityWrapper index=050A u8_0=04  u32_1=1A0A
				*asm = (05C8): ASM
		objects[0429] = (0438): FaceBoundProxy  flags=A1004200  index=050B  u8_0=00
			next = (08A0): NameTableKeyDef a0=(0000,0000)    ntKey=0019
			refWrapper = (08A1): AsmEntityWrapper index=050B u8_0=04  u32_1=1A0B
				*asm = (05C8): ASM
		objects[042A] = (0439): FaceBoundProxy  flags=A1004200  index=050C  u8_0=00
			next = (08A2): NameTableKeyDef a0=(0000,0000)    ntKey=001A
			refWrapper = (08A3): AsmEntityWrapper index=050C u8_0=04  u32_1=1A0C
				*asm = (05C8): ASM
		objects[042B] = (043A): FaceBoundProxy  flags=A1004200  index=050D  u8_0=00
			next = (08A4): NameTableKeyDef a0=(0000,0000)    ntKey=001B
			refWrapper = (08A5): AsmEntityWrapper index=050D u8_0=04  u32_1=1A0D
				*asm = (05C8): ASM
		objects[042C] = (043B): FaceBoundProxy  flags=A1004200  index=050E  u8_0=00
			next = (08A6): NameTableKeyDef a0=(0000,0000)    ntKey=001C
			refWrapper = (08A7): AsmEntityWrapper index=050E u8_0=04  u32_1=1A0E
				*asm = (05C8): ASM
		objects[042D] = (043C): FaceBoundProxy  flags=A1004200  index=050F  u8_0=00
			next = (08A8): NameTableKeyDef a0=(0000,0000)    ntKey=001D
			refWrapper = (08A9): AsmEntityWrapper index=050F u8_0=04  u32_1=1A0F
				*asm = (05C8): ASM
		objects[042E] = (043D): FaceBoundProxy  flags=A1004200  index=0510  u8_0=00
			next = (08AA): NameTableKeyDef a0=(0000,0000)    ntKey=001E
			refWrapper = (08AB): AsmEntityWrapper index=0510 u8_0=04  u32_1=1A10
				*asm = (05C8): ASM
		objects[042F] = (043E): FaceBoundProxy  flags=A1004200  index=0511  u8_0=00
			next = (08AC): NameTableKeyDef a0=(0000,0000)    ntKey=001F
			refWrapper = (08AD): AsmEntityWrapper index=0511 u8_0=04  u32_1=1A11
				*asm = (05C8): ASM
		objects[0430] = (043F): FaceBoundProxy  flags=A1004200  index=0512  u8_0=00
			next = (08AE): NameTableKeyDef a0=(0000,0000)    ntKey=0020
			refWrapper = (08AF): AsmEntityWrapper index=0512 u8_0=04  u32_1=1A12
				*asm = (05C8): ASM
		objects[0431] = (000F): FxExtrude 'Extrusion4'  flags=6200  index=0513 s32_0=2301 outlineItem=0000  u32_1=0000
			next = (05D0): FxAttrLabel 'Extrusion4' a0=(0000,0000)    index=0012  uid={0CA91131-11D0-838B-0008-19B00524DC09}
				next = (090D): FxAttr_A9F6B271 a0=(0000,0000)    
					*owner = (000F): FxExtrude 'Extrusion4'
					next = (0AE3): FxAttrDimensionState a0=(0000,0000)     u16_0=004 u16_1=000 
						*owner = (000F): FxExtrude 'Extrusion4'
						next = (0BF8): FxAttrDimensionState a0=(0000,0000)     u16_0=008 u16_1=001 
							*owner = (000F): FxExtrude 'Extrusion4'
							attr = (0C17): AE101F92  flags=37000200  index=0000 u32_0=0000  u32_1=0000 a=1 a2=(101,000,000) a3=(0,0,0,0,0,0,0,0,0,0,0,0,0,0,0,0,0,0,0,0,0) a4=(0000,0000,0000) a5=(0,0,0,0,0,0,0,0,0,0,0,0,0,0,0,0,0,0,0.125,0) u8_0=00 a6=(000,0FC,000,000,000,100) a7=(0,0,0,0)   a8=(0,0,0,0,0,0) a9=(0,0,0,0,0,0,0,0,0,0,0,0,0,0,0) u16_0=000 a10=(0,0,0,0,0,1,1,0,0,1,0,6.28319,0,0,0,0,0,1,1,0,0,1,0,6.28319,0,0,0,0,0,1,1,0,0,1,0,6.28319,0,0,0,0,0,0,0,0,0)
								ref_2 = (0C31): 99B938B0  flags=0200  index=0000 s32_0=-1 a0=(0000,0000,0000,0000,0000,0000,0000,0000,0000,0001,0000,0000,0003,0000,0000,0000,0000,0000) typ=0000 a1=[] a2=Vector (0.0, 0.0, 0.0) a3=(0002,0002) a4=(1,0,0,0,0,0) a5=(000,000,000,000,000,000)  a6=(0000,0000) a7=(0003,0003) a8=(07E4,0000)
									*parameter = (0442): Parameter 'd80'=0°
								ref_3 = (0C32): 99B938AE  flags=0200  index=0000 a1=Vector (0.25, 0.1, 0.0) u32_0=0010 u32_1=0000
								*ref_4 = (0C32): 99B938AE
							*fxDims = (0446): FeatureDimensions
						attr = (0BF9): E1D3D023  flags=3000200  index=0000 flags2=0000  a1=(0,0,1.875) a2=(101,000,000) a3=Vector (0.0, 0.0, 0.0) a4=(000,000,000) a5=Vector (0.0, 0.0, 0.0) a6=(000,002,000) s32_0=-1 a7=(0,0,0,0,0,0,0,0,0,0,0,0,0,0,0,0,0,0,0,0,0,0,0,0,0,0,0,0,0,0,0) a8=(00,00,00,00,00,00,00,00,00,00,00,00,00,03,00,00,01,00) a9=(0,0.125,0,0,0,0) u8_0=01   a10=(0000,0000,006A) a11=(0,0,0,0,0,0,0,0,0,0,0,0,0,0,0,0,0,0) u8_1=01 a12=(0,0,0,0,0,0,1,0,0,0,0,0) u8_2=00 a13=(0,0,0,0,0,0) 
							ref_1 = (0C18): 99B938B0  flags=0200  index=0000 s32_0=-1 a0=(0000,0000,0000,0000,0000,0000,0000,0000,0000,0001,0000,0000,0003,0000,0000,0000,0000,0000) typ=0000 a1=[] a2=Vector (0.0, 0.0, 0.0) a3=(0002,0002) a4=(1,0,0,0,0,0) a5=(000,000,000,000,000,000)  a6=(0000,0000) a7=(0003,0003) a8=(07E4,0000)
								*parameter = (0441): Parameter 'd79'=2.2mm
							ref_2 = (0C19): 99B938AE  flags=0200  index=0000 a1=Vector (0.25, 0.1, 0.0) u32_0=0010 u32_1=0000
							*ref_3 = (0C19): 99B938AE
						*fxDims = (0446): FeatureDimensions
					*participant = (02D9): Sketch2D 'Esquisse4'
				*participants[0000] = (02D9): Sketch2D 'Esquisse4'
			*properties[0000] = (0440): PartFeatureOperation='Cut'
			*properties[0001] = (041D): BoundaryPatch
			*properties[0002] = (02DA): DirectionAxis dir=(0,0,1)
			*properties[0003] = (0443): Boolean=(True, 0)
			*properties[0004] = (0441): Parameter 'd79'=2.2mm
			*properties[0005] = (0442): Parameter 'd80'=0°
			*properties[0006] = (0444): ExtentType='All'
			*properties[0007] = (0445): Boolean=(False, 0)
			*properties[000F] = (0446): FeatureDimensions
			*properties[0013] = (0447): Parameter 'RDxVar3'=1
			*properties[0014] = (0448): Boolean=(False, 0)
			*properties[0015] = (0449): CEFD3973_Enum='0'
			*properties[0016] = (044A): Boolean=(True, 0)
			*properties[0017] = (041D): BoundaryPatch
			*properties[001A] = (044B): ObjectCollection 'Solide1'
		objects[0432] = (0440): Enum PartFeatureOperation  flags=20200  index=0514 type=5   value=Cut
		objects[0433] = (0441): Parameter 'd79'  flags=8034200  index=0515   valueNominal=0.22 valueModel=0.22   tolerance=NOMINAL u16_0=-1
			unit = (08B0): Unit   visible=True 
				numerators[0000] = (0AC5): UnitMilliMeter magnitude=1 factor=1 Unit="mm" UnitOffset=0 UnitFactor=0.1 UnitSupportet=True
			formula = (08B1): ParameterValue  value=0.22 type=001
				unit = (0AC6): Unit   visible=True 
					numerators[0000] = (0BE3): UnitMeter magnitude=0.001 factor=1 Unit="m" UnitOffset=0 UnitFactor=100 UnitSupportet=True
		objects[0434] = (0442): Parameter 'd80'  flags=34200  index=0516   valueNominal=0 valueModel=0   tolerance=NOMINAL u16_0=-1
			unit = (08B2): Unit   visible=True 
				numerators[0000] = (0AC7): UnitDegree magnitude=1 factor=1 Unit="°" UnitOffset=0 UnitFactor=0.0174533 UnitSupportet=True
			formula = (08B3): ParameterValue  value=0 type=001
				unit = (0AC8): Unit   visible=True 
					numerators[0000] = (0BE4): UnitGrad magnitude=1 factor=1 Unit="°" UnitOffset=0 UnitFactor=0.0174533 UnitSupportet=True
		objects[0435] = (0443): Boolean  flags=8024200  index=0517 value=True
		objects[0436] = (0444): Enum ExtentType  flags=20200  index=0518 type=12   value=All
		objects[0437] = (0445): Boolean  flags=8024200  index=0519 value=False
		objects[0438] = (0446): FeatureDimensions  flags=0200  index=051A 
			fxDimensions[0000] = (08B4): FxDimension anchors=[] transformation= transformation={a0=|+000|0+00|00+0|000+| m=[[1, 0, 0, 0],[0, 1, 0, 0],[0, 0, 1, 0],[0, 0, 0, 10]]} u8_0=00 
				*parameter = (0441): Parameter 'd79'=2.2mm
			fxDimensions[0001] = (08B5): FxDimension anchors=[[-7.75,7.05,-0.0011],[-7.75,7.05,0],[-7.75,7.05,-0.00055],[-7.75,7.05,-0.0011],[-7.75,7.05,-0.0011]] transformation= transformation={a0=|+00x|00-x|0+0x|000+| m=[[1, 0, 0, -77.5],[0, 0, -1, 70.5],[0, 1, 0, 2.2],[0, 0, 0, 10]]} u8_0=01 
				*parameter = (0442): Parameter 'd80'=0°
		objects[0439] = (0447): Parameter 'RDxVar3'  flags=8024200  index=051B valueNominal=0001 valueModel=0001
		objects[043A] = (0448): Boolean  flags=8024200  index=051C value=False
		objects[043B] = (0449): Enum CEFD3973_Enum  flags=20200  index=051D type=4   value=0
		objects[043C] = (044A): Boolean  flags=8024200  index=051E value=True
		objects[043D] = (044B): ObjectCollection  flags=0000  index=051F  
			*items[0000] = (0008): SurfaceBody 'Solide1'
		objects[043E] = (044C): ObjectCollectionDef  flags=0200  index=0520 s32_0=-1  
			*items[0000] = (044D): BodyCollection 'Solide1'
			*collection = (044B): ObjectCollection 'Solide1'
		objects[043F] = (044D): BodyCollection  flags=0200  index=0521 
			*items[0000] = (0008): SurfaceBody 'Solide1'
		objects[0440] = (044E): A31E29E0  flags=0200  index=0522 s32_0=-1   
			lst0[0000] = (08B6): 845212C7 u32_0=0000  u32_1=0002
				*component = (0003): PartComponent
			*owner = (000F): FxExtrude 'Extrusion4'
			*body = (044D): BodyCollection 'Solide1'
		objects[0441] = (044F): Boolean  flags=8024200  index=0523 value=True
		objects[0442] = (0450): Boolean  flags=8024200  index=0524 value=True
		objects[0443] = (0451): Enum ChamferType  flags=20200  index=0525 type=2   value=Distance
		objects[0444] = (0452): Boolean  flags=8024200  index=0526 value=True
		objects[0445] = (0453): EdgeCollection  flags=0000  index=0527  
			*items[0000] = (0458): EdgeItem
			*items[0001] = (045A): EdgeItem
			*items[0002] = (045C): EdgeItem
			*items[0003] = (045E): EdgeItem
			*items[0004] = (0460): EdgeItem
			*items[0005] = (0462): EdgeItem
			*items[0006] = (0464): EdgeItem
			*items[0007] = (0466): EdgeItem
			*items[0008] = (0468): EdgeItem
			*items[0009] = (046A): EdgeItem
			*items[000A] = (046C): EdgeItem
			*items[000B] = (046E): EdgeItem
			*items[000C] = (0470): EdgeItem
			*items[000D] = (0472): EdgeItem
			*items[000E] = (0474): EdgeItem
			*items[000F] = (0476): EdgeItem
			*items[0010] = (0478): EdgeItem
			*items[0011] = (047A): EdgeItem
			*items[0012] = (047C): EdgeItem
			*items[0013] = (047E): EdgeItem
			*items[0014] = (0480): EdgeItem
			*items[0015] = (0482): EdgeItem
			*items[0016] = (0484): EdgeItem
			*items[0017] = (0486): EdgeItem
			*items[0018] = (0488): EdgeItem
			*items[0019] = (048A): EdgeItem
			*items[001A] = (048C): EdgeItem
			*items[001B] = (048E): EdgeItem
			*items[001C] = (0490): EdgeItem
		objects[0446] = (0454): ObjectCollectionDef  flags=0200  index=0528 s32_0=-1  
			*items[0000] = (0458): EdgeItem
			*items[0001] = (045A): EdgeItem
			*items[0002] = (045C): EdgeItem
			*items[0003] = (045E): EdgeItem
			*items[0004] = (0460): EdgeItem
			*items[0005] = (0462): EdgeItem
			*items[0006] = (0464): EdgeItem
			*items[0007] = (0466): EdgeItem
			*items[0008] = (0468): EdgeItem
			*items[0009] = (046A): EdgeItem
			*items[000A] = (046C): EdgeItem
			*items[000B] = (046E): EdgeItem
			*items[000C] = (0470): EdgeItem
			*items[000D] = (0472): EdgeItem
			*items[000E] = (0474): EdgeItem
			*items[000F] = (0476): EdgeItem
			*items[0010] = (0478): EdgeItem
			*items[0011] = (047A): EdgeItem
			*items[0012] = (047C): EdgeItem
			*items[0013] = (047E): EdgeItem
			*items[0014] = (0480): EdgeItem
			*items[0015] = (0482): EdgeItem
			*items[0016] = (0484): EdgeItem
			*items[0017] = (0486): EdgeItem
			*items[0018] = (0488): EdgeItem
			*items[0019] = (048A): EdgeItem
			*items[001A] = (048C): EdgeItem
			*items[001B] = (048E): EdgeItem
			*items[001C] = (0490): EdgeItem
			*collection = (0453): EdgeCollection
		objects[0447] = (0455): Parameter 'd81'  flags=34200  index=0529   valueNominal=0.15 valueModel=0.15   tolerance=NOMINAL u16_0=-1
			unit = (08B7): Unit   visible=True 
				numerators[0000] = (0AC9): UnitMilliMeter magnitude=1 factor=1 Unit="mm" UnitOffset=0 UnitFactor=0.1 UnitSupportet=True
			formula = (08B8): ParameterValue  value=0.15 type=001
				unit = (0ACA): Unit   visible=True 
					numerators[0000] = (0BE5): UnitMeter magnitude=0.001 factor=1 Unit="m" UnitOffset=0 UnitFactor=100 UnitSupportet=True
		objects[0448] = (0456): Parameter 'd82'  flags=8034200  index=052A   valueNominal=0.2 valueModel=0.2   tolerance=NOMINAL u16_0=-1
			unit = (08B9): Unit   visible=True 
				numerators[0000] = (0ACB): UnitMilliMeter magnitude=1 factor=1 Unit="mm" UnitOffset=0 UnitFactor=0.1 UnitSupportet=True
			formula = (08BA): ParameterValue  value=0.2 type=000
				unit = (0ACC): Unit   visible=True 
					numerators[0000] = (0BE6): UnitMeter magnitude=0.001 factor=1 Unit="m" UnitOffset=0 UnitFactor=100 UnitSupportet=True
		objects[0449] = (0457): Parameter 'd83'  flags=8034200  index=052B   valueNominal=0.785398 valueModel=0.785398   tolerance=NOMINAL u16_0=-1
			unit = (08BB): Unit   visible=True 
				numerators[0000] = (0ACD): UnitDegree magnitude=1 factor=1 Unit="°" UnitOffset=0 UnitFactor=0.0174533 UnitSupportet=True
			formula = (08BC): ParameterValue  value=0.785398 type=000
				unit = (0ACE): Unit   visible=True 
					numerators[0000] = (0BE7): UnitGrad magnitude=1 factor=1 Unit="°" UnitOffset=0 UnitFactor=0.0174533 UnitSupportet=True
		objects[044A] = (0458): EdgeItem  flags=0000  index=052C indexRefs=(1325) s32_0=-1 u32_0=0000
		objects[044B] = (0459): EdgeId  flags=0200  index=052D s32_0=-1 u8_0=05  wireIndex=0002 u32_1=0002 lst0=(003E,0513) lst1=() u8_2=00  ntEntry=0004[0027]
			creator = (08BD): SurfaceCreator  flags=0000    a0=(003,8000) idxCreator=513 u16_0=8000
			*body = (0008): SurfaceBody 'Solide1'
			*owner = (0458): EdgeItem
		objects[044C] = (045A): EdgeItem  flags=0000  index=052E indexRefs=(1327) s32_0=-1 u32_0=0000
		objects[044D] = (045B): EdgeId  flags=0200  index=052F s32_0=-1 u8_0=05  wireIndex=0002 u32_1=0002 lst0=(003E,0513) lst1=() u8_2=00  ntEntry=0004[002A]
			creator = (08BE): SurfaceCreator  flags=0000    a0=(003,8000) idxCreator=513 u16_0=8000
			*body = (0008): SurfaceBody 'Solide1'
			*owner = (045A): EdgeItem
		objects[044E] = (045C): EdgeItem  flags=0000  index=0530 indexRefs=(1329) s32_0=-1 u32_0=0000
		objects[044F] = (045D): EdgeId  flags=0200  index=0531 s32_0=-1 u8_0=05  wireIndex=0002 u32_1=0002 lst0=(003E,0513) lst1=() u8_2=00  ntEntry=0004[002D]
			creator = (08BF): SurfaceCreator  flags=0000    a0=(003,8000) idxCreator=513 u16_0=8000
			*body = (0008): SurfaceBody 'Solide1'
			*owner = (045C): EdgeItem
		objects[0450] = (045E): EdgeItem  flags=0000  index=0532 indexRefs=(1331) s32_0=-1 u32_0=0000
		objects[0451] = (045F): EdgeId  flags=0200  index=0533 s32_0=-1 u8_0=05  wireIndex=0002 u32_1=0002 lst0=(003E,0513) lst1=() u8_2=00  ntEntry=0004[0030]
			creator = (08C0): SurfaceCreator  flags=0000    a0=(003,8000) idxCreator=513 u16_0=8000
			*body = (0008): SurfaceBody 'Solide1'
			*owner = (045E): EdgeItem
		objects[0452] = (0460): EdgeItem  flags=0000  index=0534 indexRefs=(1333) s32_0=-1 u32_0=0000
		objects[0453] = (0461): EdgeId  flags=0200  index=0535 s32_0=-1 u8_0=05  wireIndex=0002 u32_1=0002 lst0=(003E,0513) lst1=() u8_2=00  ntEntry=0004[0033]
			creator = (08C1): SurfaceCreator  flags=0000    a0=(003,8000) idxCreator=513 u16_0=8000
			*body = (0008): SurfaceBody 'Solide1'
			*owner = (0460): EdgeItem
		objects[0454] = (0462): EdgeItem  flags=0000  index=0536 indexRefs=(1335) s32_0=-1 u32_0=0000
		objects[0455] = (0463): EdgeId  flags=0200  index=0537 s32_0=-1 u8_0=05  wireIndex=0002 u32_1=0002 lst0=(003E,0513) lst1=() u8_2=00  ntEntry=0004[0036]
			creator = (08C2): SurfaceCreator  flags=0000    a0=(003,8000) idxCreator=513 u16_0=8000
			*body = (0008): SurfaceBody 'Solide1'
			*owner = (0462): EdgeItem
		objects[0456] = (0464): EdgeItem  flags=0000  index=0538 indexRefs=(1337) s32_0=-1 u32_0=0000
		objects[0457] = (0465): EdgeId  flags=0200  index=0539 s32_0=-1 u8_0=05  wireIndex=0002 u32_1=0002 lst0=(003E,0513) lst1=() u8_2=00  ntEntry=0004[0039]
			creator = (08C3): SurfaceCreator  flags=0000    a0=(003,8000) idxCreator=513 u16_0=8000
			*body = (0008): SurfaceBody 'Solide1'
			*owner = (0464): EdgeItem
		objects[0458] = (0466): EdgeItem  flags=0000  index=053A indexRefs=(1339) s32_0=-1 u32_0=0000
		objects[0459] = (0467): EdgeId  flags=0200  index=053B s32_0=-1 u8_0=05  wireIndex=0002 u32_1=0002 lst0=(003E,0513) lst1=() u8_2=00  ntEntry=0004[003C]
			creator = (08C4): SurfaceCreator  flags=0000    a0=(003,8000) idxCreator=513 u16_0=8000
			*body = (0008): SurfaceBody 'Solide1'
			*owner = (0466): EdgeItem
		objects[045A] = (0468): EdgeItem  flags=0000  index=053C indexRefs=(1341) s32_0=-1 u32_0=0000
		objects[045B] = (0469): EdgeId  flags=0200  index=053D s32_0=-1 u8_0=05  wireIndex=0002 u32_1=0002 lst0=(003E,0513) lst1=() u8_2=00  ntEntry=0004[003F]
			creator = (08C5): SurfaceCreator  flags=0000    a0=(003,8000) idxCreator=513 u16_0=8000
			*body = (0008): SurfaceBody 'Solide1'
			*owner = (0468): EdgeItem
		objects[045C] = (046A): EdgeItem  flags=0000  index=053E indexRefs=(1343) s32_0=-1 u32_0=0000
		objects[045D] = (046B): EdgeId  flags=0200  index=053F s32_0=-1 u8_0=05  wireIndex=0002 u32_1=0002 lst0=(003E,0513) lst1=() u8_2=00  ntEntry=0004[0042]
			creator = (08C6): SurfaceCreator  flags=0000    a0=(003,8000) idxCreator=513 u16_0=8000
			*body = (0008): SurfaceBody 'Solide1'
			*owner = (046A): EdgeItem
		objects[045E] = (046C): EdgeItem  flags=0000  index=0540 indexRefs=(1345) s32_0=-1 u32_0=0000
		objects[045F] = (046D): EdgeId  flags=0200  index=0541 s32_0=-1 u8_0=05  wireIndex=0002 u32_1=0002 lst0=(003E,0513) lst1=() u8_2=00  ntEntry=0004[0045]
			creator = (08C7): SurfaceCreator  flags=0000    a0=(003,8000) idxCreator=513 u16_0=8000
			*body = (0008): SurfaceBody 'Solide1'
			*owner = (046C): EdgeItem
		objects[0460] = (046E): EdgeItem  flags=0000  index=0542 indexRefs=(1347) s32_0=-1 u32_0=0000
		objects[0461] = (046F): EdgeId  flags=0200  index=0543 s32_0=-1 u8_0=05  wireIndex=0002 u32_1=0002 lst0=(003E,0513) lst1=() u8_2=00  ntEntry=0004[0048]
			creator = (08C8): SurfaceCreator  flags=0000    a0=(003,8000) idxCreator=513 u16_0=8000
			*body = (0008): SurfaceBody 'Solide1'
			*owner = (046E): EdgeItem
		objects[0462] = (0470): EdgeItem  flags=0000  index=0544 indexRefs=(1349) s32_0=-1 u32_0=0000
		objects[0463] = (0471): EdgeId  flags=0200  index=0545 s32_0=-1 u8_0=05  wireIndex=0002 u32_1=0002 lst0=(003E,0513) lst1=() u8_2=00  ntEntry=0004[004B]
			creator = (08C9): SurfaceCreator  flags=0000    a0=(003,8000) idxCreator=513 u16_0=8000
			*body = (0008): SurfaceBody 'Solide1'
			*owner = (0470): EdgeItem
		objects[0464] = (0472): EdgeItem  flags=0000  index=0546 indexRefs=(1351) s32_0=-1 u32_0=0000
		objects[0465] = (0473): EdgeId  flags=0200  index=0547 s32_0=-1 u8_0=05  wireIndex=0002 u32_1=0002 lst0=(003E,0513) lst1=() u8_2=00  ntEntry=0004[004E]
			creator = (08CA): SurfaceCreator  flags=0000    a0=(003,8000) idxCreator=513 u16_0=8000
			*body = (0008): SurfaceBody 'Solide1'
			*owner = (0472): EdgeItem
		objects[0466] = (0474): EdgeItem  flags=0000  index=0548 indexRefs=(1353) s32_0=-1 u32_0=0000
		objects[0467] = (0475): EdgeId  flags=0200  index=0549 s32_0=-1 u8_0=05  wireIndex=0002 u32_1=0002 lst0=(003E,0513) lst1=() u8_2=00  ntEntry=0004[0051]
			creator = (08CB): SurfaceCreator  flags=0000    a0=(003,8000) idxCreator=513 u16_0=8000
			*body = (0008): SurfaceBody 'Solide1'
			*owner = (0474): EdgeItem
		objects[0468] = (0476): EdgeItem  flags=0000  index=054A indexRefs=(1355) s32_0=-1 u32_0=0000
		objects[0469] = (0477): EdgeId  flags=0200  index=054B s32_0=-1 u8_0=05  wireIndex=0002 u32_1=0002 lst0=(003E,0513) lst1=() u8_2=00  ntEntry=0004[0054]
			creator = (08CC): SurfaceCreator  flags=0000    a0=(003,8000) idxCreator=513 u16_0=8000
			*body = (0008): SurfaceBody 'Solide1'
			*owner = (0476): EdgeItem
		objects[046A] = (0478): EdgeItem  flags=0000  index=054C indexRefs=(1357) s32_0=-1 u32_0=0000
		objects[046B] = (0479): EdgeId  flags=0200  index=054D s32_0=-1 u8_0=05  wireIndex=0002 u32_1=0002 lst0=(003E,0513) lst1=() u8_2=00  ntEntry=0004[0057]
			creator = (08CD): SurfaceCreator  flags=0000    a0=(003,8000) idxCreator=513 u16_0=8000
			*body = (0008): SurfaceBody 'Solide1'
			*owner = (0478): EdgeItem
		objects[046C] = (047A): EdgeItem  flags=0000  index=054E indexRefs=(1359) s32_0=-1 u32_0=0000
		objects[046D] = (047B): EdgeId  flags=0200  index=054F s32_0=-1 u8_0=05  wireIndex=0002 u32_1=0002 lst0=(003E,0513) lst1=() u8_2=00  ntEntry=0004[005A]
			creator = (08CE): SurfaceCreator  flags=0000    a0=(003,8000) idxCreator=513 u16_0=8000
			*body = (0008): SurfaceBody 'Solide1'
			*owner = (047A): EdgeItem
		objects[046E] = (047C): EdgeItem  flags=0000  index=0550 indexRefs=(1361) s32_0=-1 u32_0=0000
		objects[046F] = (047D): EdgeId  flags=0200  index=0551 s32_0=-1 u8_0=05  wireIndex=0002 u32_1=0002 lst0=(003E,0513) lst1=() u8_2=00  ntEntry=0004[005D]
			creator = (08CF): SurfaceCreator  flags=0000    a0=(003,8000) idxCreator=513 u16_0=8000
			*body = (0008): SurfaceBody 'Solide1'
			*owner = (047C): EdgeItem
		objects[0470] = (047E): EdgeItem  flags=0000  index=0552 indexRefs=(1363) s32_0=-1 u32_0=0000
		objects[0471] = (047F): EdgeId  flags=0200  index=0553 s32_0=-1 u8_0=05  wireIndex=0002 u32_1=0002 lst0=(003E,0513) lst1=() u8_2=00  ntEntry=0004[0060]
			creator = (08D0): SurfaceCreator  flags=0000    a0=(003,8000) idxCreator=513 u16_0=8000
			*body = (0008): SurfaceBody 'Solide1'
			*owner = (047E): EdgeItem
		objects[0472] = (0480): EdgeItem  flags=0000  index=0554 indexRefs=(1365) s32_0=-1 u32_0=0000
		objects[0473] = (0481): EdgeId  flags=0200  index=0555 s32_0=-1 u8_0=05  wireIndex=0002 u32_1=0002 lst0=(003E,0513) lst1=() u8_2=00  ntEntry=0004[0063]
			creator = (08D1): SurfaceCreator  flags=0000    a0=(003,8000) idxCreator=513 u16_0=8000
			*body = (0008): SurfaceBody 'Solide1'
			*owner = (0480): EdgeItem
		objects[0474] = (0482): EdgeItem  flags=0000  index=0556 indexRefs=(1367) s32_0=-1 u32_0=0000
		objects[0475] = (0483): EdgeId  flags=0200  index=0557 s32_0=-1 u8_0=05  wireIndex=0002 u32_1=0002 lst0=(003E,0513) lst1=() u8_2=00  ntEntry=0004[0066]
			creator = (08D2): SurfaceCreator  flags=0000    a0=(003,8000) idxCreator=513 u16_0=8000
			*body = (0008): SurfaceBody 'Solide1'
			*owner = (0482): EdgeItem
		objects[0476] = (0484): EdgeItem  flags=0000  index=0558 indexRefs=(1369) s32_0=-1 u32_0=0000
		objects[0477] = (0485): EdgeId  flags=0200  index=0559 s32_0=-1 u8_0=05  wireIndex=0002 u32_1=0002 lst0=(003E,0513) lst1=() u8_2=00  ntEntry=0004[0069]
			creator = (08D3): SurfaceCreator  flags=0000    a0=(003,8000) idxCreator=513 u16_0=8000
			*body = (0008): SurfaceBody 'Solide1'
			*owner = (0484): EdgeItem
		objects[0478] = (0486): EdgeItem  flags=0000  index=055A indexRefs=(1371) s32_0=-1 u32_0=0000
		objects[0479] = (0487): EdgeId  flags=0200  index=055B s32_0=-1 u8_0=05  wireIndex=0002 u32_1=0002 lst0=(003E,0513) lst1=() u8_2=00  ntEntry=0004[006C]
			creator = (08D4): SurfaceCreator  flags=0000    a0=(003,8000) idxCreator=513 u16_0=8000
			*body = (0008): SurfaceBody 'Solide1'
			*owner = (0486): EdgeItem
		objects[047A] = (0488): EdgeItem  flags=0000  index=055C indexRefs=(1373) s32_0=-1 u32_0=0000
		objects[047B] = (0489): EdgeId  flags=0200  index=055D s32_0=-1 u8_0=05  wireIndex=0002 u32_1=0002 lst0=(003E,0513) lst1=() u8_2=00  ntEntry=0004[006F]
			creator = (08D5): SurfaceCreator  flags=0000    a0=(003,8000) idxCreator=513 u16_0=8000
			*body = (0008): SurfaceBody 'Solide1'
			*owner = (0488): EdgeItem
		objects[047C] = (048A): EdgeItem  flags=0000  index=055E indexRefs=(1375) s32_0=-1 u32_0=0000
		objects[047D] = (048B): EdgeId  flags=0200  index=055F s32_0=-1 u8_0=05  wireIndex=0002 u32_1=0002 lst0=(003E,0513) lst1=() u8_2=00  ntEntry=0004[0072]
			creator = (08D6): SurfaceCreator  flags=0000    a0=(003,8000) idxCreator=513 u16_0=8000
			*body = (0008): SurfaceBody 'Solide1'
			*owner = (048A): EdgeItem
		objects[047E] = (048C): EdgeItem  flags=0000  index=0560 indexRefs=(1377) s32_0=-1 u32_0=0000
		objects[047F] = (048D): EdgeId  flags=0200  index=0561 s32_0=-1 u8_0=05  wireIndex=0002 u32_1=0002 lst0=(003E,0513) lst1=() u8_2=00  ntEntry=0004[0075]
			creator = (08D7): SurfaceCreator  flags=0000    a0=(003,8000) idxCreator=513 u16_0=8000
			*body = (0008): SurfaceBody 'Solide1'
			*owner = (048C): EdgeItem
		objects[0480] = (048E): EdgeItem  flags=0000  index=0562 indexRefs=(1379) s32_0=-1 u32_0=0000
		objects[0481] = (048F): EdgeId  flags=0200  index=0563 s32_0=-1 u8_0=05  wireIndex=0002 u32_1=0002 lst0=(003E,0513) lst1=() u8_2=00  ntEntry=0004[0078]
			creator = (08D8): SurfaceCreator  flags=0000    a0=(003,8000) idxCreator=513 u16_0=8000
			*body = (0008): SurfaceBody 'Solide1'
			*owner = (048E): EdgeItem
		objects[0482] = (0490): EdgeItem  flags=0000  index=0564 indexRefs=(1381) s32_0=-1 u32_0=0000
		objects[0483] = (0491): EdgeId  flags=0200  index=0565 s32_0=-1 u8_0=05  wireIndex=0002 u32_1=0002 lst0=(003E,0513) lst1=() u8_2=00  ntEntry=0004[007B]
			creator = (08D9): SurfaceCreator  flags=0000    a0=(003,8000) idxCreator=513 u16_0=8000
			*body = (0008): SurfaceBody 'Solide1'
			*owner = (0490): EdgeItem
		objects[0484] = (0010): FxChamfer 'Chanfrein1'  flags=6200  index=0566 s32_0=2301 outlineItem=0001  u32_1=0000
			next = (05D1): FxAttrLabel 'Chanfrein1' a0=(0000,0000)    index=0013  uid={F900713F-11D2-6F8B-6000-F0A89DCCEFB0}
				next = (090E): FxAttrFaces a0=(0000,0000)    entries=[0004[0027],0004[002A],0004[002D],0004[0030],0004[0033],0004[0036],0004[0039],0004[003C],0004[003F],0004[0042],0004[0045],0004[0048],0004[004B],0004[004E],0004[0051],0004[0054],0004[0057],0004[005A],0004[005D],0004[0060],0004[0063],0004[0066],0004[0069],0004[006C],0004[006F],0004[0072],0004[0075],0004[0078],0004[007B]] u8_0=01 a2=(004,000,000)
					*owner = (0010): FxChamfer 'Chanfrein1'
					next = (0AE4): FxAttrDimensionState a0=(0000,0000)     u16_0=004 u16_1=000 
						*owner = (0010): FxChamfer 'Chanfrein1'
						next = (0BFA): FxAttrDimensionState a0=(0000,0000)     u16_0=004 u16_1=001 
							*owner = (0010): FxChamfer 'Chanfrein1'
							attr = (0C1A): E1D3D023  flags=3000200  index=0000 flags2=0000  a1=(0,0,1.875) a2=(101,000,000) a3=Vector (0.0, 0.0, 0.0) a4=(000,000,000) a5=Vector (0.0, 0.0, 0.0) a6=(000,002,000) s32_0=-1 a7=(0,0,0,0,0,0,0,0,0,0,0,0,0,0,0,0,0,0,0,0,0,0,0,0,0,0,0,0,0,0,0) a8=(00,00,00,00,00,00,00,00,00,00,00,00,00,03,00,00,01,00) a9=(0,0.125,0,0,0,0) u8_0=01   a10=(0000,0000,006A) a11=(0,0,0,0,0,0,0,0,0,0,0,0,0,0,0,0,0,0) u8_1=01 a12=(0,0,0,0,0,0,1,0,0,0,0,0) u8_2=00 a13=(0,0,0,0,0,0) 
								ref_1 = (0C33): 99B938B0  flags=0200  index=0000 s32_0=-1 a0=(0000,0000,0000,0000,0000,0000,0000,0000,0000,0001,0000,0000,0003,0000,0000,0000,0000,0000) typ=0000 a1=[] a2=Vector (0.0, 0.0, 0.0) a3=(0002,0002) a4=(1,0,0,0,0,0) a5=(000,000,000,000,000,000)  a6=(0000,0000) a7=(0003,0003) a8=(07E4,0000)
									*parameter = (0455): Parameter 'd81'=1.5mm
								ref_2 = (0C34): 99B938AE  flags=0200  index=0000 a1=Vector (0.25, 0.1, 0.0) u32_0=0010 u32_1=0000
								*ref_3 = (0C34): 99B938AE
							*fxDims = (0496): FeatureDimensions
						attr = (0BFB): E1D3D023  flags=3000200  index=0000 flags2=0000  a1=(0,0,1.875) a2=(101,000,000) a3=Vector (0.0, 0.0, 0.0) a4=(000,000,000) a5=Vector (0.0, 0.0, 0.0) a6=(000,002,000) s32_0=-1 a7=(0,0,0,0,0,0,0,0,0,0,0,0,0,0,0,0,0,0,0,0,0,0,0,0,0,0,0,0,0,0,0) a8=(00,00,00,00,00,00,00,00,00,00,00,00,00,03,00,00,01,00) a9=(0,0.125,0,0,0,0) u8_0=01   a10=(0000,0000,006A) a11=(0,0,0,0,0,0,0,0,0,0,0,0,0,0,0,0,0,0) u8_1=01 a12=(0,0,0,0,0,0,1,0,0,0,0,0) u8_2=00 a13=(0,0,0,0,0,0) 
							ref_1 = (0C1B): 99B938B0  flags=0200  index=0000 s32_0=-1 a0=(0000,0000,0000,0000,0000,0000,0000,0000,0000,0001,0000,0000,0003,0000,0000,0000,0000,0000) typ=0000 a1=[] a2=Vector (0.0, 0.0, 0.0) a3=(0002,0002) a4=(1,0,0,0,0,0) a5=(000,000,000,000,000,000)  a6=(0000,0000) a7=(0003,0003) a8=(07E4,0000)
								*parameter = (0455): Parameter 'd81'=1.5mm
							ref_2 = (0C1C): 99B938AE  flags=0200  index=0000 a1=Vector (0.25, 0.1, 0.0) u32_0=0010 u32_1=0000
							*ref_3 = (0C1C): 99B938AE
						*fxDims = (0496): FeatureDimensions
			*properties[0000] = (0453): EdgeCollection
			*properties[0002] = (0455): Parameter 'd81'=1.5mm
			*properties[0003] = (0456): Parameter 'd82'=2mm
			*properties[0004] = (0451): ChamferType='Distance'
			*properties[0005] = (044F): Boolean=(True, 0)
			*properties[0006] = (0450): Boolean=(True, 0)
			*properties[0008] = (0496): FeatureDimensions
			*properties[0009] = (0452): Boolean=(True, 0)
			*properties[000A] = (0457): Parameter 'd83'=45°
			*properties[000B] = (0492): ObjectCollection 'Solide1'
		objects[0485] = (0492): ObjectCollection  flags=0000  index=0567  
			*items[0000] = (0008): SurfaceBody 'Solide1'
		objects[0486] = (0493): ObjectCollectionDef  flags=0200  index=0568 s32_0=-1  
			*items[0000] = (0494): BodyCollection 'Solide1'
			*collection = (0492): ObjectCollection 'Solide1'
		objects[0487] = (0494): BodyCollection  flags=0200  index=0569 
			*items[0000] = (0008): SurfaceBody 'Solide1'
		objects[0488] = (0495): A31E29E0  flags=0200  index=056A s32_0=-1   
			lst0[0000] = (08DA): 845212C7 u32_0=0000  u32_1=0002
				*component = (0003): PartComponent
			*owner = (0010): FxChamfer 'Chanfrein1'
			*body = (0494): BodyCollection 'Solide1'
		objects[0489] = (0496): FeatureDimensions  flags=0200  index=056B 
			fxDimensions[0000] = (08DB): FxDimension anchors=[[-23.9,11.35,0.22],[-24.05,11.35,0.22]] transformation= transformation={a0=|+00x|00-x|0+0x|000+| m=[[1, 0, 0, -239],[0, 0, -1, 113.5],[0, 1, 0, 2.2],[0, 0, 0, 10]]} u8_0=00 
				*parameter = (0455): Parameter 'd81'=1.5mm
			fxDimensions[0001] = (08DC): FxDimension anchors=[[-23.9,11.35,0.22],[-23.9,11.35,0.07]] transformation= transformation={a0=|-00x|00+x|0+0x|000+| m=[[-1, 0, 0, -239],[0, 0, 1, 113.5],[0, 1, 0, 2.2],[0, 0, 0, 10]]} u8_0=00 
				*parameter = (0455): Parameter 'd81'=1.5mm
		objects[048A] = (0497): Boolean  flags=8024200  index=056C value=True
		objects[048B] = (0498): Boolean  flags=8024200  index=056D value=True
		objects[048C] = (0499): Enum ChamferType  flags=20200  index=056E type=2   value=Distance
		objects[048D] = (049A): Boolean  flags=8024200  index=056F value=True
		objects[048E] = (049B): EdgeCollection  flags=0000  index=0570  
			*items[0000] = (04A0): EdgeItem
			*items[0001] = (04A2): EdgeItem
			*items[0002] = (04A4): EdgeItem
			*items[0003] = (04A6): EdgeItem
		objects[048F] = (049C): ObjectCollectionDef  flags=0200  index=0571 s32_0=-1  
			*items[0000] = (04A0): EdgeItem
			*items[0001] = (04A2): EdgeItem
			*items[0002] = (04A4): EdgeItem
			*items[0003] = (04A6): EdgeItem
			*collection = (049B): EdgeCollection
		objects[0490] = (049D): Parameter 'd84'  flags=34200  index=0572   valueNominal=0.15 valueModel=0.15   tolerance=NOMINAL u16_0=-1
			unit = (08DD): Unit   visible=True 
				numerators[0000] = (0ACF): UnitMilliMeter magnitude=1 factor=1 Unit="mm" UnitOffset=0 UnitFactor=0.1 UnitSupportet=True
			formula = (08DE): ParameterValue  value=0.15 type=001
				unit = (0AD0): Unit   visible=True 
					numerators[0000] = (0BE8): UnitMeter magnitude=0.001 factor=1 Unit="m" UnitOffset=0 UnitFactor=100 UnitSupportet=True
		objects[0491] = (049E): Parameter 'd85'  flags=8034200  index=0573   valueNominal=0.2 valueModel=0.2   tolerance=NOMINAL u16_0=-1
			unit = (08DF): Unit   visible=True 
				numerators[0000] = (0AD1): UnitMilliMeter magnitude=1 factor=1 Unit="mm" UnitOffset=0 UnitFactor=0.1 UnitSupportet=True
			formula = (08E0): ParameterValue  value=0.2 type=000
				unit = (0AD2): Unit   visible=True 
					numerators[0000] = (0BE9): UnitMeter magnitude=0.001 factor=1 Unit="m" UnitOffset=0 UnitFactor=100 UnitSupportet=True
		objects[0492] = (049F): Parameter 'd86'  flags=8034200  index=0574   valueNominal=0.785398 valueModel=0.785398   tolerance=NOMINAL u16_0=-1
			unit = (08E1): Unit   visible=True 
				numerators[0000] = (0AD3): UnitDegree magnitude=1 factor=1 Unit="°" UnitOffset=0 UnitFactor=0.0174533 UnitSupportet=True
			formula = (08E2): ParameterValue  value=0.785398 type=000
				unit = (0AD4): Unit   visible=True 
					numerators[0000] = (0BEA): UnitGrad magnitude=1 factor=1 Unit="°" UnitOffset=0 UnitFactor=0.0174533 UnitSupportet=True
		objects[0493] = (04A0): EdgeItem  flags=0000  index=0575 indexRefs=(1398) s32_0=-1 u32_0=0000
		objects[0494] = (04A1): EdgeId  flags=0200  index=0576 s32_0=-1 u8_0=05  wireIndex=0002 u32_1=0002 lst0=(003E,0513) lst1=() u8_2=00  ntEntry=0004[007E]
			creator = (08E3): SurfaceCreator  flags=0000    a0=(003,8000) idxCreator=513 u16_0=8000
			*body = (0008): SurfaceBody 'Solide1'
			*owner = (04A0): EdgeItem
		objects[0495] = (04A2): EdgeItem  flags=0000  index=0577 indexRefs=(1400) s32_0=-1 u32_0=0000
		objects[0496] = (04A3): EdgeId  flags=0200  index=0578 s32_0=-1 u8_0=05  wireIndex=0002 u32_1=0002 lst0=(003E,0513) lst1=() u8_2=00  ntEntry=0004[0081]
			creator = (08E4): SurfaceCreator  flags=0000    a0=(003,8000) idxCreator=513 u16_0=8000
			*body = (0008): SurfaceBody 'Solide1'
			*owner = (04A2): EdgeItem
		objects[0497] = (04A4): EdgeItem  flags=0000  index=0579 indexRefs=(1402) s32_0=-1 u32_0=0000
		objects[0498] = (04A5): EdgeId  flags=0200  index=057A s32_0=-1 u8_0=05  wireIndex=0002 u32_1=0002 lst0=(003E,0513) lst1=() u8_2=00  ntEntry=0004[0084]
			creator = (08E5): SurfaceCreator  flags=0000    a0=(003,8000) idxCreator=513 u16_0=8000
			*body = (0008): SurfaceBody 'Solide1'
			*owner = (04A4): EdgeItem
		objects[0499] = (04A6): EdgeItem  flags=0000  index=057B indexRefs=(1404) s32_0=-1 u32_0=0000
		objects[049A] = (04A7): EdgeId  flags=0200  index=057C s32_0=-1 u8_0=05  wireIndex=0002 u32_1=0002 lst0=(003E,0513) lst1=() u8_2=00  ntEntry=0004[0087]
			creator = (08E6): SurfaceCreator  flags=0000    a0=(003,8000) idxCreator=513 u16_0=8000
			*body = (0008): SurfaceBody 'Solide1'
			*owner = (04A6): EdgeItem
		objects[049B] = (0011): FxChamfer 'Chanfrein2'  flags=6200  index=057D s32_0=2301 outlineItem=0001  u32_1=0000
			next = (05D2): FxAttrLabel 'Chanfrein2' a0=(0000,0000)    index=0014  uid={F900713F-11D2-6F8B-6000-F0A89DCCEFB0}
				next = (090F): FxAttrFaces a0=(0000,0000)    entries=[0004[007E],0004[0081],0004[0084],0004[0087]] u8_0=01 a2=(004,000,000)
					*owner = (0011): FxChamfer 'Chanfrein2'
					next = (0AE5): FxAttrDimensionState a0=(0000,0000)     u16_0=004 u16_1=000 
						*owner = (0011): FxChamfer 'Chanfrein2'
						next = (0BFC): FxAttrDimensionState a0=(0000,0000)     u16_0=004 u16_1=001 
							*owner = (0011): FxChamfer 'Chanfrein2'
							attr = (0C1D): E1D3D023  flags=3000200  index=0000 flags2=0000  a1=(0,0,1.875) a2=(101,000,000) a3=Vector (0.0, 0.0, 0.0) a4=(000,000,000) a5=Vector (0.0, 0.0, 0.0) a6=(000,002,000) s32_0=-1 a7=(0,0,0,0,0,0,0,0,0,0,0,0,0,0,0,0,0,0,0,0,0,0,0,0,0,0,0,0,0,0,0) a8=(00,00,00,00,00,00,00,00,00,00,00,00,00,03,00,00,01,00) a9=(0,0.125,0,0,0,0) u8_0=01   a10=(0000,0000,006A) a11=(0,0,0,0,0,0,0,0,0,0,0,0,0,0,0,0,0,0) u8_1=01 a12=(0,0,0,0,0,0,1,0,0,0,0,0) u8_2=00 a13=(0,0,0,0,0,0) 
								ref_1 = (0C35): 99B938B0  flags=0200  index=0000 s32_0=-1 a0=(0000,0000,0000,0000,0000,0000,0000,0000,0000,0001,0000,0000,0003,0000,0000,0000,0000,0000) typ=0000 a1=[] a2=Vector (0.0, 0.0, 0.0) a3=(0002,0002) a4=(1,0,0,0,0,0) a5=(000,000,000,000,000,000)  a6=(0000,0000) a7=(0003,0003) a8=(07E4,0000)
									*parameter = (049D): Parameter 'd84'=1.5mm
								ref_2 = (0C36): 99B938AE  flags=0200  index=0000 a1=Vector (0.25, 0.1, 0.0) u32_0=0010 u32_1=0000
								*ref_3 = (0C36): 99B938AE
							*fxDims = (04AC): FeatureDimensions
						attr = (0BFD): E1D3D023  flags=3000200  index=0000 flags2=0000  a1=(0,0,1.875) a2=(101,000,000) a3=Vector (0.0, 0.0, 0.0) a4=(000,000,000) a5=Vector (0.0, 0.0, 0.0) a6=(000,002,000) s32_0=-1 a7=(0,0,0,0,0,0,0,0,0,0,0,0,0,0,0,0,0,0,0,0,0,0,0,0,0,0,0,0,0,0,0) a8=(00,00,00,00,00,00,00,00,00,00,00,00,00,03,00,00,01,00) a9=(0,0.125,0,0,0,0) u8_0=01   a10=(0000,0000,006A) a11=(0,0,0,0,0,0,0,0,0,0,0,0,0,0,0,0,0,0) u8_1=01 a12=(0,0,0,0,0,0,1,0,0,0,0,0) u8_2=00 a13=(0,0,0,0,0,0) 
							ref_1 = (0C1E): 99B938B0  flags=0200  index=0000 s32_0=-1 a0=(0000,0000,0000,0000,0000,0000,0000,0000,0000,0001,0000,0000,0003,0000,0000,0000,0000,0000) typ=0000 a1=[] a2=Vector (0.0, 0.0, 0.0) a3=(0002,0002) a4=(1,0,0,0,0,0) a5=(000,000,000,000,000,000)  a6=(0000,0000) a7=(0003,0003) a8=(07E4,0000)
								*parameter = (049D): Parameter 'd84'=1.5mm
							ref_2 = (0C1F): 99B938AE  flags=0200  index=0000 a1=Vector (0.25, 0.1, 0.0) u32_0=0010 u32_1=0000
							*ref_3 = (0C1F): 99B938AE
						*fxDims = (04AC): FeatureDimensions
			*properties[0000] = (049B): EdgeCollection
			*properties[0002] = (049D): Parameter 'd84'=1.5mm
			*properties[0003] = (049E): Parameter 'd85'=2mm
			*properties[0004] = (0499): ChamferType='Distance'
			*properties[0005] = (0497): Boolean=(True, 0)
			*properties[0006] = (0498): Boolean=(True, 0)
			*properties[0008] = (04AC): FeatureDimensions
			*properties[0009] = (049A): Boolean=(True, 0)
			*properties[000A] = (049F): Parameter 'd86'=45°
			*properties[000B] = (04A8): ObjectCollection 'Solide1'
		objects[049C] = (04A8): ObjectCollection  flags=0000  index=057E  
			*items[0000] = (0008): SurfaceBody 'Solide1'
		objects[049D] = (04A9): ObjectCollectionDef  flags=0200  index=057F s32_0=-1  
			*items[0000] = (04AA): BodyCollection 'Solide1'
			*collection = (04A8): ObjectCollection 'Solide1'
		objects[049E] = (04AA): BodyCollection  flags=0200  index=0580 
			*items[0000] = (0008): SurfaceBody 'Solide1'
		objects[049F] = (04AB): A31E29E0  flags=0200  index=0581 s32_0=-1   
			lst0[0000] = (08E7): 845212C7 u32_0=0000  u32_1=0002
				*component = (0003): PartComponent
			*owner = (0011): FxChamfer 'Chanfrein2'
			*body = (04AA): BodyCollection 'Solide1'
		objects[04A0] = (04AC): FeatureDimensions  flags=0200  index=0582 
			fxDimensions[0000] = (08E8): FxDimension anchors=[[-22.05,4.85,0.22],[-22.2,4.85,0.22]] transformation= transformation={a0=|+00x|00-x|0+0x|000+| m=[[1, 0, 0, -220.5],[0, 0, -1, 48.5],[0, 1, 0, 2.2],[0, 0, 0, 10]]} u8_0=00 
				*parameter = (049D): Parameter 'd84'=1.5mm
			fxDimensions[0001] = (08E9): FxDimension anchors=[[-22.05,4.85,0.22],[-22.05,4.85,0.07]] transformation= transformation={a0=|-00x|00+x|0+0x|000+| m=[[-1, 0, 0, -220.5],[0, 0, 1, 48.5],[0, 1, 0, 2.2],[0, 0, 0, 10]]} u8_0=00 
				*parameter = (049D): Parameter 'd84'=1.5mm
		objects[04A1] = (04AD): Boolean  flags=8024200  index=0583 value=True
		objects[04A2] = (04AE): Boolean  flags=8024200  index=0584 value=False
		objects[04A3] = (04AF): Boolean  flags=8024200  index=0585 value=True
		objects[04A4] = (04B0): Boolean  flags=8024200  index=0586 value=True
		objects[04A5] = (04B1): Boolean  flags=8024200  index=0587 value=True
		objects[04A6] = (0012): FxFillet 'Congé1'  flags=6200  index=0588 s32_0=2301 outlineItem=0002  u32_1=0000
			next = (05D3): FxAttrLabel 'Congé1' a0=(0000,0000)    index=0015  uid={F1F715DC-11D1-0542-0008-30B00524DC09}
				next = (0910): FxAttrFaces a0=(0000,0000)    entries=[0004[008A],0004[008C],0004[008E],0004[0090]] u8_0=01 a2=(004,000,000)
					*owner = (0012): FxFillet 'Congé1'
					next = (0AE6): FxAttrDimensionState a0=(0000,0000)     u16_0=002 u16_1=000 
						*owner = (0012): FxFillet 'Congé1'
						attr = (0BFE): EAC2875A  flags=1000200  index=0000 flags2=0000  u32_0=0000 f1=1 a0=(101,000,000) a1=(0,0,0,0) a2=(000,000,000,000) a3=(1,1,0,0,1,0,6.28319,0,0,0,0,0,0,0,0,0,0,0,0,0,0,0,0,0,0) a4=(000,000,000) a5=(0.125,0)  u8_0=00 f2=-1 a6=(0,0,0,0,0,0,0,0,0,0,0,0)
							ref_1 = (0C20): 99B938B0  flags=0200  index=0000 s32_0=-1 a0=(0000,0000,0000,0000,0000,0000,0000,0000,0000,0001,0000,0000,0003,0000,0000,0000,0000,0000) typ=0000 a1=[] a2=Vector (0.0, 0.0, 0.0) a3=(0002,0002) a4=(1,0,0,0,0,0) a5=(000,000,000,000,000,000)  a6=(0000,0000) a7=(0003,0003) a8=(07E4,0000)
								*parameter = (04B7): Parameter 'd87'=5mm
							ref_2 = (0C21): 99B938AE  flags=0200  index=0000 a1=Vector (0.25, 0.1, 0.0) u32_0=0010 u32_1=0000
						*fxDims = (04C5): FeatureDimensions
			*properties[0000] = (04B2): FxFilletEdgeSetsConstantR
			*properties[0002] = (04AD): Boolean=(True, 0)
			*properties[0003] = (04B0): Boolean=(True, 0)
			*properties[0004] = (04B1): Boolean=(True, 0)
			*properties[0005] = (04AF): Boolean=(True, 0)
			*properties[0007] = (04C5): FeatureDimensions
			*properties[0008] = (04AE): Boolean=(False, 0)
			*properties[000B] = (04C4): FilletType='Edge'
			*properties[000F] = (04C6): ObjectCollection 'Solide1'
		objects[04A7] = (04B2): FxFilletEdgeSetsConstantR  flags=0000  index=0589  
			*sets[0000] = (04B4): FilletEdgeSetConstantR
		objects[04A8] = (04B3): ObjectCollectionDef  flags=0200  index=058A s32_0=-1  
			*items[0000] = (04B4): FilletEdgeSetConstantR
			*collection = (04B2): FxFilletEdgeSetsConstantR
		objects[04A9] = (04B4): FilletEdgeSetConstantR  flags=0000  index=058B     
			*edges = (04BA): EdgeCollection
			*radius = (04B7): Parameter 'd87'=5mm
			*select = (04B5): FilletConstantRSelectMode='Edge'
			*continuityG1 = (04B8): Boolean=(False, 0)
		objects[04AA] = (04B5): Enum FilletConstantRSelectMode  flags=20200  index=058C type=0004   value=Edge
		objects[04AB] = (04B6): ObjectCollectionDef  flags=0200  index=058D s32_0=-1  
			*items[0000] = (04B7): Parameter 'd87'=5mm
			*items[0001] = (04B5): FilletConstantRSelectMode='Edge'
			*items[0002] = (04B8): Boolean=(False, 0)
			*items[0003] = (04B9): Boolean=(False, 0)
			*items[0004] = (04BA): EdgeCollection
			*collection = (04B4): FilletEdgeSetConstantR
		objects[04AC] = (04B7): Parameter 'd87'  flags=34200  index=058E   valueNominal=0.5 valueModel=0.5   tolerance=NOMINAL u16_0=-1
			unit = (08EA): Unit   visible=True 
				numerators[0000] = (0AD5): UnitMilliMeter magnitude=1 factor=1 Unit="mm" UnitOffset=0 UnitFactor=0.1 UnitSupportet=True
			formula = (08EB): ParameterValue  value=0.5 type=000
				unit = (0AD6): Unit   visible=True 
					numerators[0000] = (0BEB): UnitMeter magnitude=0.001 factor=1 Unit="m" UnitOffset=0 UnitFactor=100 UnitSupportet=True
		objects[04AD] = (04B8): Boolean  flags=8024200  index=058F value=False
		objects[04AE] = (04B9): Boolean  flags=8024200  index=0590 value=False
		objects[04AF] = (04BA): EdgeCollection  flags=0000  index=0591  
			*items[0000] = (04BC): EdgeItem
			*items[0001] = (04BE): EdgeItem
			*items[0002] = (04C0): EdgeItem
			*items[0003] = (04C2): EdgeItem
		objects[04B0] = (04BB): ObjectCollectionDef  flags=0200  index=0592 s32_0=-1  
			*items[0000] = (04BC): EdgeItem
			*items[0001] = (04BE): EdgeItem
			*items[0002] = (04C0): EdgeItem
			*items[0003] = (04C2): EdgeItem
			*collection = (04BA): EdgeCollection
		objects[04B1] = (04BC): EdgeItem  flags=0000  index=0593 indexRefs=(1428) s32_0=-1 u32_0=0000
		objects[04B2] = (04BD): EdgeId  flags=0200  index=0594 s32_0=-1 u8_0=05  wireIndex=0002 u32_1=0002 lst0=(0311,003E) lst1=() u8_2=00  ntEntry=0004[008A]
			creator = (08EC): SurfaceCreator  flags=0000    a0=(003,8000) idxCreator=311 u16_0=8000
			*body = (0008): SurfaceBody 'Solide1'
			*owner = (04BC): EdgeItem
		objects[04B3] = (04BE): EdgeItem  flags=0000  index=0595 indexRefs=(1430) s32_0=-1 u32_0=0000
		objects[04B4] = (04BF): EdgeId  flags=0200  index=0596 s32_0=-1 u8_0=05  wireIndex=0002 u32_1=0002 lst0=(0311,003E) lst1=() u8_2=00  ntEntry=0004[008C]
			creator = (08ED): SurfaceCreator  flags=0000    a0=(003,8000) idxCreator=311 u16_0=8000
			*body = (0008): SurfaceBody 'Solide1'
			*owner = (04BE): EdgeItem
		objects[04B5] = (04C0): EdgeItem  flags=0000  index=0597 indexRefs=(1432) s32_0=-1 u32_0=0000
		objects[04B6] = (04C1): EdgeId  flags=0200  index=0598 s32_0=-1 u8_0=05  wireIndex=0002 u32_1=0002 lst0=(0311,003E) lst1=() u8_2=00  ntEntry=0004[008E]
			creator = (08EE): SurfaceCreator  flags=0000    a0=(003,8000) idxCreator=311 u16_0=8000
			*body = (0008): SurfaceBody 'Solide1'
			*owner = (04C0): EdgeItem
		objects[04B7] = (04C2): EdgeItem  flags=0000  index=0599 indexRefs=(1434) s32_0=-1 u32_0=0000
		objects[04B8] = (04C3): EdgeId  flags=0200  index=059A s32_0=-1 u8_0=05  wireIndex=0002 u32_1=0002 lst0=(0311,003E) lst1=() u8_2=00  ntEntry=0004[0090]
			creator = (08EF): SurfaceCreator  flags=0000    a0=(003,8000) idxCreator=311 u16_0=8000
			*body = (0008): SurfaceBody 'Solide1'
			*owner = (04C2): EdgeItem
		objects[04B9] = (04C4): Enum FilletType  flags=20200  index=059B type=2   value=Edge
		objects[04BA] = (04C5): FeatureDimensions  flags=0200  index=059C 
			fxDimensions[0000] = (08F0): FxDimension anchors=[[-2.5,11.45,0.11],[-2.14645,11.8036,0.11]] transformation= transformation={a0=|-00x|0+0x|00-x|000+| m=[[-1, 0, 0, -25],[0, 1, 0, 114.5],[0, 0, -1, 1.1],[0, 0, 0, 10]]} u8_0=02 
				*parameter = (04B7): Parameter 'd87'=5mm
		objects[04BB] = (04C6): ObjectCollection  flags=0000  index=059D  
			*items[0000] = (0008): SurfaceBody 'Solide1'
		objects[04BC] = (04C7): ObjectCollectionDef  flags=0200  index=059E s32_0=-1  
			*items[0000] = (04C8): BodyCollection 'Solide1'
			*collection = (04C6): ObjectCollection 'Solide1'
		objects[04BD] = (04C8): BodyCollection  flags=0200  index=059F 
			*items[0000] = (0008): SurfaceBody 'Solide1'
		objects[04BE] = (04C9): A31E29E0  flags=0200  index=05A0 s32_0=-1   
			lst0[0000] = (08F1): 845212C7 u32_0=0000  u32_1=0002
				*component = (0003): PartComponent
			*owner = (0012): FxFillet 'Congé1'
			*body = (04C8): BodyCollection 'Solide1'
		objects[04BF] = (04CA): Boolean  flags=8024200  index=05A1 value=True
		objects[04C0] = (04CB): Boolean  flags=8024200  index=05A2 value=False
		objects[04C1] = (04CC): Boolean  flags=8024200  index=05A3 value=True
		objects[04C2] = (04CD): Boolean  flags=8024200  index=05A4 value=True
		objects[04C3] = (04CE): Boolean  flags=8024200  index=05A5 value=True
		objects[04C4] = (0013): FxFillet 'Congé2'  flags=6200  index=05A6 s32_0=2301 outlineItem=0002  u32_1=0000
			next = (05D4): FxAttrLabel 'Congé2' a0=(0000,0000)    index=0016  uid={F1F715DC-11D1-0542-0008-30B00524DC09}
				next = (0911): FxAttrFaces a0=(0000,0000)    entries=[0004[0098],0004[009A],0004[009E],0004[00A0]] u8_0=01 a2=(004,000,000)
					*owner = (0013): FxFillet 'Congé2'
					next = (0AE7): FxAttrDimensionState a0=(0000,0000)     u16_0=002 u16_1=000 
						*owner = (0013): FxFillet 'Congé2'
						attr = (0BFF): EAC2875A  flags=1000200  index=0000 flags2=0000  u32_0=0000 f1=1 a0=(101,000,000) a1=(0,0,0,0) a2=(000,000,000,000) a3=(1,1,0,0,1,0,6.28319,0,0,0,0,0,0,0,0,0,0,0,0,0,0,0,0,0,0) a4=(000,000,000) a5=(0.125,0)  u8_0=00 f2=-1 a6=(0,0,0,0,0,0,0,0,0,0,0,0)
							ref_1 = (0C22): 99B938B0  flags=0200  index=0000 s32_0=-1 a0=(0000,0000,0000,0000,0000,0000,0000,0000,0000,0001,0000,0000,0003,0000,0000,0000,0000,0000) typ=0000 a1=[] a2=Vector (0.0, 0.0, 0.0) a3=(0002,0002) a4=(1,0,0,0,0,0) a5=(000,000,000,000,000,000)  a6=(0000,0000) a7=(0003,0003) a8=(07E4,0000)
								*parameter = (04D4): Parameter 'd88'=20mm
							ref_2 = (0C23): 99B938AE  flags=0200  index=0000 a1=Vector (0.25, 0.1, 0.0) u32_0=0010 u32_1=0000
						*fxDims = (04E2): FeatureDimensions
			*properties[0000] = (04CF): FxFilletEdgeSetsConstantR
			*properties[0002] = (04CA): Boolean=(True, 0)
			*properties[0003] = (04CD): Boolean=(True, 0)
			*properties[0004] = (04CE): Boolean=(True, 0)
			*properties[0005] = (04CC): Boolean=(True, 0)
			*properties[0007] = (04E2): FeatureDimensions
			*properties[0008] = (04CB): Boolean=(False, 0)
			*properties[000B] = (04E1): FilletType='Edge'
			*properties[000F] = (04E3): ObjectCollection 'Solide1'
		objects[04C5] = (04CF): FxFilletEdgeSetsConstantR  flags=0000  index=05A7  
			*sets[0000] = (04D1): FilletEdgeSetConstantR
		objects[04C6] = (04D0): ObjectCollectionDef  flags=0200  index=05A8 s32_0=-1  
			*items[0000] = (04D1): FilletEdgeSetConstantR
			*collection = (04CF): FxFilletEdgeSetsConstantR
		objects[04C7] = (04D1): FilletEdgeSetConstantR  flags=0000  index=05A9     
			*edges = (04D7): EdgeCollection
			*radius = (04D4): Parameter 'd88'=20mm
			*select = (04D2): FilletConstantRSelectMode='Edge'
			*continuityG1 = (04D5): Boolean=(False, 0)
		objects[04C8] = (04D2): Enum FilletConstantRSelectMode  flags=20200  index=05AA type=0004   value=Edge
		objects[04C9] = (04D3): ObjectCollectionDef  flags=0200  index=05AB s32_0=-1  
			*items[0000] = (04D4): Parameter 'd88'=20mm
			*items[0001] = (04D2): FilletConstantRSelectMode='Edge'
			*items[0002] = (04D5): Boolean=(False, 0)
			*items[0003] = (04D6): Boolean=(False, 0)
			*items[0004] = (04D7): EdgeCollection
			*collection = (04D1): FilletEdgeSetConstantR
		objects[04CA] = (04D4): Parameter 'd88'  flags=34200  index=05AC   valueNominal=2 valueModel=2   tolerance=NOMINAL u16_0=-1
			unit = (08F2): Unit   visible=True 
				numerators[0000] = (0AD7): UnitMilliMeter magnitude=1 factor=1 Unit="mm" UnitOffset=0 UnitFactor=0.1 UnitSupportet=True
			formula = (08F3): ParameterValue  value=2 type=000
				unit = (0AD8): Unit   visible=True 
					numerators[0000] = (0BEC): UnitMeter magnitude=0.001 factor=1 Unit="m" UnitOffset=0 UnitFactor=100 UnitSupportet=True
		objects[04CB] = (04D5): Boolean  flags=8024200  index=05AD value=False
		objects[04CC] = (04D6): Boolean  flags=8024200  index=05AE value=False
		objects[04CD] = (04D7): EdgeCollection  flags=0000  index=05AF  
			*items[0000] = (04D9): EdgeItem
			*items[0001] = (04DB): EdgeItem
			*items[0002] = (04DD): EdgeItem
			*items[0003] = (04DF): EdgeItem
		objects[04CE] = (04D8): ObjectCollectionDef  flags=0200  index=05B0 s32_0=-1  
			*items[0000] = (04D9): EdgeItem
			*items[0001] = (04DB): EdgeItem
			*items[0002] = (04DD): EdgeItem
			*items[0003] = (04DF): EdgeItem
			*collection = (04D7): EdgeCollection
		objects[04CF] = (04D9): EdgeItem  flags=0000  index=05B1 indexRefs=(1458) s32_0=-1 u32_0=0000
		objects[04D0] = (04DA): EdgeId  flags=0200  index=05B2 s32_0=-1 u8_0=05  wireIndex=0002 u32_1=0002 lst0=(00EC,003E,0588) lst1=() u8_2=00  ntEntry=0004[0098]
			creator = (08F4): SurfaceCreator  flags=0000    a0=(003,8000) idxCreator=588 u16_0=8000
			*body = (0008): SurfaceBody 'Solide1'
			*owner = (04D9): EdgeItem
		objects[04D1] = (04DB): EdgeItem  flags=0000  index=05B3 indexRefs=(1460) s32_0=-1 u32_0=0000
		objects[04D2] = (04DC): EdgeId  flags=0200  index=05B4 s32_0=-1 u8_0=05  wireIndex=0002 u32_1=0002 lst0=(00EC,003E,0588) lst1=() u8_2=00  ntEntry=0004[009A]
			creator = (08F5): SurfaceCreator  flags=0000    a0=(003,8000) idxCreator=588 u16_0=8000
			*body = (0008): SurfaceBody 'Solide1'
			*owner = (04DB): EdgeItem
		objects[04D3] = (04DD): EdgeItem  flags=0000  index=05B5 indexRefs=(1462) s32_0=-1 u32_0=0000
		objects[04D4] = (04DE): EdgeId  flags=0200  index=05B6 s32_0=-1 u8_0=05  wireIndex=0002 u32_1=0002 lst0=(00EC,003E,0588) lst1=() u8_2=00  ntEntry=0004[009E]
			creator = (08F6): SurfaceCreator  flags=0000    a0=(003,8000) idxCreator=588 u16_0=8000
			*body = (0008): SurfaceBody 'Solide1'
			*owner = (04DD): EdgeItem
		objects[04D5] = (04DF): EdgeItem  flags=0000  index=05B7 indexRefs=(1464) s32_0=-1 u32_0=0000
		objects[04D6] = (04E0): EdgeId  flags=0200  index=05B8 s32_0=-1 u8_0=05  wireIndex=0002 u32_1=0002 lst0=(00EC,003E,0588) lst1=() u8_2=00  ntEntry=0004[00A0]
			creator = (08F7): SurfaceCreator  flags=0000    a0=(003,8000) idxCreator=588 u16_0=8000
			*body = (0008): SurfaceBody 'Solide1'
			*owner = (04DF): EdgeItem
		objects[04D7] = (04E1): Enum FilletType  flags=20200  index=05B9 type=2   value=Edge
		objects[04D8] = (04E2): FeatureDimensions  flags=0200  index=05BA 
			fxDimensions[0000] = (08F8): FxDimension anchors=[[-2,15,0.11],[-3.41421,13.5858,0.11]] transformation= transformation={a0=|-00x|0+0x|00-x|000+| m=[[-1, 0, 0, -20],[0, 1, 0, 150],[0, 0, -1, 1.1],[0, 0, 0, 10]]} u8_0=02 
				*parameter = (04D4): Parameter 'd88'=20mm
		objects[04D9] = (04E3): ObjectCollection  flags=0000  index=05BB  
			*items[0000] = (0008): SurfaceBody 'Solide1'
		objects[04DA] = (04E4): ObjectCollectionDef  flags=0200  index=05BC s32_0=-1  
			*items[0000] = (04E5): BodyCollection 'Solide1'
			*collection = (04E3): ObjectCollection 'Solide1'
		objects[04DB] = (04E5): BodyCollection  flags=0200  index=05BD 
			*items[0000] = (0008): SurfaceBody 'Solide1'
		objects[04DC] = (04E6): A31E29E0  flags=0200  index=05BE s32_0=-1   
			lst0[0000] = (08F9): 845212C7 u32_0=0000  u32_1=0002
				*component = (0003): PartComponent
			*owner = (0013): FxFillet 'Congé2'
			*body = (04E5): BodyCollection 'Solide1'
		objects[04DD] = (04E7): Boolean  flags=8024200  index=05BF value=True
		objects[04DE] = (04E8): Boolean  flags=8024200  index=05C0 value=False
		objects[04DF] = (04E9): Boolean  flags=8024200  index=05C1 value=True
		objects[04E0] = (04EA): Boolean  flags=8024200  index=05C2 value=True
		objects[04E1] = (04EB): Boolean  flags=8024200  index=05C3 value=True
		objects[04E2] = (0014): FxFillet 'Congé3'  flags=6200  index=05C4 s32_0=2301 outlineItem=0002  u32_1=0000
			next = (05D5): FxAttrLabel 'Congé3' a0=(0000,0000)    index=0017  uid={F1F715DC-11D1-0542-0008-30B00524DC09}
				next = (0912): FxAttrFaces a0=(0000,0000)    entries=[0004[0004],0004[00BD],0004[00BE],0004[00C1],0004[00C2],0004[00CD]] u8_0=01 a2=(004,000,000)
					*owner = (0014): FxFillet 'Congé3'
					next = (0AE8): FxAttrDimensionState a0=(0000,0000)     u16_0=002 u16_1=000 
						*owner = (0014): FxFillet 'Congé3'
						attr = (0C00): EAC2875A  flags=1000200  index=0000 flags2=0000  u32_0=0000 f1=1 a0=(101,000,000) a1=(0,0,0,0) a2=(000,000,000,000) a3=(1,1,0,0,1,0,6.28319,0,0,0,0,0,0,0,0,0,0,0,0,0,0,0,0,0,0) a4=(000,000,000) a5=(0.125,0)  u8_0=00 f2=-1 a6=(0,0,0,0,0,0,0,0,0,0,0,0)
							ref_1 = (0C24): 99B938B0  flags=0200  index=0000 s32_0=-1 a0=(0000,0000,0000,0000,0000,0000,0000,0000,0000,0001,0000,0000,0003,0000,0000,0000,0000,0000) typ=0000 a1=[] a2=Vector (0.0, 0.0, 0.0) a3=(0002,0002) a4=(1,0,0,0,0,0) a5=(000,000,000,000,000,000)  a6=(0000,0000) a7=(0003,0003) a8=(07E4,0000)
								*parameter = (04F1): Parameter 'd89'=20mm
							ref_2 = (0C25): 99B938AE  flags=0200  index=0000 a1=Vector (0.25, 0.1, 0.0) u32_0=0010 u32_1=0000
						*fxDims = (04FB): FeatureDimensions
			*properties[0000] = (04EC): FxFilletEdgeSetsConstantR
			*properties[0002] = (04E7): Boolean=(True, 0)
			*properties[0003] = (04EA): Boolean=(True, 0)
			*properties[0004] = (04EB): Boolean=(True, 0)
			*properties[0005] = (04E9): Boolean=(True, 0)
			*properties[0007] = (04FB): FeatureDimensions
			*properties[0008] = (04E8): Boolean=(False, 0)
			*properties[000B] = (04FA): FilletType='Edge'
			*properties[000F] = (04FC): ObjectCollection 'Solide1'
		objects[04E3] = (04EC): FxFilletEdgeSetsConstantR  flags=0000  index=05C5  
			*sets[0000] = (04EE): FilletEdgeSetConstantR
		objects[04E4] = (04ED): ObjectCollectionDef  flags=0200  index=05C6 s32_0=-1  
			*items[0000] = (04EE): FilletEdgeSetConstantR
			*collection = (04EC): FxFilletEdgeSetsConstantR
		objects[04E5] = (04EE): FilletEdgeSetConstantR  flags=0000  index=05C7     
			*edges = (04F4): EdgeCollection
			*radius = (04F1): Parameter 'd89'=20mm
			*select = (04EF): FilletConstantRSelectMode='Edge'
			*continuityG1 = (04F2): Boolean=(False, 0)
		objects[04E6] = (04EF): Enum FilletConstantRSelectMode  flags=20200  index=05C8 type=0004   value=Edge
		objects[04E7] = (04F0): ObjectCollectionDef  flags=0200  index=05C9 s32_0=-1  
			*items[0000] = (04F1): Parameter 'd89'=20mm
			*items[0001] = (04EF): FilletConstantRSelectMode='Edge'
			*items[0002] = (04F2): Boolean=(False, 0)
			*items[0003] = (04F3): Boolean=(False, 0)
			*items[0004] = (04F4): EdgeCollection
			*collection = (04EE): FilletEdgeSetConstantR
		objects[04E8] = (04F1): Parameter 'd89'  flags=34200  index=05CA   valueNominal=2 valueModel=2   tolerance=NOMINAL u16_0=-1
			unit = (08FA): Unit   visible=True 
				numerators[0000] = (0AD9): UnitMilliMeter magnitude=1 factor=1 Unit="mm" UnitOffset=0 UnitFactor=0.1 UnitSupportet=True
			formula = (08FB): ParameterValue  value=2 type=000
				unit = (0ADA): Unit   visible=True 
					numerators[0000] = (0BED): UnitMeter magnitude=0.001 factor=1 Unit="m" UnitOffset=0 UnitFactor=100 UnitSupportet=True
		objects[04E9] = (04F2): Boolean  flags=8024200  index=05CB value=False
		objects[04EA] = (04F3): Boolean  flags=8024200  index=05CC value=False
		objects[04EB] = (04F4): EdgeCollection  flags=0000  index=05CD  
			*items[0000] = (04F6): EdgeItem
			*items[0001] = (04F8): EdgeItem
		objects[04EC] = (04F5): ObjectCollectionDef  flags=0200  index=05CE s32_0=-1  
			*items[0000] = (04F6): EdgeItem
			*items[0001] = (04F8): EdgeItem
			*collection = (04F4): EdgeCollection
		objects[04ED] = (04F6): EdgeItem  flags=0000  index=05CF indexRefs=(1488) s32_0=-1 u32_0=0000
		objects[04EE] = (04F7): EdgeId  flags=0200  index=05D0 s32_0=-1 u8_0=05  wireIndex=0002 u32_1=0002 lst0=(003E,00EC,0588,05A6) lst1=() u8_2=00  ntEntry=0004[00BD]
			creator = (08FC): SurfaceCreator  flags=0000    a0=(003,8000) idxCreator=5A6 u16_0=8000
			*body = (0008): SurfaceBody 'Solide1'
			*owner = (04F6): EdgeItem
		objects[04EF] = (04F8): EdgeItem  flags=0000  index=05D1 indexRefs=(1490) s32_0=-1 u32_0=0000
		objects[04F0] = (04F9): EdgeId  flags=0200  index=05D2 s32_0=-1 u8_0=05  wireIndex=0002 u32_1=0002 lst0=(003E,00EC,0588,05A6) lst1=() u8_2=00  ntEntry=0004[00C1]
			creator = (08FD): SurfaceCreator  flags=0000    a0=(003,8000) idxCreator=5A6 u16_0=8000
			*body = (0008): SurfaceBody 'Solide1'
			*owner = (04F8): EdgeItem
		objects[04F1] = (04FA): Enum FilletType  flags=20200  index=05D3 type=2   value=Edge
		objects[04F2] = (04FB): FeatureDimensions  flags=0200  index=05D4 
			fxDimensions[0000] = (08FE): FxDimension anchors=[[-6,14.3,0.11],[-4.58579,15.7142,0.11]] transformation= transformation={a0=|-00x|0+0x|00-x|000+| m=[[-1, 0, 0, -60],[0, 1, 0, 143],[0, 0, -1, 1.1],[0, 0, 0, 10]]} u8_0=02 
				*parameter = (04F1): Parameter 'd89'=20mm
		objects[04F3] = (04FC): ObjectCollection  flags=0000  index=05D5  
			*items[0000] = (0008): SurfaceBody 'Solide1'
		objects[04F4] = (04FD): ObjectCollectionDef  flags=0200  index=05D6 s32_0=-1  
			*items[0000] = (04FE): BodyCollection 'Solide1'
			*collection = (04FC): ObjectCollection 'Solide1'
		objects[04F5] = (04FE): BodyCollection  flags=0200  index=05D7 
			*items[0000] = (0008): SurfaceBody 'Solide1'
		objects[04F6] = (04FF): A31E29E0  flags=0200  index=05D8 s32_0=-1   
			lst0[0000] = (08FF): 845212C7 u32_0=0000  u32_1=0002
				*component = (0003): PartComponent
			*owner = (0014): FxFillet 'Congé3'
			*body = (04FE): BodyCollection 'Solide1'
		objects[04F7] = (0500): Boolean  flags=8024200  index=05D9 value=True
		objects[04F8] = (0501): Boolean  flags=8024200  index=05DA value=False
		objects[04F9] = (0502): Boolean  flags=8024200  index=05DB value=True
		objects[04FA] = (0503): Boolean  flags=8024200  index=05DC value=True
		objects[04FB] = (0504): Boolean  flags=8024200  index=05DD value=True
		objects[04FC] = (0015): FxFillet 'Congé4'  flags=6200  index=05DE s32_0=2301 outlineItem=0002  u32_1=0000
			next = (05D6): FxAttrLabel 'Congé4' a0=(0000,0000)    index=0018  uid={F1F715DC-11D1-0542-0008-30B00524DC09}
				next = (0913): FxAttrFaces a0=(0000,0000)    entries=[0004[0004],0004[00BE],0004[00DA],0004[00DD],0004[00DE],0004[00EA]] u8_0=01 a2=(004,000,000)
					*owner = (0015): FxFillet 'Congé4'
					next = (0AE9): FxAttrDimensionState a0=(0000,0000)     u16_0=002 u16_1=000 
						*owner = (0015): FxFillet 'Congé4'
						attr = (0C01): EAC2875A  flags=1000200  index=0000 flags2=0000  u32_0=0000 f1=1 a0=(101,000,000) a1=(0,0,0,0) a2=(000,000,000,000) a3=(1,1,0,0,1,0,6.28319,0,0,0,0,0,0,0,0,0,0,0,0,0,0,0,0,0,0) a4=(000,000,000) a5=(0.125,0)  u8_0=00 f2=-1 a6=(0,0,0,0,0,0,0,0,0,0,0,0)
							ref_1 = (0C26): 99B938B0  flags=0200  index=0000 s32_0=-1 a0=(0000,0000,0000,0000,0000,0000,0000,0000,0000,0001,0000,0000,0003,0000,0000,0000,0000,0000) typ=0000 a1=[] a2=Vector (0.0, 0.0, 0.0) a3=(0002,0002) a4=(1,0,0,0,0,0) a5=(000,000,000,000,000,000)  a6=(0000,0000) a7=(0003,0003) a8=(07E4,0000)
								*parameter = (050A): Parameter 'd90'=40mm
							ref_2 = (0C27): 99B938AE  flags=0200  index=0000 a1=Vector (0.25, 0.1, 0.0) u32_0=0010 u32_1=0000
						*fxDims = (0514): FeatureDimensions
			*properties[0000] = (0505): FxFilletEdgeSetsConstantR
			*properties[0002] = (0500): Boolean=(True, 0)
			*properties[0003] = (0503): Boolean=(True, 0)
			*properties[0004] = (0504): Boolean=(True, 0)
			*properties[0005] = (0502): Boolean=(True, 0)
			*properties[0007] = (0514): FeatureDimensions
			*properties[0008] = (0501): Boolean=(False, 0)
			*properties[000B] = (0513): FilletType='Edge'
			*properties[000F] = (0515): ObjectCollection 'Solide1'
		objects[04FD] = (0505): FxFilletEdgeSetsConstantR  flags=0000  index=05DF  
			*sets[0000] = (0507): FilletEdgeSetConstantR
		objects[04FE] = (0506): ObjectCollectionDef  flags=0200  index=05E0 s32_0=-1  
			*items[0000] = (0507): FilletEdgeSetConstantR
			*collection = (0505): FxFilletEdgeSetsConstantR
		objects[04FF] = (0507): FilletEdgeSetConstantR  flags=0000  index=05E1     
			*edges = (050D): EdgeCollection
			*radius = (050A): Parameter 'd90'=40mm
			*select = (0508): FilletConstantRSelectMode='Edge'
			*continuityG1 = (050B): Boolean=(False, 0)
		objects[0500] = (0508): Enum FilletConstantRSelectMode  flags=20200  index=05E2 type=0004   value=Edge
		objects[0501] = (0509): ObjectCollectionDef  flags=0200  index=05E3 s32_0=-1  
			*items[0000] = (050A): Parameter 'd90'=40mm
			*items[0001] = (0508): FilletConstantRSelectMode='Edge'
			*items[0002] = (050B): Boolean=(False, 0)
			*items[0003] = (050C): Boolean=(False, 0)
			*items[0004] = (050D): EdgeCollection
			*collection = (0507): FilletEdgeSetConstantR
		objects[0502] = (050A): Parameter 'd90'  flags=34200  index=05E4   valueNominal=4 valueModel=4   tolerance=NOMINAL u16_0=-1
			unit = (0900): Unit   visible=True 
				numerators[0000] = (0ADB): UnitMilliMeter magnitude=1 factor=1 Unit="mm" UnitOffset=0 UnitFactor=0.1 UnitSupportet=True
			formula = (0901): ParameterValue  value=4 type=000
				unit = (0ADC): Unit   visible=True 
					numerators[0000] = (0BEE): UnitMeter magnitude=0.001 factor=1 Unit="m" UnitOffset=0 UnitFactor=100 UnitSupportet=True
		objects[0503] = (050B): Boolean  flags=8024200  index=05E5 value=False
		objects[0504] = (050C): Boolean  flags=8024200  index=05E6 value=False
		objects[0505] = (050D): EdgeCollection  flags=0000  index=05E7  
			*items[0000] = (050F): EdgeItem
			*items[0001] = (0511): EdgeItem
		objects[0506] = (050E): ObjectCollectionDef  flags=0200  index=05E8 s32_0=-1  
			*items[0000] = (050F): EdgeItem
			*items[0001] = (0511): EdgeItem
			*collection = (050D): EdgeCollection
		objects[0507] = (050F): EdgeItem  flags=0000  index=05E9 indexRefs=(1514) s32_0=-1 u32_0=0000
		objects[0508] = (0510): EdgeId  flags=0200  index=05EA s32_0=-1 u8_0=05  wireIndex=0002 u32_1=0002 lst0=(003E,00EC,0588,05A6) lst1=() u8_2=00  ntEntry=0004[00DA]
			creator = (0902): SurfaceCreator  flags=0000    a0=(003,8000) idxCreator=5A6 u16_0=8000
			*body = (0008): SurfaceBody 'Solide1'
			*owner = (050F): EdgeItem
		objects[0509] = (0511): EdgeItem  flags=0000  index=05EB indexRefs=(1516) s32_0=-1 u32_0=0000
		objects[050A] = (0512): EdgeId  flags=0200  index=05EC s32_0=-1 u8_0=05  wireIndex=0002 u32_1=0002 lst0=(003E,00EC,0588,05A6) lst1=() u8_2=00  ntEntry=0004[00DD]
			creator = (0903): SurfaceCreator  flags=0000    a0=(003,8000) idxCreator=5A6 u16_0=8000
			*body = (0008): SurfaceBody 'Solide1'
			*owner = (0511): EdgeItem
		objects[050B] = (0513): Enum FilletType  flags=20200  index=05ED type=2   value=Edge
		objects[050C] = (0514): FeatureDimensions  flags=0200  index=05EE 
			fxDimensions[0000] = (0904): FxDimension anchors=[[-12.6,12.3,0.11],[-15.4284,15.1284,0.11]] transformation= transformation={a0=|+00x|0+0x|00+x|000+| m=[[1, 0, 0, -126],[0, 1, 0, 123],[0, 0, 1, 1.1],[0, 0, 0, 10]]} u8_0=02 
				*parameter = (050A): Parameter 'd90'=40mm
		objects[050D] = (0515): ObjectCollection  flags=0000  index=05EF  
			*items[0000] = (0008): SurfaceBody 'Solide1'
		objects[050E] = (0516): ObjectCollectionDef  flags=0200  index=05F0 s32_0=-1  
			*items[0000] = (0517): BodyCollection 'Solide1'
			*collection = (0515): ObjectCollection 'Solide1'
		objects[050F] = (0517): BodyCollection  flags=0200  index=05F1 
			*items[0000] = (0008): SurfaceBody 'Solide1'
		objects[0510] = (0518): A31E29E0  flags=0200  index=05F2 s32_0=-1   
			lst0[0000] = (0905): 845212C7 u32_0=0000  u32_1=0002
				*component = (0003): PartComponent
			*owner = (0015): FxFillet 'Congé4'
			*body = (0517): BodyCollection 'Solide1'
		objects[0511] = (0519): Group2D  flags=0200  index=05F3 s32_0=-1 s32_1=121  entries={8000051B:0000,800003EC:0000,800003F0:0000,800003F2:0000,800003F4:0000,800003FD:0004,80000402:0000,80000404:0000,80000406:0000,80000408:0000,8000040A:0000,8000040C:0000,80000410:0000,80000414:0000,80000416:0000,8000041A:0000,8000041C:0000,80000330:0000,80000331:0000,80000332:0000,80000333:0000,80000334:0000,80000335:0000,80000336:0000,80000337:0000,80000338:0000,80000339:0000,8000033A:0000,8000033B:0000,8000033C:0000,8000033D:0000,8000033E:0000,8000033F:0000,80000340:0000,80000341:0000,80000343:0000,80000344:0000,80000345:0000,80000346:0000,80000347:0000,80000348:0000,80000349:0000,8000034A:0000,8000034B:0000,8000034C:0000,8000034D:0000,8000034F:0000,80000350:0000,80000351:0000,80000352:0000,80000353:0000,80000354:0000,80000355:0000,80000356:0000,80000357:0000,80000358:0000,80000359:0000,8000035A:0000,8000035B:0000,8000035C:0000,8000035D:0000,8000035E:0000,8000035F:0000,80000360:0000,80000361:0000,80000362:0000,80000363:0000,80000364:0000,80000365:0000,80000366:0000,80000367:0000,80000368:0000,80000369:0000,8000036A:0000,8000036B:0000,8000036C:0000,8000036D:0000,8000036E:0000,8000036F:0000,80000370:0000,80000371:0000,80000372:0000,80000373:0000,80000374:0000,80000375:0000,80000376:0000,80000377:0000,80000378:0000,80000379:0000,8000037A:0000,8000037B:0000,8000037C:0000,8000037D:0000,8000037E:0000,8000037F:0000,80000380:0000,80000381:0000,80000382:0000,80000383:0000,80000384:0000,80000385:0000,80000386:0000,80000387:0000,80000388:0000,80000389:0000,8000038A:0000,8000038B:0000,8000038C:0000,8000038D:0000,8000038E:0000,8000038F:0000,80000390:0000,80000391:0000,80000392:0000,80000393:0000,80000394:0000,80000395:0000,80000396:0000,80000397:0000,80000398:0000,80000399:0000,8000039A:0000,800003A4:0004,800003A9:0000,800003AB:0000,800003AF:0000,800003B4:0004,800003B9:0000,800003BB:0000,800003BD:0000,800003BF:0000,800003C3:0000,800003C5:0000,800003C9:0000,800003CB:0000,800003CC:0000,800003CE:0000,800003DB:0004,800003E0:0000,800003E2:0000,800003E4:0000,800003E6:0000,800003E8:0000,800002E0:0001,800002E1:0001,800002E2:0000,800002E3:0000,800002E4:0000,800002E5:0000,800002FA:0004,80000301:0000,80000304:0000,80000305:0000,80000306:0000,80000307:0000,80000308:0000,80000309:0000,8000030A:0000,8000030B:0000,8000030C:0000,8000030D:0000,8000030E:0000,8000030F:0000,80000310:0000,80000311:0000,80000312:0000,80000313:0000,80000314:0000,80000315:0000,80000316:0000,80000317:0000,80000318:0000,80000319:0000,8000031A:0000,8000031B:0000,8000031C:0000,8000031D:0000,8000031E:0000,8000031F:0000,80000320:0000,80000321:0000,80000322:0000,80000323:0000,80000324:0000,80000325:0000,80000326:0000,80000327:0000,80000328:0000,80000329:0000,8000032A:0000,8000032B:0000,8000032C:0000,8000032D:0000,8000032E:0000,8000032F:0000} u32_0=0002
			*constrains[0000] = (02E3): Geometric_Coincident2D - (-25.7905,8.15)	(02E2): Line2D
			*constrains[0001] = (039A): Geometric_SymmetryLine2D
			*constrains[0002] = (0399): Geometric_SymmetryLine2D
			*constrains[0003] = (0398): Geometric_SymmetryLine2D
			*constrains[0004] = (0397): Geometric_SymmetryLine2D
			*constrains[0005] = (0396): Geometric_SymmetryLine2D
			*constrains[0006] = (0395): Geometric_SymmetryLine2D
			*constrains[0007] = (0394): Geometric_SymmetryLine2D
			*constrains[0008] = (0393): Geometric_SymmetryLine2D
			*constrains[0009] = (0392): Geometric_SymmetryLine2D
			*constrains[000A] = (0391): Geometric_SymmetryLine2D
			*constrains[000B] = (0390): Geometric_SymmetryLine2D
			*constrains[000C] = (038F): Geometric_SymmetryLine2D
			*constrains[000D] = (038E): Geometric_SymmetryLine2D
			*constrains[000E] = (038D): Geometric_SymmetryLine2D
			*constrains[000F] = (038C): Geometric_SymmetryLine2D
			*constrains[0010] = (038B): Geometric_SymmetryLine2D
			*constrains[0011] = (038A): Geometric_SymmetryLine2D
			*constrains[0012] = (0389): Geometric_SymmetryLine2D
			*constrains[0013] = (0388): Geometric_SymmetryLine2D
			*constrains[0014] = (0387): Geometric_SymmetryLine2D
			*constrains[0015] = (0368): Geometric_SymmetryLine2D
			*constrains[0016] = (0367): Geometric_SymmetryLine2D
			*constrains[0017] = (0366): Geometric_SymmetryLine2D
			*constrains[0018] = (0365): Geometric_SymmetryLine2D
			*constrains[0019] = (0364): Geometric_SymmetryLine2D
			*constrains[001A] = (0363): Geometric_SymmetryLine2D
			*constrains[001B] = (0362): Geometric_SymmetryLine2D
			*constrains[001C] = (0361): Geometric_SymmetryLine2D
			*constrains[001D] = (0354): Geometric_SymmetryLine2D
			*constrains[001E] = (0353): Geometric_SymmetryLine2D
			*constrains[001F] = (0334): Geometric_Coincident2D - (-23.75,8.15)	(02E2): Line2D
			*constrains[0020] = (0309): Geometric_Coincident2D - (-0.8,8.15)	(02E2): Line2D
			*constrains[0021] = (0305): Geometric_Coincident2D - (-1.5,8.15)	(02E2): Line2D
			*constrains[0022] = (0301): Dimension_Distance2D - d='d42', e1=(02FA): Line2D, e2=(02E2): Line2D
			*constrains[0023] = (02E5): Geometric_Horizontal2D
			*constrains[0024] = (02E4): Geometric_Coincident2D - (3.37686,8.15)	(02E2): Line2D
			*constrains[0025] = (0406): Dimension_Distance2D - d='d70', (-8.1,9.45)	(03FD): Line2D
			*constrains[0026] = (03F4): Dimension_Distance2D - d='d67', (-8.1,6.85), (-8.1,9.45)
			*constrains[0027] = (0329): Geometric_Radius2D - o=(0328): Circle2D, c=(0327)
			*constrains[0028] = (0386): Geometric_Radius2D - o=(037C): Circle2D, c=(037B)
			*constrains[0029] = (033D): Geometric_EqualRadius2D
			*constrains[002A] = (0404): Dimension_Distance2D - d='d69', (-7.6,9.25)	(03FD): Line2D
			*constrains[002B] = (03F2): Dimension_Distance2D - d='d66', (-7.6,7.05), (-7.6,9.25)
			*constrains[002C] = (0326): Geometric_Radius2D - o=(0325): Circle2D, c=(0324)
			*constrains[002D] = (0385): Geometric_Radius2D - o=(037A): Circle2D, c=(0379)
			*constrains[002E] = (033F): Geometric_EqualRadius2D
			*constrains[002F] = (033E): Geometric_EqualRadius2D
			*constrains[0030] = (0402): Dimension_Distance2D - d='d68', (-5.6,9.15)	(03FD): Line2D
			*constrains[0031] = (03F0): Dimension_Distance2D - d='d65', (-5.6,7.15), (-5.6,9.15)
			*constrains[0032] = (0323): Geometric_Radius2D - o=(0322): Circle2D, c=(0321)
			*constrains[0033] = (0384): Geometric_Radius2D - o=(0378): Circle2D, c=(0377)
			*constrains[0034] = (0341): Geometric_EqualRadius2D
			*constrains[0035] = (0340): Geometric_EqualRadius2D
			*constrains[0036] = (03E6): Dimension_Distance2D - d='d62', (-1.3,12.65)	(02FA): Line2D
			*constrains[0037] = (03E2): Dimension_Distance2D - d='d60', (-1.3,12.65), (-2.4,12.65)
			*constrains[0038] = (03E0): Dimension_Distance2D - d='d59', (-1.3,12.65)	(03DB): Line2D
			*constrains[0039] = (030E): Geometric_Radius2D - o=(030D): Circle2D, c=(030C)
			*constrains[003A] = (037D): Geometric_Radius2D - o=(036A): Circle2D, c=(0369)
			*constrains[003B] = (033C): Geometric_EqualRadius2D
			*constrains[003C] = (03E8): Dimension_Distance2D - d='d63', (-2.4,12.65)	(02FA): Line2D
			*constrains[003D] = (03E4): Dimension_Distance2D - d='d61', (-2.4,12.65), (-4.7,12.65)
			*constrains[003E] = (0311): Geometric_Radius2D - o=(0310): Circle2D, c=(030F)
			*constrains[003F] = (037E): Geometric_Radius2D - o=(036C): Circle2D, c=(036B)
			*constrains[0040] = (033B): Geometric_EqualRadius2D
			*constrains[0041] = (03EC): Dimension_Distance2D - d='d64', (-4.7,12.65)	(02FA): Line2D
			*constrains[0042] = (0314): Geometric_Radius2D - o=(0313): Circle2D, c=(0312)
			*constrains[0043] = (037F): Geometric_Radius2D - o=(036E): Circle2D, c=(036D)
			*constrains[0044] = (033A): Geometric_EqualRadius2D
			*constrains[0045] = (041A): Dimension_Distance2D - d='d77', (-6.15,14)	(03DB): Line2D
			*constrains[0046] = (0414): Dimension_Distance2D - d='d75', (-6.15,14), (-7.3,14)
			*constrains[0047] = (0408): Dimension_Distance2D - d='d71', (-6.15,2.3), (-6.15,14)
			*constrains[0048] = (0320): Geometric_Radius2D - o=(031F): Circle2D, c=(031E)
			*constrains[0049] = (0383): Geometric_Radius2D - o=(0376): Circle2D, c=(0375)
			*constrains[004A] = (0339): Geometric_EqualRadius2D
			*constrains[004B] = (0410): Dimension_Distance2D - d='d74', (-7.3,14), (-7.3,2.3)
			*constrains[004C] = (031D): Geometric_Radius2D - o=(031C): Circle2D, c=(031B)
			*constrains[004D] = (0382): Geometric_Radius2D - o=(0374): Circle2D, c=(0373)
			*constrains[004E] = (0338): Geometric_EqualRadius2D
			*constrains[004F] = (041C): Dimension_Distance2D - d='d78', (-6.7,15.5)	(03DB): Line2D
			*constrains[0050] = (0416): Dimension_Distance2D - d='d76', (-6.7,15.5), (-7.85,15.5)
			*constrains[0051] = (040A): Dimension_Distance2D - d='d72', (-6.7,0.8), (-6.7,15.5)
			*constrains[0052] = (0317): Geometric_Radius2D - o=(0316): Circle2D, c=(0315)
			*constrains[0053] = (0380): Geometric_Radius2D - o=(0370): Circle2D, c=(036F)
			*constrains[0054] = (0337): Geometric_EqualRadius2D
			*constrains[0055] = (040C): Dimension_Distance2D - d='d73', (-7.85,15.5), (-7.85,0.8)
			*constrains[0056] = (031A): Geometric_Radius2D - o=(0319): Circle2D, c=(0318)
			*constrains[0057] = (0381): Geometric_Radius2D - o=(0372): Circle2D, c=(0371)
			*constrains[0058] = (03CC): Geometric_EqualRadius2D
			*constrains[0059] = (0343): Dimension_Diameter2D
			*constrains[005A] = (03AF): Dimension_Distance2D - d='d48', (-19.1,11.45), (-21.85,11.45)
			*constrains[005B] = (03A9): Dimension_Distance2D - d='d46', (-19.1,11.45)	(03A4): Line2D
			*constrains[005C] = (034C): Geometric_Radius2D - o=(034B): Circle2D, c=(034A)
			*constrains[005D] = (0360): Geometric_Radius2D - o=(035C): Circle2D, c=(035B)
			*constrains[005E] = (034D): Geometric_EqualRadius2D
			*constrains[005F] = (03C9): Dimension_Distance2D - d='d55', (-21.1,10.1), (-22.8,10.1)
			*constrains[0060] = (03C5): Dimension_Distance2D - d='d54', (-21.1,10.1)	(03A4): Line2D
			*constrains[0061] = (032F): Geometric_Radius2D - o=(032E): Circle2D, c=(032D)
			*constrains[0062] = (035E): Geometric_Radius2D - o=(0358): Circle2D, c=(0357)
			*constrains[0063] = (0346): Geometric_EqualRadius2D
			*constrains[0064] = (03CB): Dimension_Distance2D - d='d56', (-22.8,10.1)	(03B4): Line2D
			*constrains[0065] = (03C3): Dimension_Distance2D - d='d53', (-22.8,10.1)	(03A4): Line2D
			*constrains[0066] = (032C): Geometric_Radius2D - o=(032B): Circle2D, c=(032A)
			*constrains[0067] = (035D): Geometric_Radius2D - o=(0356): Circle2D, c=(0355)
			*constrains[0068] = (0345): Geometric_EqualRadius2D
			*constrains[0069] = (0344): Geometric_EqualRadius2D
			*constrains[006A] = (03BD): Dimension_Distance2D - d='d51', (-23.75,11.35)	(03B4): Line2D
			*constrains[006B] = (03BB): Dimension_Distance2D - d='d50', (-23.75,8.15), (-23.75,11.35)
			*constrains[006C] = (0332): Geometric_Radius2D - o=(0331): Circle2D, c=(0330)
			*constrains[006D] = (035F): Geometric_Radius2D - o=(035A): Circle2D, c=(0359)
			*constrains[006E] = (03B9): Dimension_Distance2D - d='d49', (-21.85,11.45)	(03B4): Line2D
			*constrains[006F] = (03AB): Dimension_Distance2D - d='d47', (-21.85,11.45)	(03A4): Line2D
			*constrains[0070] = (0349): Geometric_Radius2D - o=(0348): Circle2D, c=(0347)
			*constrains[0071] = (0352): Geometric_Radius2D - o=(0351): Circle2D, c=(0350)
			*constrains[0072] = (034F): Dimension_Diameter2D
			*constrains[0073] = (03BF): Dimension_Distance2D - d='d52', (-23.75,8.15)	(03B4): Line2D
			*constrains[0074] = (0336): Geometric_Radius2D - o=(0335): Circle2D, c=(0333)
			*constrains[0075] = (03CE): Dimension_Distance2D - d='d57', (-0.8,8.15), (-1.5,8.15)
			*constrains[0076] = (030B): Geometric_Radius2D - o=(030A): Circle2D, c=(0308)
			*constrains[0077] = (0307): Geometric_Radius2D - o=(0306): Circle2D, c=(0304)
			*constrains[0078] = (051B): Dimension_Distance2D - d='d91', (-0.8,8.15)	(03DB): Line2D
		objects[0512] = (051A): Parameter 'd91'  flags=34200  index=05F4   valueNominal=0.8 valueModel=0.8   tolerance=NOMINAL u16_0=-1
			unit = (0906): Unit   visible=True 
				numerators[0000] = (0ADD): UnitMilliMeter magnitude=1 factor=1 Unit="mm" UnitOffset=0 UnitFactor=0.1 UnitSupportet=True
			formula = (0907): ParameterValue  value=0.8 type=FFFF
				unit = (0ADE): Unit   visible=True 
					numerators[0000] = (0BEF): UnitMeter magnitude=0.001 factor=1 Unit="m" UnitOffset=0 UnitFactor=100 UnitSupportet=True
		objects[0513] = (051B): Dimension_Distance2D  flags=4208  index=05F5 flags2=-1  lst0={}   u32_0=0000   a0=(0000,0000,0000,0000) a1=Vector (1.7976931348623157e+308, 0.0, 0.0) a2=Vector (1.7976931348623157e+308, 0.0, 0.0)
			next = (0908): FxAttr_EEE03AF5 a0=(0000,0000)     u16_0=009   u32_0=0000 a1=Vector (0.7201142448600828, 0.0, 0.0) p1=Vector (0.0, 10.285108175142803, 0.0) p2=Vector (-0.7999999999999995, 8.149999999999999, 0.0) a2=Vector (0.7999999999999995, 0.0, 0.0)
				entity2 = (0ADF): E1D3D023  flags=3000200  index=0000 flags2=0000  a1=(0,0,1.875) a2=(100,000,000) a3=Vector (0.0, 10.285108175142803, 0.0) a4=(9995,9999,9999) a5=Vector (9.255963134928016e+61, 8.1106e-320, 0.0) a6=(000,003,000) s32_0=-1 a7=(0,1,0,-1,0,0,0,-0.337852,10.2851,0,-0.4,10.2851,0,0,10.2851,0,-0.8,10.4901,0,0,0,0,0,0,0,0,10.2851,0,-0.8,10.2851,0) a8=(00,01,00,00,00,00,00,00,00,00,00,00,00,03,00,00,01,00) a9=(0,0.205021,0.0512551,0.178296,0.248382,0) u8_0=01   a10=(0000,0000,006A) a11=(0,10.2851,0,-0.8,10.2851,0,0,10.2851,0,-0.8,10.2851,0,-0.337852,10.2851,0,0,0,0) u8_1=01 a12=(0,1,0,-0.4,10.2851,0,-1,0,0,0,0,0) u8_2=00 a13=(0,10.2851,0,-0.8,8.20126,0) 
					ref_1 = (0BF0): 39A41830  flags=0210  index=0000 s32_0=-1 a2=(0000,0000,0000,0000,0000,0000,0000,0000,0000,0001,0000,0000,0003) a3=Vector (0.0, 0.0, 0.0) txt0="" a4=(0000,0000,0000,A7F9,A7FB) a5=(1,0,0,-0.337852,10.2851,0) a6=(000,000,000,000,000,000)   u32_0=0000 a7=(0003,0003) a8=(07E4,0000) 
						*parameter1 = (051A): Parameter 'd91'=8mm
						*sketch = (02D9): Sketch2D 'Esquisse4'
					ref_2 = (0BF1): 99B938AE  flags=0200  index=0000 a1=Vector (0.25, 0.1, 0.0) u32_0=0010 u32_1=0000
					*ref_3 = (0BF1): 99B938AE
				*entity3 = (03DB): Line2D - (0,3.3) - (0,13)
				*entity4 = (0308): Point2D - (-0.8,8.15)
			*group = (0519): Group2D
			*parameter = (051A): Parameter 'd91'=8mm
			*entity1 = (03DB): Line2D - (0,3.3) - (0,13)
			*entity2 = (0308): Point2D - (-0.8,8.15)
		*parameters[RDxVar0] = (0046): Parameter 'RDxVar0'=1
		*parameters[RDxVar1] = (00CB): Parameter 'RDxVar1'=1
		*parameters[RDxVar2] = (02D0): Parameter 'RDxVar2'=1
		*parameters[RDxVar3] = (0447): Parameter 'RDxVar3'=1
		*parameters[d0] = (0037): Parameter 'd0'=242mm
		*parameters[d1] = (003A): Parameter 'd1'=163mm
		*parameters[d10] = (00EF): Parameter 'd10'=23mm
		*parameters[d11] = (00F1): Parameter 'd11'=76mm
		*parameters[d12] = (00FF): Parameter 'd12'=20mm
		*parameters[d14] = (010B): Parameter 'd14'=97mm
		*parameters[d15] = (010E): Parameter 'd15'=10.5mm
		*parameters[d16] = (0260): Parameter 'd16'=3mm
		*parameters[d17] = (0262): Parameter 'd17'=3mm
		*parameters[d18] = (0266): Parameter 'd18'=3mm
		*parameters[d19] = (026A): Parameter 'd19'=3mm
		*parameters[d2] = (0040): Parameter 'd2'=2.2mm
		*parameters[d20] = (026E): Parameter 'd20'=3mm
		*parameters[d21] = (0272): Parameter 'd21'=3mm
		*parameters[d22] = (0276): Parameter 'd22'=3mm
		*parameters[d23] = (027A): Parameter 'd23'=3mm
		*parameters[d24] = (027E): Parameter 'd24'=3mm
		*parameters[d25] = (0282): Parameter 'd25'=3mm
		*parameters[d26] = (0286): Parameter 'd26'=12mm
		*parameters[d27] = (0299): Parameter 'd27'=14mm
		*parameters[d28] = (029B): Parameter 'd28'=14mm
		*parameters[d29] = (029D): Parameter 'd29'=14mm
		*parameters[d3] = (0041): Parameter 'd3'=0°
		*parameters[d30] = (029F): Parameter 'd30'=33mm
		*parameters[d32] = (02A1): Parameter 'd32'=43mm
		*parameters[d33] = (02A3): Parameter 'd33'=80mm
		*parameters[d34] = (02A5): Parameter 'd34'=92mm
		*parameters[d35] = (02AD): Parameter 'd35'=48.5mm
		*parameters[d36] = (02B1): Parameter 'd36'=6mm
		*parameters[d37] = (02B6): Parameter 'd37'=19mm
		*parameters[d38] = (02B8): Parameter 'd38'=19mm
		*parameters[d39] = (02CA): Parameter 'd39'=2.2mm
		*parameters[d4] = (00B3): Parameter 'd4'=97mm
		*parameters[d40] = (02CB): Parameter 'd40'=0°
		*parameters[d41] = (02FE): Parameter 'd41'=97mm
		*parameters[d42] = (0300): Parameter 'd42'=48.5mm
		*parameters[d43] = (0342): Parameter 'd43'=3mm
		*parameters[d44] = (034E): Parameter 'd44'=4mm
		*parameters[d46] = (03A8): Parameter 'd46'=7mm
		*parameters[d47] = (03AA): Parameter 'd47'=7mm
		*parameters[d48] = (03AE): Parameter 'd48'=27.5mm
		*parameters[d49] = (03B8): Parameter 'd49'=23.5mm
		*parameters[d5] = (00B8): Parameter 'd5'=80mm
		*parameters[d50] = (03BA): Parameter 'd50'=32mm
		*parameters[d51] = (03BC): Parameter 'd51'=4.5mm
		*parameters[d52] = (03BE): Parameter 'd52'=4.5mm
		*parameters[d53] = (03C2): Parameter 'd53'=20.5mm
		*parameters[d54] = (03C4): Parameter 'd54'=20.5mm
		*parameters[d55] = (03C8): Parameter 'd55'=17mm
		*parameters[d56] = (03CA): Parameter 'd56'=14mm
		*parameters[d57] = (03CD): Parameter 'd57'=7mm
		*parameters[d59] = (03DF): Parameter 'd59'=13mm
		*parameters[d6] = (00BA): Parameter 'd6'=76mm
		*parameters[d60] = (03E1): Parameter 'd60'=11mm
		*parameters[d61] = (03E3): Parameter 'd61'=23mm
		*parameters[d62] = (03E5): Parameter 'd62'=3.5mm
		*parameters[d63] = (03E7): Parameter 'd63'=3.5mm
		*parameters[d64] = (03EB): Parameter 'd64'=3.5mm
		*parameters[d65] = (03EF): Parameter 'd65'=20mm
		*parameters[d66] = (03F1): Parameter 'd66'=22mm
		*parameters[d67] = (03F3): Parameter 'd67'=26mm
		*parameters[d68] = (0401): Parameter 'd68'=13mm
		*parameters[d69] = (0403): Parameter 'd69'=33mm
		*parameters[d7] = (00BC): Parameter 'd7'=40mm
		*parameters[d70] = (0405): Parameter 'd70'=38mm
		*parameters[d71] = (0407): Parameter 'd71'=117mm
		*parameters[d72] = (0409): Parameter 'd72'=147mm
		*parameters[d73] = (040B): Parameter 'd73'=147mm
		*parameters[d74] = (040F): Parameter 'd74'=117mm
		*parameters[d75] = (0413): Parameter 'd75'=11.5mm
		*parameters[d76] = (0415): Parameter 'd76'=11.5mm
		*parameters[d77] = (0419): Parameter 'd77'=61.5mm
		*parameters[d78] = (041B): Parameter 'd78'=67mm
		*parameters[d79] = (0441): Parameter 'd79'=2.2mm
		*parameters[d8] = (00C5): Parameter 'd8'=2.2mm
		*parameters[d80] = (0442): Parameter 'd80'=0°
		*parameters[d81] = (0455): Parameter 'd81'=1.5mm
		*parameters[d82] = (0456): Parameter 'd82'=2mm
		*parameters[d83] = (0457): Parameter 'd83'=45°
		*parameters[d84] = (049D): Parameter 'd84'=1.5mm
		*parameters[d85] = (049E): Parameter 'd85'=2mm
		*parameters[d86] = (049F): Parameter 'd86'=45°
		*parameters[d87] = (04B7): Parameter 'd87'=5mm
		*parameters[d88] = (04D4): Parameter 'd88'=20mm
		*parameters[d89] = (04F1): Parameter 'd89'=20mm
		*parameters[d9] = (00C6): Parameter 'd9'=0°
		*parameters[d90] = (050A): Parameter 'd90'=40mm
		*parameters[d91] = (051A): Parameter 'd91'=8mm
	nameTable = (0004): NameTable  lastIdx=016F 
		entries[0001] = (051C): 0645C2A5 u32_0=0005  a0=(0,0,0,0,0,180) s32_1=0 lst1=[[62,4294967295]] entries=[] a1=(0000,0000,000C,0000) a2=() a3=() a4=() a5=(0000,0000,0000)
		entries[0002] = (051D): 2E04A208 u32_0=0001  a0=(0,0,0,0,0,180) s32_0=0 lst1=[[62,4294967295]] a1=(0000,0003,0009) a2=(0000,0000) a3=() a4=(0000,0000,0000)
		entries[0003] = (051E): 2E04A208 u32_0=0001  a0=(0,0,0,0,0,180) s32_0=0 lst1=[[62,4294967295]] a1=(0000,0002,0009) a2=(0000,0000) a3=() a4=(0000,0000,0000)
		entries[0004] = (051F): 0645C2A5 u32_0=0005  a0=(0,0,0,0,0,180) s32_1=0 lst1=[[62,4294967295]] entries=[] a1=(0000,0005,0014,0000) a2=() a3=() a4=() a5=(0000,0000,0000)
		entries[0005] = (0520): 9BB4281C u32_0=0001  a0=(0,0,0,0,0,180) s32_1=0 from=0004[0002] to=0004[0003] u8_0=01 lst1=[[62,4294967295]] lst2=[[0004[0001],3],[0004[0004],5]] lst3=[[62,4294967295]] edge=0004[0001] a1=(0000,0005,000A) a2=() a3=() a4=() a5=(0000,0000,0000)
		entries[0006] = (0521): 0645C2A5 u32_0=0005  a0=(0,0,0,0,0,180) s32_1=0 lst1=[[62,4294967295]] entries=[] a1=(0000,0006,0014,0000) a2=() a3=() a4=() a5=(0000,0000,0000)
		entries[0007] = (0522): 0645C2A5 u32_0=0005  a0=(0,0,0,0,0,180) s32_1=0 lst1=[[236,4294967295]] entries=[] a1=(0000,0007,0014,0000) a2=() a3=() a4=() a5=(0000,0000,0000)
		entries[0008] = (0523): 05C619B6 u32_0=0001  a0=(0,0,0,0,0,180) s32_1=0 b1=True entries=[0004[0006],0004[0007],0004[0001]] edge=0004[0007] lst2=[[0004[0006],3],[0004[0001],2]] a5=[] a6=[]
		entries[0009] = (0524): 0645C2A5 u32_0=0005  a0=(0,0,0,0,0,180) s32_1=0 lst1=[[236,4294967295]] entries=[] a1=(0000,0011,0014,0000) a2=() a3=() a4=() a5=(0000,0000,0000)
		entries[000A] = (0525): 05C619B6 u32_0=0001  a0=(0,0,0,0,0,180) s32_1=0 b1=True entries=[0004[0006],0004[0001],0004[0009]] edge=0004[0009] lst2=[[0004[0006],3],[0004[0001],2]] a5=[] a6=[]
		entries[000B] = (0526): 9BB4281C u32_0=0001  a0=(0,0,0,0,0,180) s32_1=0 from=0004[0008] to=0004[000A] u8_0=01 lst1=[[62,4294967295]] lst2=[[0004[0001],3],[0004[0006],5]] lst3=[[62,4294967295]] edge=0004[0001] a1=(0000,0006,000A) a2=() a3=() a4=() a5=(0000,0000,0000)
		entries[000C] = (0527): 0645C2A5 u32_0=0005  a0=(0,0,0,0,0,180) s32_1=0 lst1=[[236,4294967295]] entries=[] a1=(0000,0010,0014,0000) a2=() a3=() a4=() a5=(0000,0000,0000)
		entries[000D] = (0528): 05C619B6 u32_0=0001  a0=(0,0,0,0,0,180) s32_1=0 b1=True entries=[0004[000C],0004[0009],0004[0001]] edge=0004[000C] lst2=[[0004[0001],2]] a5=[] a6=[]
		entries[000E] = (0529): BF32E0A6 u32_0=0001  a0=(0,0,0,0,0,180) s32_1=0 from=0004[000A] to=0004[000D] u8_0=01 lst1=[[236,4294967295]] lst2=[[0004[0009],4]] entries=[0004[0001],0004[0009]]
		entries[000F] = (052A): 0645C2A5 u32_0=0005  a0=(0,0,0,0,0,180) s32_1=0 lst1=[[236,4294967295]] entries=[] a1=(0000,0006,0014,0000) a2=() a3=() a4=() a5=(0000,0000,0000)
		entries[0010] = (052B): 05C619B6 u32_0=0001  a0=(0,0,0,0,0,180) s32_1=0 b1=True entries=[0004[0007],0004[000F],0004[0001]] edge=0004[0007] lst2=[[0004[0001],2]] a5=[] a6=[]
		entries[0011] = (052C): BF32E0A6 u32_0=0001  a0=(0,0,0,0,0,180) s32_1=0 from=0004[0010] to=0004[0008] u8_0=01 lst1=[[236,4294967295]] lst2=[[0004[0007],4]] entries=[0004[0001],0004[0007]]
		entries[0012] = (052D): 0645C2A5 u32_0=0005  a0=(0,0,0,0,0,180) s32_1=0 lst1=[[236,4294967295]] entries=[] a1=(0000,0018,0014,0000) a2=() a3=() a4=() a5=(0000,0000,0000)
		entries[0013] = (052E): 0645C2A5 u32_0=0005  a0=(0,0,0,0,0,180) s32_1=0 lst1=[[236,4294967295]] entries=[] a1=(0000,0017,0014,0000) a2=() a3=() a4=() a5=(0000,0000,0000)
		entries[0014] = (052F): 05C619B6 u32_0=0001  a0=(0,0,0,0,0,180) s32_1=0 b1=True entries=[0004[0012],0004[0013],0004[0001]] edge=0004[0012] lst2=[[0004[0001],2]] a5=[] a6=[]
		entries[0015] = (0530): 0645C2A5 u32_0=0005  a0=(0,0,0,0,0,180) s32_1=0 lst1=[[62,4294967295]] entries=[] a1=(0000,0008,0014,0000) a2=() a3=() a4=() a5=(0000,0000,0000)
		entries[0016] = (0531): 05C619B6 u32_0=0001  a0=(0,0,0,0,0,180) s32_1=0 b1=True entries=[0004[0015],0004[0012],0004[0001]] edge=0004[0012] lst2=[[0004[0015],3],[0004[0001],2]] a5=[] a6=[]
		entries[0017] = (0532): BF32E0A6 u32_0=0001  a0=(0,0,0,0,0,180) s32_1=0 from=0004[0014] to=0004[0016] u8_0=01 lst1=[[236,4294967295]] lst2=[[0004[0012],4]] entries=[0004[0001],0004[0012]]
		entries[0018] = (0533): 0645C2A5 u32_0=0005  a0=(0,0,0,0,0,180) s32_1=0 lst1=[[236,4294967295]] entries=[] a1=(0000,0020,0014,0000) a2=() a3=() a4=() a5=(0000,0000,0000)
		entries[0019] = (0534): 05C619B6 u32_0=0001  a0=(0,0,0,0,0,180) s32_1=0 b1=True entries=[0004[0015],0004[0001],0004[0018]] edge=0004[0018] lst2=[[0004[0015],3],[0004[0001],2]] a5=[] a6=[]
		entries[001A] = (0535): 9BB4281C u32_0=0001  a0=(0,0,0,0,0,180) s32_1=0 from=0004[0016] to=0004[0019] u8_0=01 lst1=[[62,4294967295]] lst2=[[0004[0001],3],[0004[0015],5]] lst3=[[62,4294967295]] edge=0004[0001] a1=(0000,0008,000A) a2=() a3=() a4=() a5=(0000,0000,0000)
		entries[001B] = (0536): 0645C2A5 u32_0=0005  a0=(0,0,0,0,0,180) s32_1=0 lst1=[[785,4294967295]] entries=[] a1=(0000,0007,0014,0000) a2=() a3=() a4=() a5=(0000,0000,0000)
		entries[001C] = (0537): 0645C2A5 u32_0=0005  a0=(0,0,0,0,0,180) s32_1=0 lst1=[[785,4294967295]] entries=[] a1=(0000,0006,0014,0000) a2=() a3=() a4=() a5=(0000,0000,0000)
		entries[001D] = (0538): 05C619B6 u32_0=0001  a0=(0,0,0,0,0,180) s32_1=0 b1=True entries=[0004[001B],0004[001C],0004[0001]] edge=0004[001B] lst2=[[0004[0001],2]] a5=[] a6=[]
		entries[001E] = (0539): 0645C2A5 u32_0=0005  a0=(0,0,0,0,0,180) s32_1=0 lst1=[[785,4294967295]] entries=[] a1=(0000,0008,0014,0000) a2=() a3=() a4=() a5=(0000,0000,0000)
		entries[001F] = (053A): 05C619B6 u32_0=0001  a0=(0,0,0,0,0,180) s32_1=0 b1=True entries=[0004[001E],0004[001B],0004[0001]] edge=0004[001E] lst2=[[0004[0001],2]] a5=[] a6=[]
		entries[0020] = (053B): BF32E0A6 u32_0=0001  a0=(0,0,0,0,0,180) s32_1=0 from=0004[001D] to=0004[001F] u8_0=01 lst1=[[785,4294967295]] lst2=[[0004[001B],4]] entries=[0004[0001],0004[001B]]
		entries[0021] = (053C): 0645C2A5 u32_0=0005  a0=(0,0,0,0,0,180) s32_1=0 lst1=[[785,4294967295]] entries=[] a1=(0000,0009,0014,0000) a2=() a3=() a4=() a5=(0000,0000,0000)
		entries[0022] = (053D): 05C619B6 u32_0=0001  a0=(0,0,0,0,0,180) s32_1=0 b1=True entries=[0004[0021],0004[001E],0004[0001]] edge=0004[0021] lst2=[[0004[0001],2]] a5=[] a6=[]
		entries[0023] = (053E): 05C619B6 u32_0=0001  a0=(0,0,0,0,0,180) s32_1=0 b1=True entries=[0004[0001],0004[001C],0004[0021]] edge=0004[001C] lst2=[[0004[0001],2]] a5=[] a6=[]
		entries[0024] = (053F): BF32E0A6 u32_0=0001  a0=(0,0,0,0,0,180) s32_1=0 from=0004[0022] to=0004[0023] u8_0=01 lst1=[[785,4294967295]] lst2=[[0004[0021],4]] entries=[0004[0001],0004[0021]]
		entries[0025] = (0540): 0645C2A5 u32_0=0005  a0=(0,0,0,0,0,180) s32_1=0 lst1=[[1299,4294967295]] entries=[] a1=(0000,0040,0014,0000) a2=() a3=() a4=() a5=(0000,0000,0000)
		entries[0026] = (0541): 05C619B6 u32_0=0001  a0=(0,0,0,0,0,180) s32_1=0 b1=True entries=[0004[0001],0004[0025]] edge=0004[0025] lst2=[[0004[0001],2]] a5=[[0004[0025],0]] a6=[]
		entries[0027] = (0542): BF32E0A6 u32_0=0001  a0=(0,0,0,0,0,180) s32_1=0 from=0004[0026] to=0004[0026] u8_0=01 lst1=[[1299,4294967295]] lst2=[[0004[0025],4]] entries=[0004[0001],0004[0025]]
		entries[0028] = (0543): 0645C2A5 u32_0=0005  a0=(0,0,0,0,0,180) s32_1=0 lst1=[[1299,4294967295]] entries=[] a1=(0000,0038,0014,0000) a2=() a3=() a4=() a5=(0000,0000,0000)
		entries[0029] = (0544): 05C619B6 u32_0=0001  a0=(0,0,0,0,0,180) s32_1=0 b1=True entries=[0004[0001],0004[0028]] edge=0004[0028] lst2=[[0004[0001],2]] a5=[[0004[0028],0]] a6=[]
		entries[002A] = (0545): BF32E0A6 u32_0=0001  a0=(0,0,0,0,0,180) s32_1=0 from=0004[0029] to=0004[0029] u8_0=01 lst1=[[1299,4294967295]] lst2=[[0004[0028],4]] entries=[0004[0001],0004[0028]]
		entries[002B] = (0546): 0645C2A5 u32_0=0005  a0=(0,0,0,0,0,180) s32_1=0 lst1=[[1299,4294967295]] entries=[] a1=(0000,003A,0014,0000) a2=() a3=() a4=() a5=(0000,0000,0000)
		entries[002C] = (0547): 05C619B6 u32_0=0001  a0=(0,0,0,0,0,180) s32_1=0 b1=True entries=[0004[0001],0004[002B]] edge=0004[002B] lst2=[[0004[0001],2]] a5=[[0004[002B],0]] a6=[]
		entries[002D] = (0548): BF32E0A6 u32_0=0001  a0=(0,0,0,0,0,180) s32_1=0 from=0004[002C] to=0004[002C] u8_0=01 lst1=[[1299,4294967295]] lst2=[[0004[002B],4]] entries=[0004[0001],0004[002B]]
		entries[002E] = (0549): 0645C2A5 u32_0=0005  a0=(0,0,0,0,0,180) s32_1=0 lst1=[[1299,4294967295]] entries=[] a1=(0000,0042,0014,0000) a2=() a3=() a4=() a5=(0000,0000,0000)
		entries[002F] = (054A): 05C619B6 u32_0=0001  a0=(0,0,0,0,0,180) s32_1=0 b1=True entries=[0004[0001],0004[002E]] edge=0004[002E] lst2=[[0004[0001],2]] a5=[[0004[002E],0]] a6=[]
		entries[0030] = (054B): BF32E0A6 u32_0=0001  a0=(0,0,0,0,0,180) s32_1=0 from=0004[002F] to=0004[002F] u8_0=01 lst1=[[1299,4294967295]] lst2=[[0004[002E],4]] entries=[0004[0001],0004[002E]]
		entries[0031] = (054C): 0645C2A5 u32_0=0005  a0=(0,0,0,0,0,180) s32_1=0 lst1=[[1299,4294967295]] entries=[] a1=(0000,0051,0014,0000) a2=() a3=() a4=() a5=(0000,0000,0000)
		entries[0032] = (054D): 05C619B6 u32_0=0001  a0=(0,0,0,0,0,180) s32_1=0 b1=True entries=[0004[0001],0004[0031]] edge=0004[0031] lst2=[[0004[0001],2]] a5=[[0004[0031],0]] a6=[]
		entries[0033] = (054E): BF32E0A6 u32_0=0001  a0=(0,0,0,0,0,180) s32_1=0 from=0004[0032] to=0004[0032] u8_0=01 lst1=[[1299,4294967295]] lst2=[[0004[0031],4]] entries=[0004[0001],0004[0031]]
		entries[0034] = (054F): 0645C2A5 u32_0=0005  a0=(0,0,0,0,0,180) s32_1=0 lst1=[[1299,4294967295]] entries=[] a1=(0000,0053,0014,0000) a2=() a3=() a4=() a5=(0000,0000,0000)
		entries[0035] = (0550): 05C619B6 u32_0=0001  a0=(0,0,0,0,0,180) s32_1=0 b1=True entries=[0004[0001],0004[0034]] edge=0004[0034] lst2=[[0004[0001],2]] a5=[[0004[0034],0]] a6=[]
		entries[0036] = (0551): BF32E0A6 u32_0=0001  a0=(0,0,0,0,0,180) s32_1=0 from=0004[0035] to=0004[0035] u8_0=01 lst1=[[1299,4294967295]] lst2=[[0004[0034],4]] entries=[0004[0001],0004[0034]]
		entries[0037] = (0552): 0645C2A5 u32_0=0005  a0=(0,0,0,0,0,180) s32_1=0 lst1=[[1299,4294967295]] entries=[] a1=(0000,004F,0014,0000) a2=() a3=() a4=() a5=(0000,0000,0000)
		entries[0038] = (0553): 05C619B6 u32_0=0001  a0=(0,0,0,0,0,180) s32_1=0 b1=True entries=[0004[0001],0004[0037]] edge=0004[0037] lst2=[[0004[0001],2]] a5=[[0004[0037],0]] a6=[]
		entries[0039] = (0554): BF32E0A6 u32_0=0001  a0=(0,0,0,0,0,180) s32_1=0 from=0004[0038] to=0004[0038] u8_0=01 lst1=[[1299,4294967295]] lst2=[[0004[0037],4]] entries=[0004[0001],0004[0037]]
		entries[003A] = (0555): 0645C2A5 u32_0=0005  a0=(0,0,0,0,0,180) s32_1=0 lst1=[[1299,4294967295]] entries=[] a1=(0000,0036,0014,0000) a2=() a3=() a4=() a5=(0000,0000,0000)
		entries[003B] = (0556): 05C619B6 u32_0=0001  a0=(0,0,0,0,0,180) s32_1=0 b1=True entries=[0004[0001],0004[003A]] edge=0004[003A] lst2=[[0004[0001],2]] a5=[[0004[003A],0]] a6=[]
		entries[003C] = (0557): BF32E0A6 u32_0=0001  a0=(0,0,0,0,0,180) s32_1=0 from=0004[003B] to=0004[003B] u8_0=01 lst1=[[1299,4294967295]] lst2=[[0004[003A],4]] entries=[0004[0001],0004[003A]]
		entries[003D] = (0558): 0645C2A5 u32_0=0005  a0=(0,0,0,0,0,180) s32_1=0 lst1=[[1299,4294967295]] entries=[] a1=(0000,0030,0014,0000) a2=() a3=() a4=() a5=(0000,0000,0000)
		entries[003E] = (0559): 05C619B6 u32_0=0001  a0=(0,0,0,0,0,180) s32_1=0 b1=True entries=[0004[0001],0004[003D]] edge=0004[003D] lst2=[[0004[0001],2]] a5=[[0004[003D],0]] a6=[]
		entries[003F] = (055A): BF32E0A6 u32_0=0001  a0=(0,0,0,0,0,180) s32_1=0 from=0004[003E] to=0004[003E] u8_0=01 lst1=[[1299,4294967295]] lst2=[[0004[003D],4]] entries=[0004[0001],0004[003D]]
		entries[0040] = (055B): 0645C2A5 u32_0=0005  a0=(0,0,0,0,0,180) s32_1=0 lst1=[[1299,4294967295]] entries=[] a1=(0000,002C,0014,0000) a2=() a3=() a4=() a5=(0000,0000,0000)
		entries[0041] = (055C): 05C619B6 u32_0=0001  a0=(0,0,0,0,0,180) s32_1=0 b1=True entries=[0004[0001],0004[0040]] edge=0004[0040] lst2=[[0004[0001],2]] a5=[[0004[0040],0]] a6=[]
		entries[0042] = (055D): BF32E0A6 u32_0=0001  a0=(0,0,0,0,0,180) s32_1=0 from=0004[0041] to=0004[0041] u8_0=01 lst1=[[1299,4294967295]] lst2=[[0004[0040],4]] entries=[0004[0001],0004[0040]]
		entries[0043] = (055E): 0645C2A5 u32_0=0005  a0=(0,0,0,0,0,180) s32_1=0 lst1=[[1299,4294967295]] entries=[] a1=(0000,0067,0014,0000) a2=() a3=() a4=() a5=(0000,0000,0000)
		entries[0044] = (055F): 05C619B6 u32_0=0001  a0=(0,0,0,0,0,180) s32_1=0 b1=True entries=[0004[0001],0004[0043]] edge=0004[0043] lst2=[[0004[0001],2]] a5=[[0004[0043],0]] a6=[]
		entries[0045] = (0560): BF32E0A6 u32_0=0001  a0=(0,0,0,0,0,180) s32_1=0 from=0004[0044] to=0004[0044] u8_0=01 lst1=[[1299,4294967295]] lst2=[[0004[0043],4]] entries=[0004[0001],0004[0043]]
		entries[0046] = (0561): 0645C2A5 u32_0=0005  a0=(0,0,0,0,0,180) s32_1=0 lst1=[[1299,4294967295]] entries=[] a1=(0000,0069,0014,0000) a2=() a3=() a4=() a5=(0000,0000,0000)
		entries[0047] = (0562): 05C619B6 u32_0=0001  a0=(0,0,0,0,0,180) s32_1=0 b1=True entries=[0004[0001],0004[0046]] edge=0004[0046] lst2=[[0004[0001],2]] a5=[[0004[0046],0]] a6=[]
		entries[0048] = (0563): BF32E0A6 u32_0=0001  a0=(0,0,0,0,0,180) s32_1=0 from=0004[0047] to=0004[0047] u8_0=01 lst1=[[1299,4294967295]] lst2=[[0004[0046],4]] entries=[0004[0001],0004[0046]]
		entries[0049] = (0564): 0645C2A5 u32_0=0005  a0=(0,0,0,0,0,180) s32_1=0 lst1=[[1299,4294967295]] entries=[] a1=(0000,0065,0014,0000) a2=() a3=() a4=() a5=(0000,0000,0000)
		entries[004A] = (0565): 05C619B6 u32_0=0001  a0=(0,0,0,0,0,180) s32_1=0 b1=True entries=[0004[0001],0004[0049]] edge=0004[0049] lst2=[[0004[0001],2]] a5=[[0004[0049],0]] a6=[]
		entries[004B] = (0566): BF32E0A6 u32_0=0001  a0=(0,0,0,0,0,180) s32_1=0 from=0004[004A] to=0004[004A] u8_0=01 lst1=[[1299,4294967295]] lst2=[[0004[0049],4]] entries=[0004[0001],0004[0049]]
		entries[004C] = (0567): 0645C2A5 u32_0=0005  a0=(0,0,0,0,0,180) s32_1=0 lst1=[[1299,4294967295]] entries=[] a1=(0000,000C,0014,0000) a2=() a3=() a4=() a5=(0000,0000,0000)
		entries[004D] = (0568): 05C619B6 u32_0=0001  a0=(0,0,0,0,0,180) s32_1=0 b1=True entries=[0004[0001],0004[004C]] edge=0004[004C] lst2=[[0004[0001],2]] a5=[[0004[004C],0]] a6=[]
		entries[004E] = (0569): BF32E0A6 u32_0=0001  a0=(0,0,0,0,0,180) s32_1=0 from=0004[004D] to=0004[004D] u8_0=01 lst1=[[1299,4294967295]] lst2=[[0004[004C],4]] entries=[0004[0001],0004[004C]]
		entries[004F] = (056A): 0645C2A5 u32_0=0005  a0=(0,0,0,0,0,180) s32_1=0 lst1=[[1299,4294967295]] entries=[] a1=(0000,000E,0014,0000) a2=() a3=() a4=() a5=(0000,0000,0000)
		entries[0050] = (056B): 05C619B6 u32_0=0001  a0=(0,0,0,0,0,180) s32_1=0 b1=True entries=[0004[0001],0004[004F]] edge=0004[004F] lst2=[[0004[0001],2]] a5=[[0004[004F],0]] a6=[]
		entries[0051] = (056C): BF32E0A6 u32_0=0001  a0=(0,0,0,0,0,180) s32_1=0 from=0004[0050] to=0004[0050] u8_0=01 lst1=[[1299,4294967295]] lst2=[[0004[004F],4]] entries=[0004[0001],0004[004F]]
		entries[0052] = (056D): 0645C2A5 u32_0=0005  a0=(0,0,0,0,0,180) s32_1=0 lst1=[[1299,4294967295]] entries=[] a1=(0000,0010,0014,0000) a2=() a3=() a4=() a5=(0000,0000,0000)
		entries[0053] = (056E): 05C619B6 u32_0=0001  a0=(0,0,0,0,0,180) s32_1=0 b1=True entries=[0004[0001],0004[0052]] edge=0004[0052] lst2=[[0004[0001],2]] a5=[[0004[0052],0]] a6=[]
		entries[0054] = (056F): BF32E0A6 u32_0=0001  a0=(0,0,0,0,0,180) s32_1=0 from=0004[0053] to=0004[0053] u8_0=01 lst1=[[1299,4294967295]] lst2=[[0004[0052],4]] entries=[0004[0001],0004[0052]]
		entries[0055] = (0570): 0645C2A5 u32_0=0005  a0=(0,0,0,0,0,180) s32_1=0 lst1=[[1299,4294967295]] entries=[] a1=(0000,0012,0014,0000) a2=() a3=() a4=() a5=(0000,0000,0000)
		entries[0056] = (0571): 05C619B6 u32_0=0001  a0=(0,0,0,0,0,180) s32_1=0 b1=True entries=[0004[0001],0004[0055]] edge=0004[0055] lst2=[[0004[0001],2]] a5=[[0004[0055],0]] a6=[]
		entries[0057] = (0572): BF32E0A6 u32_0=0001  a0=(0,0,0,0,0,180) s32_1=0 from=0004[0056] to=0004[0056] u8_0=01 lst1=[[1299,4294967295]] lst2=[[0004[0055],4]] entries=[0004[0001],0004[0055]]
		entries[0058] = (0573): 0645C2A5 u32_0=0005  a0=(0,0,0,0,0,180) s32_1=0 lst1=[[1299,4294967295]] entries=[] a1=(0000,0018,0014,0000) a2=() a3=() a4=() a5=(0000,0000,0000)
		entries[0059] = (0574): 05C619B6 u32_0=0001  a0=(0,0,0,0,0,180) s32_1=0 b1=True entries=[0004[0001],0004[0058]] edge=0004[0058] lst2=[[0004[0001],2]] a5=[[0004[0058],0]] a6=[]
		entries[005A] = (0575): BF32E0A6 u32_0=0001  a0=(0,0,0,0,0,180) s32_1=0 from=0004[0059] to=0004[0059] u8_0=01 lst1=[[1299,4294967295]] lst2=[[0004[0058],4]] entries=[0004[0001],0004[0058]]
		entries[005B] = (0576): 0645C2A5 u32_0=0005  a0=(0,0,0,0,0,180) s32_1=0 lst1=[[1299,4294967295]] entries=[] a1=(0000,002A,0014,0000) a2=() a3=() a4=() a5=(0000,0000,0000)
		entries[005C] = (0577): 05C619B6 u32_0=0001  a0=(0,0,0,0,0,180) s32_1=0 b1=True entries=[0004[0001],0004[005B]] edge=0004[005B] lst2=[[0004[0001],2]] a5=[[0004[005B],0]] a6=[]
		entries[005D] = (0578): BF32E0A6 u32_0=0001  a0=(0,0,0,0,0,180) s32_1=0 from=0004[005C] to=0004[005C] u8_0=01 lst1=[[1299,4294967295]] lst2=[[0004[005B],4]] entries=[0004[0001],0004[005B]]
		entries[005E] = (0579): 0645C2A5 u32_0=0005  a0=(0,0,0,0,0,180) s32_1=0 lst1=[[1299,4294967295]] entries=[] a1=(0000,0028,0014,0000) a2=() a3=() a4=() a5=(0000,0000,0000)
		entries[005F] = (057A): 05C619B6 u32_0=0001  a0=(0,0,0,0,0,180) s32_1=0 b1=True entries=[0004[0001],0004[005E]] edge=0004[005E] lst2=[[0004[0001],2]] a5=[[0004[005E],0]] a6=[]
		entries[0060] = (057B): BF32E0A6 u32_0=0001  a0=(0,0,0,0,0,180) s32_1=0 from=0004[005F] to=0004[005F] u8_0=01 lst1=[[1299,4294967295]] lst2=[[0004[005E],4]] entries=[0004[0001],0004[005E]]
		entries[0061] = (057C): 0645C2A5 u32_0=0005  a0=(0,0,0,0,0,180) s32_1=0 lst1=[[1299,4294967295]] entries=[] a1=(0000,0026,0014,0000) a2=() a3=() a4=() a5=(0000,0000,0000)
		entries[0062] = (057D): 05C619B6 u32_0=0001  a0=(0,0,0,0,0,180) s32_1=0 b1=True entries=[0004[0001],0004[0061]] edge=0004[0061] lst2=[[0004[0001],2]] a5=[[0004[0061],0]] a6=[]
		entries[0063] = (057E): BF32E0A6 u32_0=0001  a0=(0,0,0,0,0,180) s32_1=0 from=0004[0062] to=0004[0062] u8_0=01 lst1=[[1299,4294967295]] lst2=[[0004[0061],4]] entries=[0004[0001],0004[0061]]
		entries[0064] = (057F): 0645C2A5 u32_0=0005  a0=(0,0,0,0,0,180) s32_1=0 lst1=[[1299,4294967295]] entries=[] a1=(0000,0024,0014,0000) a2=() a3=() a4=() a5=(0000,0000,0000)
		entries[0065] = (0580): 05C619B6 u32_0=0001  a0=(0,0,0,0,0,180) s32_1=0 b1=True entries=[0004[0001],0004[0064]] edge=0004[0064] lst2=[[0004[0001],2]] a5=[[0004[0064],0]] a6=[]
		entries[0066] = (0581): BF32E0A6 u32_0=0001  a0=(0,0,0,0,0,180) s32_1=0 from=0004[0065] to=0004[0065] u8_0=01 lst1=[[1299,4294967295]] lst2=[[0004[0064],4]] entries=[0004[0001],0004[0064]]
		entries[0067] = (0582): 0645C2A5 u32_0=0005  a0=(0,0,0,0,0,180) s32_1=0 lst1=[[1299,4294967295]] entries=[] a1=(0000,005B,0014,0000) a2=() a3=() a4=() a5=(0000,0000,0000)
		entries[0068] = (0583): 05C619B6 u32_0=0001  a0=(0,0,0,0,0,180) s32_1=0 b1=True entries=[0004[0001],0004[0067]] edge=0004[0067] lst2=[[0004[0001],2]] a5=[[0004[0067],0]] a6=[]
		entries[0069] = (0584): BF32E0A6 u32_0=0001  a0=(0,0,0,0,0,180) s32_1=0 from=0004[0068] to=0004[0068] u8_0=01 lst1=[[1299,4294967295]] lst2=[[0004[0067],4]] entries=[0004[0001],0004[0067]]
		entries[006A] = (0585): 0645C2A5 u32_0=0005  a0=(0,0,0,0,0,180) s32_1=0 lst1=[[1299,4294967295]] entries=[] a1=(0000,005D,0014,0000) a2=() a3=() a4=() a5=(0000,0000,0000)
		entries[006B] = (0586): 05C619B6 u32_0=0001  a0=(0,0,0,0,0,180) s32_1=0 b1=True entries=[0004[0001],0004[006A]] edge=0004[006A] lst2=[[0004[0001],2]] a5=[[0004[006A],0]] a6=[]
		entries[006C] = (0587): BF32E0A6 u32_0=0001  a0=(0,0,0,0,0,180) s32_1=0 from=0004[006B] to=0004[006B] u8_0=01 lst1=[[1299,4294967295]] lst2=[[0004[006A],4]] entries=[0004[0001],0004[006A]]
		entries[006D] = (0588): 0645C2A5 u32_0=0005  a0=(0,0,0,0,0,180) s32_1=0 lst1=[[1299,4294967295]] entries=[] a1=(0000,0059,0014,0000) a2=() a3=() a4=() a5=(0000,0000,0000)
		entries[006E] = (0589): 05C619B6 u32_0=0001  a0=(0,0,0,0,0,180) s32_1=0 b1=True entries=[0004[0001],0004[006D]] edge=0004[006D] lst2=[[0004[0001],2]] a5=[[0004[006D],0]] a6=[]
		entries[006F] = (058A): BF32E0A6 u32_0=0001  a0=(0,0,0,0,0,180) s32_1=0 from=0004[006E] to=0004[006E] u8_0=01 lst1=[[1299,4294967295]] lst2=[[0004[006D],4]] entries=[0004[0001],0004[006D]]
		entries[0070] = (058B): 0645C2A5 u32_0=0005  a0=(0,0,0,0,0,180) s32_1=0 lst1=[[1299,4294967295]] entries=[] a1=(0000,0057,0014,0000) a2=() a3=() a4=() a5=(0000,0000,0000)
		entries[0071] = (058C): 05C619B6 u32_0=0001  a0=(0,0,0,0,0,180) s32_1=0 b1=True entries=[0004[0001],0004[0070]] edge=0004[0070] lst2=[[0004[0001],2]] a5=[[0004[0070],0]] a6=[]
		entries[0072] = (058D): BF32E0A6 u32_0=0001  a0=(0,0,0,0,0,180) s32_1=0 from=0004[0071] to=0004[0071] u8_0=01 lst1=[[1299,4294967295]] lst2=[[0004[0070],4]] entries=[0004[0001],0004[0070]]
		entries[0073] = (058E): 0645C2A5 u32_0=0005  a0=(0,0,0,0,0,180) s32_1=0 lst1=[[1299,4294967295]] entries=[] a1=(0000,005F,0014,0000) a2=() a3=() a4=() a5=(0000,0000,0000)
		entries[0074] = (058F): 05C619B6 u32_0=0001  a0=(0,0,0,0,0,180) s32_1=0 b1=True entries=[0004[0001],0004[0073]] edge=0004[0073] lst2=[[0004[0001],2]] a5=[[0004[0073],0]] a6=[]
		entries[0075] = (0590): BF32E0A6 u32_0=0001  a0=(0,0,0,0,0,180) s32_1=0 from=0004[0074] to=0004[0074] u8_0=01 lst1=[[1299,4294967295]] lst2=[[0004[0073],4]] entries=[0004[0001],0004[0073]]
		entries[0076] = (0591): 0645C2A5 u32_0=0005  a0=(0,0,0,0,0,180) s32_1=0 lst1=[[1299,4294967295]] entries=[] a1=(0000,0061,0014,0000) a2=() a3=() a4=() a5=(0000,0000,0000)
		entries[0077] = (0592): 05C619B6 u32_0=0001  a0=(0,0,0,0,0,180) s32_1=0 b1=True entries=[0004[0001],0004[0076]] edge=0004[0076] lst2=[[0004[0001],2]] a5=[[0004[0076],0]] a6=[]
		entries[0078] = (0593): BF32E0A6 u32_0=0001  a0=(0,0,0,0,0,180) s32_1=0 from=0004[0077] to=0004[0077] u8_0=01 lst1=[[1299,4294967295]] lst2=[[0004[0076],4]] entries=[0004[0001],0004[0076]]
		entries[0079] = (0594): 0645C2A5 u32_0=0005  a0=(0,0,0,0,0,180) s32_1=0 lst1=[[1299,4294967295]] entries=[] a1=(0000,0063,0014,0000) a2=() a3=() a4=() a5=(0000,0000,0000)
		entries[007A] = (0595): 05C619B6 u32_0=0001  a0=(0,0,0,0,0,180) s32_1=0 b1=True entries=[0004[0001],0004[0079]] edge=0004[0079] lst2=[[0004[0001],2]] a5=[[0004[0079],0]] a6=[]
		entries[007B] = (0596): BF32E0A6 u32_0=0001  a0=(0,0,0,0,0,180) s32_1=0 from=0004[007A] to=0004[007A] u8_0=01 lst1=[[1299,4294967295]] lst2=[[0004[0079],4]] entries=[0004[0001],0004[0079]]
		entries[007C] = (0597): 0645C2A5 u32_0=0005  a0=(0,0,0,0,0,180) s32_1=0 lst1=[[1299,4294967295]] entries=[] a1=(0000,004D,0014,0000) a2=() a3=() a4=() a5=(0000,0000,0000)
		entries[007D] = (0598): 05C619B6 u32_0=0001  a0=(0,0,0,0,0,180) s32_1=0 b1=True entries=[0004[0001],0004[007C]] edge=0004[007C] lst2=[[0004[0001],2]] a5=[[0004[007C],0]] a6=[]
		entries[007E] = (0599): BF32E0A6 u32_0=0001  a0=(0,0,0,0,0,180) s32_1=0 from=0004[007D] to=0004[007D] u8_0=01 lst1=[[1299,4294967295]] lst2=[[0004[007C],4]] entries=[0004[0001],0004[007C]]
		entries[007F] = (059A): 0645C2A5 u32_0=0005  a0=(0,0,0,0,0,180) s32_1=0 lst1=[[1299,4294967295]] entries=[] a1=(0000,0055,0014,0000) a2=() a3=() a4=() a5=(0000,0000,0000)
		entries[0080] = (059B): 05C619B6 u32_0=0001  a0=(0,0,0,0,0,180) s32_1=0 b1=True entries=[0004[0001],0004[007F]] edge=0004[007F] lst2=[[0004[0001],2]] a5=[[0004[007F],0]] a6=[]
		entries[0081] = (059C): BF32E0A6 u32_0=0001  a0=(0,0,0,0,0,180) s32_1=0 from=0004[0080] to=0004[0080] u8_0=01 lst1=[[1299,4294967295]] lst2=[[0004[007F],4]] entries=[0004[0001],0004[007F]]
		entries[0082] = (059D): 0645C2A5 u32_0=0005  a0=(0,0,0,0,0,180) s32_1=0 lst1=[[1299,4294967295]] entries=[] a1=(0000,0046,0014,0000) a2=() a3=() a4=() a5=(0000,0000,0000)
		entries[0083] = (059E): 05C619B6 u32_0=0001  a0=(0,0,0,0,0,180) s32_1=0 b1=True entries=[0004[0001],0004[0082]] edge=0004[0082] lst2=[[0004[0001],2]] a5=[[0004[0082],0]] a6=[]
		entries[0084] = (059F): BF32E0A6 u32_0=0001  a0=(0,0,0,0,0,180) s32_1=0 from=0004[0083] to=0004[0083] u8_0=01 lst1=[[1299,4294967295]] lst2=[[0004[0082],4]] entries=[0004[0001],0004[0082]]
		entries[0085] = (05A0): 0645C2A5 u32_0=0005  a0=(0,0,0,0,0,180) s32_1=0 lst1=[[1299,4294967295]] entries=[] a1=(0000,0048,0014,0000) a2=() a3=() a4=() a5=(0000,0000,0000)
		entries[0086] = (05A1): 05C619B6 u32_0=0001  a0=(0,0,0,0,0,180) s32_1=0 b1=True entries=[0004[0001],0004[0085]] edge=0004[0085] lst2=[[0004[0001],2]] a5=[[0004[0085],0]] a6=[]
		entries[0087] = (05A2): BF32E0A6 u32_0=0001  a0=(0,0,0,0,0,180) s32_1=0 from=0004[0086] to=0004[0086] u8_0=01 lst1=[[1299,4294967295]] lst2=[[0004[0085],4]] entries=[0004[0001],0004[0085]]
		entries[0088] = (05A3): 0645C2A5 u32_0=0005  a0=(0,0,0,0,0,180) s32_1=0 lst1=[[62,4294967295]] entries=[] a1=(0000,0000,0004,0000) a2=() a3=() a4=() a5=(0000,0000,0000)
		entries[0089] = (05A4): 05C619B6 u32_0=0001  a0=(0,0,0,0,0,180) s32_1=0 b1=True entries=[0004[0088],0004[001C],0004[001B]] edge=0004[001C] lst2=[[0004[0088],1]] a5=[] a6=[]
		entries[008A] = (05A5): 9BB4281C u32_0=0001  a0=(0,0,0,0,0,180) s32_1=0 from=0004[001D] to=0004[0089] u8_0=01 lst1=[[785,4294967295]] lst2=[[0004[001B],1],[0004[001C],2]] lst3=[[785,4294967295]] edge=0004[001B] a1=(0000,0004,0012) a2=() a3=() a4=() a5=(0000,0000,0000)
		entries[008B] = (05A6): 05C619B6 u32_0=0001  a0=(0,0,0,0,0,180) s32_1=0 b1=True entries=[0004[0021],0004[001C],0004[0088]] edge=0004[0021] lst2=[[0004[0088],1]] a5=[] a6=[]
		entries[008C] = (05A7): 9BB4281C u32_0=0001  a0=(0,0,0,0,0,180) s32_1=0 from=0004[0023] to=0004[008B] u8_0=01 lst1=[[785,4294967295]] lst2=[[0004[001C],1],[0004[0021],2]] lst3=[[785,4294967295]] edge=0004[001C] a1=(0000,0002,0012) a2=() a3=() a4=() a5=(0000,0000,0000)
		entries[008D] = (05A8): 05C619B6 u32_0=0001  a0=(0,0,0,0,0,180) s32_1=0 b1=True entries=[0004[0088],0004[001B],0004[001E]] edge=0004[001B] lst2=[[0004[0088],1]] a5=[] a6=[]
		entries[008E] = (05A9): 9BB4281C u32_0=0001  a0=(0,0,0,0,0,180) s32_1=0 from=0004[001F] to=0004[008D] u8_0=01 lst1=[[785,4294967295]] lst2=[[0004[001E],1],[0004[001B],2]] lst3=[[785,4294967295]] edge=0004[001E] a1=(0000,0003,0012) a2=() a3=() a4=() a5=(0000,0000,0000)
		entries[008F] = (05AA): 05C619B6 u32_0=0001  a0=(0,0,0,0,0,180) s32_1=0 b1=True entries=[0004[0088],0004[001E],0004[0021]] edge=0004[001E] lst2=[[0004[0088],1]] a5=[] a6=[]
		entries[0090] = (05AB): 9BB4281C u32_0=0001  a0=(0,0,0,0,0,180) s32_1=0 from=0004[0022] to=0004[008F] u8_0=01 lst1=[[785,4294967295]] lst2=[[0004[0021],1],[0004[001E],2]] lst3=[[785,4294967295]] edge=0004[0021] a1=(0000,0005,0012) a2=() a3=() a4=() a5=(0000,0000,0000)
		entries[0097] = (05AC): 05C619B6 u32_0=0001  a0=(0,0,0,0,0,180) s32_1=0 b1=True entries=[0004[0088],0004[0009],0004[000C]] edge=0004[0009] lst2=[[0004[0088],1]] a5=[] a6=[]
		entries[0098] = (05AD): 9BB4281C u32_0=0001  a0=(0,0,0,0,0,180) s32_1=0 from=0004[000D] to=0004[0097] u8_0=01 lst1=[[236,4294967295]] lst2=[[0004[000C],1],[0004[0009],2]] lst3=[[236,4294967295]] edge=0004[000C] a1=(0000,000C,0012) a2=() a3=() a4=() a5=(0000,0000,0000)
		entries[0099] = (05AE): 05C619B6 u32_0=0001  a0=(0,0,0,0,0,180) s32_1=0 b1=True entries=[0004[0088],0004[000F],0004[0007]] edge=0004[000F] lst2=[[0004[0088],1]] a5=[] a6=[]
		entries[009A] = (05AF): 9BB4281C u32_0=0001  a0=(0,0,0,0,0,180) s32_1=0 from=0004[0010] to=0004[0099] u8_0=01 lst1=[[236,4294967295]] lst2=[[0004[0007],1],[0004[000F],2]] lst3=[[236,4294967295]] edge=0004[0007] a1=(0000,0002,0012) a2=() a3=() a4=() a5=(0000,0000,0000)
		entries[009B] = (05B0): 0645C2A5 u32_0=0005  a0=(0,0,0,0,0,180) s32_1=0 lst1=[[236,4294967295]] entries=[] a1=(0000,001F,0014,0000) a2=() a3=() a4=() a5=(0000,0000,0000)
		entries[009C] = (05B1): 05C619B6 u32_0=0001  a0=(0,0,0,0,0,180) s32_1=0 b1=True entries=[0004[009B],0004[0018],0004[0001]] edge=0004[009B] lst2=[[0004[0001],2]] a5=[] a6=[]
		entries[009D] = (05B2): 05C619B6 u32_0=0001  a0=(0,0,0,0,0,180) s32_1=0 b1=True entries=[0004[0088],0004[0018],0004[009B]] edge=0004[0018] lst2=[[0004[0088],1]] a5=[] a6=[]
		entries[009E] = (05B3): 9BB4281C u32_0=0001  a0=(0,0,0,0,0,180) s32_1=0 from=0004[009C] to=0004[009D] u8_0=01 lst1=[[236,4294967295]] lst2=[[0004[009B],1],[0004[0018],2]] lst3=[[236,4294967295]] edge=0004[009B] a1=(0000,001B,0012) a2=() a3=() a4=() a5=(0000,0000,0000)
		entries[009F] = (05B4): 05C619B6 u32_0=0001  a0=(0,0,0,0,0,180) s32_1=0 b1=True entries=[0004[0088],0004[0013],0004[0012]] edge=0004[0013] lst2=[[0004[0088],1]] a5=[] a6=[]
		entries[00A0] = (05B5): 9BB4281C u32_0=0001  a0=(0,0,0,0,0,180) s32_1=0 from=0004[0014] to=0004[009F] u8_0=01 lst1=[[236,4294967295]] lst2=[[0004[0012],1],[0004[0013],2]] lst3=[[236,4294967295]] edge=0004[0012] a1=(0000,0013,0012) a2=() a3=() a4=() a5=(0000,0000,0000)
		entries[00BB] = (05B6): 05C619B6 u32_0=0001  a0=(0,0,0,0,0,180) s32_1=0 b1=True entries=[0004[0004],0004[000C],0004[0001]] edge=0004[000C] lst2=[[0004[0004],3],[0004[0001],2]] a5=[] a6=[]
		entries[00BC] = (05B7): 05C619B6 u32_0=0001  a0=(0,0,0,0,0,180) s32_1=0 b1=True entries=[0004[0088],0004[000C],0004[0004]] edge=0004[000C] lst2=[[0004[0088],1],[0004[0004],3]] a5=[] a6=[]
		entries[00BD] = (05B8): BF32E0A6 u32_0=0001  a0=(0,0,0,0,0,180) s32_1=0 from=0004[00BB] to=0004[00BC] u8_0=01 lst1=[[236,4294967295]] lst2=[[0004[000C],2]] entries=[0004[0004],0004[000C]]
		entries[00BE] = (05B9): 0645C2A5 u32_0=0005  a0=(0,0,0,0,0,180) s32_1=0 lst1=[[62,4294967295]] entries=[] a1=(0000,0007,0014,0000) a2=() a3=() a4=() a5=(0000,0000,0000)
		entries[00BF] = (05BA): 05C619B6 u32_0=0001  a0=(0,0,0,0,0,180) s32_1=0 b1=True entries=[0004[000F],0004[0088],0004[00BE]] edge=0004[000F] lst2=[[0004[0088],1],[0004[00BE],3]] a5=[] a6=[]
		entries[00C0] = (05BB): 05C619B6 u32_0=0001  a0=(0,0,0,0,0,180) s32_1=0 b1=True entries=[0004[00BE],0004[0001],0004[000F]] edge=0004[000F] lst2=[[0004[00BE],3],[0004[0001],2]] a5=[] a6=[]
		entries[00C1] = (05BC): BF32E0A6 u32_0=0001  a0=(0,0,0,0,0,180) s32_1=0 from=0004[00BF] to=0004[00C0] u8_0=01 lst1=[[236,4294967295]] lst2=[[0004[000F],1]] entries=[0004[00BE],0004[000F]]
		entries[00C2] = (05BD): 8E5D4198 u32_0=0005  a0=(0,0,0,0,0,180) s32_1=0 lst1=[[1446,4294967295]] entries=[] u8_0=01 a1=(0098) a2=() u8_1=00 a3=(0000,0000)
		entries[00CD] = (05BE): 8E5D4198 u32_0=0005  a0=(0,0,0,0,0,180) s32_1=0 lst1=[[1446,4294967295]] entries=[] u8_0=01 a1=(009A) a2=() u8_1=00 a3=(0000,0000)
		entries[00D8] = (05BF): 05C619B6 u32_0=0001  a0=(0,0,0,0,0,180) s32_1=0 b1=True entries=[0004[0013],0004[0088],0004[0004]] edge=0004[0013] lst2=[[0004[0088],1],[0004[0004],3]] a5=[] a6=[]
		entries[00D9] = (05C0): 05C619B6 u32_0=0001  a0=(0,0,0,0,0,180) s32_1=0 b1=True entries=[0004[0004],0004[0001],0004[0013]] edge=0004[0013] lst2=[[0004[0004],3],[0004[0001],2]] a5=[] a6=[]
		entries[00DA] = (05C1): BF32E0A6 u32_0=0001  a0=(0,0,0,0,0,180) s32_1=0 from=0004[00D8] to=0004[00D9] u8_0=01 lst1=[[236,4294967295]] lst2=[[0004[0013],1]] entries=[0004[0004],0004[0013]]
		entries[00DB] = (05C2): 05C619B6 u32_0=0001  a0=(0,0,0,0,0,180) s32_1=0 b1=True entries=[0004[00BE],0004[009B],0004[0001]] edge=0004[009B] lst2=[[0004[00BE],3],[0004[0001],2]] a5=[] a6=[]
		entries[00DC] = (05C3): 05C619B6 u32_0=0001  a0=(0,0,0,0,0,180) s32_1=0 b1=True entries=[0004[0088],0004[009B],0004[00BE]] edge=0004[009B] lst2=[[0004[0088],1],[0004[00BE],3]] a5=[] a6=[]
		entries[00DD] = (05C4): BF32E0A6 u32_0=0001  a0=(0,0,0,0,0,180) s32_1=0 from=0004[00DB] to=0004[00DC] u8_0=01 lst1=[[236,4294967295]] lst2=[[0004[009B],2]] entries=[0004[00BE],0004[009B]]
		entries[00DE] = (05C5): 8E5D4198 u32_0=0005  a0=(0,0,0,0,0,180) s32_1=0 lst1=[[1446,4294967295]] entries=[] u8_0=01 a1=(00A0) a2=() u8_1=00 a3=(0000,0000)
		entries[00EA] = (05C6): 8E5D4198 u32_0=0005  a0=(0,0,0,0,0,180) s32_1=0 lst1=[[1446,4294967295]] entries=[] u8_0=01 a1=(009E) a2=() u8_1=00 a3=(0000,0000)
	display = (0005): DisplayDecimals  u32_0=0000  length=003 angle=002 u16_0=000
	*ref_3 = (0003): PartComponent
	faceMerges = (0006): FaceMergeData s32_0=0   lst1=[] lst2=[] lst3=[]
		nameTable = (05C7): NameTable  lastIdx=0000 
	mdlTxnMgr = (0007): ModelerTxnMgr  flags=0000   u32_0=0002 u32_1=0003 lst_1=[80000003 003E [(0002,01,0002),(0003,00,0000)],80000003 00EC [(0002,01,0008),(0003,00,0002)],80000003 0311 [(0002,01,000F),(0003,00,0004)],80000003 0513 [(0002,01,002B),(0003,00,0024)],80000003 0566 [(0002,01,0037),(0003,00,0026)],80000003 057D [(0002,01,0038),(0003,00,0028)],80000003 0588 [(0002,01,0039),(0003,00,002A)],80000003 05A6 [(0002,01,003B),(0003,00,002C)],80000003 05C4 [(0002,01,003D),(0003,00,002E)],80000003 05DE [(0002,01,003E),(0003,00,0030)],80000003 8000003E [(0002,01,0003),(0003,00,0001)],80000003 800000EC [(0002,01,0009),(0003,00,0003)],80000003 80000311 [(0002,01,0010),(0003,00,0005)],80000003 80000513 [(0002,01,0036),(0003,00,0025)],80000003 80000566 [(0002,01,0038),(0003,00,0027)],80000003 8000057D [(0002,01,0039),(0003,00,0029)],80000003 80000588 [(0002,01,003A),(0003,00,002B)],80000003 800005A6 [(0002,01,003C),(0003,00,002D)],80000003 800005C4 [(0002,01,003E),(0003,00,002F)],80000003 800005DE [(0002,01,003F),(0003,00,0031)]] u32_2=0000
		asm = (05C8): ASM u32_0=0357 schema=002A fmt="ASM BinaryFile4" selectedKey=800005C8 b1=True delta_state=3 
	*ref_4 = (0008): SurfaceBody 'Solide1'
(0C39): FaceMergeData s32_0=0   lst1=[] lst2=[] lst3=[]
	nameTable = (0C3A): NameTable  lastIdx=0000 
(0C3B): FaceMergeData s32_0=0   lst1=[] lst2=[] lst3=[]
	nameTable = (0C3C): NameTable  lastIdx=0000 
