[2019]
(0001): GroupNode u32_0=0000  u8_0=01 
	attrs = (0003): Attributesu32_0=0000 u8_0=00 
		attributes[0000] = (001C): Attr_C9DA5109u32_0=0005 u8_0=01 u32_1=0000 lst0=() u32_2=0000
	parts[0000] = (0002): PartNode u32_0=0000  u8_0=01  u32_1=0001  Color.c0=#333333FF Color.diffuse=#CCCCCCFF Color.c1=#FFFFFFFF Color.c2=#000000FF Color.f=20
		attrs = (0004): Attributesu32_0=0000 u8_0=00 
			attributes[0000] = (001D): AttrPartDrawu32_0=0001 u8_0=00 u32_1=0000 lst0=() a2=(0169,0169) Color.c0=#050505FF Color.diffuse=#050505FF Color.c2=#FFFFFFFF Color.c3=#000000FF Color.a5=(000,424E) a0=(000,000)
		items[0000] = (0005): WrkPlane u32_0=0000  u8_0=01   u32_1=0001 index=0002 indexDC=0004 a1=(-0.815,-0.0110066,0,17.115,0.231139,0) transformation= transformation={a0=|00+0|+000|0+00|000+| m=[[0, 0, 1, 0],[1, 0, 0, 0],[0, 1, 0, 0],[0, 0, 0, 10]]} b0=True b1=True b2=False
			attrs = (001E): Attributesu32_0=0000 u8_0=00 
				attributes[0000] = (0193): Attr_189725D1u32_0=0004 u8_0=00 u32_1=0000  u8_1=00 u16_0=000
				attributes[0001] = (0194): Attr_Colorsa0=(0000,0000) u8_0=00  Color.a0=(01,01) Color.c0=#197DA0FF Color.diffuse=#197DA019 Color.c2=#FFFFFFFF Color.c3=#000000FF Color.a5=(000,41A0) a1=(1,1,1,-1) u8_1=00 a2=(000,000,000,000,000,3F80,000,000)
			obj = (001F): 3dObject flags=0000    u32_0=0000 
				styles = (0195): ObjctStyles
					styles[0000] = (0819): Style_B32BF6A8u32_0=0001 u32_1=A7F8
					styles[0001] = (081A): Style_B32BF6A5u32_0=0001 u16_0=001
					styles[0002] = (081B): Style_Lineu32_0=0001 u16_0=001 width=1 a0=(001,FFFF) u8_0=00 u16_1=000 a1=[] a2=(0,1,0) a3=(000,000,00F,000)
				numRef = (0196): RefByIndexPlane u32_0=0001 refIdx=0002
				objects[0000] = (0197): Edge_A79EACD2 flags=0000    u32_0=0000 points=[[-0.815,-0.0110066,0],[-0.815,0.231139,0],[17.115,0.231139,0],[17.115,-0.0110066,0]] lst1=(0,3,1,1,3,2) n=[[0,0,1],[0,0,1],[0,0,1],[0,0,1]] uv=[] a0=(103,000)  a1=(0,0)
					styles = (081C): ObjctStyles
						styles[0000] = (0DAD): Style_Visibilityu32_0=000A visible=True
						styles[0001] = (0DAE): Style_B32BF6ABu32_0=0001 u8_0=00
				objects[0001] = (0198): Line3D flags=0001    u32_0=0000 pos=Vector (-0.8150000000000001, -0.011006628290316662, 0.0) dir=Vector (-0.8150000000000001, 0.23113919409664987, 0.0)
					*numRef = (0196): RefByIndexPlane
				objects[0002] = (0199): Line3D flags=0002    u32_0=0000 pos=Vector (-0.8150000000000001, 0.23113919409664987, 0.0) dir=Vector (17.115000000000002, 0.23113919409664987, 0.0)
					*numRef = (0196): RefByIndexPlane
				objects[0003] = (019A): Line3D flags=0003    u32_0=0000 pos=Vector (17.115000000000002, 0.23113919409664987, 0.0) dir=Vector (17.115000000000002, -0.011006628290316662, 0.0)
					*numRef = (0196): RefByIndexPlane
				objects[0004] = (019B): Line3D flags=0004    u32_0=0000 pos=Vector (17.115000000000002, -0.011006628290316662, 0.0) dir=Vector (-0.8150000000000001, -0.011006628290316662, 0.0)
					*numRef = (0196): RefByIndexPlane
				objects[0005] = (019C): Point3D flags=0005    u32_0=0000 pos=Vector (-0.8150000000000001, -0.011006628290316662, 0.0) f32_0=1 s32_0=1 u16_0=000
					styles = (081D): ObjctStyles
						styles[0000] = (0DAF): Style_Visibilityu32_0=0001 visible=False
					*numRef = (0196): RefByIndexPlane
				objects[0006] = (019D): Point3D flags=0006    u32_0=0000 pos=Vector (-0.8150000000000001, 0.23113919409664987, 0.0) f32_0=1 s32_0=1 u16_0=000
					styles = (081E): ObjctStyles
						*styles[0000] = (0DAF): Style_Visibility
					*numRef = (0196): RefByIndexPlane
				objects[0007] = (019E): Point3D flags=0007    u32_0=0000 pos=Vector (17.115000000000002, 0.23113919409664987, 0.0) f32_0=1 s32_0=1 u16_0=000
					styles = (081F): ObjctStyles
						*styles[0000] = (0DAF): Style_Visibility
					*numRef = (0196): RefByIndexPlane
				objects[0008] = (019F): Point3D flags=0008    u32_0=0000 pos=Vector (17.115000000000002, -0.011006628290316662, 0.0) f32_0=1 s32_0=1 u16_0=000
					styles = (0820): ObjctStyles
						*styles[0000] = (0DAF): Style_Visibility
					*numRef = (0196): RefByIndexPlane
				objects[0009] = (01A0): Text3D 'YZ Plane' flags=0009    u32_0=0000 vec=Vector (-0.8150000000000001, 0.23113919409664987, 0.0) a0=Vector (17.930000000000003, 0.0, 0.0) a1=(009,A7F9,000) b_0=False
					styles = (0821): ObjctStyles
						styles[0000] = (0DB0): Style_0AE12F04 'YZ Plane'u32_0=0001 vec_1=Vector (-0.8150000000000001, -0.011006628290316662, 0.0) vec_2=Vector (17.115000000000002, 0.23113919409664987, 0.0)
						styles[0001] = (0DB1): Style_Visibilityu32_0=0001 visible=False
		items[0001] = (0006): WrkPlane u32_0=0000  u8_0=01   u32_1=0001 index=0003 indexDC=0005 a1=(-1.21,-0.0110066,0,25.41,0.231139,0) transformation= transformation={a0=|-000|00+0|0+00|000+| m=[[-1, 0, 0, 0],[0, 0, 1, 0],[0, 1, 0, 0],[0, 0, 0, 10]]} b0=True b1=True b2=False
			attrs = (0020): Attributesu32_0=0000 u8_0=00 
				attributes[0000] = (01A1): Attr_189725D1u32_0=0004 u8_0=00 u32_1=0000  u8_1=00 u16_0=000
				attributes[0001] = (01A2): Attr_Colorsa0=(0000,0000) u8_0=00  Color.a0=(01,01) Color.c0=#197DA0FF Color.diffuse=#197DA019 Color.c2=#FFFFFFFF Color.c3=#000000FF Color.a5=(000,41A0) a1=(1,1,1,-1) u8_1=00 a2=(000,000,000,000,000,3F80,000,000)
			obj = (0021): 3dObject flags=0000    u32_0=0000 
				styles = (01A3): ObjctStyles
					styles[0000] = (0822): Style_B32BF6A8u32_0=0001 u32_1=A7F8
					styles[0001] = (0823): Style_B32BF6A5u32_0=0001 u16_0=001
					styles[0002] = (0824): Style_Lineu32_0=0001 u16_0=001 width=1 a0=(001,FFFF) u8_0=00 u16_1=000 a1=[] a2=(0,1,0) a3=(000,000,00F,000)
				numRef = (01A4): RefByIndexPlane u32_0=0001 refIdx=0003
				objects[0000] = (01A5): Edge_A79EACD2 flags=0000    u32_0=0000 points=[[-1.21,-0.0110066,0],[-1.21,0.231139,0],[25.41,0.231139,0],[25.41,-0.0110066,0]] lst1=(0,3,1,1,3,2) n=[[0,0,1],[0,0,1],[0,0,1],[0,0,1]] uv=[] a0=(103,000)  a1=(0,0)
					styles = (0825): ObjctStyles
						styles[0000] = (0DB2): Style_Visibilityu32_0=000A visible=True
						styles[0001] = (0DB3): Style_B32BF6ABu32_0=0001 u8_0=00
				objects[0001] = (01A6): Line3D flags=0001    u32_0=0000 pos=Vector (-1.2100000000000002, -0.011006628290316662, 0.0) dir=Vector (-1.2100000000000002, 0.23113919409664987, 0.0)
					*numRef = (01A4): RefByIndexPlane
				objects[0002] = (01A7): Line3D flags=0002    u32_0=0000 pos=Vector (-1.2100000000000002, 0.23113919409664987, 0.0) dir=Vector (25.410000000000004, 0.23113919409664987, 0.0)
					*numRef = (01A4): RefByIndexPlane
				objects[0003] = (01A8): Line3D flags=0003    u32_0=0000 pos=Vector (25.410000000000004, 0.23113919409664987, 0.0) dir=Vector (25.410000000000004, -0.011006628290316662, 0.0)
					*numRef = (01A4): RefByIndexPlane
				objects[0004] = (01A9): Line3D flags=0004    u32_0=0000 pos=Vector (25.410000000000004, -0.011006628290316662, 0.0) dir=Vector (-1.2100000000000002, -0.011006628290316662, 0.0)
					*numRef = (01A4): RefByIndexPlane
				objects[0005] = (01AA): Point3D flags=0005    u32_0=0000 pos=Vector (-1.2100000000000002, -0.011006628290316662, 0.0) f32_0=1 s32_0=1 u16_0=000
					styles = (0826): ObjctStyles
						styles[0000] = (0DB4): Style_Visibilityu32_0=0001 visible=False
					*numRef = (01A4): RefByIndexPlane
				objects[0006] = (01AB): Point3D flags=0006    u32_0=0000 pos=Vector (-1.2100000000000002, 0.23113919409664987, 0.0) f32_0=1 s32_0=1 u16_0=000
					styles = (0827): ObjctStyles
						*styles[0000] = (0DB4): Style_Visibility
					*numRef = (01A4): RefByIndexPlane
				objects[0007] = (01AC): Point3D flags=0007    u32_0=0000 pos=Vector (25.410000000000004, 0.23113919409664987, 0.0) f32_0=1 s32_0=1 u16_0=000
					styles = (0828): ObjctStyles
						*styles[0000] = (0DB4): Style_Visibility
					*numRef = (01A4): RefByIndexPlane
				objects[0008] = (01AD): Point3D flags=0008    u32_0=0000 pos=Vector (25.410000000000004, -0.011006628290316662, 0.0) f32_0=1 s32_0=1 u16_0=000
					styles = (0829): ObjctStyles
						*styles[0000] = (0DB4): Style_Visibility
					*numRef = (01A4): RefByIndexPlane
				objects[0009] = (01AE): Text3D 'XZ Plane' flags=0009    u32_0=0000 vec=Vector (-1.2100000000000002, 0.23113919409664987, 0.0) a0=Vector (26.620000000000005, 0.0, 0.0) a1=(009,A7F9,000) b_0=False
					styles = (082A): ObjctStyles
						styles[0000] = (0DB5): Style_0AE12F04 'XZ Plane'u32_0=0001 vec_1=Vector (-1.2100000000000002, -0.011006628290316662, 0.0) vec_2=Vector (25.410000000000004, 0.23113919409664987, 0.0)
						styles[0001] = (0DB6): Style_Visibilityu32_0=0001 visible=False
		items[0002] = (0007): WrkPlane u32_0=0000  u8_0=01   u32_1=0001 index=0004 indexDC=0006 a1=(-25.41,-0.815,0,1.21,17.115,0) transformation= transformation={a0=|+000|0+00|00+0|000+| m=[[1, 0, 0, 0],[0, 1, 0, 0],[0, 0, 1, 0],[0, 0, 0, 10]]} b0=True b1=True b2=False
			attrs = (0022): Attributesu32_0=0000 u8_0=00 
				attributes[0000] = (01AF): Attr_189725D1u32_0=0004 u8_0=00 u32_1=0000  u8_1=00 u16_0=000
				attributes[0001] = (01B0): Attr_Colorsa0=(0000,0000) u8_0=00  Color.a0=(01,01) Color.c0=#197DA0FF Color.diffuse=#197DA019 Color.c2=#FFFFFFFF Color.c3=#000000FF Color.a5=(000,41A0) a1=(1,1,1,-1) u8_1=00 a2=(000,000,000,000,000,3F80,000,000)
			obj = (0023): 3dObject flags=0000    u32_0=0000 
				styles = (01B1): ObjctStyles
					styles[0000] = (082B): Style_B32BF6A8u32_0=0001 u32_1=A7F8
					styles[0001] = (082C): Style_B32BF6A5u32_0=0001 u16_0=001
					styles[0002] = (082D): Style_Lineu32_0=0001 u16_0=001 width=1 a0=(001,FFFF) u8_0=00 u16_1=000 a1=[] a2=(0,1,0) a3=(000,000,00F,000)
				numRef = (01B2): RefByIndexPlane u32_0=0001 refIdx=0004
				objects[0000] = (01B3): Edge_A79EACD2 flags=0000    u32_0=0000 points=[[-25.41,-0.815,0],[-25.41,17.115,0],[1.21,17.115,0],[1.21,-0.815,0]] lst1=(0,3,1,1,3,2) n=[[0,0,1],[0,0,1],[0,0,1],[0,0,1]] uv=[] a0=(103,000)  a1=(0,0)
					styles = (082E): ObjctStyles
						styles[0000] = (0DB7): Style_Visibilityu32_0=000A visible=True
						styles[0001] = (0DB8): Style_B32BF6ABu32_0=0001 u8_0=00
				objects[0001] = (01B4): Line3D flags=0001    u32_0=0000 pos=Vector (-25.410000000000004, -0.8150000000000001, 0.0) dir=Vector (-25.410000000000004, 17.115000000000002, 0.0)
					*numRef = (01B2): RefByIndexPlane
				objects[0002] = (01B5): Line3D flags=0002    u32_0=0000 pos=Vector (-25.410000000000004, 17.115000000000002, 0.0) dir=Vector (1.2100000000000002, 17.115000000000002, 0.0)
					*numRef = (01B2): RefByIndexPlane
				objects[0003] = (01B6): Line3D flags=0003    u32_0=0000 pos=Vector (1.2100000000000002, 17.115000000000002, 0.0) dir=Vector (1.2100000000000002, -0.8150000000000001, 0.0)
					*numRef = (01B2): RefByIndexPlane
				objects[0004] = (01B7): Line3D flags=0004    u32_0=0000 pos=Vector (1.2100000000000002, -0.8150000000000001, 0.0) dir=Vector (-25.410000000000004, -0.8150000000000001, 0.0)
					*numRef = (01B2): RefByIndexPlane
				objects[0005] = (01B8): Point3D flags=0005    u32_0=0000 pos=Vector (-25.410000000000004, -0.8150000000000001, 0.0) f32_0=1 s32_0=1 u16_0=000
					styles = (082F): ObjctStyles
						styles[0000] = (0DB9): Style_Visibilityu32_0=0001 visible=False
					*numRef = (01B2): RefByIndexPlane
				objects[0006] = (01B9): Point3D flags=0006    u32_0=0000 pos=Vector (-25.410000000000004, 17.115000000000002, 0.0) f32_0=1 s32_0=1 u16_0=000
					styles = (0830): ObjctStyles
						*styles[0000] = (0DB9): Style_Visibility
					*numRef = (01B2): RefByIndexPlane
				objects[0007] = (01BA): Point3D flags=0007    u32_0=0000 pos=Vector (1.2100000000000002, 17.115000000000002, 0.0) f32_0=1 s32_0=1 u16_0=000
					styles = (0831): ObjctStyles
						*styles[0000] = (0DB9): Style_Visibility
					*numRef = (01B2): RefByIndexPlane
				objects[0008] = (01BB): Point3D flags=0008    u32_0=0000 pos=Vector (1.2100000000000002, -0.8150000000000001, 0.0) f32_0=1 s32_0=1 u16_0=000
					styles = (0832): ObjctStyles
						*styles[0000] = (0DB9): Style_Visibility
					*numRef = (01B2): RefByIndexPlane
				objects[0009] = (01BC): Text3D 'XY Plane' flags=0009    u32_0=0000 vec=Vector (-25.410000000000004, 17.115000000000002, 0.0) a0=Vector (26.620000000000005, 0.0, 0.0) a1=(009,A7F9,000) b_0=False
					styles = (0833): ObjctStyles
						styles[0000] = (0DBA): Style_0AE12F04 'XY Plane'u32_0=0001 vec_1=Vector (-25.410000000000004, -0.8150000000000001, 0.0) vec_2=Vector (1.2100000000000002, 17.115000000000002, 0.0)
						styles[0001] = (0DBB): Style_Visibilityu32_0=0001 visible=False
		items[0003] = (0008): WkrAxis u32_0=0000  u8_0=01   u32_1=0001 index=0005 indexDC=0007 transformation= transformation={a0=|+00-|0+00|00+0|000+| m=[[1, 0, 0, -10],[0, 1, 0, 0],[0, 0, 1, 0],[0, 0, 0, 10]]} b0=True b1=True b2=False
			attrs = (0024): Attributesu32_0=0000 u8_0=00 
				attributes[0000] = (01BD): Attr_189725D1u32_0=0004 u8_0=00 u32_1=0000  u8_1=00 u16_0=000
				attributes[0001] = (01BE): Attr_Colorsa0=(0000,0000) u8_0=00  Color.a0=(01,01) Color.c0=#197DA0FF Color.diffuse=#197DA0FF Color.c2=#FFFFFFFF Color.c3=#000000FF Color.a5=(000,41A0) a1=(1,1,1,-1) u8_1=00 a2=(000,000,000,000,000,3F80,000,000)
			obj = (0025): 3dObject flags=0000    u32_0=0000 
				styles = (01BF): ObjctStyles
					styles[0000] = (0834): Style_B32BF6A5u32_0=0001 u16_0=002
					styles[0001] = (0835): Style_Lineu32_0=0001 u16_0=001 width=1 a0=(001,FFFF) u8_0=00 u16_1=000 a1=[] a2=(0,1,0) a3=(000,000,00F,000)
				numRef = (01C0): RefByIndexAxis u32_0=0001 refIdx=0005
				objects[0000] = (01C1): Line3D flags=0000    u32_0=0000 pos=Vector (-25.741000001907352, 0.0, 0.0) dir=Vector (3.541000040054321, 0.0, 0.0)
					*numRef = (01C0): RefByIndexAxis
				objects[0001] = (01C2): Point3D flags=0001    u32_0=0000 pos=Vector (-25.741000001907352, 0.0, 0.0) f32_0=1 s32_0=1 u16_0=000
					styles = (0836): ObjctStyles
						styles[0000] = (0DBC): Style_Visibilityu32_0=0001 visible=False
					*numRef = (01C0): RefByIndexAxis
				objects[0002] = (01C3): Point3D flags=0002    u32_0=0000 pos=Vector (3.541000040054321, 0.0, 0.0) f32_0=1 s32_0=1 u16_0=000
					styles = (0837): ObjctStyles
						*styles[0000] = (0DBC): Style_Visibility
					*numRef = (01C0): RefByIndexAxis
		items[0004] = (0009): WkrAxis u32_0=0000  u8_0=01   u32_1=0001 index=0006 indexDC=0008 transformation= transformation={a0=|xx00|xx0-|00+0|000+| m=[[0, -1, 0, 0],[1, 0, 0, -10],[0, 0, 1, 0],[0, 0, 0, 10]]} b0=True b1=True b2=False
			attrs = (0026): Attributesu32_0=0000 u8_0=00 
				attributes[0000] = (01C4): Attr_189725D1u32_0=0004 u8_0=00 u32_1=0000  u8_1=00 u16_0=000
				attributes[0001] = (01C5): Attr_Colorsa0=(0000,0000) u8_0=00  Color.a0=(01,01) Color.c0=#197DA0FF Color.diffuse=#197DA0FF Color.c2=#FFFFFFFF Color.c3=#000000FF Color.a5=(000,41A0) a1=(1,1,1,-1) u8_1=00 a2=(000,000,000,000,000,3F80,000,000)
			obj = (0027): 3dObject flags=0000    u32_0=0000 
				styles = (01C6): ObjctStyles
					styles[0000] = (0838): Style_B32BF6A5u32_0=0001 u16_0=002
					styles[0001] = (0839): Style_Lineu32_0=0001 u16_0=001 width=1 a0=(001,FFFF) u8_0=00 u16_1=000 a1=[] a2=(0,1,0) a3=(000,000,00F,000)
				numRef = (01C7): RefByIndexAxis u32_0=0001 refIdx=0006
				objects[0000] = (01C8): Line3D flags=0000    u32_0=0000 pos=Vector (-0.7114999999999998, 1.5798473640415973e-16, 0.0) dir=Vector (19.011499999999998, -4.2214010065322315e-15, 0.0)
					*numRef = (01C7): RefByIndexAxis
				objects[0001] = (01C9): Point3D flags=0001    u32_0=0000 pos=Vector (-0.7114999999999998, 1.5798473640415973e-16, 0.0) f32_0=1 s32_0=1 u16_0=000
					styles = (083A): ObjctStyles
						styles[0000] = (0DBD): Style_Visibilityu32_0=0001 visible=False
					*numRef = (01C7): RefByIndexAxis
				objects[0002] = (01CA): Point3D flags=0002    u32_0=0000 pos=Vector (19.011499999999998, -4.2214010065322315e-15, 0.0) f32_0=1 s32_0=1 u16_0=000
					styles = (083B): ObjctStyles
						*styles[0000] = (0DBD): Style_Visibility
					*numRef = (01C7): RefByIndexAxis
		items[0005] = (000A): WkrAxis u32_0=0000  u8_0=01   u32_1=0001 index=0007 indexDC=0009 transformation= transformation={a0=|x0x0|0+00|x0x-|000+| m=[[0, 0, -1, 0],[0, 1, 0, 0],[1, 0, 0, -10],[0, 0, 0, 10]]} b0=True b1=True b2=False
			attrs = (0028): Attributesu32_0=0000 u8_0=00 
				attributes[0000] = (01CB): Attr_189725D1u32_0=0004 u8_0=00 u32_1=0000  u8_1=00 u16_0=000
				attributes[0001] = (01CC): Attr_Colorsa0=(0000,0000) u8_0=00  Color.a0=(01,01) Color.c0=#197DA0FF Color.diffuse=#197DA0FF Color.c2=#FFFFFFFF Color.c3=#000000FF Color.a5=(000,41A0) a1=(1,1,1,-1) u8_1=00 a2=(000,000,000,000,000,3F80,000,000)
			obj = (0029): 3dObject flags=0000    u32_0=0000 
				styles = (01CD): ObjctStyles
					styles[0000] = (083C): Style_B32BF6A5u32_0=0001 u16_0=002
					styles[0001] = (083D): Style_Lineu32_0=0001 u16_0=001 width=1 a0=(001,FFFF) u8_0=00 u16_1=000 a1=[] a2=(0,1,0) a3=(000,000,00F,000)
				numRef = (01CE): RefByIndexAxis u32_0=0001 refIdx=0007
				objects[0000] = (01CF): Line3D flags=0000    u32_0=0000 pos=Vector (0.9768860803978875, 0.0, -2.1691228377871125e-16) dir=Vector (1.24324648925739, 0.0, -2.760561755315893e-16)
					*numRef = (01CE): RefByIndexAxis
				objects[0001] = (01D0): Point3D flags=0001    u32_0=0000 pos=Vector (0.9768860803978875, 0.0, -2.1691228377871125e-16) f32_0=1 s32_0=1 u16_0=000
					styles = (083E): ObjctStyles
						styles[0000] = (0DBE): Style_Visibilityu32_0=0001 visible=False
					*numRef = (01CE): RefByIndexAxis
				objects[0002] = (01D1): Point3D flags=0002    u32_0=0000 pos=Vector (1.24324648925739, 0.0, -2.760561755315893e-16) f32_0=1 s32_0=1 u16_0=000
					styles = (083F): ObjctStyles
						*styles[0000] = (0DBE): Style_Visibility
					*numRef = (01CE): RefByIndexAxis
		items[0006] = (000B): WrkPoint u32_0=0000  u8_0=01   u32_1=0001 index=0008 indexDC=000A transformation= transformation={a0=|+000|0+00|00+0|000+| m=[[1, 0, 0, 0],[0, 1, 0, 0],[0, 0, 1, 0],[0, 0, 0, 10]]} b0=True b2=False
			attrs = (002A): Attributesu32_0=0000 u8_0=00 
				attributes[0000] = (01D2): Attr_189725D1u32_0=0004 u8_0=00 u32_1=0000  u8_1=00 u16_0=000
				attributes[0001] = (01D3): Attr_12A31E33u32_0=0000 u8_0=00 u32_1=0000  Color.a0=(01,01) Color.c0=#197DA0FF Color.diffuse=#197DA07F Color.c2=#FFFFFFFF Color.c3=#000000FF Color.a5=(000,41A0) a0=(001,000,3F80,001,FFFF) u8_1=00 a1=(000,000,000,000,000,3F80,000,000)
			obj = (002B): 3dObject flags=0000    u32_0=0000 
				styles = (01D4): ObjctStyles
					styles[0000] = (0840): Style_B32BF6A8u32_0=0001 u32_1=A7F8
					styles[0001] = (0841): Style_B32BF6A5u32_0=0001 u16_0=001
				numRef = (01D5): RefByIndexPoint u32_0=0001 refIdx=0008
				objects[0000] = (01D6): Point3D flags=0000    u32_0=0000 pos=Vector (0.0, 0.0, 0.0) f32_0=1 s32_0=5 u16_0=001
					*numRef = (01D5): RefByIndexPoint
				objects[0001] = (01D7): Point3D flags=0000    u32_0=0000 pos=Vector (0.0, 0.0, 0.0) f32_0=1 s32_0=6 u16_0=000
					styles = (0842): ObjctStyles
						styles[0000] = (0DBF): Style_Visibilityu32_0=0001 visible=False
		items[0007] = (000C): Body u32_0=0000  u8_0=01  indexDC=0002 u8_1=00 index=0009  u32_1=002D u16_0=007      lst0=[(0.0005,0,0,1,1,1,1),(0.008,0,0,1,0,1,0),(5.55556e-05,0,0,0,0,0,0),(6.17284e-06,0,0,0,0,0,0)] a2=Vector (0.0, 3.0, 0.0) faces2edges={003D:013E,003E:153B,012F:153C,0130:1540,0136:0141,071F:074B,0720:074F,0721:0753,0722:0756,0723:075A,0724:075D,0725:0761,0726:0764,0727:0768,0728:076B,0729:076F,072A:0772,072B:0776,072C:0779,072D:077D,072E:0780,072F:0784,0730:0787,0731:078B,0733:0792,0737:079D,0738:07A0,0739:07A2,073A:07A5,073B:07A7,073C:07AA,073D:07AC,073E:07AF,073F:07B1,0740:07B4,0741:07B6,0742:07B9,0743:07BB,0744:07BE,0745:07C0,0746:07C3,0747:07C5,0748:07C8,0749:07CA,074A:07CD,14A8:14FF,14A9:1502,14AA:1506,14AB:1532,14AC:1539,14AD:1538,14AE:153E,14AF:1542,14B0:1543,14B1:1500,14B2:1548,14B3:1546,14B4:1549,14B5:154A,14B6:154E,14B7:154F,14B8:1552,14B9:154B,14BA:1556,14BB:1554,14BC:1559,14BD:14FF,14BE:1509,14BF:157E,14C0:1523,14C1:157F,14C2:1508,14C3:1580,14C4:1524,14C5:1581,14C6:1522,14C7:1582,14C8:150B,14C9:1583,14CA:1521,14CB:1584,14CC:151F,14CD:1585,14CE:150D,14CF:1586,14D0:150C,14D1:1587,14D2:1520,14D3:1588,14D4:1519,14D5:1589,14D6:1513,14D7:158A,14D8:151A,14D9:158B,14DA:1512,14DB:158C,14DC:1514,14DD:158D,14DE:1518,14DF:158E,14E0:1515,14E1:158F,14E2:1517,14E3:1590,14E4:1516,14E5:1591,14E6:150A,14E7:1592,14E8:1593,14E9:1526,14EA:1506,14EB:1595,14EC:151B,14ED:1596,14EE:1597,14EF:1507,14F0:1525,14F1:1599,14F2:150F,14F3:159A,14F4:150E,14F5:159B,14F6:151E,14F7:159C,14F8:151D,14F9:159D,14FA:151C,14FB:159E,14FC:1511,14FD:159F,14FE:1510} a3=(0,59)  aX=(00 00 00 00)
			attrs = (002C): Attributesu32_0=0000 u8_0=00 
				attributes[0000] = (01D8): Attr_189725D1u32_0=FFFFFFFF u8_0=00 u32_1=0000  u8_1=01 u16_0=000
			obj = (002D): 3dObject flags=0000    u32_0=0000 
				styles = (01D9): ObjctStyles
					styles[0000] = (0843): Style_B32BF6A9u32_0=0001 u16_1=000
				objects[0000] = (002E): 3dObject flags=10000000    u32_0=0000 
					styles = (01DA): ObjctStyles
						styles[0000] = (0844): Style_Solidu32_0=0001 solid=True
						styles[0001] = (0845): Style_LineColoru32_0=0001 Color.c0=#00000000 Color.diffuse=#050505FF Color.c1=#050505FF Color.c2=#FFFFFFFF Color.c3=#000000FF Color.f=51.5 u8_0=00
					objects[0000] = (01DB): Face flags=46400000    u32_0=0000  u8_0=00 box=(-16.6974,0,0,-12.8923,2.76667,0.22) key=14A8 u32_1=0000 u32_2=0000
						surface = (0846): SurfaceCylinder dcIndices=[[1502,4294967295]] u32_0=0000 u8_0=00 center=Vector (-12.892329722207144, 4.0, 0.22000000000000003) normal=Vector (0.0, 0.0, -1.0)
						edges[0000] = (0847): Edge_D79AD3F3 flags=0000    u32_0=0000 points=[[-12.8923,0,0.22],[-13.5184,0.0493029,0.22],[-14.1291,0.195996,0.22],[-14.7093,0.436464,0.22],[-15.2446,0.764777,0.22],[-15.722,1.17284,0.22],[-16.1297,1.6506,0.22],[-16.4575,2.18628,0.22],[-16.6974,2.76667,0.22],[-16.6974,2.76667,0],[-16.4575,2.18628,0],[-16.1297,1.6506,0],[-15.722,1.17284,0],[-15.2446,0.764777,0],[-14.7093,0.436464,0],[-14.1291,0.195996,0],[-13.5184,0.0493029,0],[-12.8923,0,0]] lst1=(17,0,16,16,0,1,16,1,15,15,1,2,15,2,14,14,2,3,14,3,13,13,3,4,13,4,12,12,4,5,12,5,11,11,5,6,11,6,10,10,6,7,10,7,9,9,7,8) n=[[0,-1,0],[-0.156523,-0.987674,0],[-0.309188,-0.951001,0],[-0.454231,-0.890884,0],[-0.588076,-0.808806,0],[-0.707424,-0.706789,0],[-0.809334,-0.587349,0],[-0.891292,-0.45343,0],[-0.951278,-0.308333,0],[-0.951278,-0.308333,0],[-0.891292,-0.45343,0],[-0.809334,-0.587349,0],[-0.707424,-0.706789,0],[-0.588076,-0.808806,0],[-0.454231,-0.890884,0],[-0.309188,-0.951001,0],[-0.156523,-0.987674,0],[0,-1,0]] uv=[[0,-12.5664],[0,-11.9377],[0,-11.309],[0,-10.6803],[0,-10.0517],[0,-9.42298],[0,-8.7943],[0,-8.16563],[0,-7.53695],[-0.22,-7.53695],[-0.22,-8.16563],[-0.22,-8.7943],[-0.22,-9.42298],[-0.22,-10.0517],[-0.22,-10.6803],[-0.22,-11.309],[-0.22,-11.9377],[-0.22,-12.5664]] a0=(103,8000)  a1=(4,4) lst5=(2415902719,2415902719,1837023231,1879031807,1879031807,1837023231,1796063231,1837023231,1837023231,1796063231,1757134847,1796063231,1796063231,1757134847,1721221119,1757134847,1757134847,1721221119,2952762052,1721221119,1721221119,2952762052,2952764009,2952762052,2952762052,2952764009,2952766203,2952764009,2952764009,2952766203,2952768580,2952766203,2952766203,2952768580,1259421695,1259421695) lst6=[[40,138,162,168],[0,0,139,162]] aX=(02 00 00 30 00 00 00 00)
					objects[0001] = (01DC): Face flags=45400000    u32_0=0000  u8_0=00 box=(-12.8923,0,0,-5.93827,0,0.22) key=14A9 u32_1=0000 u32_2=0000
						surface = (0848): SurfacePlane dcIndices=[[62,4294967295]] u32_0=0000 u8_0=00
						edges[0000] = (0849): Edge_D79AD3F3 flags=0000    u32_0=0000 points=[[-12.8923,0,0.22],[-12.8923,0,0],[-5.93827,0,0],[-5.93827,0,0.22]] lst1=(1,2,0,0,2,3) n=[[0,-1,0],[0,-1,0],[0,-1,0],[0,-1,0]] uv=[[11.3077,0.22],[11.3077,0],[18.2617,0],[18.2617,0.22]] a0=(103,000)  a1=(1,1) lst5=(805289983,805289983,2952773631,2952773631,2415902719,2415902719,268419071,268419071) lst6=[[0,0,0,172]] aX=(02 00 00 30 00 00 00 00)
					objects[0002] = (01DD): Face flags=45400000    u32_0=0000  u8_0=00 box=(-24.2,0,0,0,16.3,0) key=14AA u32_1=0000 u32_2=0000
						surface = (084A): SurfacePlane dcIndices=[[62,4294967295]] u32_0=0000 u8_0=00
						edges[0000] = (084B): Edge_D79AD3F3 flags=0000    u32_0=0000 points=[[-7.45,7.05,0],[-7.48509,7.14642,0],[-7.57395,7.19772,0],[-7.675,7.1799,0],[-7.74095,7.1013,0],[-7.74095,6.9987,0],[-7.675,6.9201,0],[-7.57395,6.90228,0],[-7.48509,6.95358,0],[-7.45,9.25,0],[-7.48509,9.34642,0],[-7.57395,9.39772,0],[-7.675,9.3799,0],[-7.74095,9.3013,0],[-7.74095,9.1987,0],[-7.675,9.1201,0],[-7.57395,9.10228,0],[-7.48509,9.15358,0],[-18.9,4.85,0],[-18.9468,4.97856,0],[-19.0653,5.04696,0],[-19.2,5.02321,0],[-19.2879,4.9184,0],[-19.2879,4.7816,0],[-19.2,4.6768,0],[-19.0653,4.65304,0],[-18.9468,4.72144,0],[-18.9,11.45,0],[-18.9468,11.5786,0],[-19.0653,11.647,0],[-19.2,11.6232,0],[-19.2879,11.5184,0],[-19.2879,11.3816,0],[-19.2,11.2768,0],[-19.0653,11.253,0],[-18.9468,11.3214,0],[-5.45,7.15,0],[-5.48509,7.24642,0],[-5.57395,7.29772,0],[-5.675,7.2799,0],[-5.74095,7.2013,0],[-5.74095,7.0987,0],[-5.675,7.0201,0],[-5.57395,7.00228,0],[-5.48509,7.05358,0],[-2.25,3.65,0],[-2.28509,3.74642,0],[-2.37395,3.79772,0],[-2.475,3.7799,0],[-2.54095,3.7013,0],[-2.54095,3.5987,0],[-2.475,3.5201,0],[-2.37395,3.50228,0],[-2.28509,3.55358,0],[-6,2.3,0],[-6.03509,2.39642,0],[-6.12395,2.44772,0],[-6.225,2.4299,0],[-6.29095,2.3513,0],[-6.29095,2.2487,0],[-6.225,2.1701,0],[-6.12395,2.15228,0],[-6.03509,2.20358,0],[-6.55,0.8,0],[-6.58509,0.896418,0],[-6.67395,0.947721,0],[-6.775,0.929904,0],[-6.84095,0.851303,0],[-6.84095,0.748697,0],[-6.775,0.670096,0],[-6.67395,0.652279,0],[-6.58509,0.703582,0],[-20.95,6.2,0],[-20.9851,6.29642,0],[-21.074,6.34772,0],[-21.175,6.3299,0],[-21.241,6.2513,0],[-21.241,6.1487,0],[-21.175,6.0701,0],[-21.074,6.05228,0],[-20.9851,6.10358,0],[-23.6,4.95,0],[-23.6351,5.04642,0],[-23.724,5.09772,0],[-23.825,5.0799,0],[-23.891,5.0013,0],[-23.891,4.8987,0],[-23.825,4.8201,0],[-23.724,4.80228,0],[-23.6351,4.85358,0],[-23.6,11.35,0],[-23.6351,11.4464,0],[-23.724,11.4977,0],[-23.825,11.4799,0],[-23.891,11.4013,0],[-23.891,11.2987,0],[-23.825,11.2201,0],[-23.724,11.2023,0],[-23.6351,11.2536,0],[-22.65,10.1,0],[-22.6851,10.1964,0],[-22.774,10.2477,0],[-22.875,10.2299,0],[-22.941,10.1513,0],[-22.941,10.0487,0],[-22.875,9.9701,0],[-22.774,9.95228,0],[-22.6851,10.0036,0],[-6,14,0],[-6.03509,14.0964,0],[-6.12395,14.1477,0],[-6.225,14.1299,0],[-6.29095,14.0513,0],[-6.29095,13.9487,0],[-6.225,13.8701,0],[-6.12395,13.8523,0],[-6.03509,13.9036,0],[-7.7,15.5,0],[-7.73509,15.5964,0],[-7.82395,15.6477,0],[-7.925,15.6299,0],[-7.99095,15.5513,0],[-7.99095,15.4487,0],[-7.925,15.3701,0],[-7.82395,15.3523,0],[-7.73509,15.4036,0],[-4.55,12.65,0],[-4.58509,12.7464,0],[-4.67395,12.7977,0],[-4.775,12.7799,0],[-4.84095,12.7013,0],[-4.84095,12.5987,0],[-4.775,12.5201,0],[-4.67395,12.5023,0],[-4.58509,12.5536,0],[-1.15,12.65,0],[-1.18509,12.7464,0],[-1.27395,12.7977,0],[-1.375,12.7799,0],[-1.44095,12.7013,0],[-1.44095,12.5987,0],[-1.375,12.5201,0],[-1.27395,12.5023,0],[-1.18509,12.5536,0],[-1.35,8.15,0],[-1.38509,8.24642,0],[-1.47395,8.29772,0],[-1.575,8.2799,0],[-1.64095,8.2013,0],[-1.64095,8.0987,0],[-1.575,8.0201,0],[-1.47395,8.00228,0],[-1.38509,8.05358,0],[-0.65,8.15,0],[-0.685093,8.24642,0],[-0.773953,8.29772,0],[-0.875,8.2799,0],[-0.940954,8.2013,0],[-0.940954,8.0987,0],[-0.875,8.0201,0],[-0.773953,8.00228,0],[-0.685093,8.05358,0],[-2.25,12.65,0],[-2.28509,12.7464,0],[-2.37395,12.7977,0],[-2.475,12.7799,0],[-2.54095,12.7013,0],[-2.54095,12.5987,0],[-2.475,12.5201,0],[-2.37395,12.5023,0],[-2.28509,12.5536,0],[-6.55,15.5,0],[-6.58509,15.5964,0],[-6.67395,15.6477,0],[-6.775,15.6299,0],[-6.84095,15.5513,0],[-6.84095,15.4487,0],[-6.775,15.3701,0],[-6.67395,15.3523,0],[-6.58509,15.4036,0],[-7.15,14,0],[-7.18509,14.0964,0],[-7.27395,14.1477,0],[-7.375,14.1299,0],[-7.44095,14.0513,0],[-7.44095,13.9487,0],[-7.375,13.8701,0],[-7.27395,13.8523,0],[-7.18509,13.9036,0],[-5.45,9.15,0],[-5.48509,9.24642,0],[-5.57395,9.29772,0],[-5.675,9.2799,0],[-5.74095,9.2013,0],[-5.74095,9.0987,0],[-5.675,9.0201,0],[-5.57395,9.00228,0],[-5.48509,9.05358,0],[-20.95,10.1,0],[-20.9851,10.1964,0],[-21.074,10.2477,0],[-21.175,10.2299,0],[-21.241,10.1513,0],[-21.241,10.0487,0],[-21.175,9.9701,0],[-21.074,9.95228,0],[-20.9851,10.0036,0],[-23.6,8.15,0],[-23.6351,8.24642,0],[-23.724,8.29772,0],[-23.825,8.2799,0],[-23.891,8.2013,0],[-23.891,8.0987,0],[-23.825,8.0201,0],[-23.724,8.00228,0],[-23.6351,8.05358,0],[-22.65,6.2,0],[-22.6851,6.29642,0],[-22.774,6.34772,0],[-22.875,6.3299,0],[-22.941,6.2513,0],[-22.941,6.1487,0],[-22.875,6.0701,0],[-22.774,6.05228,0],[-22.6851,6.10358,0],[-7.7,0.8,0],[-7.73509,0.896418,0],[-7.82395,0.947721,0],[-7.925,0.929904,0],[-7.99095,0.851303,0],[-7.99095,0.748697,0],[-7.925,0.670096,0],[-7.82395,0.652279,0],[-7.73509,0.703582,0],[-7.15,2.3,0],[-7.18509,2.39642,0],[-7.27395,2.44772,0],[-7.375,2.4299,0],[-7.44095,2.3513,0],[-7.44095,2.2487,0],[-7.375,2.1701,0],[-7.27395,2.15228,0],[-7.18509,2.20358,0],[-4.55,3.65,0],[-4.58509,3.74642,0],[-4.67395,3.79772,0],[-4.775,3.7799,0],[-4.84095,3.7013,0],[-4.84095,3.5987,0],[-4.775,3.5201,0],[-4.67395,3.50228,0],[-4.58509,3.55358,0],[-1.15,3.65,0],[-1.18509,3.74642,0],[-1.27395,3.79772,0],[-1.375,3.7799,0],[-1.44095,3.7013,0],[-1.44095,3.5987,0],[-1.375,3.5201,0],[-1.27395,3.50228,0],[-1.18509,3.55358,0],[-21.65,11.45,0],[-21.6968,11.5786,0],[-21.8153,11.647,0],[-21.95,11.6232,0],[-22.0379,11.5184,0],[-22.0379,11.3816,0],[-21.95,11.2768,0],[-21.8153,11.253,0],[-21.6968,11.3214,0],[-21.65,4.85,0],[-21.6968,4.97856,0],[-21.8153,5.04696,0],[-21.95,5.02321,0],[-22.0379,4.9184,0],[-22.0379,4.7816,0],[-21.95,4.6768,0],[-21.8153,4.65304,0],[-21.6968,4.72144,0],[-7.95,9.45,0],[-7.98509,9.54642,0],[-8.07395,9.59772,0],[-8.175,9.5799,0],[-8.24095,9.5013,0],[-8.24095,9.3987,0],[-8.175,9.3201,0],[-8.07395,9.30228,0],[-7.98509,9.35358,0],[-7.95,6.85,0],[-7.98509,6.94642,0],[-8.07395,6.99772,0],[-8.175,6.9799,0],[-8.24095,6.9013,0],[-8.24095,6.7987,0],[-8.175,6.7201,0],[-8.07395,6.70228,0],[-7.98509,6.75358,0],[-9.2,7.25,0],[-9.11183,7.27865,0],[-9.05734,7.35365,0],[-9.05734,7.44635,0],[-9.11183,7.52135,0],[-9.2,7.55,0],[-17.2,7.55,0],[-17.2882,7.52135,0],[-17.3427,7.44635,0],[-17.3427,7.35365,0],[-17.2882,7.27865,0],[-17.2,7.25,0],[-11.05,1.35,0],[-11.0214,1.26183,0],[-10.9464,1.20734,0],[-10.8536,1.20734,0],[-10.7786,1.26183,0],[-10.75,1.35,0],[-10.75,5.35,0],[-10.7786,5.43817,0],[-10.8536,5.49266,0],[-10.9464,5.49266,0],[-11.0214,5.43817,0],[-11.05,5.35,0],[-11.05,10.95,0],[-11.0214,10.8618,0],[-10.9464,10.8073,0],[-10.8536,10.8073,0],[-10.7786,10.8618,0],[-10.75,10.95,0],[-10.75,14.95,0],[-10.7786,15.0382,0],[-10.8536,15.0927,0],[-10.9464,15.0927,0],[-11.0214,15.0382,0],[-11.05,14.95,0],[-14.45,2.35,0],[-14.4214,2.26183,0],[-14.3464,2.20734,0],[-14.2536,2.20734,0],[-14.1786,2.26183,0],[-14.15,2.35,0],[-14.15,5.35,0],[-14.1786,5.43817,0],[-14.2536,5.49266,0],[-14.3464,5.49266,0],[-14.4214,5.43817,0],[-14.45,5.35,0],[-14.45,10.95,0],[-14.4214,10.8618,0],[-14.3464,10.8073,0],[-14.2536,10.8073,0],[-14.1786,10.8618,0],[-14.15,10.95,0],[-14.15,13.95,0],[-14.1786,14.0382,0],[-14.2536,14.0927,0],[-14.3464,14.0927,0],[-14.4214,14.0382,0],[-14.45,13.95,0],[-12.75,10.95,0],[-12.7214,10.8618,0],[-12.6464,10.8073,0],[-12.5536,10.8073,0],[-12.4786,10.8618,0],[-12.45,10.95,0],[-12.45,13.95,0],[-12.4786,14.0382,0],[-12.5536,14.0927,0],[-12.6464,14.0927,0],[-12.7214,14.0382,0],[-12.75,13.95,0],[-12.75,2.35,0],[-12.7214,2.26183,0],[-12.6464,2.20734,0],[-12.5536,2.20734,0],[-12.4786,2.26183,0],[-12.45,2.35,0],[-12.45,5.35,0],[-12.4786,5.43817,0],[-12.5536,5.49266,0],[-12.6464,5.49266,0],[-12.7214,5.43817,0],[-12.75,5.35,0],[-9.35,10.95,0],[-9.32135,10.8618,0],[-9.24635,10.8073,0],[-9.15365,10.8073,0],[-9.07865,10.8618,0],[-9.05,10.95,0],[-9.05,14.95,0],[-9.07865,15.0382,0],[-9.15365,15.0927,0],[-9.24635,15.0927,0],[-9.32135,15.0382,0],[-9.35,14.95,0],[-9.35,1.35,0],[-9.32135,1.26183,0],[-9.24635,1.20734,0],[-9.15365,1.20734,0],[-9.07865,1.26183,0],[-9.05,1.35,0],[-9.05,5.35,0],[-9.07865,5.43817,0],[-9.15365,5.49266,0],[-9.24635,5.49266,0],[-9.32135,5.43817,0],[-9.35,5.35,0],[-17.2,9.05,0],[-17.2882,9.02135,0],[-17.3427,8.94635,0],[-17.3427,8.85365,0],[-17.2882,8.77865,0],[-17.2,8.75,0],[-9.2,8.75,0],[-9.11183,8.77865,0],[-9.05734,8.85365,0],[-9.05734,8.94635,0],[-9.11183,9.02135,0],[-9.2,9.05,0],[-4.3,11.45,0],[-4.3,4.85,0],[-4.26194,4.65866,0],[-4.15355,4.49645,0],[-3.99134,4.38806,0],[-3.8,4.35,0],[-2.5,4.35,0],[-2.30866,4.38806,0],[-2.14645,4.49645,0],[-2.03806,4.65866,0],[-2,4.85,0],[-2,11.45,0],[-2.03806,11.6413,0],[-2.14645,11.8036,0],[-2.30866,11.9119,0],[-2.5,11.95,0],[-3.8,11.95,0],[-3.99134,11.9119,0],[-4.15355,11.8036,0],[-4.26194,11.6413,0],[-12.8923,0,0],[-13.5184,0.0493029,0],[-14.1291,0.195996,0],[-14.7093,0.436464,0],[-15.2446,0.764777,0],[-15.722,1.17284,0],[-16.1297,1.6506,0],[-16.4575,2.18628,0],[-16.6974,2.76667,0],[-16.8673,3.14896,0],[-17.1131,3.48755,0],[-17.4238,3.76761,0],[-17.7861,3.9769,0],[-18.1839,4.10625,0],[-18.6,4.15,0],[-24.2,4.15,0],[-24.2,12.15,0],[-18.6,12.15,0],[-18.1839,12.1938,0],[-17.7861,12.3231,0],[-17.4238,12.5324,0],[-17.1131,12.8125,0],[-16.8673,13.151,0],[-16.6974,13.5333,0],[-16.4575,14.1137,0],[-16.1297,14.6494,0],[-15.722,15.1272,0],[-15.2446,15.5352,0],[-14.7093,15.8635,0],[-14.1291,16.104,0],[-13.5184,16.2507,0],[-12.8923,16.3,0],[-5.93827,16.3,0],[-5.47749,16.2462,0],[-5.04149,16.0877,0],[-4.65375,15.833,0],[-4.33512,15.4958,0],[-4.10275,15.0943,0],[-3.96914,14.65,0],[-3.83552,14.2057,0],[-3.60315,13.8042,0],[-3.28452,13.467,0],[-2.89678,13.2123,0],[-2.46079,13.0538,0],[-2,13,0],[0,13,0],[0,3.3,0],[-2,3.3,0],[-2.46079,3.2462,0],[-2.89678,3.08768,0],[-3.28452,2.83297,0],[-3.60315,2.49578,0],[-3.83552,2.09426,0],[-3.96914,1.65,0],[-4.10275,1.20574,0],[-4.33512,0.804215,0],[-4.65375,0.467029,0],[-5.04149,0.212324,0],[-5.47749,0.0538048,0],[-5.93827,0,0]] lst1=(1,40,0,0,40,41,0,41,8,8,41,42,8,42,7,7,42,418,7,418,295,295,418,399,295,399,400,40,1,39,39,1,2,39,2,16,16,2,301,16,301,412,412,301,302,412,302,411,411,302,303,411,303,410,410,303,409,409,303,304,409,304,408,408,304,305,408,305,74,74,305,73,73,305,306,73,306,307,2,3,301,301,3,300,300,3,290,300,290,291,3,4,290,290,4,289,289,4,5,289,5,288,288,5,6,288,6,296,296,6,7,296,7,295,10,193,9,9,193,194,9,194,17,17,194,195,17,195,16,16,195,39,193,10,192,192,10,11,192,11,417,417,11,281,417,281,386,386,281,385,385,281,384,384,281,282,384,282,383,383,282,283,383,283,416,416,283,284,416,284,415,415,284,285,415,285,414,414,285,413,413,285,286,413,286,15,15,286,14,14,286,287,14,287,13,13,287,279,13,279,12,12,279,280,12,280,11,11,280,281,413,15,412,412,15,16,19,449,18,18,449,450,18,450,26,26,450,451,26,451,25,25,451,24,24,451,277,24,277,278,20,308,19,19,308,344,19,344,449,449,344,448,448,344,447,447,344,446,446,344,333,446,333,445,445,333,444,444,333,334,444,334,443,443,334,335,443,335,442,442,335,441,441,335,336,441,336,440,440,336,439,439,336,371,439,371,438,438,371,437,437,371,309,437,309,310,21,72,20,20,72,307,20,307,308,22,79,21,21,79,80,21,80,72,23,270,22,22,270,271,22,271,79,79,271,272,79,272,78,78,272,224,78,224,77,77,224,216,77,216,76,76,216,217,76,217,75,75,217,218,75,218,215,215,218,214,214,218,219,214,219,213,213,219,220,213,220,84,84,220,221,84,221,83,83,221,222,83,222,82,82,222,223,82,223,273,273,223,224,273,224,272,270,23,278,278,23,24,28,455,27,27,455,456,27,456,35,35,456,345,35,345,405,405,345,346,405,346,347,455,28,454,454,28,29,454,29,30,31,262,30,30,262,263,30,263,454,454,263,453,453,263,264,453,264,92,92,264,91,91,264,265,91,265,90,90,265,266,90,266,98,98,266,267,98,267,101,101,267,100,100,267,268,100,268,201,201,268,200,200,268,269,200,269,32,32,269,261,32,261,31,31,261,262,32,33,200,200,33,199,199,33,198,198,33,34,198,34,406,406,34,405,405,34,35,37,189,36,36,189,418,36,418,44,44,418,43,43,418,42,38,196,37,37,196,197,37,197,189,38,39,196,196,39,195,46,256,45,45,256,257,45,257,484,484,257,258,484,258,259,47,424,46,46,424,255,46,255,256,424,47,423,423,47,48,423,48,422,422,48,49,422,49,243,243,49,50,243,50,486,486,50,51,486,51,485,485,51,52,485,52,484,484,52,53,484,53,45,62,54,489,489,54,55,489,55,488,488,55,250,488,250,487,487,250,251,487,251,486,486,251,243,250,55,249,249,55,56,249,56,248,248,56,57,248,57,236,236,57,235,235,57,58,235,58,234,234,58,59,234,59,242,242,59,60,242,60,241,241,60,65,241,65,66,60,61,65,65,61,64,64,61,491,64,491,492,61,62,491,491,62,490,490,62,489,64,493,63,63,493,494,63,494,495,67,226,66,66,226,227,66,227,241,241,227,240,240,227,398,240,398,239,239,398,238,238,398,399,238,399,237,237,399,236,236,399,247,236,247,248,226,67,225,225,67,68,225,68,233,233,68,69,233,69,232,232,69,496,232,496,231,231,496,437,231,437,395,395,437,312,395,312,394,394,312,313,394,313,393,393,313,314,393,314,404,404,314,315,404,315,403,403,315,316,403,316,402,402,316,317,402,317,297,297,317,318,297,318,377,377,318,376,376,318,319,376,319,375,375,319,320,375,320,374,374,320,309,374,309,373,373,309,372,372,309,371,69,70,496,496,70,71,496,71,495,495,71,63,72,73,307,75,215,74,74,215,207,74,207,205,205,207,208,205,208,204,204,208,106,204,106,107,82,274,81,81,274,275,81,275,89,89,275,276,89,276,88,88,276,452,88,452,87,87,452,86,86,452,85,85,452,212,85,212,213,84,85,213,92,93,453,453,93,94,453,94,95,453,95,211,211,95,96,211,96,210,210,96,104,210,104,105,104,96,103,103,96,97,103,97,102,102,97,98,102,98,101,100,202,99,99,202,203,99,203,107,107,203,204,210,105,209,209,105,106,209,106,208,116,108,476,476,108,109,476,109,475,475,109,474,474,109,110,474,110,179,179,110,178,178,110,111,178,111,182,182,111,181,181,111,112,181,112,180,180,112,113,180,113,188,188,113,114,188,114,187,187,114,130,187,130,131,114,115,130,130,115,129,129,115,116,129,116,128,128,116,477,128,477,478,477,116,476,118,175,117,117,175,176,117,176,125,125,176,177,125,177,124,124,177,182,124,182,183,175,118,174,174,118,119,174,119,469,469,119,120,469,120,468,468,120,390,468,390,329,329,390,328,328,390,391,328,391,327,327,391,392,327,392,326,326,392,381,326,381,325,325,381,382,325,382,324,324,382,383,324,383,416,120,121,390,390,121,389,389,121,122,389,122,388,388,122,123,388,123,387,387,123,124,387,124,183,127,479,126,126,479,166,126,166,167,479,127,478,478,127,128,187,131,386,386,131,132,386,132,417,417,132,436,436,132,435,435,132,133,435,133,434,434,133,134,434,134,433,433,134,126,433,126,167,143,135,482,482,135,136,482,136,137,482,137,481,481,137,138,481,138,139,481,139,162,162,139,140,162,140,170,170,140,141,170,141,431,431,141,430,430,141,142,430,142,429,429,142,428,428,142,143,428,143,482,145,157,144,144,157,158,144,158,152,152,158,159,152,159,151,151,159,160,151,160,427,427,160,483,427,483,253,253,483,252,252,483,260,260,483,259,259,483,484,157,145,156,156,145,146,156,146,155,155,146,428,155,428,482,146,147,428,428,147,148,428,148,427,427,148,149,427,149,150,150,151,427,154,482,153,153,482,483,153,483,161,161,483,160,154,155,482,162,163,481,481,163,164,481,164,480,480,164,165,480,165,479,479,165,166,167,168,433,433,168,432,432,168,169,432,169,431,431,169,170,172,470,171,171,470,471,171,471,472,470,172,469,469,172,173,469,173,174,177,178,182,171,472,179,179,472,473,179,473,474,183,184,387,387,184,185,387,185,386,386,185,186,386,186,187,418,189,417,417,189,190,417,190,191,191,192,417,201,202,100,74,205,408,408,205,206,408,206,407,407,206,406,406,206,198,453,211,452,452,211,212,227,228,398,398,228,397,397,228,229,397,229,396,396,229,230,396,230,395,395,230,231,243,244,422,422,244,421,421,244,245,421,245,420,420,245,246,420,246,419,419,246,418,418,246,399,246,247,399,253,254,427,427,254,426,426,254,425,425,254,255,425,255,424,273,274,82,276,277,452,452,277,451,292,298,291,291,298,299,291,299,300,298,292,297,297,292,293,297,293,402,402,293,294,402,294,401,401,294,295,401,295,400,297,378,308,308,378,341,308,341,342,310,311,437,437,311,312,322,361,321,321,361,362,321,362,363,361,322,360,360,322,323,360,323,416,416,323,324,329,330,468,468,330,331,468,331,332,321,363,332,332,363,364,332,364,365,371,336,370,370,336,337,370,337,369,369,337,338,369,338,380,380,338,339,380,339,379,379,339,340,379,340,378,378,340,341,342,343,308,308,343,344,347,348,405,405,348,359,405,359,416,416,359,360,359,348,358,358,348,349,358,349,357,357,349,350,357,350,368,368,350,351,368,351,367,367,351,352,367,352,366,366,352,353,366,353,466,466,353,465,465,353,464,464,353,354,464,354,463,463,354,462,462,354,355,462,355,461,461,355,356,461,356,460,460,356,459,459,356,345,459,345,458,458,345,457,457,345,456,365,366,332,332,366,468,377,378,297,466,467,366,366,467,468,492,493,64) n=[[0,0,-1],[0,0,-1],[0,0,-1],[0,0,-1],[0,0,-1],[0,0,-1],[0,0,-1],[0,0,-1],[0,0,-1],[0,0,-1],[0,0,-1],[0,0,-1],[0,0,-1],[0,0,-1],[0,0,-1],[0,0,-1],[0,0,-1],[0,0,-1],[0,0,-1],[0,0,-1],[0,0,-1],[0,0,-1],[0,0,-1],[0,0,-1],[0,0,-1],[0,0,-1],[0,0,-1],[0,0,-1],[0,0,-1],[0,0,-1],[0,0,-1],[0,0,-1],[0,0,-1],[0,0,-1],[0,0,-1],[0,0,-1],[0,0,-1],[0,0,-1],[0,0,-1],[0,0,-1],[0,0,-1],[0,0,-1],[0,0,-1],[0,0,-1],[0,0,-1],[0,0,-1],[0,0,-1],[0,0,-1],[0,0,-1],[0,0,-1],[0,0,-1],[0,0,-1],[0,0,-1],[0,0,-1],[0,0,-1],[0,0,-1],[0,0,-1],[0,0,-1],[0,0,-1],[0,0,-1],[0,0,-1],[0,0,-1],[0,0,-1],[0,0,-1],[0,0,-1],[0,0,-1],[0,0,-1],[0,0,-1],[0,0,-1],[0,0,-1],[0,0,-1],[0,0,-1],[0,0,-1],[0,0,-1],[0,0,-1],[0,0,-1],[0,0,-1],[0,0,-1],[0,0,-1],[0,0,-1],[0,0,-1],[0,0,-1],[0,0,-1],[0,0,-1],[0,0,-1],[0,0,-1],[0,0,-1],[0,0,-1],[0,0,-1],[0,0,-1],[0,0,-1],[0,0,-1],[0,0,-1],[0,0,-1],[0,0,-1],[0,0,-1],[0,0,-1],[0,0,-1],[0,0,-1],[0,0,-1],[0,0,-1],[0,0,-1],[0,0,-1],[0,0,-1],[0,0,-1],[0,0,-1],[0,0,-1],[0,0,-1],[0,0,-1],[0,0,-1],[0,0,-1],[0,0,-1],[0,0,-1],[0,0,-1],[0,0,-1],[0,0,-1],[0,0,-1],[0,0,-1],[0,0,-1],[0,0,-1],[0,0,-1],[0,0,-1],[0,0,-1],[0,0,-1],[0,0,-1],[0,0,-1],[0,0,-1],[0,0,-1],[0,0,-1],[0,0,-1],[0,0,-1],[0,0,-1],[0,0,-1],[0,0,-1],[0,0,-1],[0,0,-1],[0,0,-1],[0,0,-1],[0,0,-1],[0,0,-1],[0,0,-1],[0,0,-1],[0,0,-1],[0,0,-1],[0,0,-1],[0,0,-1],[0,0,-1],[0,0,-1],[0,0,-1],[0,0,-1],[0,0,-1],[0,0,-1],[0,0,-1],[0,0,-1],[0,0,-1],[0,0,-1],[0,0,-1],[0,0,-1],[0,0,-1],[0,0,-1],[0,0,-1],[0,0,-1],[0,0,-1],[0,0,-1],[0,0,-1],[0,0,-1],[0,0,-1],[0,0,-1],[0,0,-1],[0,0,-1],[0,0,-1],[0,0,-1],[0,0,-1],[0,0,-1],[0,0,-1],[0,0,-1],[0,0,-1],[0,0,-1],[0,0,-1],[0,0,-1],[0,0,-1],[0,0,-1],[0,0,-1],[0,0,-1],[0,0,-1],[0,0,-1],[0,0,-1],[0,0,-1],[0,0,-1],[0,0,-1],[0,0,-1],[0,0,-1],[0,0,-1],[0,0,-1],[0,0,-1],[0,0,-1],[0,0,-1],[0,0,-1],[0,0,-1],[0,0,-1],[0,0,-1],[0,0,-1],[0,0,-1],[0,0,-1],[0,0,-1],[0,0,-1],[0,0,-1],[0,0,-1],[0,0,-1],[0,0,-1],[0,0,-1],[0,0,-1],[0,0,-1],[0,0,-1],[0,0,-1],[0,0,-1],[0,0,-1],[0,0,-1],[0,0,-1],[0,0,-1],[0,0,-1],[0,0,-1],[0,0,-1],[0,0,-1],[0,0,-1],[0,0,-1],[0,0,-1],[0,0,-1],[0,0,-1],[0,0,-1],[0,0,-1],[0,0,-1],[0,0,-1],[0,0,-1],[0,0,-1],[0,0,-1],[0,0,-1],[0,0,-1],[0,0,-1],[0,0,-1],[0,0,-1],[0,0,-1],[0,0,-1],[0,0,-1],[0,0,-1],[0,0,-1],[0,0,-1],[0,0,-1],[0,0,-1],[0,0,-1],[0,0,-1],[0,0,-1],[0,0,-1],[0,0,-1],[0,0,-1],[0,0,-1],[0,0,-1],[0,0,-1],[0,0,-1],[0,0,-1],[0,0,-1],[0,0,-1],[0,0,-1],[0,0,-1],[0,0,-1],[0,0,-1],[0,0,-1],[0,0,-1],[0,0,-1],[0,0,-1],[0,0,-1],[0,0,-1],[0,0,-1],[0,0,-1],[0,0,-1],[0,0,-1],[0,0,-1],[0,0,-1],[0,0,-1],[0,0,-1],[0,0,-1],[0,0,-1],[0,0,-1],[0,0,-1],[0,0,-1],[0,0,-1],[0,0,-1],[0,0,-1],[0,0,-1],[0,0,-1],[0,0,-1],[0,0,-1],[0,0,-1],[0,0,-1],[0,0,-1],[0,0,-1],[0,0,-1],[0,0,-1],[0,0,-1],[0,0,-1],[0,0,-1],[0,0,-1],[0,0,-1],[0,0,-1],[0,0,-1],[0,0,-1],[0,0,-1],[0,0,-1],[0,0,-1],[0,0,-1],[0,0,-1],[0,0,-1],[0,0,-1],[0,0,-1],[0,0,-1],[0,0,-1],[0,0,-1],[0,0,-1],[0,0,-1],[0,0,-1],[0,0,-1],[0,0,-1],[0,0,-1],[0,0,-1],[0,0,-1],[0,0,-1],[0,0,-1],[0,0,-1],[0,0,-1],[0,0,-1],[0,0,-1],[0,0,-1],[0,0,-1],[0,0,-1],[0,0,-1],[0,0,-1],[0,0,-1],[0,0,-1],[0,0,-1],[0,0,-1],[0,0,-1],[0,0,-1],[0,0,-1],[0,0,-1],[0,0,-1],[0,0,-1],[0,0,-1],[0,0,-1],[0,0,-1],[0,0,-1],[0,0,-1],[0,0,-1],[0,0,-1],[0,0,-1],[0,0,-1],[0,0,-1],[0,0,-1],[0,0,-1],[0,0,-1],[0,0,-1],[0,0,-1],[0,0,-1],[0,0,-1],[0,0,-1],[0,0,-1],[0,0,-1],[0,0,-1],[0,0,-1],[0,0,-1],[0,0,-1],[0,0,-1],[0,0,-1],[0,0,-1],[0,0,-1],[0,0,-1],[0,0,-1],[0,0,-1],[0,0,-1],[0,0,-1],[0,0,-1],[0,0,-1],[0,0,-1],[0,0,-1],[0,0,-1],[0,0,-1],[0,0,-1],[0,0,-1],[0,0,-1],[0,0,-1],[0,0,-1],[0,0,-1],[0,0,-1],[0,0,-1],[0,0,-1],[0,0,-1],[0,0,-1],[0,0,-1],[0,0,-1],[0,0,-1],[0,0,-1],[0,0,-1],[0,0,-1],[0,0,-1],[0,0,-1],[0,0,-1],[0,0,-1],[0,0,-1],[0,0,-1],[0,0,-1],[0,0,-1],[0,0,-1],[0,0,-1],[0,0,-1],[0,0,-1],[0,0,-1],[0,0,-1],[0,0,-1],[0,0,-1],[0,0,-1],[0,0,-1],[0,0,-1],[0,0,-1],[0,0,-1],[0,0,-1],[0,0,-1],[0,0,-1],[0,0,-1],[0,0,-1],[0,0,-1],[0,0,-1],[0,0,-1],[0,0,-1],[0,0,-1],[0,0,-1],[0,0,-1],[0,0,-1],[0,0,-1],[0,0,-1],[0,0,-1],[0,0,-1],[0,0,-1],[0,0,-1],[0,0,-1],[0,0,-1],[0,0,-1],[0,0,-1],[0,0,-1],[0,0,-1],[0,0,-1],[0,0,-1],[0,0,-1],[0,0,-1],[0,0,-1],[0,0,-1],[0,0,-1],[0,0,-1],[0,0,-1],[0,0,-1],[0,0,-1],[0,0,-1],[0,0,-1],[0,0,-1],[0,0,-1],[0,0,-1],[0,0,-1],[0,0,-1],[0,0,-1],[0,0,-1],[0,0,-1],[0,0,-1],[0,0,-1],[0,0,-1],[0,0,-1],[0,0,-1],[0,0,-1],[0,0,-1],[0,0,-1],[0,0,-1],[0,0,-1],[0,0,-1],[0,0,-1],[0,0,-1],[0,0,-1],[0,0,-1],[0,0,-1],[0,0,-1],[0,0,-1],[0,0,-1],[0,0,-1],[0,0,-1],[0,0,-1],[0,0,-1],[0,0,-1],[0,0,-1],[0,0,-1],[0,0,-1],[0,0,-1]] uv=[[-4.65,-1.1],[-4.61491,-1.00358],[-4.52605,-0.952279],[-4.425,-0.970096],[-4.35905,-1.0487],[-4.35905,-1.1513],[-4.425,-1.2299],[-4.52605,-1.24772],[-4.61491,-1.19642],[-4.65,1.1],[-4.61491,1.19642],[-4.52605,1.24772],[-4.425,1.2299],[-4.35905,1.1513],[-4.35905,1.0487],[-4.425,0.970096],[-4.52605,0.952279],[-4.61491,1.00358],[6.8,-3.3],[6.84679,-3.17144],[6.96527,-3.10304],[7.1,-3.12679],[7.18794,-3.2316],[7.18794,-3.3684],[7.1,-3.47321],[6.96527,-3.49696],[6.84679,-3.42856],[6.8,3.3],[6.84679,3.42856],[6.96527,3.49696],[7.1,3.47321],[7.18794,3.3684],[7.18794,3.2316],[7.1,3.12679],[6.96527,3.10304],[6.84679,3.17144],[-6.65,-1],[-6.61491,-0.903582],[-6.52605,-0.852279],[-6.425,-0.870096],[-6.35905,-0.948697],[-6.35905,-1.0513],[-6.425,-1.1299],[-6.52605,-1.14772],[-6.61491,-1.09642],[-9.85,-4.5],[-9.81491,-4.40358],[-9.72605,-4.35228],[-9.625,-4.3701],[-9.55905,-4.4487],[-9.55905,-4.5513],[-9.625,-4.6299],[-9.72605,-4.64772],[-9.81491,-4.59642],[-6.1,-5.85],[-6.06491,-5.75358],[-5.97605,-5.70228],[-5.875,-5.7201],[-5.80905,-5.7987],[-5.80905,-5.9013],[-5.875,-5.9799],[-5.97605,-5.99772],[-6.06491,-5.94642],[-5.55,-7.35],[-5.51491,-7.25358],[-5.42605,-7.20228],[-5.325,-7.2201],[-5.25905,-7.2987],[-5.25905,-7.4013],[-5.325,-7.4799],[-5.42605,-7.49772],[-5.51491,-7.44642],[8.85,-1.95],[8.88509,-1.85358],[8.97395,-1.80228],[9.075,-1.8201],[9.14095,-1.8987],[9.14095,-2.0013],[9.075,-2.0799],[8.97395,-2.09772],[8.88509,-2.04642],[11.5,-3.2],[11.5351,-3.10358],[11.624,-3.05228],[11.725,-3.0701],[11.791,-3.1487],[11.791,-3.2513],[11.725,-3.3299],[11.624,-3.34772],[11.5351,-3.29642],[11.5,3.2],[11.5351,3.29642],[11.624,3.34772],[11.725,3.3299],[11.791,3.2513],[11.791,3.1487],[11.725,3.0701],[11.624,3.05228],[11.5351,3.10358],[10.55,1.95],[10.5851,2.04642],[10.674,2.09772],[10.775,2.0799],[10.841,2.0013],[10.841,1.8987],[10.775,1.8201],[10.674,1.80228],[10.5851,1.85358],[-6.1,5.85],[-6.06491,5.94642],[-5.97605,5.99772],[-5.875,5.9799],[-5.80905,5.9013],[-5.80905,5.7987],[-5.875,5.7201],[-5.97605,5.70228],[-6.06491,5.75358],[-4.4,7.35],[-4.36491,7.44642],[-4.27605,7.49772],[-4.175,7.4799],[-4.10905,7.4013],[-4.10905,7.2987],[-4.175,7.2201],[-4.27605,7.20228],[-4.36491,7.25358],[-7.55,4.5],[-7.51491,4.59642],[-7.42605,4.64772],[-7.325,4.6299],[-7.25905,4.5513],[-7.25905,4.4487],[-7.325,4.3701],[-7.42605,4.35228],[-7.51491,4.40358],[-10.95,4.5],[-10.9149,4.59642],[-10.826,4.64772],[-10.725,4.6299],[-10.659,4.5513],[-10.659,4.4487],[-10.725,4.3701],[-10.826,4.35228],[-10.9149,4.40358],[-10.75,0],[-10.7149,0.0964181],[-10.626,0.147721],[-10.525,0.129904],[-10.459,0.051303],[-10.459,-0.051303],[-10.525,-0.129904],[-10.626,-0.147721],[-10.7149,-0.0964181],[-11.45,0],[-11.4149,0.0964181],[-11.326,0.147721],[-11.225,0.129904],[-11.159,0.051303],[-11.159,-0.051303],[-11.225,-0.129904],[-11.326,-0.147721],[-11.4149,-0.0964181],[-9.85,4.5],[-9.81491,4.59642],[-9.72605,4.64772],[-9.625,4.6299],[-9.55905,4.5513],[-9.55905,4.4487],[-9.625,4.3701],[-9.72605,4.35228],[-9.81491,4.40358],[-5.55,7.35],[-5.51491,7.44642],[-5.42605,7.49772],[-5.325,7.4799],[-5.25905,7.4013],[-5.25905,7.2987],[-5.325,7.2201],[-5.42605,7.20228],[-5.51491,7.25358],[-4.95,5.85],[-4.91491,5.94642],[-4.82605,5.99772],[-4.725,5.9799],[-4.65905,5.9013],[-4.65905,5.7987],[-4.725,5.7201],[-4.82605,5.70228],[-4.91491,5.75358],[-6.65,1],[-6.61491,1.09642],[-6.52605,1.14772],[-6.425,1.1299],[-6.35905,1.0513],[-6.35905,0.948697],[-6.425,0.870096],[-6.52605,0.852279],[-6.61491,0.903582],[8.85,1.95],[8.88509,2.04642],[8.97395,2.09772],[9.075,2.0799],[9.14095,2.0013],[9.14095,1.8987],[9.075,1.8201],[8.97395,1.80228],[8.88509,1.85358],[11.5,0],[11.5351,0.0964181],[11.624,0.147721],[11.725,0.129904],[11.791,0.051303],[11.791,-0.051303],[11.725,-0.129904],[11.624,-0.147721],[11.5351,-0.0964181],[10.55,-1.95],[10.5851,-1.85358],[10.674,-1.80228],[10.775,-1.8201],[10.841,-1.8987],[10.841,-2.0013],[10.775,-2.0799],[10.674,-2.09772],[10.5851,-2.04642],[-4.4,-7.35],[-4.36491,-7.25358],[-4.27605,-7.20228],[-4.175,-7.2201],[-4.10905,-7.2987],[-4.10905,-7.4013],[-4.175,-7.4799],[-4.27605,-7.49772],[-4.36491,-7.44642],[-4.95,-5.85],[-4.91491,-5.75358],[-4.82605,-5.70228],[-4.725,-5.7201],[-4.65905,-5.7987],[-4.65905,-5.9013],[-4.725,-5.9799],[-4.82605,-5.99772],[-4.91491,-5.94642],[-7.55,-4.5],[-7.51491,-4.40358],[-7.42605,-4.35228],[-7.325,-4.3701],[-7.25905,-4.4487],[-7.25905,-4.5513],[-7.325,-4.6299],[-7.42605,-4.64772],[-7.51491,-4.59642],[-10.95,-4.5],[-10.9149,-4.40358],[-10.826,-4.35228],[-10.725,-4.3701],[-10.659,-4.4487],[-10.659,-4.5513],[-10.725,-4.6299],[-10.826,-4.64772],[-10.9149,-4.59642],[9.55,3.3],[9.59679,3.42856],[9.71527,3.49696],[9.85,3.47321],[9.93794,3.3684],[9.93794,3.2316],[9.85,3.12679],[9.71527,3.10304],[9.59679,3.17144],[9.55,-3.3],[9.59679,-3.17144],[9.71527,-3.10304],[9.85,-3.12679],[9.93794,-3.2316],[9.93794,-3.3684],[9.85,-3.47321],[9.71527,-3.49696],[9.59679,-3.42856],[-4.15,1.3],[-4.11491,1.39642],[-4.02605,1.44772],[-3.925,1.4299],[-3.85905,1.3513],[-3.85905,1.2487],[-3.925,1.1701],[-4.02605,1.15228],[-4.11491,1.20358],[-4.15,-1.3],[-4.11491,-1.20358],[-4.02605,-1.15228],[-3.925,-1.1701],[-3.85905,-1.2487],[-3.85905,-1.3513],[-3.925,-1.4299],[-4.02605,-1.44772],[-4.11491,-1.39642],[-2.9,-0.9],[-2.98817,-0.871353],[-3.04266,-0.796353],[-3.04266,-0.703647],[-2.98817,-0.628647],[-2.9,-0.6],[5.1,-0.6],[5.18817,-0.628647],[5.24266,-0.703647],[5.24266,-0.796353],[5.18817,-0.871353],[5.1,-0.9],[-1.05,-6.8],[-1.07865,-6.88817],[-1.15365,-6.94266],[-1.24635,-6.94266],[-1.32135,-6.88817],[-1.35,-6.8],[-1.35,-2.8],[-1.32135,-2.71183],[-1.24635,-2.65734],[-1.15365,-2.65734],[-1.07865,-2.71183],[-1.05,-2.8],[-1.05,2.8],[-1.07865,2.71183],[-1.15365,2.65734],[-1.24635,2.65734],[-1.32135,2.71183],[-1.35,2.8],[-1.35,6.8],[-1.32135,6.88817],[-1.24635,6.94266],[-1.15365,6.94266],[-1.07865,6.88817],[-1.05,6.8],[2.35,-5.8],[2.32135,-5.88817],[2.24635,-5.94266],[2.15365,-5.94266],[2.07865,-5.88817],[2.05,-5.8],[2.05,-2.8],[2.07865,-2.71183],[2.15365,-2.65734],[2.24635,-2.65734],[2.32135,-2.71183],[2.35,-2.8],[2.35,2.8],[2.32135,2.71183],[2.24635,2.65734],[2.15365,2.65734],[2.07865,2.71183],[2.05,2.8],[2.05,5.8],[2.07865,5.88817],[2.15365,5.94266],[2.24635,5.94266],[2.32135,5.88817],[2.35,5.8],[0.65,2.8],[0.621353,2.71183],[0.546353,2.65734],[0.453647,2.65734],[0.378647,2.71183],[0.35,2.8],[0.35,5.8],[0.378647,5.88817],[0.453647,5.94266],[0.546353,5.94266],[0.621353,5.88817],[0.65,5.8],[0.65,-5.8],[0.621353,-5.88817],[0.546353,-5.94266],[0.453647,-5.94266],[0.378647,-5.88817],[0.35,-5.8],[0.35,-2.8],[0.378647,-2.71183],[0.453647,-2.65734],[0.546353,-2.65734],[0.621353,-2.71183],[0.65,-2.8],[-2.75,2.8],[-2.77865,2.71183],[-2.85365,2.65734],[-2.94635,2.65734],[-3.02135,2.71183],[-3.05,2.8],[-3.05,6.8],[-3.02135,6.88817],[-2.94635,6.94266],[-2.85365,6.94266],[-2.77865,6.88817],[-2.75,6.8],[-2.75,-6.8],[-2.77865,-6.88817],[-2.85365,-6.94266],[-2.94635,-6.94266],[-3.02135,-6.88817],[-3.05,-6.8],[-3.05,-2.8],[-3.02135,-2.71183],[-2.94635,-2.65734],[-2.85365,-2.65734],[-2.77865,-2.71183],[-2.75,-2.8],[5.1,0.9],[5.18817,0.871353],[5.24266,0.796353],[5.24266,0.703647],[5.18817,0.628647],[5.1,0.6],[-2.9,0.6],[-2.98817,0.628647],[-3.04266,0.703647],[-3.04266,0.796353],[-2.98817,0.871353],[-2.9,0.9],[-7.8,3.3],[-7.8,-3.3],[-7.83806,-3.49134],[-7.94645,-3.65355],[-8.10866,-3.76194],[-8.3,-3.8],[-9.6,-3.8],[-9.79134,-3.76194],[-9.95355,-3.65355],[-10.0619,-3.49134],[-10.1,-3.3],[-10.1,3.3],[-10.0619,3.49134],[-9.95355,3.65355],[-9.79134,3.76194],[-9.6,3.8],[-8.3,3.8],[-8.10866,3.76194],[-7.94645,3.65355],[-7.83806,3.49134],[0.79233,-8.15],[1.41842,-8.1007],[2.02908,-7.954],[2.60925,-7.71354],[3.14463,-7.38522],[3.62203,-6.97716],[4.02966,-6.4994],[4.3575,-5.96372],[4.59744,-5.38333],[4.76735,-5.00104],[5.01307,-4.66245],[5.32385,-4.38239],[5.68609,-4.1731],[6.08394,-4.04375],[6.5,-4],[12.1,-4],[12.1,4],[6.5,4],[6.08394,4.04375],[5.68609,4.1731],[5.32385,4.38239],[5.01307,4.66245],[4.76735,5.00104],[4.59744,5.38333],[4.3575,5.96372],[4.02966,6.4994],[3.62203,6.97716],[3.14463,7.38522],[2.60925,7.71354],[2.02908,7.954],[1.41842,8.1007],[0.79233,8.15],[-6.16173,8.15],[-6.62251,8.0962],[-7.05851,7.93768],[-7.44625,7.68297],[-7.76488,7.34579],[-7.99725,6.94426],[-8.13086,6.5],[-8.26447,6.05574],[-8.49685,5.65421],[-8.81548,5.31703],[-9.20322,5.06232],[-9.63921,4.9038],[-10.1,4.85],[-12.1,4.85],[-12.1,-4.85],[-10.1,-4.85],[-9.63921,-4.9038],[-9.20322,-5.06232],[-8.81548,-5.31703],[-8.49685,-5.65421],[-8.26447,-6.05574],[-8.13086,-6.5],[-7.99725,-6.94426],[-7.76488,-7.34579],[-7.44625,-7.68297],[-7.05851,-7.93768],[-6.62251,-8.0962],[-6.16173,-8.15]] a0=(103,000)  a1=(-1,1) lst5=(2415902719,2415913249,2952779234,2952768028,2415892189,2415902719,2952768028,1744846847,1925627903,2415892189,2415902719,2415912348,1207975935,2952779234,2415913249,1388756991,1499906047,1342160895,1879031807,2036776959,1879031807,1879031807,1342160895,1342160895,1721286655,1879031807,1342160895,1184415743,2952768569,1721286655,1184415743,2952778693,2415913249,1388756991,2952778693,2952768569,2952768569,1721286655,1388756991,1207975935,2415907781,1499906047,1388756991,1207975935,1207975935,2952779234,2415913249,1388756991,2952779234,2952768028,2415902719,2415913249,2952768028,1744846847,2415892189,2415902719,1744846847,1925627903,1925627903,2415892189,2415902719,2415913249,2952779234,2952768028,2415892189,2415902719,2952768028,1744846847,1925627903,2415892189,1207975935,2952779234,2415913249,1388756991,2415893090,2415902719,1961967615,2415893090,1388756991,1207975935,1796095999,1961967615,1207975935,2952779234,2952779234,2952768028,1499906047,1342160895,2952768028,1744846847,2415907781,1499906047,2415897657,2415907781,1744846847,1925627903,2952768028,1744846847,1925627903,2415892189,2952779234,2952768028,2415892189,2415902719,1207975935,2952779234,2415902719,2415913249,1388756991,1207975935,2415913249,1388756991,2036776959,2415897657,1744846847,1925627903,2415902719,2415913249,1451376639,1397964799,2415892189,2415902719,1397964799,1342160895,1925627903,2415892189,1744846847,1925627903,1925627903,2415892189,2415913249,1388756991,1499971583,1451376639,2415913675,1499971583,2415910902,2415913675,2415902719,2415902719,2415907770,2415910902,2952766203,2952768580,2952773631,2952764002,2952764009,2952766203,2952764002,1796095999,2952762052,2952764009,1721221119,2952762052,1796095999,1961967615,1757134847,1721221119,1796063231,1757134847,1837023231,1796063231,1879031807,1837023231,2952773631,2952764002,1388756991,1207975935,1721286655,1879031807,1207975935,2952779234,1925627903,2415892189,2415892189,2415902719,2952779234,2952768028,2415902719,2415913249,2415913249,1388756991,1744846847,1925627903,2952768028,1744846847,2415892189,2415902719,2952779234,2952768028,2415902719,2415913249,1207975935,2952779234,2415913249,1388756991,1925627903,2415892189,1388756991,1207975935,1744846847,1925627903,1207975935,2952779234,2952779234,2952768028,1388756991,1207975935,2952768028,1744846847,2415913249,1388756991,1744846847,1925627903,1925627903,2415892189,1388756991,1207975935,2415892189,2415902719,2952768028,1744846847,2415902719,2415913249,1934835711,1988247551,2415892189,2415902719,2952773631,2952764002,2952764002,1796095999,1879031807,1934835711,2415913249,1388756991,1388756991,1207975935,1207975935,2952779234,2415913249,1388756991,1342160895,1342160895,1388756991,1207975935,2415913249,1388756991,1207975935,2952779234,2415902719,2415913249,2952779234,2952768028,2415892189,2415902719,2952768028,1744846847,2415913249,1388756991,1744846847,1925627903,1388756991,1207975935,1925627903,2415892189,2415892189,2415902719,2952779234,2952768028,2415902719,2415913249,2952768028,1744846847,2415913249,1388756991,2415902719,2415913249,1744846847,1925627903,1342160895,1184415743,1925627903,2415892189,2415902719,2415913249,2415892189,2415902719,1925627903,2415892189,1744846847,1925627903,2415913249,1388756991,1925627903,2415892189,2415892189,2415902719,1388756991,1207975935,1744846847,1925627903,2415902719,2415913249,2952779234,2952768028,2952768028,1744846847,1744846847,1925627903,2415913249,1388756991,1207975935,2952779234,1879031807,1981726719,1388756991,1207975935,1342160895,1342160895,1207975935,2952779234,2952779234,2952768028,2952768028,1744846847,1280327679,1221836799,1744846847,1925627903,1342160895,1280327679,1925627903,2415892189,2415892189,2415902719,2415892189,2415902719,2415902719,2415913249,2952783426,2952780137,1169801215,2952783426,1925627903,2415892189,1221836799,1169801215,2415892189,2415902719,1744846847,1925627903,2415913249,1388756991,2952768028,1744846847,1388756991,1207975935,2415913249,1388756991,1207975935,2952779234,2415902719,2415913249,2952779234,2952768028,2415892189,2415902719,2952768028,1744846847,1925627903,2415892189,1388756991,1207975935,1744846847,1925627903,2415913249,1388756991,2415896213,2415892924,1925627903,2415892189,2415899852,2415896213,2952780137,2952776498,2415902719,2415913249,2051391487,1999355903,1999355903,1940865023,1207975935,2952779234,2415913249,1388756991,1744846847,1925627903,2952768028,1744846847,2952779234,2952768028,2952773631,2952773631,1207975935,2952779234,1388756991,1207975935,2952779234,2952768028,2415902719,2415913249,2952779234,2952768028,2415892189,2415902719,2952768028,1744846847,1925627903,2415892189,1744846847,1925627903,1879031807,1879031807,2952764002,1796095999,1961967615,2415893090,2952773631,2952764002,2415893090,2415902719,2415902719,2415902719,2952773631,2952773631,2952783260,2952773631,2415902719,2415912348,1259225087,2952783260,2415912348,1425096703,1425096703,1259225087,2415912348,1425096703,1259225087,2952783260,2415902719,2415912348,2952783260,2952773631,2952773631,2952773631,2415902719,2415902719,2415893090,2415902719,1961967615,2415893090,1796095999,1961967615,1744846847,1925627903,1925627903,2415892189,1940865023,1879031807,2415892189,2415902719,2415902719,2415913249,1388756991,1207975935,2415892189,2415902719,2415902719,2415913249,1744846847,1925627903,1925627903,2415892189,2415902719,2415913249,2952779234,2952768028,2415892189,2415902719,2952768028,1744846847,1925627903,2415892189,1744846847,1925627903,2952768028,1744846847,2952779234,2952768028,2952768028,1744846847,1207975935,2952779234,1388756991,1207975935,1207975935,2952779234,2952779234,2952768028,2952768028,1744846847,1207975935,2952779234,2952768028,1744846847,2952779234,2952768028,1744846847,1925627903,1207975935,2952779234,1925627903,2415892189,1388756991,1207975935,2415902719,2415913249,2952779234,2952768028,2415892189,2415902719,2952768028,1744846847,1388756991,1207975935,1744846847,1925627903,2415913249,1388756991,2415892189,2415902719,2415902719,2415913249,2952770764,2952767125,2415909225,2415905586,2415913249,1388756991,1925627903,2415892189,1388756991,1207975935,2415913249,1388756991,1207975935,2952779234,2415902719,2415913249,2952779234,2952768028,2415892189,2415902719,2952768028,1744846847,1925627903,2415892189,2952779234,2952768028,1744846847,1925627903,1207975935,2952779234,1925627903,2415892189,1388756991,1207975935,2952763836,1706672127,2952767125,2952763836,2415902719,2415913249,2952779234,2952768028,2415892189,2415902719,2952768028,1744846847,1925627903,2415892189,1388756991,1207975935,1207975935,2952779234,2415913249,1388756991,1388756991,1207975935,1342160895,1342160895,2415912348,1425096703,1259225087,2952783260,2415902719,2415912348,2952783260,2952773631,2952773631,2952773631,2415902719,2415902719,2415893090,2415902719,2952773631,2952764002,1961967615,2415893090,2952764002,1796095999,1207975935,2952779234,1425096703,1259225087,2952779234,2952768028,2415912348,1425096703,2952768028,1744846847,2415902719,2415912348,1744846847,1925627903,2415902719,2415913249,2952779234,2952768028,1706672127,1758707711,2415913249,1388756991,2952768028,1744846847,2952779900,2952773631,1152401407,2952779900,1744846847,1925627903,1239465983,1152401407,1925627903,2415892189,1342160895,1239465983,2415892189,2415902719,2415892189,2415902719,2415902719,2415913249,2415913249,1388756991,1342160895,1342160895,1388756991,1207975935,1207975935,2952779234,2952779234,2952768028,2415892189,2415902719,2952768028,1744846847,1531920383,1444855807,1744846847,1925627903,2415908988,1531920383,2415902719,2415908988,1925627903,2415892189,2415902719,2415913249,2952779234,2952768028,2415892189,2415902719,2952768028,1744846847,1925627903,2415892189,1744846847,1925627903,2415902719,2415913249,2415892189,2415902719,1925627903,2415892189,1879031807,1879031807,1207975935,2952779234,2415913249,1388756991,1388756991,1207975935,1388756991,1207975935,1207975935,2952779234,2952773631,2952773631,2952779234,2952768028,2952768028,1744846847,1744846847,1925627903,2415902719,2415913249,2415902719,2415902719,2415892189,2415902719,1925627903,2415892189,2415913249,1388756991,2415902719,2415913249,2415913249,1388756991,1817198591,1879031807,1388756991,1207975935,1758707711,1817198591,1207975935,2952779234,2952768028,1744846847,1879031807,1879031807,1744846847,1925627903,1444855807,1342160895,1925627903,2415892189,2415902719,2415913249,1403994111,1462484991,1462484991,1514520575,1342160895,1403994111,2415913249,1388756991,1388756991,1207975935,1744846847,1925627903,2415892189,2415902719,1514520575,2415912514,2415912514,2415909225,1207975935,2952779234,2952779234,2952768028,2952773631,2952773631,2952768028,1744846847,1744846847,1925627903,2415902719,2415902719,2415902719,2415913249,2415913249,1388756991,1388756991,1207975935,1207975935,2952779234,1925627903,2415892189,2952778693,2952768569,1184415743,2952778693,2415892189,2415902719,2952773631,2952773631,2952779234,2952768028,1388756991,1207975935,2415893090,2415902719,1207975935,2952779234,1961967615,2415893090,2952779234,2952768028,1796095999,1961967615,2952768028,1744846847,2415902719,2415913249,1776336895,1879031807,2415913249,1388756991,2952762047,1776336895,1388756991,1207975935,2952767362,2952762047,2952773631,2952767362,1207975935,2952779234,2415913249,1388756991,2415896450,2415902719,2415891135,2415896450,1388756991,1207975935,1981726719,2415891135,1207975935,2952779234,1744846847,1925627903,1879031807,1879031807,1207975935,2952779234,2036776959,2415897657,2415897657,2415907781,1879031807,2036776959,2952779234,2952768028,2952768028,1744846847,1425096703,1259225087,1744846847,1925627903,2415912348,1425096703,1342160895,1342160895,1425096703,1259225087,2952764002,1796095999,1796095999,1961967615,2952773631,2952764002,2415893090,2415902719,2952773631,2952773631,1961967615,2415893090,2952764002,1796095999,1796095999,1961967615,1425096703,1259225087,1259225087,2952783260,2952783260,2952773631,2415902719,2415902719,2415902719,2415912348,2415912348,1425096703,2952764002,1796095999,1961967615,2415893090,2952773631,2952764002,2415893090,2415902719,2415902719,2415902719,2952773631,2952773631,2952783260,2952773631,2415902719,2415912348,1259225087,2952783260,2415912348,1425096703,1259225087,2952783260,2952783260,2952773631,1796095999,1961967615,1879031807,1879031807,1796095999,1961967615,2952764002,1796095999,1961967615,2415893090,2952773631,2952764002,2415893090,2415902719,2415902719,2415902719,2952773631,2952773631,2952783260,2952773631,2415902719,2415912348,1259225087,2952783260,2415912348,1425096703,1220263935,1259192319,1184350207,1220263935,1425096703,1259225087,2952785210,1184350207,2952783253,2952785210,1259225087,2952783260,2952781059,2952783253,2952783260,2952773631,2952778682,2952781059,2415894536,2415897668,2415902719,2415902719,2415891763,2415894536,2036842495,2415891763,1988247551,2036842495,1425096703,1259225087,1425096703,1259225087,1259192319,1300152319,1300152319,1342160895,2415892924,2051391487) lst6=[[69,0,162,40],[162,68,17,0],[161,16,74,129],[40,74,20,69],[162,4,128,130],[10,148,40,130],[40,138,162,40],[18,32,66,162],[81,162,40,81],[69,136,144,32],[162,32,130,34],[17,20,5,138],[40,74,4,69],[160,72,145,128],[129,162,40,80],[132,138,160,64],[146,4,81,160],[136,4,37,148],[69,16,20,69],[162,32,162,20],[81,20,40,138],[132,66,40,68],[18,4,138,148],[136,162,8,137],[40,138,2,40],[20,5,130,162],[161,34,38,81],[40,138,16,65],[36,82,72,130],[137,162,8,17],[37,98,20,69],[20,69,129,2],[137,16,133,66],[8,138,16,69],[20,69,81,128],[80,20,133,80],[37,16,20,33],[20,137,80,20],[74,20,40,130],[0,80,20,5],[68,32,138,146],[34,19,133,82],[69,81,168,40],[68,41,148,34],[17,72,41,82],[69,81,168,40],[72,36,138,66],[145,18,50,74],[81,72,20,65],[36,10,138,20],[138,162,40,82],[40,10,40,42],[18,40,138,162],[137,18,69,137],[0,160,72,48]] aX=(02 00 00 30 00 00 00 00)
					objects[0003] = (01DE): Face flags=46400000    u32_0=0000  u8_0=00 box=(-16.6974,13.5333,0,-12.8923,16.3,0.22) key=14AB u32_1=0000 u32_2=0000
						surface = (084C): SurfaceCylinder dcIndices=[[1502,4294967295]] u32_0=0000 u8_0=00 center=Vector (-12.892329722207144, 12.3, 0.22000000000000003) normal=Vector (0.0, 0.0, 1.0)
						edges[0000] = (084D): Edge_D79AD3F3 flags=0000    u32_0=0000 points=[[-12.8923,16.3,0],[-13.5184,16.2507,0],[-14.1291,16.104,0],[-14.7093,15.8635,0],[-15.2446,15.5352,0],[-15.722,15.1272,0],[-16.1297,14.6494,0],[-16.4575,14.1137,0],[-16.6974,13.5333,0],[-16.6974,13.5333,0.22],[-16.4575,14.1137,0.22],[-16.1297,14.6494,0.22],[-15.722,15.1272,0.22],[-15.2446,15.5352,0.22],[-14.7093,15.8635,0.22],[-14.1291,16.104,0.22],[-13.5184,16.2507,0.22],[-12.8923,16.3,0.22]] lst1=(17,0,16,16,0,1,16,1,15,15,1,2,15,2,14,14,2,3,14,3,13,13,3,4,13,4,12,12,4,5,12,5,11,11,5,6,11,6,10,10,6,7,10,7,9,9,7,8) n=[[0,1,0],[-0.156523,0.987674,0],[-0.309188,0.951001,0],[-0.454231,0.890884,0],[-0.588076,0.808806,0],[-0.707424,0.706789,0],[-0.809334,0.587349,0],[-0.891292,0.45343,0],[-0.951278,0.308333,0],[-0.951278,0.308333,0],[-0.891292,0.45343,0],[-0.809334,0.587349,0],[-0.707424,0.706789,0],[-0.588076,0.808806,0],[-0.454231,0.890884,0],[-0.309188,0.951001,0],[-0.156523,0.987674,0],[0,1,0]] uv=[[0.22,-12.5664],[0.22,-11.9377],[0.22,-11.309],[0.22,-10.6803],[0.22,-10.0517],[0.22,-9.42298],[0.22,-8.7943],[0.22,-8.16563],[0.22,-7.53695],[0,-7.53695],[0,-8.16563],[0,-8.7943],[0,-9.42298],[0,-10.0517],[0,-10.6803],[0,-11.309],[0,-11.9377],[0,-12.5664]] a0=(103,8000)  a1=(4,4) lst5=(2415902719,2415902719,1300152319,1342160895,1342160895,1300152319,1259192319,1300152319,1300152319,1259192319,1220263935,1259192319,1259192319,1220263935,1184350207,1220263935,1220263935,1184350207,2952785210,1184350207,1184350207,2952785210,2952783253,2952785210,2952785210,2952783253,2952781059,2952783253,2952783253,2952781059,2952778682,2952781059,2952781059,2952778682,1796292607,1796292607) lst6=[[40,138,162,168],[0,0,139,162]] aX=(02 00 00 30 00 00 00 00)
					objects[0004] = (01DF): Face flags=46400000    u32_0=0000  u8_0=00 box=(-18.6,12.15,0,-16.6974,13.5333,0.22) key=14AC u32_1=0000 u32_2=0000
						surface = (084E): SurfaceCylinder dcIndices=[[1446,4294967295]] u32_0=0000 u8_0=00 center=Vector (-18.6, 14.149999999999999, 0.22000000000000003) normal=Vector (-0.0, -0.0, -1.0)
						edges[0000] = (084F): Edge_D79AD3F3 flags=0000    u32_0=0000 points=[[-16.6974,13.5333,0.22],[-16.6974,13.5333,0],[-16.8673,13.151,0],[-17.1131,12.8125,0],[-17.4238,12.5324,0],[-17.7861,12.3231,0],[-18.1839,12.1938,0],[-18.6,12.15,0],[-18.6,12.15,0.22],[-18.1839,12.1938,0.22],[-17.7861,12.3231,0.22],[-17.4238,12.5324,0.22],[-17.1131,12.8125,0.22],[-16.8673,13.151,0.22]] lst1=(0,1,13,13,1,2,13,2,3,13,3,12,12,3,4,12,4,11,11,4,5,11,5,10,10,5,6,10,6,9,9,6,7,9,7,8) n=[[-0.951278,0.308333,0],[-0.951278,0.308333,0],[-0.866325,0.499481,0],[-0.743465,0.668774,0],[-0.588076,0.808806,0],[-0.406956,0.913448,0],[-0.208029,0.978123,0],[0,1,0],[0,1,0],[-0.208029,0.978123,0],[-0.406956,0.913448,0],[-0.588076,0.808806,0],[-0.743465,0.668774,0],[-0.866325,0.499481,0]] uv=[[0,-0.943915],[0.22,-0.943915],[0.22,-0.524797],[0.22,-0.105678],[0.22,0.313441],[0.22,0.732559],[0.22,1.15168],[0.22,1.5708],[0,1.5708],[0,1.15168],[0,0.732559],[0,0.313441],[0,-0.105678],[0,-0.524797]] a0=(103,8000)  a1=(2,2) lst5=(1424900095,1424900095,2415894536,2415897668,2415897668,2415894536,2415894536,2415891763,2415891763,2415894536,2415891763,2036842495,2036842495,2415891763,2036842495,1988247551,1988247551,2036842495,1988247551,1934835711,1934835711,1988247551,1934835711,1879031807,2952773631,2952773631,1879031807,1934835711) lst6=[[69,81,20,169],[0,0,0,48]] aX=(02 00 00 30 00 00 00 00)
					objects[0005] = (01E0): Face flags=46400000    u32_0=0000  u8_0=00 box=(-5.93827,0,0,-3.96914,1.65,0.22) key=14AD u32_1=0000 u32_2=0000
						surface = (0850): SurfaceCylinder dcIndices=[[1476,4294967295]] u32_0=0000 u8_0=00 center=Vector (-5.938273733503044, 2.0, 0.22000000000000003) normal=Vector (0.0, -0.0, 1.0)
						edges[0000] = (0851): Edge_D79AD3F3 flags=0000    u32_0=0000 points=[[-5.93827,0,0],[-5.47749,0.0538048,0],[-5.04149,0.212324,0],[-4.65375,0.467029,0],[-4.33512,0.804215,0],[-4.10275,1.20574,0],[-3.96914,1.65,0],[-3.96914,1.65,0.22],[-4.10275,1.20574,0.22],[-4.33512,0.804215,0.22],[-4.65375,0.467029,0.22],[-5.04149,0.212324,0.22],[-5.47749,0.0538048,0.22],[-5.93827,0,0.22]] lst1=(13,0,12,12,0,1,12,1,11,11,1,2,11,2,10,10,2,3,10,3,9,9,3,4,9,4,8,8,4,5,8,5,7,7,5,6) n=[[0,-1,0],[0.230393,-0.973098,0],[0.44839,-0.893838,0],[0.642262,-0.766486,0],[0.801576,-0.597892,0],[0.917762,-0.39713,0],[0.984568,-0.175,0],[0.984568,-0.175,0],[0.917762,-0.39713,0],[0.801576,-0.597892,0],[0.642262,-0.766486,0],[0.44839,-0.893838,0],[0.230393,-0.973098,0],[0,-1,0]] uv=[[0.22,-6.28319],[0.22,-5.81822],[0.22,-5.35326],[0.22,-4.88829],[0.22,-4.42333],[0.22,-3.95837],[0.22,-3.4934],[0,-3.4934],[0,-3.95837],[0,-4.42333],[0,-4.88829],[0,-5.35326],[0,-5.81822],[0,-6.28319]] a0=(103,8000)  a1=(2,2) lst5=(2952773631,2952773631,1940865023,1879031807,1879031807,1940865023,1999355903,1940865023,1940865023,1999355903,2051391487,1999355903,1999355903,2051391487,2415892924,2051391487,2051391487,2415892924,2415896213,2415892924,2415892924,2415896213,2415899852,2415896213,2415896213,2415899852,1389117439,1389117439) lst6=[[40,138,162,168],[0,0,0,176]] aX=(02 00 00 30 00 00 00 00)
					objects[0006] = (01E1): Face flags=46400000    u32_0=0000  u8_0=00 box=(-3.96914,1.65,0,-2,3.3,0.22) key=14AE u32_1=0000 u32_2=0000
						surface = (0852): SurfaceCylinder dcIndices=[[1446,4294967295]] u32_0=0000 u8_0=00 center=Vector (-2.0, 1.2999999999999994, 0.22000000000000003) normal=Vector (-0.0, -0.0, -1.0)
						edges[0000] = (0853): Edge_D79AD3F3 flags=0000    u32_0=0000 points=[[-3.96914,1.65,0.22],[-3.96914,1.65,0],[-3.83552,2.09426,0],[-3.60315,2.49578,0],[-3.28452,2.83297,0],[-2.89678,3.08768,0],[-2.46079,3.2462,0],[-2,3.3,0],[-2,3.3,0.22],[-2.46079,3.2462,0.22],[-2.89678,3.08768,0.22],[-3.28452,2.83297,0.22],[-3.60315,2.49578,0.22],[-3.83552,2.09426,0.22]] lst1=(1,2,0,0,2,13,13,2,3,13,3,12,12,3,4,12,4,11,11,4,5,11,5,10,10,5,6,10,6,9,9,6,7,9,7,8) n=[[0.984568,-0.175,0],[0.984568,-0.175,0],[0.917762,-0.39713,0],[0.801576,-0.597892,0],[0.642262,-0.766486,0],[0.44839,-0.893838,0],[0.230393,-0.973098,0],[0,-1,0],[0,-1,0],[0.230393,-0.973098,0],[0.44839,-0.893838,0],[0.642262,-0.766486,0],[0.801576,-0.597892,0],[0.917762,-0.39713,0]] uv=[[0,-1.21898],[0.22,-1.21898],[0.22,-0.754021],[0.22,-0.289058],[0.22,0.175906],[0.22,0.640869],[0.22,1.10583],[0.22,1.5708],[0,1.5708],[0,1.10583],[0,0.640869],[0,0.175906],[0,-0.289058],[0,-0.754021]] a0=(103,8000)  a1=(2,2) lst5=(2952776498,2952780137,1832075263,1832075263,2952780137,2952776498,2952780137,2952783426,2952783426,2952780137,2952783426,1169801215,1169801215,2952783426,1169801215,1221836799,1221836799,1169801215,1221836799,1280327679,1280327679,1221836799,1280327679,1342160895,2415902719,2415902719,1342160895,1280327679) lst6=[[69,81,20,165],[0,0,0,48]] aX=(02 00 00 30 00 00 00 00)
					objects[0007] = (01E2): Face flags=46400000    u32_0=0000  u8_0=00 box=(-5.93827,14.65,0,-3.96914,16.3,0.22) key=14AF u32_1=0000 u32_2=0000
						surface = (0854): SurfaceCylinder dcIndices=[[1476,4294967295]] u32_0=0000 u8_0=00 center=Vector (-5.938273733503044, 14.3, 0.22000000000000003) normal=Vector (0.0, -0.0, -1.0)
						edges[0000] = (0855): Edge_D79AD3F3 flags=0000    u32_0=0000 points=[[-5.93827,16.3,0.22],[-5.47749,16.2462,0.22],[-5.04149,16.0877,0.22],[-4.65375,15.833,0.22],[-4.33512,15.4958,0.22],[-4.10275,15.0943,0.22],[-3.96914,14.65,0.22],[-3.96914,14.65,0],[-4.10275,15.0943,0],[-4.33512,15.4958,0],[-4.65375,15.833,0],[-5.04149,16.0877,0],[-5.47749,16.2462,0],[-5.93827,16.3,0]] lst1=(13,0,12,12,0,1,12,1,11,11,1,2,11,2,10,10,2,3,10,3,9,9,3,4,9,4,8,8,4,5,8,5,7,7,5,6) n=[[0,1,0],[0.230393,0.973098,0],[0.44839,0.893838,0],[0.642262,0.766486,0],[0.801576,0.597892,0],[0.917762,0.39713,0],[0.984568,0.175,0],[0.984568,0.175,0],[0.917762,0.39713,0],[0.801576,0.597892,0],[0.642262,0.766486,0],[0.44839,0.893838,0],[0.230393,0.973098,0],[0,1,0]] uv=[[0,-6.28319],[0,-5.81822],[0,-5.35326],[0,-4.88829],[0,-4.42333],[0,-3.95837],[0,-3.4934],[-0.22,-3.4934],[-0.22,-3.95837],[-0.22,-4.42333],[-0.22,-4.88829],[-0.22,-5.35326],[-0.22,-5.81822],[-0.22,-6.28319]] a0=(103,8000)  a1=(2,2) lst5=(2952773631,2952773631,1403994111,1342160895,1342160895,1403994111,1462484991,1403994111,1403994111,1462484991,1514520575,1462484991,1462484991,1514520575,2415912514,1514520575,1514520575,2415912514,2415909225,2415912514,2415912514,2415909225,2415905586,2415909225,2415909225,2415905586,1925988351,1925988351) lst6=[[40,138,162,168],[0,0,0,176]] aX=(02 00 00 30 00 00 00 00)
					objects[0008] = (01E3): Face flags=46400000    u32_0=0000  u8_0=00 box=(-3.96914,13,0,-2,14.65,0.22) key=14B0 u32_1=0000 u32_2=0000
						surface = (0856): SurfaceCylinder dcIndices=[[1446,4294967295]] u32_0=0000 u8_0=00 center=Vector (-2.0, 15.0, 0.22000000000000003) normal=Vector (0.0, -0.0, -1.0)
						edges[0000] = (0857): Edge_D79AD3F3 flags=0000    u32_0=0000 points=[[-3.96914,14.65,0],[-3.96914,14.65,0.22],[-3.83552,14.2057,0.22],[-3.60315,13.8042,0.22],[-3.28452,13.467,0.22],[-2.89678,13.2123,0.22],[-2.46079,13.0538,0.22],[-2,13,0.22],[-2,13,0],[-2.46079,13.0538,0],[-2.89678,13.2123,0],[-3.28452,13.467,0],[-3.60315,13.8042,0],[-3.83552,14.2057,0]] lst1=(1,2,0,0,2,13,13,2,3,13,3,12,12,3,4,12,4,11,11,4,5,11,5,10,10,5,6,10,6,9,9,6,7,9,7,8) n=[[0.984568,0.175,0],[0.984568,0.175,0],[0.917762,0.39713,0],[0.801576,0.597892,0],[0.642262,0.766486,0],[0.44839,0.893838,0],[0.230393,0.973098,0],[0,1,0],[0,1,0],[0.230393,0.973098,0],[0.44839,0.893838,0],[0.642262,0.766486,0],[0.801576,0.597892,0],[0.917762,0.39713,0]] uv=[[0.22,1.21898],[0,1.21898],[0,0.754021],[0,0.289058],[0,-0.175906],[0,-0.640869],[0,-1.10583],[0,-1.5708],[0.22,-1.5708],[0.22,-1.10583],[0.22,-0.640869],[0.22,-0.175906],[0.22,0.289058],[0.22,0.754021]] a0=(103,8000)  a1=(2,2) lst5=(2952770764,2952767125,1295204351,1295204351,2952767125,2952770764,2952767125,2952763836,2952763836,2952767125,2952763836,1706672127,1706672127,2952763836,1706672127,1758707711,1758707711,1706672127,1758707711,1817198591,1817198591,1758707711,1817198591,1879031807,2415902719,2415902719,1879031807,1817198591) lst6=[[69,81,20,165],[0,0,0,48]] aX=(02 00 00 30 00 00 00 00)
					objects[0009] = (01E4): Face flags=46400000    u32_0=0000  u8_0=00 box=(-18.6,2.76667,0,-16.6974,4.15,0.22) key=14B1 u32_1=0000 u32_2=0000
						surface = (0858): SurfaceCylinder dcIndices=[[1446,4294967295]] u32_0=0000 u8_0=00 center=Vector (-18.6, 2.1500000000000004, 0.22000000000000003) normal=Vector (0.0, -0.0, -1.0)
						edges[0000] = (0859): Edge_D79AD3F3 flags=0000    u32_0=0000 points=[[-16.6974,2.76667,0],[-16.6974,2.76667,0.22],[-16.8673,3.14896,0.22],[-17.1131,3.48755,0.22],[-17.4238,3.76761,0.22],[-17.7861,3.9769,0.22],[-18.1839,4.10625,0.22],[-18.6,4.15,0.22],[-18.6,4.15,0],[-18.1839,4.10625,0],[-17.7861,3.9769,0],[-17.4238,3.76761,0],[-17.1131,3.48755,0],[-16.8673,3.14896,0]] lst1=(0,1,13,13,1,2,13,2,3,13,3,12,12,3,4,12,4,11,11,4,5,11,5,10,10,5,6,10,6,9,9,6,7,9,7,8) n=[[-0.951278,-0.308333,0],[-0.951278,-0.308333,0],[-0.866325,-0.499481,0],[-0.743465,-0.668774,0],[-0.588076,-0.808806,0],[-0.406956,-0.913448,0],[-0.208029,-0.978123,0],[0,-1,0],[0,-1,0],[-0.208029,-0.978123,0],[-0.406956,-0.913448,0],[-0.588076,-0.808806,0],[-0.743465,-0.668774,0],[-0.866325,-0.499481,0]] uv=[[0.22,0.943915],[0,0.943915],[0,0.524797],[0,0.105678],[0,-0.313441],[0,-0.732559],[0,-1.15168],[0,-1.5708],[0.22,-1.5708],[0.22,-1.15168],[0.22,-0.732559],[0.22,-0.313441],[0.22,0.105678],[0.22,0.524797]] a0=(103,8000)  a1=(2,2) lst5=(1961771007,1961771007,2415910902,2415907770,2415907770,2415910902,2415910902,2415913675,2415913675,2415910902,2415913675,1499971583,1499971583,2415913675,1499971583,1451376639,1451376639,1499971583,1451376639,1397964799,1397964799,1451376639,1397964799,1342160895,2952773631,2952773631,1342160895,1397964799) lst6=[[69,81,20,169],[0,0,0,48]] aX=(02 00 00 30 00 00 00 00)
					objects[000A] = (01E5): Face flags=45400000    u32_0=0000  u8_0=00 box=(-24.2,4.15,0,-18.6,4.15,0.22) key=14B2 u32_1=0000 u32_2=0000
						surface = (085A): SurfacePlane dcIndices=[[236,4294967295]] u32_0=0000 u8_0=00
						edges[0000] = (085B): Edge_D79AD3F3 flags=0000    u32_0=0000 points=[[-18.6,4.15,0],[-18.6,4.15,0.22],[-24.2,4.15,0.22],[-24.2,4.15,0]] lst1=(1,2,0,0,2,3) n=[[0,-1,0],[0,-1,0],[0,-1,0],[0,-1,0]] uv=[[-5.6,0.22],[-5.6,0],[-0,0],[-0,0.22]] a0=(103,000)  a1=(-1,1) lst5=(268419071,268419071,2415902719,2415902719,2952773631,2952773631,805289983,805289983) lst6=[[0,0,0,172]] aX=(02 00 00 30 00 00 00 00)
					objects[000B] = (01E6): Face flags=45400000    u32_0=0000  u8_0=00 box=(-2,13,0,0,13,0.22) key=14B3 u32_1=0000 u32_2=0000
						surface = (085C): SurfacePlane dcIndices=[[236,4294967295]] u32_0=0000 u8_0=00
						edges[0000] = (085D): Edge_D79AD3F3 flags=0000    u32_0=0000 points=[[-2,13,0],[-2,13,0.22],[0,13,0.22],[0,13,0]] lst1=(1,2,0,0,2,3) n=[[0,1,0],[0,1,0],[0,1,0],[0,1,0]] uv=[[-2,0.22],[-2,0],[-0,0],[-0,0.22]] a0=(103,000)  a1=(-1,1) lst5=(268419071,268419071,2952773631,2952773631,2415902719,2415902719,805289983,805289983) lst6=[[0,0,0,172]] aX=(02 00 00 30 00 00 00 00)
					objects[000C] = (01E7): Face flags=46400000    u32_0=0000  u8_0=00 box=(-4.3,4.35,0,-3.8,4.85,0.22) key=14B4 u32_1=0000 u32_2=0000
						surface = (085E): SurfaceCylinder dcIndices=[[1416,4294967295]] u32_0=0000 u8_0=00 center=Vector (-3.799999999999999, 4.8500000000000005, 0.22000000000000003) normal=Vector (-0.0, -0.0, -1.0)
						edges[0000] = (085F): Edge_D79AD3F3 flags=0000    u32_0=0000 points=[[-4.3,4.85,0.22],[-4.26194,4.65866,0.22],[-4.15355,4.49645,0.22],[-3.99134,4.38806,0.22],[-3.8,4.35,0.22],[-3.8,4.35,0],[-3.99134,4.38806,0],[-4.15355,4.49645,0],[-4.26194,4.65866,0],[-4.3,4.85,0]] lst1=(0,1,9,9,1,8,8,1,2,8,2,7,7,2,3,7,3,6,6,3,4,6,4,5) n=[[1,0,0],[0.92388,0.382683,0],[0.707107,0.707107,0],[0.382683,0.92388,0],[0,1,0],[0,1,0],[0.382683,0.92388,0],[0.707107,0.707107,0],[0.92388,0.382683,0],[1,0,0]] uv=[[0,0.392699],[0,0.19635],[0,0],[0,-0.19635],[0,-0.392699],[0.22,-0.392699],[0.22,-0.19635],[0.22,0],[0.22,0.19635],[0.22,0.392699]] a0=(103,8000)  a1=(0.5,0.5) lst5=(2952773631,2952767362,1342160895,1342160895,2952767362,2952773631,2952767362,2952762047,2952762047,2952767362,2952762047,1776336895,1776336895,2952762047,1776336895,1879031807,2415902719,2415902719,1879031807,1776336895) lst6=[[0,83,20,165]] aX=(02 00 00 30 00 00 00 00)
					objects[000D] = (01E8): Face flags=45400000    u32_0=0000  u8_0=00 box=(-3.8,4.35,0,-2.5,4.35,0.22) key=14B5 u32_1=0000 u32_2=0000
						surface = (0860): SurfacePlane dcIndices=[[785,4294967295]] u32_0=0000 u8_0=00
						edges[0000] = (0861): Edge_D79AD3F3 flags=0000    u32_0=0000 points=[[-3.8,4.35,0],[-3.8,4.35,0.22],[-2.5,4.35,0.22],[-2.5,4.35,0]] lst1=(1,2,0,0,2,3) n=[[0,1,0],[0,1,0],[0,1,0],[0,1,0]] uv=[[-1.8,0.22],[-1.8,0],[-0.5,0],[-0.5,0.22]] a0=(103,000)  a1=(-1,1) lst5=(268419071,268419071,2952773631,2952773631,2415902719,2415902719,805289983,805289983) lst6=[[0,0,0,172]] aX=(02 00 00 30 00 00 00 00)
					objects[000E] = (01E9): Face flags=46400000    u32_0=0000  u8_0=00 box=(-2.5,4.35,0,-2,4.85,0.22) key=14B6 u32_1=0000 u32_2=0000
						surface = (0862): SurfaceCylinder dcIndices=[[1416,4294967295]] u32_0=0000 u8_0=00 center=Vector (-2.499999999999999, 4.85, 0.22000000000000003) normal=Vector (-0.0, -0.0, -1.0)
						edges[0000] = (0863): Edge_D79AD3F3 flags=0000    u32_0=0000 points=[[-2.5,4.35,0.22],[-2.30866,4.38806,0.22],[-2.14645,4.49645,0.22],[-2.03806,4.65866,0.22],[-2,4.85,0.22],[-2,4.85,0],[-2.03806,4.65866,0],[-2.14645,4.49645,0],[-2.30866,4.38806,0],[-2.5,4.35,0]] lst1=(0,1,9,9,1,8,8,1,2,8,2,7,7,2,3,7,3,6,6,3,4,6,4,5) n=[[0,1,0],[-0.382683,0.92388,0],[-0.707107,0.707107,0],[-0.92388,0.382683,0],[-1,0,0],[-1,0,0],[-0.92388,0.382683,0],[-0.707107,0.707107,0],[-0.382683,0.92388,0],[0,1,0]] uv=[[0,0.392699],[0,0.19635],[0,0],[0,-0.19635],[0,-0.392699],[0.22,-0.392699],[0.22,-0.19635],[0.22,0],[0.22,0.19635],[0.22,0.392699]] a0=(103,8000)  a1=(0.5,0.5) lst5=(1879031807,1981726719,2952773631,2952773631,1981726719,1879031807,1981726719,2415891135,2415891135,1981726719,2415891135,2415896450,2415896450,2415891135,2415896450,2415902719,1342160895,1342160895,2415902719,2415896450) lst6=[[0,83,20,165]] aX=(02 00 00 30 00 00 00 00)
					objects[000F] = (01EA): Face flags=45400000    u32_0=0000  u8_0=00 box=(-2,4.85,0,-2,11.45,0.22) key=14B7 u32_1=0000 u32_2=0000
						surface = (0864): SurfacePlane dcIndices=[[785,4294967295]] u32_0=0000 u8_0=00
						edges[0000] = (0865): Edge_D79AD3F3 flags=0000    u32_0=0000 points=[[-2,4.85,0],[-2,4.85,0.22],[-2,11.45,0.22],[-2,11.45,0]] lst1=(1,2,0,0,2,3) n=[[-1,0,0],[-1,0,0],[-1,0,0],[-1,0,0]] uv=[[-7.1,0.22],[-7.1,0],[-0.5,0],[-0.5,0.22]] a0=(103,000)  a1=(-1,1) lst5=(268419071,268419071,1879031807,1879031807,1342160895,1342160895,805289983,805289983) lst6=[[0,0,0,172]] aX=(02 00 00 30 00 00 00 00)
					objects[0010] = (01EB): Face flags=46400000    u32_0=0000  u8_0=00 box=(-4.3,11.45,0,-3.8,11.95,0.22) key=14B8 u32_1=0000 u32_2=0000
						surface = (0866): SurfaceCylinder dcIndices=[[1416,4294967295]] u32_0=0000 u8_0=00 center=Vector (-3.8000000000000007, 11.450000000000001, 0.22000000000000003) normal=Vector (-0.0, 0.0, -1.0)
						edges[0000] = (0867): Edge_D79AD3F3 flags=0000    u32_0=0000 points=[[-3.8,11.95,0.22],[-3.99134,11.9119,0.22],[-4.15355,11.8036,0.22],[-4.26194,11.6413,0.22],[-4.3,11.45,0.22],[-4.3,11.45,0],[-4.26194,11.6413,0],[-4.15355,11.8036,0],[-3.99134,11.9119,0],[-3.8,11.95,0]] lst1=(0,1,9,9,1,8,8,1,2,8,2,7,7,2,3,7,3,6,6,3,4,6,4,5) n=[[0,-1,0],[0.382683,-0.92388,0],[0.707107,-0.707107,0],[0.92388,-0.382683,0],[1,0,0],[1,0,0],[0.92388,-0.382683,0],[0.707107,-0.707107,0],[0.382683,-0.92388,0],[0,-1,0]] uv=[[0,0.392699],[0,0.19635],[0,0],[0,-0.19635],[0,-0.392699],[0.22,-0.392699],[0.22,-0.19635],[0.22,0],[0.22,0.19635],[0.22,0.392699]] a0=(103,8000)  a1=(0.5,0.5) lst5=(1342160895,1239465983,2415902719,2415902719,1239465983,1342160895,1239465983,1152401407,1152401407,1239465983,1152401407,2952779900,2952779900,1152401407,2952779900,2952773631,1879031807,1879031807,2952773631,2952779900) lst6=[[0,83,20,165]] aX=(02 00 00 30 00 00 00 00)
					objects[0011] = (01EC): Face flags=45400000    u32_0=0000  u8_0=00 box=(-4.3,4.85,0,-4.3,11.45,0.22) key=14B9 u32_1=0000 u32_2=0000
						surface = (0868): SurfacePlane dcIndices=[[785,4294967295]] u32_0=0000 u8_0=00
						edges[0000] = (0869): Edge_D79AD3F3 flags=0000    u32_0=0000 points=[[-4.3,4.85,0.22],[-4.3,4.85,0],[-4.3,11.45,0],[-4.3,11.45,0.22]] lst1=(1,2,0,0,2,3) n=[[1,0,0],[1,0,0],[1,0,0],[1,0,0]] uv=[[-0.5,0],[-0.5,0.22],[-7.1,0.22],[-7.1,0]] a0=(103,000)  a1=(-1,1) lst5=(805289983,805289983,1879031807,1879031807,1342160895,1342160895,268419071,268419071) lst6=[[0,0,0,172]] aX=(02 00 00 30 00 00 00 00)
					objects[0012] = (01ED): Face flags=46400000    u32_0=0000  u8_0=00 box=(-2.5,11.45,0,-2,11.95,0.22) key=14BA u32_1=0000 u32_2=0000
						surface = (086A): SurfaceCylinder dcIndices=[[1416,4294967295]] u32_0=0000 u8_0=00 center=Vector (-2.5, 11.450000000000001, 0.22000000000000003) normal=Vector (-0.0, 0.0, -1.0)
						edges[0000] = (086B): Edge_D79AD3F3 flags=0000    u32_0=0000 points=[[-2,11.45,0.22],[-2.03806,11.6413,0.22],[-2.14645,11.8036,0.22],[-2.30866,11.9119,0.22],[-2.5,11.95,0.22],[-2.5,11.95,0],[-2.30866,11.9119,0],[-2.14645,11.8036,0],[-2.03806,11.6413,0],[-2,11.45,0]] lst1=(0,1,9,9,1,8,8,1,2,8,2,7,7,2,3,7,3,6,6,3,4,6,4,5) n=[[-1,0,0],[-0.92388,-0.382683,0],[-0.707107,-0.707107,0],[-0.382683,-0.92388,0],[0,-1,0],[0,-1,0],[-0.382683,-0.92388,0],[-0.707107,-0.707107,0],[-0.92388,-0.382683,0],[-1,0,0]] uv=[[0,0.392699],[0,0.19635],[0,0],[0,-0.19635],[0,-0.392699],[0.22,-0.392699],[0.22,-0.19635],[0.22,0],[0.22,0.19635],[0.22,0.392699]] a0=(103,8000)  a1=(0.5,0.5) lst5=(2415902719,2415908988,1879031807,1879031807,2415908988,2415902719,2415908988,1531920383,1531920383,2415908988,1531920383,1444855807,1444855807,1531920383,1444855807,1342160895,2952773631,2952773631,1342160895,1444855807) lst6=[[0,83,20,165]] aX=(02 00 00 30 00 00 00 00)
					objects[0013] = (01EE): Face flags=45400000    u32_0=0000  u8_0=00 box=(-3.8,11.95,0,-2.5,11.95,0.22) key=14BB u32_1=0000 u32_2=0000
						surface = (086C): SurfacePlane dcIndices=[[785,4294967295]] u32_0=0000 u8_0=00
						edges[0000] = (086D): Edge_D79AD3F3 flags=0000    u32_0=0000 points=[[-3.8,11.95,0.22],[-3.8,11.95,0],[-2.5,11.95,0],[-2.5,11.95,0.22]] lst1=(1,2,0,0,2,3) n=[[0,-1,0],[0,-1,0],[0,-1,0],[0,-1,0]] uv=[[-0.5,0],[-0.5,0.22],[-1.8,0.22],[-1.8,0]] a0=(103,000)  a1=(-1,1) lst5=(805289983,805289983,2952773631,2952773631,2415902719,2415902719,268419071,268419071) lst6=[[0,0,0,172]] aX=(02 00 00 30 00 00 00 00)
					objects[0014] = (01EF): Face flags=48400000    u32_0=0000  u8_0=00 box=(-19.45,11.1,0.07,-18.75,11.8,0.22) key=14BC u32_1=0000 u32_2=0000
						surface = (086E): SurfaceCylinder dcIndices=[[1405,4294967295]] u32_0=0000 u8_0=00 center=Vector (-19.1, 11.45, 0.14500000000000002) normal=Vector (0.0, 0.0, 1.0)
						edges[0000] = (086F): Edge_D79AD3F3 flags=0000    u32_0=0000 points=[[-18.9,11.45,0.07],[-18.9468,11.3214,0.07],[-19.0653,11.253,0.07],[-19.2,11.2768,0.07],[-19.2879,11.3816,0.07],[-19.2879,11.5184,0.07],[-19.2,11.6232,0.07],[-19.0653,11.647,0.07],[-18.9468,11.5786,0.07],[-18.75,11.45,0.22],[-18.8056,11.6392,0.22],[-18.9546,11.7684,0.22],[-19.1498,11.7964,0.22],[-19.3292,11.7145,0.22],[-19.4358,11.5486,0.22],[-19.4358,11.3514,0.22],[-19.3292,11.1855,0.22],[-19.1498,11.1036,0.22],[-18.9546,11.1316,0.22],[-18.8056,11.2608,0.22],[-18.75,11.45,0.22],[-18.9,11.45,0.07],[-18.9,11.45,0.07]] lst1=(1,19,0,0,19,20,21,9,10,19,1,18,18,1,2,18,2,17,17,2,3,17,3,16,16,3,4,16,4,15,15,4,5,15,5,14,14,5,13,13,5,6,13,6,12,12,6,7,12,7,11,11,7,8,11,8,10,10,8,22) n=[[-0.707107,0,0.707107],[-0.541675,0.454519,0.707107],[-0.122788,0.696364,0.707107],[0.353553,0.612372,0.707107],[0.664463,0.241845,0.707107],[0.664463,-0.241845,0.707107],[0.353553,-0.612372,0.707107],[-0.122788,-0.696364,0.707107],[-0.541675,-0.454519,0.707107],[-0.707107,0,0.707107],[-0.594856,-0.382291,0.707107],[-0.293743,-0.643207,0.707107],[0.100632,-0.699909,0.707107],[0.463056,-0.534396,0.707107],[0.678464,-0.199215,0.707107],[0.678464,0.199215,0.707107],[0.463056,0.534396,0.707107],[0.100632,0.699909,0.707107],[-0.293743,0.643207,0.707107],[-0.594856,0.382291,0.707107],[-0.707107,0,0.707107],[-0.707107,0,0.707107],[-0.707107,0,0.707107]] uv=[[-0.106066,0.863938],[-0.106066,0.671952],[-0.106066,0.479966],[-0.106066,0.287979],[-0.106066,0.0959931],[-0.106066,-0.0959931],[-0.106066,-0.287979],[-0.106066,-0.479966],[-0.106066,-0.671952],[0.106066,-0.863938],[0.106066,-0.706858],[0.106066,-0.549779],[0.106066,-0.392699],[0.106066,-0.235619],[0.106066,-0.0785398],[0.106066,0.0785398],[0.106066,0.235619],[0.106066,0.392699],[0.106066,0.549779],[0.106066,0.706858],[0.106066,0.863938],[-0.106066,-0.863938],[-0.106066,-0.863938]] a0=(103,8000)  a1=(0.275,0.275) lst5=(2415902719,2415892189,2415893862,2415902719,2415902719,2415911576,1990508543,2415893862,2415892189,1925627903,1840857087,1990508543,1925627903,1744846847,1703297023,1840857087,1744846847,2952768028,2952769016,1703297023,2952768028,2952779234,2952778246,2952769016,1166426111,2952778246,2952779234,1207975935,1303986175,1166426111,1207975935,1388756991,1453637631,1303986175,1388756991,2415913249,2415911576,1453637631,2415913249,2415902719) lst6=[[69,81,20,41],[160,40,138,18]] aX=(02 00 00 30 00 00 00 00)
					objects[0015] = (01F0): Face flags=45400000    u32_0=0000  u8_0=00 box=(-24.2,0,0.22,0,16.3,0.22) key=14BD u32_1=0000 u32_2=0000
						surface = (0870): SurfacePlane dcIndices=[[62,4294967295]] u32_0=0000 u8_0=00
						edges[0000] = (0871): Edge_D79AD3F3 flags=0000    u32_0=0000 points=[[-16.6974,2.76667,0.22],[-16.4575,2.18628,0.22],[-16.1297,1.6506,0.22],[-15.722,1.17284,0.22],[-15.2446,0.764777,0.22],[-14.7093,0.436464,0.22],[-14.1291,0.195996,0.22],[-13.5184,0.0493029,0.22],[-12.8923,0,0.22],[-5.93827,0,0.22],[-5.47749,0.0538048,0.22],[-5.04149,0.212324,0.22],[-4.65375,0.467029,0.22],[-4.33512,0.804215,0.22],[-4.10275,1.20574,0.22],[-3.96914,1.65,0.22],[-3.83552,2.09426,0.22],[-3.60315,2.49578,0.22],[-3.28452,2.83297,0.22],[-2.89678,3.08768,0.22],[-2.46079,3.2462,0.22],[-2,3.3,0.22],[0,3.3,0.22],[0,13,0.22],[-2,13,0.22],[-2.46079,13.0538,0.22],[-2.89678,13.2123,0.22],[-3.28452,13.467,0.22],[-3.60315,13.8042,0.22],[-3.83552,14.2057,0.22],[-3.96914,14.65,0.22],[-4.10275,15.0943,0.22],[-4.33512,15.4958,0.22],[-4.65375,15.833,0.22],[-5.04149,16.0877,0.22],[-5.47749,16.2462,0.22],[-5.93827,16.3,0.22],[-12.8923,16.3,0.22],[-13.5184,16.2507,0.22],[-14.1291,16.104,0.22],[-14.7093,15.8635,0.22],[-15.2446,15.5352,0.22],[-15.722,15.1272,0.22],[-16.1297,14.6494,0.22],[-16.4575,14.1137,0.22],[-16.6974,13.5333,0.22],[-16.8673,13.151,0.22],[-17.1131,12.8125,0.22],[-17.4238,12.5324,0.22],[-17.7861,12.3231,0.22],[-18.1839,12.1938,0.22],[-18.6,12.15,0.22],[-24.2,12.15,0.22],[-24.2,4.15,0.22],[-18.6,4.15,0.22],[-18.1839,4.10625,0.22],[-17.7861,3.9769,0.22],[-17.4238,3.76761,0.22],[-17.1131,3.48755,0.22],[-16.8673,3.14896,0.22],[-21.5,11.45,0.22],[-21.5556,11.2608,0.22],[-21.7046,11.1316,0.22],[-21.8998,11.1036,0.22],[-22.0792,11.1855,0.22],[-22.1858,11.3514,0.22],[-22.1858,11.5486,0.22],[-22.0792,11.7145,0.22],[-21.8998,11.7964,0.22],[-21.7046,11.7684,0.22],[-21.5556,11.6392,0.22],[-21.5,4.85,0.22],[-21.5556,4.66078,0.22],[-21.7046,4.53163,0.22],[-21.8998,4.50356,0.22],[-22.0792,4.58549,0.22],[-22.1858,4.75139,0.22],[-22.1858,4.94861,0.22],[-22.0792,5.11451,0.22],[-21.8998,5.19644,0.22],[-21.7046,5.16837,0.22],[-21.5556,5.03922,0.22],[-2.1,3.65,0.22],[-2.14762,3.48781,0.22],[-2.27538,3.37711,0.22],[-2.44269,3.35305,0.22],[-2.59646,3.42328,0.22],[-2.68785,3.56548,0.22],[-2.68785,3.73452,0.22],[-2.59646,3.87672,0.22],[-2.44269,3.94695,0.22],[-2.27538,3.92289,0.22],[-2.14762,3.81219,0.22],[-7.55,0.8,0.22],[-7.59762,0.637808,0.22],[-7.72538,0.52711,0.22],[-7.89269,0.503054,0.22],[-8.04646,0.573275,0.22],[-8.13785,0.71548,0.22],[-8.13785,0.88452,0.22],[-8.04646,1.02672,0.22],[-7.89269,1.09695,0.22],[-7.72538,1.07289,0.22],[-7.59762,0.962192,0.22],[-5.85,2.3,0.22],[-5.89762,2.13781,0.22],[-6.02538,2.02711,0.22],[-6.19269,2.00305,0.22],[-6.34646,2.07328,0.22],[-6.43785,2.21548,0.22],[-6.43785,2.38452,0.22],[-6.34646,2.52672,0.22],[-6.19269,2.59695,0.22],[-6.02538,2.57289,0.22],[-5.89762,2.46219,0.22],[-6.4,15.5,0.22],[-6.44762,15.3378,0.22],[-6.57538,15.2271,0.22],[-6.74269,15.2031,0.22],[-6.89646,15.2733,0.22],[-6.98785,15.4155,0.22],[-6.98785,15.5845,0.22],[-6.89646,15.7267,0.22],[-6.74269,15.7969,0.22],[-6.57538,15.7729,0.22],[-6.44762,15.6622,0.22],[-7,14,0.22],[-7.04762,13.8378,0.22],[-7.17538,13.7271,0.22],[-7.34269,13.7031,0.22],[-7.49646,13.7733,0.22],[-7.58785,13.9155,0.22],[-7.58785,14.0845,0.22],[-7.49646,14.2267,0.22],[-7.34269,14.2969,0.22],[-7.17538,14.2729,0.22],[-7.04762,14.1622,0.22],[-4.4,12.65,0.22],[-4.44762,12.4878,0.22],[-4.57538,12.3771,0.22],[-4.74269,12.3531,0.22],[-4.89646,12.4233,0.22],[-4.98785,12.5655,0.22],[-4.98785,12.7345,0.22],[-4.89646,12.8767,0.22],[-4.74269,12.9469,0.22],[-4.57538,12.9229,0.22],[-4.44762,12.8122,0.22],[-1,12.65,0.22],[-1.04762,12.4878,0.22],[-1.17538,12.3771,0.22],[-1.34269,12.3531,0.22],[-1.49646,12.4233,0.22],[-1.58785,12.5655,0.22],[-1.58785,12.7345,0.22],[-1.49646,12.8767,0.22],[-1.34269,12.9469,0.22],[-1.17538,12.9229,0.22],[-1.04762,12.8122,0.22],[-1.2,8.15,0.22],[-1.24762,7.98781,0.22],[-1.37538,7.87711,0.22],[-1.54269,7.85305,0.22],[-1.69646,7.92327,0.22],[-1.78785,8.06548,0.22],[-1.78785,8.23452,0.22],[-1.69646,8.37673,0.22],[-1.54269,8.44695,0.22],[-1.37538,8.42289,0.22],[-1.24762,8.31219,0.22],[-20.8,6.2,0.22],[-20.8476,6.03781,0.22],[-20.9754,5.92711,0.22],[-21.1427,5.90305,0.22],[-21.2965,5.97328,0.22],[-21.3878,6.11548,0.22],[-21.3878,6.28452,0.22],[-21.2965,6.42672,0.22],[-21.1427,6.49695,0.22],[-20.9754,6.47289,0.22],[-20.8476,6.36219,0.22],[-23.45,8.15,0.22],[-23.4976,7.98781,0.22],[-23.6254,7.87711,0.22],[-23.7927,7.85305,0.22],[-23.9465,7.92327,0.22],[-24.0378,8.06548,0.22],[-24.0378,8.23452,0.22],[-23.9465,8.37673,0.22],[-23.7927,8.44695,0.22],[-23.6254,8.42289,0.22],[-23.4976,8.31219,0.22],[-22.5,10.1,0.22],[-22.5476,9.93781,0.22],[-22.6754,9.82711,0.22],[-22.8427,9.80305,0.22],[-22.9965,9.87327,0.22],[-23.0878,10.0155,0.22],[-23.0878,10.1845,0.22],[-22.9965,10.3267,0.22],[-22.8427,10.3969,0.22],[-22.6754,10.3729,0.22],[-22.5476,10.2622,0.22],[-4.3,4.85,0.22],[-4.3,11.45,0.22],[-4.26194,11.6413,0.22],[-4.15355,11.8036,0.22],[-3.99134,11.9119,0.22],[-3.8,11.95,0.22],[-2.5,11.95,0.22],[-2.30866,11.9119,0.22],[-2.14645,11.8036,0.22],[-2.03806,11.6413,0.22],[-2,11.45,0.22],[-2,4.85,0.22],[-2.03806,4.65866,0.22],[-2.14645,4.49645,0.22],[-2.30866,4.38806,0.22],[-2.5,4.35,0.22],[-3.8,4.35,0.22],[-3.99134,4.38806,0.22],[-4.15355,4.49645,0.22],[-4.26194,4.65866,0.22],[-17.2,8.75,0.22],[-17.2882,8.77865,0.22],[-17.3427,8.85365,0.22],[-17.3427,8.94635,0.22],[-17.2882,9.02135,0.22],[-17.2,9.05,0.22],[-9.2,9.05,0.22],[-9.11183,9.02135,0.22],[-9.05734,8.94635,0.22],[-9.05734,8.85365,0.22],[-9.11183,8.77865,0.22],[-9.2,8.75,0.22],[-9.05,1.35,0.22],[-9.07865,1.26183,0.22],[-9.15365,1.20734,0.22],[-9.24635,1.20734,0.22],[-9.32135,1.26183,0.22],[-9.35,1.35,0.22],[-9.35,5.35,0.22],[-9.32135,5.43817,0.22],[-9.24635,5.49266,0.22],[-9.15365,5.49266,0.22],[-9.07865,5.43817,0.22],[-9.05,5.35,0.22],[-9.05,10.95,0.22],[-9.07865,10.8618,0.22],[-9.15365,10.8073,0.22],[-9.24635,10.8073,0.22],[-9.32135,10.8618,0.22],[-9.35,10.95,0.22],[-9.35,14.95,0.22],[-9.32135,15.0382,0.22],[-9.24635,15.0927,0.22],[-9.15365,15.0927,0.22],[-9.07865,15.0382,0.22],[-9.05,14.95,0.22],[-12.45,2.35,0.22],[-12.4786,2.26183,0.22],[-12.5536,2.20734,0.22],[-12.6464,2.20734,0.22],[-12.7214,2.26183,0.22],[-12.75,2.35,0.22],[-12.75,5.35,0.22],[-12.7214,5.43817,0.22],[-12.6464,5.49266,0.22],[-12.5536,5.49266,0.22],[-12.4786,5.43817,0.22],[-12.45,5.35,0.22],[-12.45,10.95,0.22],[-12.4786,10.8618,0.22],[-12.5536,10.8073,0.22],[-12.6464,10.8073,0.22],[-12.7214,10.8618,0.22],[-12.75,10.95,0.22],[-12.75,13.95,0.22],[-12.7214,14.0382,0.22],[-12.6464,14.0927,0.22],[-12.5536,14.0927,0.22],[-12.4786,14.0382,0.22],[-12.45,13.95,0.22],[-14.15,10.95,0.22],[-14.1786,10.8618,0.22],[-14.2536,10.8073,0.22],[-14.3464,10.8073,0.22],[-14.4214,10.8618,0.22],[-14.45,10.95,0.22],[-14.45,13.95,0.22],[-14.4214,14.0382,0.22],[-14.3464,14.0927,0.22],[-14.2536,14.0927,0.22],[-14.1786,14.0382,0.22],[-14.15,13.95,0.22],[-14.15,2.35,0.22],[-14.1786,2.26183,0.22],[-14.2536,2.20734,0.22],[-14.3464,2.20734,0.22],[-14.4214,2.26183,0.22],[-14.45,2.35,0.22],[-14.45,5.35,0.22],[-14.4214,5.43817,0.22],[-14.3464,5.49266,0.22],[-14.2536,5.49266,0.22],[-14.1786,5.43817,0.22],[-14.15,5.35,0.22],[-10.75,10.95,0.22],[-10.7786,10.8618,0.22],[-10.8536,10.8073,0.22],[-10.9464,10.8073,0.22],[-11.0214,10.8618,0.22],[-11.05,10.95,0.22],[-11.05,14.95,0.22],[-11.0214,15.0382,0.22],[-10.9464,15.0927,0.22],[-10.8536,15.0927,0.22],[-10.7786,15.0382,0.22],[-10.75,14.95,0.22],[-10.75,1.35,0.22],[-10.7786,1.26183,0.22],[-10.8536,1.20734,0.22],[-10.9464,1.20734,0.22],[-11.0214,1.26183,0.22],[-11.05,1.35,0.22],[-11.05,5.35,0.22],[-11.0214,5.43817,0.22],[-10.9464,5.49266,0.22],[-10.8536,5.49266,0.22],[-10.7786,5.43817,0.22],[-10.75,5.35,0.22],[-9.2,7.55,0.22],[-9.11183,7.52135,0.22],[-9.05734,7.44635,0.22],[-9.05734,7.35365,0.22],[-9.11183,7.27865,0.22],[-9.2,7.25,0.22],[-17.2,7.25,0.22],[-17.2882,7.27865,0.22],[-17.3427,7.35365,0.22],[-17.3427,7.44635,0.22],[-17.2882,7.52135,0.22],[-17.2,7.55,0.22],[-23.45,11.35,0.22],[-23.4976,11.1878,0.22],[-23.6254,11.0771,0.22],[-23.7927,11.0531,0.22],[-23.9465,11.1233,0.22],[-24.0378,11.2655,0.22],[-24.0378,11.4345,0.22],[-23.9465,11.5767,0.22],[-23.7927,11.6469,0.22],[-23.6254,11.6229,0.22],[-23.4976,11.5122,0.22],[-20.8,10.1,0.22],[-20.8476,9.93781,0.22],[-20.9754,9.82711,0.22],[-21.1427,9.80305,0.22],[-21.2965,9.87327,0.22],[-21.3878,10.0155,0.22],[-21.3878,10.1845,0.22],[-21.2965,10.3267,0.22],[-21.1427,10.3969,0.22],[-20.9754,10.3729,0.22],[-20.8476,10.2622,0.22],[-22.5,6.2,0.22],[-22.5476,6.03781,0.22],[-22.6754,5.92711,0.22],[-22.8427,5.90305,0.22],[-22.9965,5.97328,0.22],[-23.0878,6.11548,0.22],[-23.0878,6.28452,0.22],[-22.9965,6.42672,0.22],[-22.8427,6.49695,0.22],[-22.6754,6.47289,0.22],[-22.5476,6.36219,0.22],[-23.45,4.95,0.22],[-23.4976,4.78781,0.22],[-23.6254,4.67711,0.22],[-23.7927,4.65305,0.22],[-23.9465,4.72328,0.22],[-24.0378,4.86548,0.22],[-24.0378,5.03452,0.22],[-23.9465,5.17672,0.22],[-23.7927,5.24695,0.22],[-23.6254,5.22289,0.22],[-23.4976,5.11219,0.22],[-7.80087,9.47283,0.22],[-7.64096,9.54719,0.22],[-7.4669,9.51886,0.22],[-7.33883,9.39762,0.22],[-7.30101,9.22537,0.22],[-7.36651,9.06164,0.22],[-7.51269,8.96299,0.22],[-7.68904,8.96352,0.22],[-7.83462,9.06304,0.22],[-7.89913,9.22717,0.22],[-8.05904,9.15281,0.22],[-8.2331,9.18114,0.22],[-8.36117,9.30238,0.22],[-8.39899,9.47463,0.22],[-8.33349,9.63836,0.22],[-8.18731,9.73701,0.22],[-8.01096,9.73648,0.22],[-7.86538,9.63696,0.22],[-5.3,9.15,0.22],[-5.34762,8.98781,0.22],[-5.47538,8.87711,0.22],[-5.64269,8.85305,0.22],[-5.79646,8.92327,0.22],[-5.88785,9.06548,0.22],[-5.88785,9.23452,0.22],[-5.79646,9.37673,0.22],[-5.64269,9.44695,0.22],[-5.47538,9.42289,0.22],[-5.34762,9.31219,0.22],[-7.80087,6.82717,0.22],[-7.86538,6.66304,0.22],[-8.01096,6.56352,0.22],[-8.18731,6.56299,0.22],[-8.33349,6.66163,0.22],[-8.39899,6.82537,0.22],[-8.36117,6.99762,0.22],[-8.2331,7.11886,0.22],[-8.05904,7.14719,0.22],[-7.89913,7.07283,0.22],[-7.83462,7.23696,0.22],[-7.68904,7.33648,0.22],[-7.51269,7.33701,0.22],[-7.36651,7.23837,0.22],[-7.30101,7.07463,0.22],[-7.33883,6.90238,0.22],[-7.4669,6.78114,0.22],[-7.64096,6.75281,0.22],[-5.3,7.15,0.22],[-5.34762,6.98781,0.22],[-5.47538,6.87711,0.22],[-5.64269,6.85305,0.22],[-5.79646,6.92327,0.22],[-5.88785,7.06548,0.22],[-5.88785,7.23452,0.22],[-5.79646,7.37672,0.22],[-5.64269,7.44695,0.22],[-5.47538,7.42289,0.22],[-5.34762,7.31219,0.22],[-0.5,8.15,0.22],[-0.547624,7.98781,0.22],[-0.675376,7.87711,0.22],[-0.842694,7.85305,0.22],[-0.996458,7.92327,0.22],[-1.08785,8.06548,0.22],[-1.08785,8.23452,0.22],[-0.996458,8.37673,0.22],[-0.842694,8.44695,0.22],[-0.675376,8.42289,0.22],[-0.547624,8.31219,0.22],[-2.1,12.65,0.22],[-2.14762,12.4878,0.22],[-2.27538,12.3771,0.22],[-2.44269,12.3531,0.22],[-2.59646,12.4233,0.22],[-2.68785,12.5655,0.22],[-2.68785,12.7345,0.22],[-2.59646,12.8767,0.22],[-2.44269,12.9469,0.22],[-2.27538,12.9229,0.22],[-2.14762,12.8122,0.22],[-5.85,14,0.22],[-5.89762,13.8378,0.22],[-6.02538,13.7271,0.22],[-6.19269,13.7031,0.22],[-6.34646,13.7733,0.22],[-6.43785,13.9155,0.22],[-6.43785,14.0845,0.22],[-6.34646,14.2267,0.22],[-6.19269,14.2969,0.22],[-6.02538,14.2729,0.22],[-5.89762,14.1622,0.22],[-7.55,15.5,0.22],[-7.59762,15.3378,0.22],[-7.72538,15.2271,0.22],[-7.89269,15.2031,0.22],[-8.04646,15.2733,0.22],[-8.13785,15.4155,0.22],[-8.13785,15.5845,0.22],[-8.04646,15.7267,0.22],[-7.89269,15.7969,0.22],[-7.72538,15.7729,0.22],[-7.59762,15.6622,0.22],[-7,2.3,0.22],[-7.04762,2.13781,0.22],[-7.17538,2.02711,0.22],[-7.34269,2.00305,0.22],[-7.49646,2.07328,0.22],[-7.58785,2.21548,0.22],[-7.58785,2.38452,0.22],[-7.49646,2.52672,0.22],[-7.34269,2.59695,0.22],[-7.17538,2.57289,0.22],[-7.04762,2.46219,0.22],[-6.4,0.8,0.22],[-6.44762,0.637808,0.22],[-6.57538,0.52711,0.22],[-6.74269,0.503054,0.22],[-6.89646,0.573275,0.22],[-6.98785,0.71548,0.22],[-6.98785,0.88452,0.22],[-6.89646,1.02672,0.22],[-6.74269,1.09695,0.22],[-6.57538,1.07289,0.22],[-6.44762,0.962192,0.22],[-4.4,3.65,0.22],[-4.44762,3.48781,0.22],[-4.57538,3.37711,0.22],[-4.74269,3.35305,0.22],[-4.89646,3.42328,0.22],[-4.98785,3.56548,0.22],[-4.98785,3.73452,0.22],[-4.89646,3.87672,0.22],[-4.74269,3.94695,0.22],[-4.57538,3.92289,0.22],[-4.44762,3.81219,0.22],[-1,3.65,0.22],[-1.04762,3.48781,0.22],[-1.17538,3.37711,0.22],[-1.34269,3.35305,0.22],[-1.49646,3.42328,0.22],[-1.58785,3.56548,0.22],[-1.58785,3.73452,0.22],[-1.49646,3.87672,0.22],[-1.34269,3.94695,0.22],[-1.17538,3.92289,0.22],[-1.04762,3.81219,0.22],[-18.75,4.85,0.22],[-18.8056,4.66078,0.22],[-18.9546,4.53163,0.22],[-19.1498,4.50356,0.22],[-19.3292,4.58549,0.22],[-19.4358,4.75139,0.22],[-19.4358,4.94861,0.22],[-19.3292,5.11451,0.22],[-19.1498,5.19644,0.22],[-18.9546,5.16837,0.22],[-18.8056,5.03922,0.22],[-18.75,11.45,0.22],[-18.8056,11.2608,0.22],[-18.9546,11.1316,0.22],[-19.1498,11.1036,0.22],[-19.3292,11.1855,0.22],[-19.4358,11.3514,0.22],[-19.4358,11.5486,0.22],[-19.3292,11.7145,0.22],[-19.1498,11.7964,0.22],[-18.9546,11.7684,0.22],[-18.8056,11.6392,0.22]] lst1=(59,0,300,300,0,1,300,1,299,299,1,2,299,2,298,298,2,3,298,3,4,298,4,297,297,4,5,297,5,6,297,6,262,262,6,7,262,7,8,9,96,8,8,96,97,8,97,321,321,97,238,321,238,320,320,238,239,320,239,319,319,239,240,319,240,330,330,240,241,330,241,329,329,241,242,329,242,328,328,242,243,328,243,336,336,243,420,336,420,421,10,501,9,9,501,502,9,502,503,10,11,501,501,11,500,500,11,12,500,12,13,500,13,510,510,13,14,510,14,106,106,14,15,106,15,105,105,15,16,105,16,104,104,16,114,114,16,17,114,17,514,514,17,513,513,17,18,513,18,512,512,18,19,512,19,511,511,19,87,511,87,88,87,19,86,86,19,20,86,20,85,85,20,84,84,20,21,84,21,83,83,21,527,83,527,82,82,527,528,82,528,92,92,528,529,92,529,91,91,529,217,91,217,90,90,217,218,90,218,89,89,218,219,89,219,88,88,219,511,22,525,21,21,525,526,21,526,527,23,445,22,22,445,446,22,446,447,24,156,23,23,156,157,23,157,158,25,465,24,24,465,466,24,466,154,154,466,456,154,456,153,153,456,457,153,457,152,152,457,458,152,458,210,210,458,459,210,459,209,209,459,460,209,460,208,208,460,461,208,461,137,137,461,462,137,462,26,26,462,463,26,463,25,25,463,464,25,464,465,137,26,147,147,26,27,147,27,146,146,27,28,146,28,145,145,28,468,145,468,469,28,29,468,468,29,467,467,29,477,477,29,30,477,30,476,476,30,31,476,31,116,116,31,32,116,32,115,115,32,33,115,33,34,115,34,125,125,34,35,125,35,36,37,486,36,36,486,487,36,487,123,123,487,122,122,487,488,122,488,121,121,488,478,121,478,120,120,478,479,120,479,119,119,479,480,119,480,134,134,480,481,134,481,133,133,481,258,133,258,132,132,258,131,131,258,247,131,247,130,130,247,129,129,247,142,129,142,128,128,142,470,128,470,471,38,279,37,37,279,313,37,313,314,38,39,279,279,39,292,279,292,278,278,292,293,278,293,277,277,293,294,277,294,276,276,294,283,276,283,275,275,283,284,275,284,274,274,284,285,274,285,228,228,285,286,228,286,287,39,40,292,292,40,41,292,41,291,291,41,42,291,42,43,291,43,290,290,43,44,290,44,289,289,44,45,289,45,46,289,46,288,288,46,47,288,47,48,48,49,288,288,49,544,288,544,545,49,50,544,544,50,554,554,50,51,554,51,553,553,51,552,552,51,69,552,69,551,551,69,70,551,70,550,550,70,60,550,60,549,549,60,61,549,61,363,363,61,362,362,61,62,362,62,361,361,62,63,361,63,202,202,63,201,201,63,64,201,64,200,200,64,344,200,344,345,69,51,68,68,51,52,68,52,67,67,52,352,67,352,353,53,187,52,52,187,348,52,348,349,54,74,53,53,74,75,53,75,378,378,75,377,377,75,76,377,76,376,376,76,77,376,77,386,386,77,78,386,78,368,368,78,367,367,78,79,367,79,366,366,79,174,366,174,175,55,534,54,54,534,535,54,535,536,534,55,533,533,55,56,533,56,301,301,56,57,301,57,58,58,59,301,301,59,300,64,65,344,344,65,343,343,65,66,343,66,353,353,66,67,72,538,71,71,538,539,71,539,81,81,539,172,81,172,173,538,72,537,537,72,73,537,73,536,536,73,54,73,74,54,79,80,174,174,80,173,173,80,81,94,505,93,93,505,506,93,506,103,103,506,507,103,507,102,102,507,492,102,492,101,101,492,493,101,493,235,235,493,494,235,494,495,505,94,504,504,94,95,504,95,503,503,95,9,95,96,9,97,98,238,238,98,237,237,98,99,237,99,236,236,99,100,236,100,235,235,100,101,510,106,509,509,106,107,509,107,508,508,107,108,508,108,491,491,108,490,490,108,109,490,109,489,489,109,110,489,110,499,499,110,111,499,111,498,498,111,112,498,112,517,517,112,516,516,112,113,516,113,515,515,113,514,514,113,114,116,117,476,476,117,475,475,117,118,475,118,474,474,118,135,474,135,136,135,118,134,134,118,119,123,124,36,36,124,125,127,472,126,126,472,473,126,473,136,136,473,474,472,127,471,471,127,128,137,138,208,208,138,207,207,138,139,207,139,206,206,139,140,206,140,205,205,140,141,205,141,204,204,141,247,204,247,403,403,247,248,403,248,402,402,248,249,402,249,401,401,249,250,401,250,229,229,250,309,229,309,310,141,142,247,142,143,470,470,143,469,469,143,144,469,144,145,158,148,23,23,148,149,23,149,150,151,212,150,150,212,213,150,213,454,454,213,453,453,213,167,453,167,168,212,151,211,211,151,152,211,152,210,154,155,24,24,155,156,160,450,159,159,450,451,159,451,169,169,451,452,169,452,168,168,452,453,450,160,449,449,160,161,449,161,448,448,161,162,448,162,214,214,162,163,214,163,164,164,165,214,214,165,213,213,165,166,213,166,167,171,541,170,170,541,338,170,338,180,180,338,339,180,339,179,179,339,340,179,340,356,356,340,225,356,225,226,541,171,540,540,171,172,540,172,539,366,175,365,365,175,176,365,176,375,375,176,177,375,177,374,374,177,178,374,178,182,182,178,181,181,178,357,181,357,191,191,357,194,191,194,195,357,178,356,356,178,179,374,182,373,373,182,183,373,183,184,185,371,184,184,371,372,184,372,373,186,382,185,185,382,383,185,383,371,371,383,384,371,384,370,370,384,369,369,384,385,369,385,368,368,385,386,382,186,53,53,186,187,348,187,347,347,187,188,347,188,197,197,188,189,197,189,196,196,189,195,195,189,190,195,190,191,193,359,192,192,359,360,192,360,202,202,360,361,359,193,358,358,193,194,358,194,357,347,197,346,346,197,198,346,198,199,346,199,345,345,199,200,204,405,203,203,405,434,203,434,435,215,531,214,214,531,447,214,447,448,531,215,530,530,215,216,530,216,529,529,216,217,511,219,521,521,219,220,521,220,520,520,220,221,520,221,519,519,221,222,519,222,518,518,222,203,518,203,246,246,203,418,246,418,245,245,418,419,245,419,244,244,419,420,244,420,243,224,342,223,223,342,331,223,331,234,234,331,233,233,331,332,233,332,427,427,332,333,427,333,426,426,333,424,426,424,425,342,224,341,341,224,225,341,225,340,356,226,355,355,226,227,355,227,354,354,227,547,354,547,364,364,547,548,364,548,363,363,548,549,547,227,546,546,227,228,546,228,545,545,228,288,228,229,274,274,229,273,273,229,310,273,310,272,272,310,311,272,311,271,271,311,312,271,312,282,282,312,313,282,313,281,281,313,280,280,313,279,401,229,400,400,229,230,400,230,399,399,230,231,399,231,398,398,231,232,398,232,397,397,232,395,397,395,396,395,232,394,394,232,233,394,233,427,235,495,246,246,495,496,246,496,497,309,250,308,308,250,251,308,251,307,307,251,252,307,252,318,318,252,253,318,253,317,317,253,254,317,254,316,316,254,255,316,255,485,485,255,484,484,255,256,484,256,483,483,256,257,483,257,482,482,257,258,482,258,481,260,324,259,259,324,325,259,325,270,270,325,269,269,325,326,269,326,268,268,326,327,268,327,336,336,327,328,260,261,324,324,261,262,324,262,8,297,262,296,296,262,263,296,263,295,295,263,264,295,264,306,306,264,265,306,265,305,305,265,266,305,266,304,304,266,267,304,267,337,337,267,336,336,267,268,287,288,228,302,337,301,301,337,543,301,543,533,302,303,337,337,303,304,314,315,37,37,315,316,37,316,485,321,322,8,8,322,323,8,323,324,424,333,423,423,333,334,423,334,422,422,334,335,422,335,421,421,335,336,543,337,542,542,337,338,542,338,541,349,350,52,52,350,351,52,351,352,378,379,53,53,379,380,53,380,381,381,382,53,387,388,404,404,388,389,404,389,403,403,389,204,390,412,389,389,412,413,389,413,204,204,413,414,204,414,415,412,390,411,411,390,391,411,391,410,410,391,392,410,392,409,409,392,393,409,393,441,441,393,428,441,428,429,393,394,428,428,394,427,434,405,444,444,405,406,444,406,407,444,407,443,443,407,408,443,408,442,442,408,441,441,408,409,415,405,204,416,417,433,433,417,432,432,417,418,432,418,203,441,429,440,440,429,430,440,430,439,439,430,431,439,431,438,438,431,432,438,432,437,437,432,203,437,203,436,436,203,435,150,454,23,23,454,455,23,455,445,485,486,37,491,492,508,508,492,507,246,497,517,517,497,498,517,518,246,532,522,22,22,522,523,22,523,524,524,525,22,447,531,22,22,531,532) n=[[0,0,1],[0,0,1],[0,0,1],[0,0,1],[0,0,1],[0,0,1],[0,0,1],[0,0,1],[0,0,1],[0,0,1],[0,0,1],[0,0,1],[0,0,1],[0,0,1],[0,0,1],[0,0,1],[0,0,1],[0,0,1],[0,0,1],[0,0,1],[0,0,1],[0,0,1],[0,0,1],[0,0,1],[0,0,1],[0,0,1],[0,0,1],[0,0,1],[0,0,1],[0,0,1],[0,0,1],[0,0,1],[0,0,1],[0,0,1],[0,0,1],[0,0,1],[0,0,1],[0,0,1],[0,0,1],[0,0,1],[0,0,1],[0,0,1],[0,0,1],[0,0,1],[0,0,1],[0,0,1],[0,0,1],[0,0,1],[0,0,1],[0,0,1],[0,0,1],[0,0,1],[0,0,1],[0,0,1],[0,0,1],[0,0,1],[0,0,1],[0,0,1],[0,0,1],[0,0,1],[0,0,1],[0,0,1],[0,0,1],[0,0,1],[0,0,1],[0,0,1],[0,0,1],[0,0,1],[0,0,1],[0,0,1],[0,0,1],[0,0,1],[0,0,1],[0,0,1],[0,0,1],[0,0,1],[0,0,1],[0,0,1],[0,0,1],[0,0,1],[0,0,1],[0,0,1],[0,0,1],[0,0,1],[0,0,1],[0,0,1],[0,0,1],[0,0,1],[0,0,1],[0,0,1],[0,0,1],[0,0,1],[0,0,1],[0,0,1],[0,0,1],[0,0,1],[0,0,1],[0,0,1],[0,0,1],[0,0,1],[0,0,1],[0,0,1],[0,0,1],[0,0,1],[0,0,1],[0,0,1],[0,0,1],[0,0,1],[0,0,1],[0,0,1],[0,0,1],[0,0,1],[0,0,1],[0,0,1],[0,0,1],[0,0,1],[0,0,1],[0,0,1],[0,0,1],[0,0,1],[0,0,1],[0,0,1],[0,0,1],[0,0,1],[0,0,1],[0,0,1],[0,0,1],[0,0,1],[0,0,1],[0,0,1],[0,0,1],[0,0,1],[0,0,1],[0,0,1],[0,0,1],[0,0,1],[0,0,1],[0,0,1],[0,0,1],[0,0,1],[0,0,1],[0,0,1],[0,0,1],[0,0,1],[0,0,1],[0,0,1],[0,0,1],[0,0,1],[0,0,1],[0,0,1],[0,0,1],[0,0,1],[0,0,1],[0,0,1],[0,0,1],[0,0,1],[0,0,1],[0,0,1],[0,0,1],[0,0,1],[0,0,1],[0,0,1],[0,0,1],[0,0,1],[0,0,1],[0,0,1],[0,0,1],[0,0,1],[0,0,1],[0,0,1],[0,0,1],[0,0,1],[0,0,1],[0,0,1],[0,0,1],[0,0,1],[0,0,1],[0,0,1],[0,0,1],[0,0,1],[0,0,1],[0,0,1],[0,0,1],[0,0,1],[0,0,1],[0,0,1],[0,0,1],[0,0,1],[0,0,1],[0,0,1],[0,0,1],[0,0,1],[0,0,1],[0,0,1],[0,0,1],[0,0,1],[0,0,1],[0,0,1],[0,0,1],[0,0,1],[0,0,1],[0,0,1],[0,0,1],[0,0,1],[0,0,1],[0,0,1],[0,0,1],[0,0,1],[0,0,1],[0,0,1],[0,0,1],[0,0,1],[0,0,1],[0,0,1],[0,0,1],[0,0,1],[0,0,1],[0,0,1],[0,0,1],[0,0,1],[0,0,1],[0,0,1],[0,0,1],[0,0,1],[0,0,1],[0,0,1],[0,0,1],[0,0,1],[0,0,1],[0,0,1],[0,0,1],[0,0,1],[0,0,1],[0,0,1],[0,0,1],[0,0,1],[0,0,1],[0,0,1],[0,0,1],[0,0,1],[0,0,1],[0,0,1],[0,0,1],[0,0,1],[0,0,1],[0,0,1],[0,0,1],[0,0,1],[0,0,1],[0,0,1],[0,0,1],[0,0,1],[0,0,1],[0,0,1],[0,0,1],[0,0,1],[0,0,1],[0,0,1],[0,0,1],[0,0,1],[0,0,1],[0,0,1],[0,0,1],[0,0,1],[0,0,1],[0,0,1],[0,0,1],[0,0,1],[0,0,1],[0,0,1],[0,0,1],[0,0,1],[0,0,1],[0,0,1],[0,0,1],[0,0,1],[0,0,1],[0,0,1],[0,0,1],[0,0,1],[0,0,1],[0,0,1],[0,0,1],[0,0,1],[0,0,1],[0,0,1],[0,0,1],[0,0,1],[0,0,1],[0,0,1],[0,0,1],[0,0,1],[0,0,1],[0,0,1],[0,0,1],[0,0,1],[0,0,1],[0,0,1],[0,0,1],[0,0,1],[0,0,1],[0,0,1],[0,0,1],[0,0,1],[0,0,1],[0,0,1],[0,0,1],[0,0,1],[0,0,1],[0,0,1],[0,0,1],[0,0,1],[0,0,1],[0,0,1],[0,0,1],[0,0,1],[0,0,1],[0,0,1],[0,0,1],[0,0,1],[0,0,1],[0,0,1],[0,0,1],[0,0,1],[0,0,1],[0,0,1],[0,0,1],[0,0,1],[0,0,1],[0,0,1],[0,0,1],[0,0,1],[0,0,1],[0,0,1],[0,0,1],[0,0,1],[0,0,1],[0,0,1],[0,0,1],[0,0,1],[0,0,1],[0,0,1],[0,0,1],[0,0,1],[0,0,1],[0,0,1],[0,0,1],[0,0,1],[0,0,1],[0,0,1],[0,0,1],[0,0,1],[0,0,1],[0,0,1],[0,0,1],[0,0,1],[0,0,1],[0,0,1],[0,0,1],[0,0,1],[0,0,1],[0,0,1],[0,0,1],[0,0,1],[0,0,1],[0,0,1],[0,0,1],[0,0,1],[0,0,1],[0,0,1],[0,0,1],[0,0,1],[0,0,1],[0,0,1],[0,0,1],[0,0,1],[0,0,1],[0,0,1],[0,0,1],[0,0,1],[0,0,1],[0,0,1],[0,0,1],[0,0,1],[0,0,1],[0,0,1],[0,0,1],[0,0,1],[0,0,1],[0,0,1],[0,0,1],[0,0,1],[0,0,1],[0,0,1],[0,0,1],[0,0,1],[0,0,1],[0,0,1],[0,0,1],[0,0,1],[0,0,1],[0,0,1],[0,0,1],[0,0,1],[0,0,1],[0,0,1],[0,0,1],[0,0,1],[0,0,1],[0,0,1],[0,0,1],[0,0,1],[0,0,1],[0,0,1],[0,0,1],[0,0,1],[0,0,1],[0,0,1],[0,0,1],[0,0,1],[0,0,1],[0,0,1],[0,0,1],[0,0,1],[0,0,1],[0,0,1],[0,0,1],[0,0,1],[0,0,1],[0,0,1],[0,0,1],[0,0,1],[0,0,1],[0,0,1],[0,0,1],[0,0,1],[0,0,1],[0,0,1],[0,0,1],[0,0,1],[0,0,1],[0,0,1],[0,0,1],[0,0,1],[0,0,1],[0,0,1],[0,0,1],[0,0,1],[0,0,1],[0,0,1],[0,0,1],[0,0,1],[0,0,1],[0,0,1],[0,0,1],[0,0,1],[0,0,1],[0,0,1],[0,0,1],[0,0,1],[0,0,1],[0,0,1],[0,0,1],[0,0,1],[0,0,1],[0,0,1],[0,0,1],[0,0,1],[0,0,1],[0,0,1],[0,0,1],[0,0,1],[0,0,1],[0,0,1],[0,0,1],[0,0,1],[0,0,1],[0,0,1],[0,0,1],[0,0,1],[0,0,1],[0,0,1],[0,0,1],[0,0,1],[0,0,1],[0,0,1],[0,0,1],[0,0,1],[0,0,1],[0,0,1],[0,0,1],[0,0,1],[0,0,1],[0,0,1],[0,0,1],[0,0,1],[0,0,1],[0,0,1],[0,0,1],[0,0,1],[0,0,1],[0,0,1],[0,0,1],[0,0,1],[0,0,1],[0,0,1],[0,0,1],[0,0,1],[0,0,1],[0,0,1],[0,0,1],[0,0,1],[0,0,1],[0,0,1],[0,0,1],[0,0,1],[0,0,1],[0,0,1],[0,0,1],[0,0,1],[0,0,1],[0,0,1],[0,0,1],[0,0,1],[0,0,1],[0,0,1],[0,0,1],[0,0,1],[0,0,1],[0,0,1],[0,0,1],[0,0,1],[0,0,1],[0,0,1],[0,0,1],[0,0,1],[0,0,1],[0,0,1],[0,0,1],[0,0,1],[0,0,1],[0,0,1],[0,0,1],[0,0,1],[0,0,1],[0,0,1],[0,0,1],[0,0,1],[0,0,1],[0,0,1],[0,0,1],[0,0,1],[0,0,1],[0,0,1],[0,0,1]] uv=[[-4.59744,-5.38333],[-4.3575,-5.96372],[-4.02966,-6.4994],[-3.62203,-6.97716],[-3.14463,-7.38522],[-2.60925,-7.71354],[-2.02908,-7.954],[-1.41842,-8.1007],[-0.79233,-8.15],[6.16173,-8.15],[6.62251,-8.0962],[7.05851,-7.93768],[7.44625,-7.68297],[7.76488,-7.34579],[7.99725,-6.94426],[8.13086,-6.5],[8.26447,-6.05574],[8.49685,-5.65421],[8.81548,-5.31703],[9.20322,-5.06232],[9.63921,-4.9038],[10.1,-4.85],[12.1,-4.85],[12.1,4.85],[10.1,4.85],[9.63921,4.9038],[9.20322,5.06232],[8.81548,5.31703],[8.49685,5.65421],[8.26447,6.05574],[8.13086,6.5],[7.99725,6.94426],[7.76488,7.34579],[7.44625,7.68297],[7.05851,7.93768],[6.62251,8.0962],[6.16173,8.15],[-0.79233,8.15],[-1.41842,8.1007],[-2.02908,7.954],[-2.60925,7.71354],[-3.14463,7.38522],[-3.62203,6.97716],[-4.02966,6.4994],[-4.3575,5.96372],[-4.59744,5.38333],[-4.76735,5.00104],[-5.01307,4.66245],[-5.32385,4.38239],[-5.68609,4.1731],[-6.08394,4.04375],[-6.5,4],[-12.1,4],[-12.1,-4],[-6.5,-4],[-6.08394,-4.04375],[-5.68609,-4.1731],[-5.32385,-4.38239],[-5.01307,-4.66245],[-4.76735,-5.00104],[-9.4,3.3],[-9.45556,3.11078],[-9.6046,2.98163],[-9.79981,2.95356],[-9.9792,3.03549],[-10.0858,3.20139],[-10.0858,3.39861],[-9.9792,3.56451],[-9.79981,3.64644],[-9.6046,3.61837],[-9.45556,3.48922],[-9.4,-3.3],[-9.45556,-3.48922],[-9.6046,-3.61837],[-9.79981,-3.64644],[-9.9792,-3.56451],[-10.0858,-3.39861],[-10.0858,-3.20139],[-9.9792,-3.03549],[-9.79981,-2.95356],[-9.6046,-2.98163],[-9.45556,-3.11078],[10,-4.5],[9.95238,-4.66219],[9.82462,-4.77289],[9.65731,-4.79695],[9.50354,-4.72673],[9.41215,-4.58452],[9.41215,-4.41548],[9.50354,-4.27327],[9.65731,-4.20305],[9.82462,-4.22711],[9.95238,-4.33781],[4.55,-7.35],[4.50238,-7.51219],[4.37462,-7.62289],[4.20731,-7.64695],[4.05354,-7.57673],[3.96215,-7.43452],[3.96215,-7.26548],[4.05354,-7.12328],[4.20731,-7.05305],[4.37462,-7.07711],[4.50238,-7.18781],[6.25,-5.85],[6.20238,-6.01219],[6.07462,-6.12289],[5.90731,-6.14695],[5.75354,-6.07673],[5.66215,-5.93452],[5.66215,-5.76548],[5.75354,-5.62328],[5.90731,-5.55305],[6.07462,-5.57711],[6.20238,-5.68781],[5.7,7.35],[5.65238,7.18781],[5.52462,7.07711],[5.35731,7.05305],[5.20354,7.12328],[5.11215,7.26548],[5.11215,7.43452],[5.20354,7.57673],[5.35731,7.64695],[5.52462,7.62289],[5.65238,7.51219],[5.1,5.85],[5.05238,5.68781],[4.92462,5.57711],[4.75731,5.55305],[4.60354,5.62328],[4.51215,5.76548],[4.51215,5.93452],[4.60354,6.07673],[4.75731,6.14695],[4.92462,6.12289],[5.05238,6.01219],[7.7,4.5],[7.65238,4.33781],[7.52462,4.22711],[7.35731,4.20305],[7.20354,4.27327],[7.11215,4.41548],[7.11215,4.58452],[7.20354,4.72673],[7.35731,4.79695],[7.52462,4.77289],[7.65238,4.66219],[11.1,4.5],[11.0524,4.33781],[10.9246,4.22711],[10.7573,4.20305],[10.6035,4.27327],[10.5122,4.41548],[10.5122,4.58452],[10.6035,4.72673],[10.7573,4.79695],[10.9246,4.77289],[11.0524,4.66219],[10.9,0],[10.8524,-0.162192],[10.7246,-0.27289],[10.5573,-0.296946],[10.4035,-0.226725],[10.3122,-0.0845198],[10.3122,0.0845198],[10.4035,0.226725],[10.5573,0.296946],[10.7246,0.27289],[10.8524,0.162192],[-8.7,-1.95],[-8.74762,-2.11219],[-8.87538,-2.22289],[-9.04269,-2.24695],[-9.19646,-2.17672],[-9.28785,-2.03452],[-9.28785,-1.86548],[-9.19646,-1.72328],[-9.04269,-1.65305],[-8.87538,-1.67711],[-8.74762,-1.78781],[-11.35,0],[-11.3976,-0.162192],[-11.5254,-0.27289],[-11.6927,-0.296946],[-11.8465,-0.226725],[-11.9378,-0.0845198],[-11.9378,0.0845198],[-11.8465,0.226725],[-11.6927,0.296946],[-11.5254,0.27289],[-11.3976,0.162192],[-10.4,1.95],[-10.4476,1.78781],[-10.5754,1.67711],[-10.7427,1.65305],[-10.8965,1.72328],[-10.9878,1.86548],[-10.9878,2.03452],[-10.8965,2.17672],[-10.7427,2.24695],[-10.5754,2.22289],[-10.4476,2.11219],[7.8,-3.3],[7.8,3.3],[7.83806,3.49134],[7.94645,3.65355],[8.10866,3.76194],[8.3,3.8],[9.6,3.8],[9.79134,3.76194],[9.95355,3.65355],[10.0619,3.49134],[10.1,3.3],[10.1,-3.3],[10.0619,-3.49134],[9.95355,-3.65355],[9.79134,-3.76194],[9.6,-3.8],[8.3,-3.8],[8.10866,-3.76194],[7.94645,-3.65355],[7.83806,-3.49134],[-5.1,0.6],[-5.18817,0.628647],[-5.24266,0.703647],[-5.24266,0.796353],[-5.18817,0.871353],[-5.1,0.9],[2.9,0.9],[2.98817,0.871353],[3.04266,0.796353],[3.04266,0.703647],[2.98817,0.628647],[2.9,0.6],[3.05,-6.8],[3.02135,-6.88817],[2.94635,-6.94266],[2.85365,-6.94266],[2.77865,-6.88817],[2.75,-6.8],[2.75,-2.8],[2.77865,-2.71183],[2.85365,-2.65734],[2.94635,-2.65734],[3.02135,-2.71183],[3.05,-2.8],[3.05,2.8],[3.02135,2.71183],[2.94635,2.65734],[2.85365,2.65734],[2.77865,2.71183],[2.75,2.8],[2.75,6.8],[2.77865,6.88817],[2.85365,6.94266],[2.94635,6.94266],[3.02135,6.88817],[3.05,6.8],[-0.35,-5.8],[-0.378647,-5.88817],[-0.453647,-5.94266],[-0.546353,-5.94266],[-0.621353,-5.88817],[-0.65,-5.8],[-0.65,-2.8],[-0.621353,-2.71183],[-0.546353,-2.65734],[-0.453647,-2.65734],[-0.378647,-2.71183],[-0.35,-2.8],[-0.35,2.8],[-0.378647,2.71183],[-0.453647,2.65734],[-0.546353,2.65734],[-0.621353,2.71183],[-0.65,2.8],[-0.65,5.8],[-0.621353,5.88817],[-0.546353,5.94266],[-0.453647,5.94266],[-0.378647,5.88817],[-0.35,5.8],[-2.05,2.8],[-2.07865,2.71183],[-2.15365,2.65734],[-2.24635,2.65734],[-2.32135,2.71183],[-2.35,2.8],[-2.35,5.8],[-2.32135,5.88817],[-2.24635,5.94266],[-2.15365,5.94266],[-2.07865,5.88817],[-2.05,5.8],[-2.05,-5.8],[-2.07865,-5.88817],[-2.15365,-5.94266],[-2.24635,-5.94266],[-2.32135,-5.88817],[-2.35,-5.8],[-2.35,-2.8],[-2.32135,-2.71183],[-2.24635,-2.65734],[-2.15365,-2.65734],[-2.07865,-2.71183],[-2.05,-2.8],[1.35,2.8],[1.32135,2.71183],[1.24635,2.65734],[1.15365,2.65734],[1.07865,2.71183],[1.05,2.8],[1.05,6.8],[1.07865,6.88817],[1.15365,6.94266],[1.24635,6.94266],[1.32135,6.88817],[1.35,6.8],[1.35,-6.8],[1.32135,-6.88817],[1.24635,-6.94266],[1.15365,-6.94266],[1.07865,-6.88817],[1.05,-6.8],[1.05,-2.8],[1.07865,-2.71183],[1.15365,-2.65734],[1.24635,-2.65734],[1.32135,-2.71183],[1.35,-2.8],[2.9,-0.6],[2.98817,-0.628647],[3.04266,-0.703647],[3.04266,-0.796353],[2.98817,-0.871353],[2.9,-0.9],[-5.1,-0.9],[-5.18817,-0.871353],[-5.24266,-0.796353],[-5.24266,-0.703647],[-5.18817,-0.628647],[-5.1,-0.6],[-11.35,3.2],[-11.3976,3.03781],[-11.5254,2.92711],[-11.6927,2.90305],[-11.8465,2.97328],[-11.9378,3.11548],[-11.9378,3.28452],[-11.8465,3.42672],[-11.6927,3.49695],[-11.5254,3.47289],[-11.3976,3.36219],[-8.7,1.95],[-8.74762,1.78781],[-8.87538,1.67711],[-9.04269,1.65305],[-9.19646,1.72328],[-9.28785,1.86548],[-9.28785,2.03452],[-9.19646,2.17672],[-9.04269,2.24695],[-8.87538,2.22289],[-8.74762,2.11219],[-10.4,-1.95],[-10.4476,-2.11219],[-10.5754,-2.22289],[-10.7427,-2.24695],[-10.8965,-2.17672],[-10.9878,-2.03452],[-10.9878,-1.86548],[-10.8965,-1.72328],[-10.7427,-1.65305],[-10.5754,-1.67711],[-10.4476,-1.78781],[-11.35,-3.2],[-11.3976,-3.36219],[-11.5254,-3.47289],[-11.6927,-3.49695],[-11.8465,-3.42672],[-11.9378,-3.28452],[-11.9378,-3.11548],[-11.8465,-2.97328],[-11.6927,-2.90305],[-11.5254,-2.92711],[-11.3976,-3.03781],[4.29913,1.32283],[4.45904,1.39719],[4.6331,1.36886],[4.76117,1.24762],[4.79899,1.07537],[4.73349,0.911635],[4.58731,0.812987],[4.41096,0.813518],[4.26538,0.913044],[4.20087,1.07717],[4.04096,1.00281],[3.8669,1.03114],[3.73883,1.15238],[3.70101,1.32463],[3.76651,1.48837],[3.91269,1.58701],[4.08904,1.58648],[4.23462,1.48696],[6.8,1],[6.75238,0.837808],[6.62462,0.72711],[6.45731,0.703054],[6.30354,0.773275],[6.21215,0.91548],[6.21215,1.08452],[6.30354,1.22672],[6.45731,1.29695],[6.62462,1.27289],[6.75238,1.16219],[4.29913,-1.32283],[4.23462,-1.48696],[4.08904,-1.58648],[3.91269,-1.58701],[3.76651,-1.48837],[3.70101,-1.32463],[3.73883,-1.15238],[3.8669,-1.03114],[4.04096,-1.00281],[4.20087,-1.07717],[4.26538,-0.913044],[4.41096,-0.813518],[4.58731,-0.812987],[4.73349,-0.911635],[4.79899,-1.07537],[4.76117,-1.24762],[4.6331,-1.36886],[4.45904,-1.39719],[6.8,-1],[6.75238,-1.16219],[6.62462,-1.27289],[6.45731,-1.29695],[6.30354,-1.22672],[6.21215,-1.08452],[6.21215,-0.91548],[6.30354,-0.773275],[6.45731,-0.703054],[6.62462,-0.72711],[6.75238,-0.837808],[11.6,0],[11.5524,-0.162192],[11.4246,-0.27289],[11.2573,-0.296946],[11.1035,-0.226725],[11.0122,-0.0845198],[11.0122,0.0845198],[11.1035,0.226725],[11.2573,0.296946],[11.4246,0.27289],[11.5524,0.162192],[10,4.5],[9.95238,4.33781],[9.82462,4.22711],[9.65731,4.20305],[9.50354,4.27327],[9.41215,4.41548],[9.41215,4.58452],[9.50354,4.72673],[9.65731,4.79695],[9.82462,4.77289],[9.95238,4.66219],[6.25,5.85],[6.20238,5.68781],[6.07462,5.57711],[5.90731,5.55305],[5.75354,5.62328],[5.66215,5.76548],[5.66215,5.93452],[5.75354,6.07673],[5.90731,6.14695],[6.07462,6.12289],[6.20238,6.01219],[4.55,7.35],[4.50238,7.18781],[4.37462,7.07711],[4.20731,7.05305],[4.05354,7.12328],[3.96215,7.26548],[3.96215,7.43452],[4.05354,7.57673],[4.20731,7.64695],[4.37462,7.62289],[4.50238,7.51219],[5.1,-5.85],[5.05238,-6.01219],[4.92462,-6.12289],[4.75731,-6.14695],[4.60354,-6.07673],[4.51215,-5.93452],[4.51215,-5.76548],[4.60354,-5.62328],[4.75731,-5.55305],[4.92462,-5.57711],[5.05238,-5.68781],[5.7,-7.35],[5.65238,-7.51219],[5.52462,-7.62289],[5.35731,-7.64695],[5.20354,-7.57673],[5.11215,-7.43452],[5.11215,-7.26548],[5.20354,-7.12328],[5.35731,-7.05305],[5.52462,-7.07711],[5.65238,-7.18781],[7.7,-4.5],[7.65238,-4.66219],[7.52462,-4.77289],[7.35731,-4.79695],[7.20354,-4.72673],[7.11215,-4.58452],[7.11215,-4.41548],[7.20354,-4.27327],[7.35731,-4.20305],[7.52462,-4.22711],[7.65238,-4.33781],[11.1,-4.5],[11.0524,-4.66219],[10.9246,-4.77289],[10.7573,-4.79695],[10.6035,-4.72673],[10.5122,-4.58452],[10.5122,-4.41548],[10.6035,-4.27327],[10.7573,-4.20305],[10.9246,-4.22711],[11.0524,-4.33781],[-6.65,-3.3],[-6.70556,-3.48922],[-6.8546,-3.61837],[-7.04981,-3.64644],[-7.2292,-3.56451],[-7.33582,-3.39861],[-7.33582,-3.20139],[-7.2292,-3.03549],[-7.04981,-2.95356],[-6.8546,-2.98163],[-6.70556,-3.11078],[-6.65,3.3],[-6.70556,3.11078],[-6.8546,2.98163],[-7.04981,2.95356],[-7.2292,3.03549],[-7.33582,3.20139],[-7.33582,3.39861],[-7.2292,3.56451],[-7.04981,3.64644],[-6.8546,3.61837],[-6.70556,3.48922]] a0=(103,000)  a1=(1,1) lst5=(2415910902,2415907770,2952768580,2952766203,2952764002,2952773631,2952766203,2952764009,1796095999,2952764002,2952764009,2952762052,2952762052,1721221119,1961967615,1796095999,1721221119,1757134847,1757134847,1796063231,1796063231,1837023231,1837023231,1879031807,1879031807,1879031807,1840857087,1703297023,2415893090,1961967615,1796095999,2952764002,2415902719,2415893090,2952764002,2952773631,2952773631,2952773631,2415902719,2415902719,2415912348,2415902719,2952773631,2952783260,1425096703,2415912348,2952783260,1259225087,2952763345,2952772287,1879031807,1940865023,2415893862,1990508543,1990508543,1840857087,1940865023,1999355903,2415902719,2415893862,1999355903,2051391487,2051391487,2415892924,2415911576,2415902719,2415892924,2415896213,2415896213,2415899852,2415893862,1990508543,2952776498,2952780137,2415902719,2415893862,2415911576,2415902719,2952780137,2952783426,1990508543,1840857087,2952783426,1169801215,2415893862,1990508543,1169801215,1221836799,2415902719,2415893862,2952769016,2952778246,1703297023,2952769016,1221836799,1280327679,1840857087,1703297023,1990508543,1840857087,1280327679,1342160895,2415893862,1990508543,2415902719,2415893862,2952769016,2952778246,2415911576,2415902719,2952778246,1166426111,1453637631,2415911576,1303986175,1453637631,1981726719,1879031807,1166426111,1303986175,1342160895,1342160895,2952778246,1166426111,1879031807,1879031807,1840857087,1703297023,1703297023,2952769016,2415902719,2415902719,2415902719,2415893862,2415893862,1990508543,1342160895,1342160895,1303986175,1453637631,1453637631,2415911576,1879031807,1817198591,1453637631,2415911576,2415911576,2415902719,2952769016,2952778246,2415902719,2415893862,1703297023,2952769016,2415893862,1990508543,1990508543,1840857087,1342160895,1444855807,1840857087,1703297023,1879031807,1879031807,1703297023,2952769016,2952769016,2952778246,2952778246,1166426111,1817198591,1758707711,1166426111,1303986175,1303986175,1453637631,2415911576,2415902719,1758707711,1706672127,1453637631,2415911576,1706672127,2952763836,1303986175,1453637631,2415893862,1990508543,2952763836,2952767125,2415902719,2415893862,2415911576,2415902719,2952767125,2952770764,1453637631,2415911576,2415905586,2415909225,2415909225,2415912514,2415902719,2415893862,2415912514,1514520575,1514520575,1462484991,2415911576,2415902719,1462484991,1403994111,1403994111,1342160895,1342160895,1342160895,1303986175,1453637631,1166426111,1303986175,1453637631,2415911576,2952778246,1166426111,2415911576,2415902719,2952769016,2952778246,2415902719,2415893862,1703297023,2952769016,2415893862,1990508543,1990508543,1840857087,1166426111,1303986175,2952778246,1166426111,2952769016,2952778246,2952773631,2952773631,1703297023,2952769016,1840857087,1703297023,1990508543,1840857087,1840857087,1703297023,1342160895,1300152319,2952773631,2952783260,1300152319,1259192319,2952783260,1259225087,1425096703,2415912348,2952773631,2952783260,2415912348,2415902719,2415902719,2415902719,2952773631,2952773631,2952764002,2952773631,2415902719,2415893090,1796095999,2952764002,2415893090,1961967615,1961967615,1796095999,1796095999,2952764002,1259192319,1220263935,1220263935,1184350207,1259225087,1425096703,1184350207,2952785210,2952785210,2952783253,2952783260,1259225087,2952783253,2952781059,2952773631,2952783260,2952781059,2952778682,2415897668,2415894536,2415902719,2415902719,2415894536,2415891763,2415891763,2036842495,2036842495,1988247551,2415902719,2415893862,1988247551,1934835711,2415911576,2415902719,1934835711,1879031807,1453637631,2415911576,1303986175,1453637631,1166426111,1303986175,1453637631,2415911576,2952778246,1166426111,2415911576,2415902719,2952769016,2952778246,2415902719,2415893862,1303986175,1453637631,2415893862,1990508543,1166426111,1303986175,1990508543,1840857087,1453637631,2415911576,1840857087,1703297023,1303986175,1453637631,2415893862,1990508543,1303986175,1453637631,1342160895,1342160895,1166426111,1303986175,1453637631,2415911576,2952773631,2952773631,2952769016,2952778246,1879031807,1879031807,1840857087,1703297023,2415893862,1990508543,1703297023,2952769016,2415902719,2415893862,2952769016,2952778246,2415911576,2415902719,2952778246,1166426111,1990508543,1840857087,1166426111,1303986175,2415893862,1990508543,1703297023,2952769016,1342160895,1397964799,2415893862,1990508543,1990508543,1840857087,2415902719,2415893862,1397964799,1451376639,1451376639,1499971583,1499971583,2415913675,2415913675,2415910902,2415902719,2415902719,1703297023,2952769016,2415902719,2415893862,2952769016,2952778246,2415911576,2415902719,2952778246,1166426111,2415902719,2415893862,2952769016,2952778246,2415911576,2415902719,1990508543,1840857087,1703297023,2952769016,2415893862,1990508543,1840857087,1703297023,1990508543,1840857087,1303986175,1453637631,1840857087,1703297023,1453637631,2415911576,2415902719,2415893862,2952769016,2952778246,2415911576,2415902719,2952778246,1166426111,1453637631,2415911576,1303986175,1453637631,1840857087,1703297023,1703297023,2952769016,2952769016,2952778246,1703297023,2952769016,2415893862,1990508543,1840857087,1703297023,1990508543,1840857087,1703297023,2952769016,1961967615,1796095999,2952769016,2952778246,2415893090,1961967615,2952778246,1166426111,2415902719,2415893090,1166426111,1303986175,1453637631,2415911576,1990508543,1840857087,1303986175,1453637631,1840857087,1703297023,2415893862,1990508543,1703297023,2952769016,2415902719,2415893862,2952769016,2952778246,2415911576,2415902719,2952778246,1166426111,1453637631,2415911576,1166426111,1303986175,2952769016,2952778246,1303986175,1453637631,1703297023,2952769016,1840857087,1703297023,1453637631,2415911576,2415893862,1990508543,1303986175,1453637631,1990508543,1840857087,1166426111,1303986175,1453637631,2415911576,1303986175,1453637631,1840857087,1703297023,1303986175,1453637631,1453637631,2415911576,2415902719,2415893862,2952769016,2952778246,2415911576,2415902719,2952778246,1166426111,1703297023,2952769016,2415893862,1990508543,2415902719,2415893862,1239465983,1342160895,2415893862,1990508543,1152401407,1239465983,1990508543,1840857087,2952779900,1152401407,1840857087,1703297023,2952773631,2952779900,2415902719,2415893090,1264074751,1421819903,2415893090,1961967615,2952783917,1264074751,1961967615,1796095999,1961967615,1796095999,1703297023,2952769016,2952769016,2952778246,1990508543,1840857087,2952778246,1166426111,1166426111,1303986175,2415911576,2415902719,2415902719,2415893862,2415893862,1990508543,1990508543,1840857087,2415908988,2415902719,1303986175,1453637631,1303986175,1453637631,1531920383,2415908988,1840857087,1703297023,1444855807,1531920383,2952778246,1166426111,1166426111,1303986175,2415902719,2415893862,2952769016,2952778246,2415911576,2415902719,2952778246,1166426111,1453637631,2415911576,1166426111,1303986175,1703297023,2952769016,2415893862,1990508543,1840857087,1703297023,1990508543,1840857087,1840857087,1703297023,1703297023,2952769016,2952769016,2952778246,2952773631,2952773631,2952778246,1166426111,1166426111,1303986175,2415902719,2415893862,2415911576,2415902719,1721286655,2952768569,1453637631,2415911576,2952768569,2952778693,2952768569,2952778693,1166426111,1303986175,2415893862,1990508543,2952778246,1166426111,2415902719,2415893862,2952769016,2952778246,2415911576,2415902719,2952778246,1166426111,1453637631,2415911576,1166426111,1303986175,2415902719,2415893862,2415911576,2415902719,1990508543,1840857087,1990508543,1840857087,1303986175,1453637631,1303986175,1453637631,2415893862,1990508543,1990508543,1840857087,1840857087,1703297023,2952778246,1166426111,1166426111,1303986175,1703297023,2952769016,2952778246,1166426111,1166426111,1303986175,2952769016,2952778246,1703297023,2952769016,1303986175,1453637631,1840857087,1703297023,1453637631,2415911576,2952769016,2952778246,1703297023,2952769016,2952778246,1166426111,1166426111,1303986175,1703297023,2952769016,1840857087,1703297023,1303986175,1453637631,1453637631,2415911576,2415902719,2415893862,2952769016,2952778246,2415911576,2415902719,2952778246,1166426111,1703297023,2952769016,2415893862,1990508543,1840857087,1703297023,1840857087,1703297023,2952769016,2952778246,2952778246,1166426111,1990508543,1840857087,1166426111,1303986175,2415902719,2415902719,2415902719,2415893862,2415902719,2415896450,1990508543,1840857087,1303986175,1453637631,2415896450,2415891135,1166426111,1303986175,2415891135,1981726719,2415911576,2415902719,1879031807,1776336895,1453637631,2415911576,1776336895,2952762047,1303986175,1453637631,2952762047,2952767362,1166426111,1303986175,2952767362,2952773631,2415912348,2415902719,1958690815,1800945663,1425096703,2415912348,1800945663,2952763345,1259225087,1425096703,1879031807,1721286655,1879031807,1879031807,1342160895,1342160895,2036776959,1879031807,1342160895,1499906047,1499906047,2415907781,2952783840,1262501887,1378795519,1521860607,2952774877,2952783840,1184415743,1342160895,1721286655,2952768569,2952778693,1184415743,2415893862,1990508543,2952778693,1184415743,2415902719,2415893862,2415911576,2415902719,1840857087,1703297023,1453637631,2415911576,1703297023,2952769016,1990508543,1840857087,1184415743,1342160895,2415893862,1990508543,1879031807,1879031807,1961967615,1796095999,2415893090,1961967615,1796095999,2952764002,2415902719,2415893090,2952764002,2952773631,2952773631,2952773631,2415902719,2415902719,2415912348,2415902719,1425096703,2415912348,1259225087,1425096703,2952774975,2952783917,1342160895,1499906047,2952765570,2952774975,1499906047,2415907781,1759952895,2952765570,2415907781,2415897657,1915666431,1759952895,2952763422,2952772385,2058731519,1915666431,1799372799,2952763422,2415897657,2036776959,2952773631,2952773631,2952778246,1166426111,1166426111,1303986175,2415893090,1961967615,1796095999,2952764002,2415902719,2415893090,2952764002,2952773631,2952773631,2952773631,2415902719,2415902719,2415912348,2415902719,2952773631,2952783260,1425096703,2415912348,2952783260,1259225087,2952778246,1166426111,1259225087,1425096703,2952769016,2952778246,1425096703,2415912348,1703297023,2952769016,2415912348,2415902719,1840857087,1703297023,2415902719,2415893090,2415902719,2415902719,2952773631,2952773631,2415912348,2415902719,2952773631,2952783260,1425096703,2415912348,2952783260,1259225087,1259225087,1425096703,2415893090,1961967615,1961967615,1796095999,2415893090,1961967615,1796095999,2952764002,2415902719,2415893090,2952764002,2952773631,2952773631,2952773631,2415902719,2415902719,2415912348,2415902719,2952773631,2952783260,1425096703,2415912348,2952783260,1259225087,1342160895,1342160895,1259225087,1425096703,2952764002,2952773631,2952773631,2952783260,2415911576,2415902719,2952783260,1259225087,1259225087,1425096703,2952783260,1259225087,1259225087,1425096703,1961967615,1796095999,1796095999,2952764002,2952764002,2952773631,1223081983,1378795519,2415907781,2415897657,2952781692,1223081983,2415897657,2036776959,2952772287,2952781692,2036776959,1879031807,1453637631,2415911576,1879031807,1721286655,1303986175,1453637631,2952778246,1166426111,1166426111,1303986175,1303986175,1453637631,1990508543,1840857087,1840857087,1703297023,1703297023,2952769016,2952769016,2952778246,1162461183,1305526271,2415912928,2415903965,1305526271,1461207039,1421819903,2415912928,1461207039,2415910780,1166426111,1303986175,1303986175,1453637631,1453637631,2415911576,2952778246,1166426111,2415910780,2415901375,2952769016,2952778246,2415901375,2415892433,1703297023,2952769016,2415892433,1957117951,1420247039,2415913005,1957117951,1799372799,1262501887,1420247039,2415911576,2415902719,2415902719,2415893862,2415893862,1990508543,1453637631,2415911576,1990508543,1840857087,1303986175,1453637631,1166426111,1303986175,1840857087,1703297023,2415911576,2415902719,2415901473,2415892510,1842397183,1699332095,1998110719,1842397183,2415892510,1958690815,2952778246,1166426111,2415913005,2415904063,2952769016,2952778246,2415904063,2415894658,1703297023,2952769016,2415894658,1998110719,1840857087,1703297023,1990508543,1840857087,2415893862,1990508543,1453637631,2415911576,2415911576,2415902719,1166426111,1303986175,1990508543,1840857087,1166426111,1303986175,1303986175,1453637631,2952778246,1166426111,2415911576,2415902719,2415902719,2415893862,2415893862,1990508543,1990508543,1840857087,1453637631,2415911576) lst6=[[72,145,162,136],[20,5,80,36],[138,0,69,81],[69,80,164,80],[16,69,129,18],[81,16,37,138],[5,81,20,68],[160,72,145,34],[138,34,40,138],[69,145,34,8],[160,40,161,16],[129,34,69,138],[68,80,20,69],[34,4,137,18],[81,20,5,20],[41,162,4,69],[64,41,82,20],[138,130,68,161],[40,80,20,40],[132,8,81,132],[129,162,40,80],[65,145,34,68],[20,69,97,40],[10,137,40,66],[9,10,162,40],[20,133,68,20],[138,2,69,81],[42,81,160,40],[34,42,66,20],[81,20,42,138],[64,81,4,68],[34,81,10,41],[17,163,8,129],[65,81,20,69],[162,32,82,40],[138,18,69,128],[40,66,16,40],[34,40,82,164],[17,20,65,81],[68,81,20,41],[132,8,81,164],[81,20,69,81],[40,81,20,64],[162,12,17,148],[81,20,5,81],[40,138,130,16],[16,69,81,146],[138,34,5,202],[69,129,162,40],[20,37,74,20],[138,162,64,20],[33,84,160,40],[20,137,16,69],[148,24,69,81],[65,65,84,74],[5,40,138,34],[84,162,72,9],[40,138,2,165],[16,82,66,130],[0,4,74,164]] aX=(02 00 00 30 00 00 00 00)
					objects[0016] = (01F1): Face flags=46400000    u32_0=0000  u8_0=00 box=(-19.3,11.25,0,-18.9,11.65,0.07) key=14BE u32_1=0000 u32_2=0000
						surface = (0872): SurfaceCylinder dcIndices=[[1299,4294967295]] u32_0=0000 u8_0=00 center=Vector (-19.1, 11.45, 0.22000000000000003) normal=Vector (0.0, 0.0, -1.0)
						edges[0000] = (0873): Edge_D79AD3F3 flags=0000    u32_0=0000 points=[[-18.9,11.45,0],[-18.9468,11.3214,0],[-19.0653,11.253,0],[-19.2,11.2768,0],[-19.2879,11.3816,0],[-19.2879,11.5184,0],[-19.2,11.6232,0],[-19.0653,11.647,0],[-18.9468,11.5786,0],[-18.9,11.45,0.07],[-18.9468,11.5786,0.07],[-19.0653,11.647,0.07],[-19.2,11.6232,0.07],[-19.2879,11.5184,0.07],[-19.2879,11.3816,0.07],[-19.2,11.2768,0.07],[-19.0653,11.253,0.07],[-18.9468,11.3214,0.07],[-18.9,11.45,0.07],[-18.9,11.45,0]] lst1=(1,17,0,0,17,18,19,9,8,8,9,10,8,10,7,7,10,11,7,11,6,6,11,12,6,12,5,5,12,13,5,13,4,4,13,14,4,14,3,3,14,15,3,15,2,2,15,16,2,16,1,1,16,17) n=[[-1,0,0],[-0.766044,0.642788,0],[-0.173648,0.984808,0],[0.5,0.866025,0],[0.939693,0.34202,0],[0.939693,-0.34202,0],[0.5,-0.866025,0],[-0.173648,-0.984808,0],[-0.766044,-0.642788,0],[-1,0,0],[-0.766044,-0.642788,0],[-0.173648,-0.984808,0],[0.5,-0.866025,0],[0.939693,-0.34202,0],[0.939693,0.34202,0],[0.5,0.866025,0],[-0.173648,0.984808,0],[-0.766044,0.642788,0],[-1,0,0],[-1,0,0]] uv=[[0.22,-0.628319],[0.22,-0.488692],[0.22,-0.349066],[0.22,-0.20944],[0.22,-0.0698132],[0.22,0.0698132],[0.22,0.20944],[0.22,0.349066],[0.22,0.488692],[0.15,0.628319],[0.15,0.488692],[0.15,0.349066],[0.15,0.20944],[0.15,0.0698132],[0.15,-0.0698132],[0.15,-0.20944],[0.15,-0.349066],[0.15,-0.488692],[0.15,-0.628319],[0.22,0.628319]] a0=(103,8000)  a1=(0.2,0.2) lst5=(2415902719,2415892189,2415892189,2415902719,2415913249,2415902719,2415902719,2415913249,1388756991,2415913249,2415913249,1388756991,1207975935,1388756991,1388756991,1207975935,2952779234,1207975935,1207975935,2952779234,2952768028,2952779234,2952779234,2952768028,1744846847,2952768028,2952768028,1744846847,1925627903,1744846847,1744846847,1925627903,2415892189,1925627903,1925627903,2415892189) lst6=[[40,138,162,40],[0,40,138,162]] aX=(02 00 00 30 00 00 00 00)
					objects[0017] = (01F2): Face flags=48400000    u32_0=0000  u8_0=00 box=(-22.2,11.1,0.07,-21.5,11.8,0.22) key=14BF u32_1=0000 u32_2=0000
						surface = (0874): SurfaceCylinder dcIndices=[[1405,4294967295]] u32_0=0000 u8_0=00 center=Vector (-21.85, 11.450000000000001, 0.14500000000000002) normal=Vector (0.0, 0.0, 1.0)
						edges[0000] = (0875): Edge_D79AD3F3 flags=0000    u32_0=0000 points=[[-21.65,11.45,0.07],[-21.6968,11.3214,0.07],[-21.8153,11.253,0.07],[-21.95,11.2768,0.07],[-22.0379,11.3816,0.07],[-22.0379,11.5184,0.07],[-21.95,11.6232,0.07],[-21.8153,11.647,0.07],[-21.6968,11.5786,0.07],[-21.5,11.45,0.22],[-21.5556,11.6392,0.22],[-21.7046,11.7684,0.22],[-21.8998,11.7964,0.22],[-22.0792,11.7145,0.22],[-22.1858,11.5486,0.22],[-22.1858,11.3514,0.22],[-22.0792,11.1855,0.22],[-21.8998,11.1036,0.22],[-21.7046,11.1316,0.22],[-21.5556,11.2608,0.22],[-21.5,11.45,0.22],[-21.65,11.45,0.07],[-21.65,11.45,0.07]] lst1=(1,19,0,0,19,20,21,9,10,19,1,18,18,1,2,18,2,17,17,2,3,17,3,16,16,3,4,16,4,15,15,4,5,15,5,14,14,5,13,13,5,6,13,6,12,12,6,7,12,7,11,11,7,8,11,8,10,10,8,22) n=[[-0.707107,0,0.707107],[-0.541675,0.454519,0.707107],[-0.122788,0.696364,0.707107],[0.353553,0.612372,0.707107],[0.664463,0.241845,0.707107],[0.664463,-0.241845,0.707107],[0.353553,-0.612372,0.707107],[-0.122788,-0.696364,0.707107],[-0.541675,-0.454519,0.707107],[-0.707107,0,0.707107],[-0.594856,-0.382291,0.707107],[-0.293743,-0.643207,0.707107],[0.100632,-0.699909,0.707107],[0.463056,-0.534396,0.707107],[0.678464,-0.199215,0.707107],[0.678464,0.199215,0.707107],[0.463056,0.534396,0.707107],[0.100632,0.699909,0.707107],[-0.293743,0.643207,0.707107],[-0.594856,0.382291,0.707107],[-0.707107,0,0.707107],[-0.707107,0,0.707107],[-0.707107,0,0.707107]] uv=[[-0.106066,0.863938],[-0.106066,0.671952],[-0.106066,0.479966],[-0.106066,0.287979],[-0.106066,0.0959931],[-0.106066,-0.0959931],[-0.106066,-0.287979],[-0.106066,-0.479966],[-0.106066,-0.671952],[0.106066,-0.863938],[0.106066,-0.706858],[0.106066,-0.549779],[0.106066,-0.392699],[0.106066,-0.235619],[0.106066,-0.0785398],[0.106066,0.0785398],[0.106066,0.235619],[0.106066,0.392699],[0.106066,0.549779],[0.106066,0.706858],[0.106066,0.863938],[-0.106066,-0.863938],[-0.106066,-0.863938]] a0=(103,8000)  a1=(0.275,0.275) lst5=(2415902719,2415892189,2415893862,2415902719,2415902719,2415911576,1990508543,2415893862,2415892189,1925627903,1840857087,1990508543,1925627903,1744846847,1703297023,1840857087,1744846847,2952768028,2952769016,1703297023,2952768028,2952779234,2952778246,2952769016,1166426111,2952778246,2952779234,1207975935,1303986175,1166426111,1207975935,1388756991,1453637631,1303986175,1388756991,2415913249,2415911576,1453637631,2415913249,2415902719) lst6=[[69,81,20,41],[160,40,138,18]] aX=(02 00 00 30 00 00 00 00)
					objects[0018] = (01F3): Face flags=46400000    u32_0=0000  u8_0=00 box=(-22.05,11.25,0,-21.65,11.65,0.07) key=14C0 u32_1=0000 u32_2=0000
						surface = (0876): SurfaceCylinder dcIndices=[[1299,4294967295]] u32_0=0000 u8_0=00 center=Vector (-21.85, 11.450000000000001, 0.22000000000000003) normal=Vector (0.0, 0.0, -1.0)
						edges[0000] = (0877): Edge_D79AD3F3 flags=0000    u32_0=0000 points=[[-21.65,11.45,0],[-21.6968,11.3214,0],[-21.8153,11.253,0],[-21.95,11.2768,0],[-22.0379,11.3816,0],[-22.0379,11.5184,0],[-21.95,11.6232,0],[-21.8153,11.647,0],[-21.6968,11.5786,0],[-21.65,11.45,0.07],[-21.6968,11.5786,0.07],[-21.8153,11.647,0.07],[-21.95,11.6232,0.07],[-22.0379,11.5184,0.07],[-22.0379,11.3816,0.07],[-21.95,11.2768,0.07],[-21.8153,11.253,0.07],[-21.6968,11.3214,0.07],[-21.65,11.45,0.07],[-21.65,11.45,0]] lst1=(1,17,0,0,17,18,19,9,8,8,9,10,8,10,7,7,10,11,7,11,6,6,11,12,6,12,5,5,12,13,5,13,4,4,13,14,4,14,3,3,14,15,3,15,2,2,15,16,2,16,1,1,16,17) n=[[-1,0,0],[-0.766044,0.642788,0],[-0.173648,0.984808,0],[0.5,0.866025,0],[0.939693,0.34202,0],[0.939693,-0.34202,0],[0.5,-0.866025,0],[-0.173648,-0.984808,0],[-0.766044,-0.642788,0],[-1,0,0],[-0.766044,-0.642788,0],[-0.173648,-0.984808,0],[0.5,-0.866025,0],[0.939693,-0.34202,0],[0.939693,0.34202,0],[0.5,0.866025,0],[-0.173648,0.984808,0],[-0.766044,0.642788,0],[-1,0,0],[-1,0,0]] uv=[[0.22,-0.628319],[0.22,-0.488692],[0.22,-0.349066],[0.22,-0.20944],[0.22,-0.0698132],[0.22,0.0698132],[0.22,0.20944],[0.22,0.349066],[0.22,0.488692],[0.15,0.628319],[0.15,0.488692],[0.15,0.349066],[0.15,0.20944],[0.15,0.0698132],[0.15,-0.0698132],[0.15,-0.20944],[0.15,-0.349066],[0.15,-0.488692],[0.15,-0.628319],[0.22,0.628319]] a0=(103,8000)  a1=(0.2,0.2) lst5=(2415902719,2415892189,2415892189,2415902719,2415913249,2415902719,2415902719,2415913249,1388756991,2415913249,2415913249,1388756991,1207975935,1388756991,1388756991,1207975935,2952779234,1207975935,1207975935,2952779234,2952768028,2952779234,2952779234,2952768028,1744846847,2952768028,2952768028,1744846847,1925627903,1744846847,1744846847,1925627903,2415892189,1925627903,1925627903,2415892189) lst6=[[40,138,162,40],[0,40,138,162]] aX=(02 00 00 30 00 00 00 00)
					objects[0019] = (01F4): Face flags=48400000    u32_0=0000  u8_0=00 box=(-19.45,4.5,0.07,-18.75,5.2,0.22) key=14C1 u32_1=0000 u32_2=0000
						surface = (0878): SurfaceCylinder dcIndices=[[1405,4294967295]] u32_0=0000 u8_0=00 center=Vector (-19.1, 4.849999999999998, 0.14500000000000002) normal=Vector (0.0, 0.0, 1.0)
						edges[0000] = (0879): Edge_D79AD3F3 flags=0000    u32_0=0000 points=[[-18.9,4.85,0.07],[-18.9468,4.72144,0.07],[-19.0653,4.65304,0.07],[-19.2,4.6768,0.07],[-19.2879,4.7816,0.07],[-19.2879,4.9184,0.07],[-19.2,5.02321,0.07],[-19.0653,5.04696,0.07],[-18.9468,4.97856,0.07],[-18.75,4.85,0.22],[-18.8056,5.03922,0.22],[-18.9546,5.16837,0.22],[-19.1498,5.19644,0.22],[-19.3292,5.11451,0.22],[-19.4358,4.94861,0.22],[-19.4358,4.75139,0.22],[-19.3292,4.58549,0.22],[-19.1498,4.50356,0.22],[-18.9546,4.53163,0.22],[-18.8056,4.66078,0.22],[-18.75,4.85,0.22],[-18.9,4.85,0.07],[-18.9,4.85,0.07]] lst1=(1,19,0,0,19,20,21,9,10,19,1,18,18,1,2,18,2,17,17,2,3,17,3,16,16,3,4,16,4,15,15,4,5,15,5,14,14,5,13,13,5,6,13,6,12,12,6,7,12,7,11,11,7,8,11,8,10,10,8,22) n=[[-0.707107,0,0.707107],[-0.541675,0.454519,0.707107],[-0.122788,0.696364,0.707107],[0.353553,0.612372,0.707107],[0.664463,0.241845,0.707107],[0.664463,-0.241845,0.707107],[0.353553,-0.612372,0.707107],[-0.122788,-0.696364,0.707107],[-0.541675,-0.454519,0.707107],[-0.707107,0,0.707107],[-0.594856,-0.382291,0.707107],[-0.293743,-0.643207,0.707107],[0.100632,-0.699909,0.707107],[0.463056,-0.534396,0.707107],[0.678464,-0.199215,0.707107],[0.678464,0.199215,0.707107],[0.463056,0.534396,0.707107],[0.100632,0.699909,0.707107],[-0.293743,0.643207,0.707107],[-0.594856,0.382291,0.707107],[-0.707107,0,0.707107],[-0.707107,0,0.707107],[-0.707107,0,0.707107]] uv=[[-0.106066,0.863938],[-0.106066,0.671952],[-0.106066,0.479966],[-0.106066,0.287979],[-0.106066,0.0959931],[-0.106066,-0.0959931],[-0.106066,-0.287979],[-0.106066,-0.479966],[-0.106066,-0.671952],[0.106066,-0.863938],[0.106066,-0.706858],[0.106066,-0.549779],[0.106066,-0.392699],[0.106066,-0.235619],[0.106066,-0.0785398],[0.106066,0.0785398],[0.106066,0.235619],[0.106066,0.392699],[0.106066,0.549779],[0.106066,0.706858],[0.106066,0.863938],[-0.106066,-0.863938],[-0.106066,-0.863938]] a0=(103,8000)  a1=(0.275,0.275) lst5=(2415902719,2415892189,2415893862,2415902719,2415902719,2415911576,1990508543,2415893862,2415892189,1925627903,1840857087,1990508543,1925627903,1744846847,1703297023,1840857087,1744846847,2952768028,2952769016,1703297023,2952768028,2952779234,2952778246,2952769016,1166426111,2952778246,2952779234,1207975935,1303986175,1166426111,1207975935,1388756991,1453637631,1303986175,1388756991,2415913249,2415911576,1453637631,2415913249,2415902719) lst6=[[69,81,20,41],[160,40,138,18]] aX=(02 00 00 30 00 00 00 00)
					objects[001A] = (01F5): Face flags=46400000    u32_0=0000  u8_0=00 box=(-19.3,4.65,0,-18.9,5.05,0.07) key=14C2 u32_1=0000 u32_2=0000
						surface = (087A): SurfaceCylinder dcIndices=[[1299,4294967295]] u32_0=0000 u8_0=00 center=Vector (-19.1, 4.849999999999998, 0.22000000000000003) normal=Vector (0.0, 0.0, -1.0)
						edges[0000] = (087B): Edge_D79AD3F3 flags=0000    u32_0=0000 points=[[-18.9,4.85,0],[-18.9468,4.72144,0],[-19.0653,4.65304,0],[-19.2,4.6768,0],[-19.2879,4.7816,0],[-19.2879,4.9184,0],[-19.2,5.02321,0],[-19.0653,5.04696,0],[-18.9468,4.97856,0],[-18.9,4.85,0.07],[-18.9468,4.97856,0.07],[-19.0653,5.04696,0.07],[-19.2,5.02321,0.07],[-19.2879,4.9184,0.07],[-19.2879,4.7816,0.07],[-19.2,4.6768,0.07],[-19.0653,4.65304,0.07],[-18.9468,4.72144,0.07],[-18.9,4.85,0.07],[-18.9,4.85,0]] lst1=(1,17,0,0,17,18,19,9,8,8,9,10,8,10,7,7,10,11,7,11,6,6,11,12,6,12,5,5,12,13,5,13,4,4,13,14,4,14,3,3,14,15,3,15,2,2,15,16,2,16,1,1,16,17) n=[[-1,0,0],[-0.766044,0.642788,0],[-0.173648,0.984808,0],[0.5,0.866025,0],[0.939693,0.34202,0],[0.939693,-0.34202,0],[0.5,-0.866025,0],[-0.173648,-0.984808,0],[-0.766044,-0.642788,0],[-1,0,0],[-0.766044,-0.642788,0],[-0.173648,-0.984808,0],[0.5,-0.866025,0],[0.939693,-0.34202,0],[0.939693,0.34202,0],[0.5,0.866025,0],[-0.173648,0.984808,0],[-0.766044,0.642788,0],[-1,0,0],[-1,0,0]] uv=[[0.22,-0.628319],[0.22,-0.488692],[0.22,-0.349066],[0.22,-0.20944],[0.22,-0.0698132],[0.22,0.0698132],[0.22,0.20944],[0.22,0.349066],[0.22,0.488692],[0.15,0.628319],[0.15,0.488692],[0.15,0.349066],[0.15,0.20944],[0.15,0.0698132],[0.15,-0.0698132],[0.15,-0.20944],[0.15,-0.349066],[0.15,-0.488692],[0.15,-0.628319],[0.22,0.628319]] a0=(103,8000)  a1=(0.2,0.2) lst5=(2415902719,2415892189,2415892189,2415902719,2415913249,2415902719,2415902719,2415913249,1388756991,2415913249,2415913249,1388756991,1207975935,1388756991,1388756991,1207975935,2952779234,1207975935,1207975935,2952779234,2952768028,2952779234,2952779234,2952768028,1744846847,2952768028,2952768028,1744846847,1925627903,1744846847,1744846847,1925627903,2415892189,1925627903,1925627903,2415892189) lst6=[[40,138,162,40],[0,40,138,162]] aX=(02 00 00 30 00 00 00 00)
					objects[001B] = (01F6): Face flags=48400000    u32_0=0000  u8_0=00 box=(-22.2,4.5,0.07,-21.5,5.2,0.22) key=14C3 u32_1=0000 u32_2=0000
						surface = (087C): SurfaceCylinder dcIndices=[[1405,4294967295]] u32_0=0000 u8_0=00 center=Vector (-21.85, 4.849999999999996, 0.14500000000000002) normal=Vector (0.0, 0.0, 1.0)
						edges[0000] = (087D): Edge_D79AD3F3 flags=0000    u32_0=0000 points=[[-21.65,4.85,0.07],[-21.6968,4.72144,0.07],[-21.8153,4.65304,0.07],[-21.95,4.6768,0.07],[-22.0379,4.7816,0.07],[-22.0379,4.9184,0.07],[-21.95,5.02321,0.07],[-21.8153,5.04696,0.07],[-21.6968,4.97856,0.07],[-21.5,4.85,0.22],[-21.5556,5.03922,0.22],[-21.7046,5.16837,0.22],[-21.8998,5.19644,0.22],[-22.0792,5.11451,0.22],[-22.1858,4.94861,0.22],[-22.1858,4.75139,0.22],[-22.0792,4.58549,0.22],[-21.8998,4.50356,0.22],[-21.7046,4.53163,0.22],[-21.5556,4.66078,0.22],[-21.5,4.85,0.22],[-21.65,4.85,0.07],[-21.65,4.85,0.07]] lst1=(1,19,0,0,19,20,21,9,10,19,1,18,18,1,2,18,2,17,17,2,3,17,3,16,16,3,4,16,4,15,15,4,5,15,5,14,14,5,13,13,5,6,13,6,12,12,6,7,12,7,11,11,7,8,11,8,10,10,8,22) n=[[-0.707107,0,0.707107],[-0.541675,0.454519,0.707107],[-0.122788,0.696364,0.707107],[0.353553,0.612372,0.707107],[0.664463,0.241845,0.707107],[0.664463,-0.241845,0.707107],[0.353553,-0.612372,0.707107],[-0.122788,-0.696364,0.707107],[-0.541675,-0.454519,0.707107],[-0.707107,0,0.707107],[-0.594856,-0.382291,0.707107],[-0.293743,-0.643207,0.707107],[0.100632,-0.699909,0.707107],[0.463056,-0.534396,0.707107],[0.678464,-0.199215,0.707107],[0.678464,0.199215,0.707107],[0.463056,0.534396,0.707107],[0.100632,0.699909,0.707107],[-0.293743,0.643207,0.707107],[-0.594856,0.382291,0.707107],[-0.707107,0,0.707107],[-0.707107,0,0.707107],[-0.707107,0,0.707107]] uv=[[-0.106066,0.863938],[-0.106066,0.671952],[-0.106066,0.479966],[-0.106066,0.287979],[-0.106066,0.0959931],[-0.106066,-0.0959931],[-0.106066,-0.287979],[-0.106066,-0.479966],[-0.106066,-0.671952],[0.106066,-0.863938],[0.106066,-0.706858],[0.106066,-0.549779],[0.106066,-0.392699],[0.106066,-0.235619],[0.106066,-0.0785398],[0.106066,0.0785398],[0.106066,0.235619],[0.106066,0.392699],[0.106066,0.549779],[0.106066,0.706858],[0.106066,0.863938],[-0.106066,-0.863938],[-0.106066,-0.863938]] a0=(103,8000)  a1=(0.275,0.275) lst5=(2415902719,2415892189,2415893862,2415902719,2415902719,2415911576,1990508543,2415893862,2415892189,1925627903,1840857087,1990508543,1925627903,1744846847,1703297023,1840857087,1744846847,2952768028,2952769016,1703297023,2952768028,2952779234,2952778246,2952769016,1166426111,2952778246,2952779234,1207975935,1303986175,1166426111,1207975935,1388756991,1453637631,1303986175,1388756991,2415913249,2415911576,1453637631,2415913249,2415902719) lst6=[[69,81,20,41],[160,40,138,18]] aX=(02 00 00 30 00 00 00 00)
					objects[001C] = (01F7): Face flags=46400000    u32_0=0000  u8_0=00 box=(-22.05,4.65,0,-21.65,5.05,0.07) key=14C4 u32_1=0000 u32_2=0000
						surface = (087E): SurfaceCylinder dcIndices=[[1299,4294967295]] u32_0=0000 u8_0=00 center=Vector (-21.85, 4.849999999999996, 0.22000000000000003) normal=Vector (0.0, 0.0, -1.0)
						edges[0000] = (087F): Edge_D79AD3F3 flags=0000    u32_0=0000 points=[[-21.65,4.85,0],[-21.6968,4.72144,0],[-21.8153,4.65304,0],[-21.95,4.6768,0],[-22.0379,4.7816,0],[-22.0379,4.9184,0],[-21.95,5.02321,0],[-21.8153,5.04696,0],[-21.6968,4.97856,0],[-21.65,4.85,0.07],[-21.6968,4.97856,0.07],[-21.8153,5.04696,0.07],[-21.95,5.02321,0.07],[-22.0379,4.9184,0.07],[-22.0379,4.7816,0.07],[-21.95,4.6768,0.07],[-21.8153,4.65304,0.07],[-21.6968,4.72144,0.07],[-21.65,4.85,0.07],[-21.65,4.85,0]] lst1=(1,17,0,0,17,18,19,9,8,8,9,10,8,10,7,7,10,11,7,11,6,6,11,12,6,12,5,5,12,13,5,13,4,4,13,14,4,14,3,3,14,15,3,15,2,2,15,16,2,16,1,1,16,17) n=[[-1,0,0],[-0.766044,0.642788,0],[-0.173648,0.984808,0],[0.5,0.866025,0],[0.939693,0.34202,0],[0.939693,-0.34202,0],[0.5,-0.866025,0],[-0.173648,-0.984808,0],[-0.766044,-0.642788,0],[-1,0,0],[-0.766044,-0.642788,0],[-0.173648,-0.984808,0],[0.5,-0.866025,0],[0.939693,-0.34202,0],[0.939693,0.34202,0],[0.5,0.866025,0],[-0.173648,0.984808,0],[-0.766044,0.642788,0],[-1,0,0],[-1,0,0]] uv=[[0.22,-0.628319],[0.22,-0.488692],[0.22,-0.349066],[0.22,-0.20944],[0.22,-0.0698132],[0.22,0.0698132],[0.22,0.20944],[0.22,0.349066],[0.22,0.488692],[0.15,0.628319],[0.15,0.488692],[0.15,0.349066],[0.15,0.20944],[0.15,0.0698132],[0.15,-0.0698132],[0.15,-0.20944],[0.15,-0.349066],[0.15,-0.488692],[0.15,-0.628319],[0.22,0.628319]] a0=(103,8000)  a1=(0.2,0.2) lst5=(2415902719,2415892189,2415892189,2415902719,2415913249,2415902719,2415902719,2415913249,1388756991,2415913249,2415913249,1388756991,1207975935,1388756991,1388756991,1207975935,2952779234,1207975935,1207975935,2952779234,2952768028,2952779234,2952779234,2952768028,1744846847,2952768028,2952768028,1744846847,1925627903,1744846847,1744846847,1925627903,2415892189,1925627903,1925627903,2415892189) lst6=[[40,138,162,40],[0,40,138,162]] aX=(02 00 00 30 00 00 00 00)
					objects[001D] = (01F8): Face flags=48400000    u32_0=0000  u8_0=00 box=(-1.6,3.35,0.07,-1,3.95,0.22) key=14C5 u32_1=0000 u32_2=0000
						surface = (0880): SurfaceCylinder dcIndices=[[1382,4294967295]] u32_0=0000 u8_0=00 center=Vector (-1.3, 3.649999999999995, 0.14500000000000002) normal=Vector (0.0, 0.0, 1.0)
						edges[0000] = (0881): Edge_D79AD3F3 flags=0000    u32_0=0000 points=[[-1.15,3.65,0.07],[-1.18509,3.55358,0.07],[-1.27395,3.50228,0.07],[-1.375,3.5201,0.07],[-1.44095,3.5987,0.07],[-1.44095,3.7013,0.07],[-1.375,3.7799,0.07],[-1.27395,3.79772,0.07],[-1.18509,3.74642,0.07],[-1,3.65,0.22],[-1.04762,3.81219,0.22],[-1.17538,3.92289,0.22],[-1.34269,3.94695,0.22],[-1.49646,3.87672,0.22],[-1.58785,3.73452,0.22],[-1.58785,3.56548,0.22],[-1.49646,3.42328,0.22],[-1.34269,3.35305,0.22],[-1.17538,3.37711,0.22],[-1.04762,3.48781,0.22],[-1,3.65,0.22],[-1.15,3.65,0.07],[-1.15,3.65,0.07]] lst1=(1,19,0,0,19,20,21,9,10,19,1,18,18,1,2,18,2,17,17,2,3,17,3,16,16,3,4,16,4,15,15,4,5,15,5,14,14,5,13,13,5,6,13,6,12,12,6,7,12,7,11,11,7,8,11,8,10,10,8,22) n=[[-0.707107,0,0.707107],[-0.541675,0.454519,0.707107],[-0.122788,0.696364,0.707107],[0.353553,0.612372,0.707107],[0.664463,0.241845,0.707107],[0.664463,-0.241845,0.707107],[0.353553,-0.612372,0.707107],[-0.122788,-0.696364,0.707107],[-0.541675,-0.454519,0.707107],[-0.707107,0,0.707107],[-0.594856,-0.382291,0.707107],[-0.293743,-0.643207,0.707107],[0.100632,-0.699909,0.707107],[0.463056,-0.534396,0.707107],[0.678464,-0.199215,0.707107],[0.678464,0.199215,0.707107],[0.463056,0.534396,0.707107],[0.100632,0.699909,0.707107],[-0.293743,0.643207,0.707107],[-0.594856,0.382291,0.707107],[-0.707107,0,0.707107],[-0.707107,0,0.707107],[-0.707107,0,0.707107]] uv=[[-0.106066,0.706858],[-0.106066,0.549779],[-0.106066,0.392699],[-0.106066,0.235619],[-0.106066,0.0785398],[-0.106066,-0.0785398],[-0.106066,-0.235619],[-0.106066,-0.392699],[-0.106066,-0.549779],[0.106066,-0.706858],[0.106066,-0.578339],[0.106066,-0.449819],[0.106066,-0.321299],[0.106066,-0.19278],[0.106066,-0.0642598],[0.106066,0.0642598],[0.106066,0.19278],[0.106066,0.321299],[0.106066,0.449819],[0.106066,0.578339],[0.106066,0.706858],[-0.106066,-0.706858],[-0.106066,-0.706858]] a0=(103,8000)  a1=(0.225,0.225) lst5=(2415902719,2415892189,2415893862,2415902719,2415902719,2415911576,1990508543,2415893862,2415892189,1925627903,1840857087,1990508543,1925627903,1744846847,1703297023,1840857087,1744846847,2952768028,2952769016,1703297023,2952768028,2952779234,2952778246,2952769016,1166426111,2952778246,2952779234,1207975935,1303986175,1166426111,1207975935,1388756991,1453637631,1303986175,1388756991,2415913249,2415911576,1453637631,2415913249,2415902719) lst6=[[69,81,20,41],[160,40,138,18]] aX=(02 00 00 30 00 00 00 00)
					objects[001E] = (01F9): Face flags=46400000    u32_0=0000  u8_0=00 box=(-1.45,3.5,0,-1.15,3.8,0.07) key=14C6 u32_1=0000 u32_2=0000
						surface = (0882): SurfaceCylinder dcIndices=[[1299,4294967295]] u32_0=0000 u8_0=00 center=Vector (-1.3, 3.649999999999995, 0.22000000000000003) normal=Vector (0.0, 0.0, -1.0)
						edges[0000] = (0883): Edge_D79AD3F3 flags=0000    u32_0=0000 points=[[-1.15,3.65,0],[-1.18509,3.55358,0],[-1.27395,3.50228,0],[-1.375,3.5201,0],[-1.44095,3.5987,0],[-1.44095,3.7013,0],[-1.375,3.7799,0],[-1.27395,3.79772,0],[-1.18509,3.74642,0],[-1.15,3.65,0.07],[-1.18509,3.74642,0.07],[-1.27395,3.79772,0.07],[-1.375,3.7799,0.07],[-1.44095,3.7013,0.07],[-1.44095,3.5987,0.07],[-1.375,3.5201,0.07],[-1.27395,3.50228,0.07],[-1.18509,3.55358,0.07],[-1.15,3.65,0.07],[-1.15,3.65,0]] lst1=(1,17,0,0,17,18,19,9,8,8,9,10,8,10,7,7,10,11,7,11,6,6,11,12,6,12,5,5,12,13,5,13,4,4,13,14,4,14,3,3,14,15,3,15,2,2,15,16,2,16,1,1,16,17) n=[[-1,0,0],[-0.766044,0.642788,0],[-0.173648,0.984808,0],[0.5,0.866025,0],[0.939693,0.34202,0],[0.939693,-0.34202,0],[0.5,-0.866025,0],[-0.173648,-0.984808,0],[-0.766044,-0.642788,0],[-1,0,0],[-0.766044,-0.642788,0],[-0.173648,-0.984808,0],[0.5,-0.866025,0],[0.939693,-0.34202,0],[0.939693,0.34202,0],[0.5,0.866025,0],[-0.173648,0.984808,0],[-0.766044,0.642788,0],[-1,0,0],[-1,0,0]] uv=[[0.22,-0.471239],[0.22,-0.366519],[0.22,-0.261799],[0.22,-0.15708],[0.22,-0.0523599],[0.22,0.0523599],[0.22,0.15708],[0.22,0.261799],[0.22,0.366519],[0.15,0.471239],[0.15,0.366519],[0.15,0.261799],[0.15,0.15708],[0.15,0.0523599],[0.15,-0.0523599],[0.15,-0.15708],[0.15,-0.261799],[0.15,-0.366519],[0.15,-0.471239],[0.22,0.471239]] a0=(103,8000)  a1=(0.15,0.15) lst5=(2415902719,2415892189,2415892189,2415902719,2415913249,2415902719,2415902719,2415913249,1388756991,2415913249,2415913249,1388756991,1207975935,1388756991,1388756991,1207975935,2952779234,1207975935,1207975935,2952779234,2952768028,2952779234,2952779234,2952768028,1744846847,2952768028,2952768028,1744846847,1925627903,1744846847,1744846847,1925627903,2415892189,1925627903,1925627903,2415892189) lst6=[[40,138,162,40],[0,40,138,162]] aX=(02 00 00 30 00 00 00 00)
					objects[001F] = (01FA): Face flags=48400000    u32_0=0000  u8_0=00 box=(-2.7,3.35,0.07,-2.1,3.95,0.22) key=14C7 u32_1=0000 u32_2=0000
						surface = (0884): SurfaceCylinder dcIndices=[[1382,4294967295]] u32_0=0000 u8_0=00 center=Vector (-2.4000000000000004, 3.649999999999995, 0.14500000000000002) normal=Vector (0.0, 0.0, 1.0)
						edges[0000] = (0885): Edge_D79AD3F3 flags=0000    u32_0=0000 points=[[-2.25,3.65,0.07],[-2.28509,3.55358,0.07],[-2.37395,3.50228,0.07],[-2.475,3.5201,0.07],[-2.54095,3.5987,0.07],[-2.54095,3.7013,0.07],[-2.475,3.7799,0.07],[-2.37395,3.79772,0.07],[-2.28509,3.74642,0.07],[-2.1,3.65,0.22],[-2.14762,3.81219,0.22],[-2.27538,3.92289,0.22],[-2.44269,3.94695,0.22],[-2.59646,3.87672,0.22],[-2.68785,3.73452,0.22],[-2.68785,3.56548,0.22],[-2.59646,3.42328,0.22],[-2.44269,3.35305,0.22],[-2.27538,3.37711,0.22],[-2.14762,3.48781,0.22],[-2.1,3.65,0.22],[-2.25,3.65,0.07],[-2.25,3.65,0.07]] lst1=(1,19,0,0,19,20,21,9,10,19,1,18,18,1,2,18,2,17,17,2,3,17,3,16,16,3,4,16,4,15,15,4,5,15,5,14,14,5,13,13,5,6,13,6,12,12,6,7,12,7,11,11,7,8,11,8,10,10,8,22) n=[[-0.707107,0,0.707107],[-0.541675,0.454519,0.707107],[-0.122788,0.696364,0.707107],[0.353553,0.612372,0.707107],[0.664463,0.241845,0.707107],[0.664463,-0.241845,0.707107],[0.353553,-0.612372,0.707107],[-0.122788,-0.696364,0.707107],[-0.541675,-0.454519,0.707107],[-0.707107,0,0.707107],[-0.594856,-0.382291,0.707107],[-0.293743,-0.643207,0.707107],[0.100632,-0.699909,0.707107],[0.463056,-0.534396,0.707107],[0.678464,-0.199215,0.707107],[0.678464,0.199215,0.707107],[0.463056,0.534396,0.707107],[0.100632,0.699909,0.707107],[-0.293743,0.643207,0.707107],[-0.594856,0.382291,0.707107],[-0.707107,0,0.707107],[-0.707107,0,0.707107],[-0.707107,0,0.707107]] uv=[[-0.106066,0.706858],[-0.106066,0.549779],[-0.106066,0.392699],[-0.106066,0.235619],[-0.106066,0.0785398],[-0.106066,-0.0785398],[-0.106066,-0.235619],[-0.106066,-0.392699],[-0.106066,-0.549779],[0.106066,-0.706858],[0.106066,-0.578339],[0.106066,-0.449819],[0.106066,-0.321299],[0.106066,-0.19278],[0.106066,-0.0642598],[0.106066,0.0642598],[0.106066,0.19278],[0.106066,0.321299],[0.106066,0.449819],[0.106066,0.578339],[0.106066,0.706858],[-0.106066,-0.706858],[-0.106066,-0.706858]] a0=(103,8000)  a1=(0.225,0.225) lst5=(2415902719,2415892189,2415893862,2415902719,2415902719,2415911576,1990508543,2415893862,2415892189,1925627903,1840857087,1990508543,1925627903,1744846847,1703297023,1840857087,1744846847,2952768028,2952769016,1703297023,2952768028,2952779234,2952778246,2952769016,1166426111,2952778246,2952779234,1207975935,1303986175,1166426111,1207975935,1388756991,1453637631,1303986175,1388756991,2415913249,2415911576,1453637631,2415913249,2415902719) lst6=[[69,81,20,41],[160,40,138,18]] aX=(02 00 00 30 00 00 00 00)
					objects[0020] = (01FB): Face flags=46400000    u32_0=0000  u8_0=00 box=(-2.55,3.5,0,-2.25,3.8,0.07) key=14C8 u32_1=0000 u32_2=0000
						surface = (0886): SurfaceCylinder dcIndices=[[1299,4294967295]] u32_0=0000 u8_0=00 center=Vector (-2.4000000000000004, 3.649999999999995, 0.22000000000000003) normal=Vector (0.0, 0.0, -1.0)
						edges[0000] = (0887): Edge_D79AD3F3 flags=0000    u32_0=0000 points=[[-2.25,3.65,0],[-2.28509,3.55358,0],[-2.37395,3.50228,0],[-2.475,3.5201,0],[-2.54095,3.5987,0],[-2.54095,3.7013,0],[-2.475,3.7799,0],[-2.37395,3.79772,0],[-2.28509,3.74642,0],[-2.25,3.65,0.07],[-2.28509,3.74642,0.07],[-2.37395,3.79772,0.07],[-2.475,3.7799,0.07],[-2.54095,3.7013,0.07],[-2.54095,3.5987,0.07],[-2.475,3.5201,0.07],[-2.37395,3.50228,0.07],[-2.28509,3.55358,0.07],[-2.25,3.65,0.07],[-2.25,3.65,0]] lst1=(1,17,0,0,17,18,19,9,8,8,9,10,8,10,7,7,10,11,7,11,6,6,11,12,6,12,5,5,12,13,5,13,4,4,13,14,4,14,3,3,14,15,3,15,2,2,15,16,2,16,1,1,16,17) n=[[-1,0,0],[-0.766044,0.642788,0],[-0.173648,0.984808,0],[0.5,0.866025,0],[0.939693,0.34202,0],[0.939693,-0.34202,0],[0.5,-0.866025,0],[-0.173648,-0.984808,0],[-0.766044,-0.642788,0],[-1,0,0],[-0.766044,-0.642788,0],[-0.173648,-0.984808,0],[0.5,-0.866025,0],[0.939693,-0.34202,0],[0.939693,0.34202,0],[0.5,0.866025,0],[-0.173648,0.984808,0],[-0.766044,0.642788,0],[-1,0,0],[-1,0,0]] uv=[[0.22,-0.471239],[0.22,-0.366519],[0.22,-0.261799],[0.22,-0.15708],[0.22,-0.0523599],[0.22,0.0523599],[0.22,0.15708],[0.22,0.261799],[0.22,0.366519],[0.15,0.471239],[0.15,0.366519],[0.15,0.261799],[0.15,0.15708],[0.15,0.0523599],[0.15,-0.0523599],[0.15,-0.15708],[0.15,-0.261799],[0.15,-0.366519],[0.15,-0.471239],[0.22,0.471239]] a0=(103,8000)  a1=(0.15,0.15) lst5=(2415902719,2415892189,2415892189,2415902719,2415913249,2415902719,2415902719,2415913249,1388756991,2415913249,2415913249,1388756991,1207975935,1388756991,1388756991,1207975935,2952779234,1207975935,1207975935,2952779234,2952768028,2952779234,2952779234,2952768028,1744846847,2952768028,2952768028,1744846847,1925627903,1744846847,1744846847,1925627903,2415892189,1925627903,1925627903,2415892189) lst6=[[40,138,162,40],[0,40,138,162]] aX=(02 00 00 30 00 00 00 00)
					objects[0021] = (01FC): Face flags=48400000    u32_0=0000  u8_0=00 box=(-5,3.35,0.07,-4.4,3.95,0.22) key=14C9 u32_1=0000 u32_2=0000
						surface = (0888): SurfaceCylinder dcIndices=[[1382,4294967295]] u32_0=0000 u8_0=00 center=Vector (-4.700000000000001, 3.649999999999997, 0.14500000000000002) normal=Vector (0.0, 0.0, 1.0)
						edges[0000] = (0889): Edge_D79AD3F3 flags=0000    u32_0=0000 points=[[-4.55,3.65,0.07],[-4.58509,3.55358,0.07],[-4.67395,3.50228,0.07],[-4.775,3.5201,0.07],[-4.84095,3.5987,0.07],[-4.84095,3.7013,0.07],[-4.775,3.7799,0.07],[-4.67395,3.79772,0.07],[-4.58509,3.74642,0.07],[-4.4,3.65,0.22],[-4.44762,3.81219,0.22],[-4.57538,3.92289,0.22],[-4.74269,3.94695,0.22],[-4.89646,3.87672,0.22],[-4.98785,3.73452,0.22],[-4.98785,3.56548,0.22],[-4.89646,3.42328,0.22],[-4.74269,3.35305,0.22],[-4.57538,3.37711,0.22],[-4.44762,3.48781,0.22],[-4.4,3.65,0.22],[-4.55,3.65,0.07],[-4.55,3.65,0.07]] lst1=(1,19,0,0,19,20,21,9,10,19,1,18,18,1,2,18,2,17,17,2,3,17,3,16,16,3,4,16,4,15,15,4,5,15,5,14,14,5,13,13,5,6,13,6,12,12,6,7,12,7,11,11,7,8,11,8,10,10,8,22) n=[[-0.707107,0,0.707107],[-0.541675,0.454519,0.707107],[-0.122788,0.696364,0.707107],[0.353553,0.612372,0.707107],[0.664463,0.241845,0.707107],[0.664463,-0.241845,0.707107],[0.353553,-0.612372,0.707107],[-0.122788,-0.696364,0.707107],[-0.541675,-0.454519,0.707107],[-0.707107,0,0.707107],[-0.594856,-0.382291,0.707107],[-0.293743,-0.643207,0.707107],[0.100632,-0.699909,0.707107],[0.463056,-0.534396,0.707107],[0.678464,-0.199215,0.707107],[0.678464,0.199215,0.707107],[0.463056,0.534396,0.707107],[0.100632,0.699909,0.707107],[-0.293743,0.643207,0.707107],[-0.594856,0.382291,0.707107],[-0.707107,0,0.707107],[-0.707107,0,0.707107],[-0.707107,0,0.707107]] uv=[[-0.106066,0.706858],[-0.106066,0.549779],[-0.106066,0.392699],[-0.106066,0.235619],[-0.106066,0.0785398],[-0.106066,-0.0785398],[-0.106066,-0.235619],[-0.106066,-0.392699],[-0.106066,-0.549779],[0.106066,-0.706858],[0.106066,-0.578339],[0.106066,-0.449819],[0.106066,-0.321299],[0.106066,-0.19278],[0.106066,-0.0642598],[0.106066,0.0642598],[0.106066,0.19278],[0.106066,0.321299],[0.106066,0.449819],[0.106066,0.578339],[0.106066,0.706858],[-0.106066,-0.706858],[-0.106066,-0.706858]] a0=(103,8000)  a1=(0.225,0.225) lst5=(2415902719,2415892189,2415893862,2415902719,2415902719,2415911576,1990508543,2415893862,2415892189,1925627903,1840857087,1990508543,1925627903,1744846847,1703297023,1840857087,1744846847,2952768028,2952769016,1703297023,2952768028,2952779234,2952778246,2952769016,1166426111,2952778246,2952779234,1207975935,1303986175,1166426111,1207975935,1388756991,1453637631,1303986175,1388756991,2415913249,2415911576,1453637631,2415913249,2415902719) lst6=[[69,81,20,41],[160,40,138,18]] aX=(02 00 00 30 00 00 00 00)
					objects[0022] = (01FD): Face flags=46400000    u32_0=0000  u8_0=00 box=(-4.85,3.5,0,-4.55,3.8,0.07) key=14CA u32_1=0000 u32_2=0000
						surface = (088A): SurfaceCylinder dcIndices=[[1299,4294967295]] u32_0=0000 u8_0=00 center=Vector (-4.700000000000001, 3.649999999999997, 0.22000000000000003) normal=Vector (0.0, 0.0, -1.0)
						edges[0000] = (088B): Edge_D79AD3F3 flags=0000    u32_0=0000 points=[[-4.55,3.65,0],[-4.58509,3.55358,0],[-4.67395,3.50228,0],[-4.775,3.5201,0],[-4.84095,3.5987,0],[-4.84095,3.7013,0],[-4.775,3.7799,0],[-4.67395,3.79772,0],[-4.58509,3.74642,0],[-4.55,3.65,0.07],[-4.58509,3.74642,0.07],[-4.67395,3.79772,0.07],[-4.775,3.7799,0.07],[-4.84095,3.7013,0.07],[-4.84095,3.5987,0.07],[-4.775,3.5201,0.07],[-4.67395,3.50228,0.07],[-4.58509,3.55358,0.07],[-4.55,3.65,0.07],[-4.55,3.65,0]] lst1=(1,17,0,0,17,18,19,9,8,8,9,10,8,10,7,7,10,11,7,11,6,6,11,12,6,12,5,5,12,13,5,13,4,4,13,14,4,14,3,3,14,15,3,15,2,2,15,16,2,16,1,1,16,17) n=[[-1,0,0],[-0.766044,0.642788,0],[-0.173648,0.984808,0],[0.5,0.866025,0],[0.939693,0.34202,0],[0.939693,-0.34202,0],[0.5,-0.866025,0],[-0.173648,-0.984808,0],[-0.766044,-0.642788,0],[-1,0,0],[-0.766044,-0.642788,0],[-0.173648,-0.984808,0],[0.5,-0.866025,0],[0.939693,-0.34202,0],[0.939693,0.34202,0],[0.5,0.866025,0],[-0.173648,0.984808,0],[-0.766044,0.642788,0],[-1,0,0],[-1,0,0]] uv=[[0.22,-0.471239],[0.22,-0.366519],[0.22,-0.261799],[0.22,-0.15708],[0.22,-0.0523599],[0.22,0.0523599],[0.22,0.15708],[0.22,0.261799],[0.22,0.366519],[0.15,0.471239],[0.15,0.366519],[0.15,0.261799],[0.15,0.15708],[0.15,0.0523599],[0.15,-0.0523599],[0.15,-0.15708],[0.15,-0.261799],[0.15,-0.366519],[0.15,-0.471239],[0.22,0.471239]] a0=(103,8000)  a1=(0.15,0.15) lst5=(2415902719,2415892189,2415892189,2415902719,2415913249,2415902719,2415902719,2415913249,1388756991,2415913249,2415913249,1388756991,1207975935,1388756991,1388756991,1207975935,2952779234,1207975935,1207975935,2952779234,2952768028,2952779234,2952779234,2952768028,1744846847,2952768028,2952768028,1744846847,1925627903,1744846847,1744846847,1925627903,2415892189,1925627903,1925627903,2415892189) lst6=[[40,138,162,40],[0,40,138,162]] aX=(02 00 00 30 00 00 00 00)
					objects[0023] = (01FE): Face flags=48400000    u32_0=0000  u8_0=00 box=(-8.15,0.5,0.07,-7.55,1.1,0.22) key=14CB u32_1=0000 u32_2=0000
						surface = (088C): SurfaceCylinder dcIndices=[[1382,4294967295]] u32_0=0000 u8_0=00 center=Vector (-7.8500000000000005, 0.7999999999999972, 0.14500000000000002) normal=Vector (0.0, 0.0, 1.0)
						edges[0000] = (088D): Edge_D79AD3F3 flags=0000    u32_0=0000 points=[[-7.7,0.8,0.07],[-7.73509,0.703582,0.07],[-7.82395,0.652279,0.07],[-7.925,0.670096,0.07],[-7.99095,0.748697,0.07],[-7.99095,0.851303,0.07],[-7.925,0.929904,0.07],[-7.82395,0.947721,0.07],[-7.73509,0.896418,0.07],[-7.55,0.8,0.22],[-7.59762,0.962192,0.22],[-7.72538,1.07289,0.22],[-7.89269,1.09695,0.22],[-8.04646,1.02672,0.22],[-8.13785,0.88452,0.22],[-8.13785,0.71548,0.22],[-8.04646,0.573275,0.22],[-7.89269,0.503054,0.22],[-7.72538,0.52711,0.22],[-7.59762,0.637808,0.22],[-7.55,0.8,0.22],[-7.7,0.8,0.07],[-7.7,0.8,0.07]] lst1=(1,19,0,0,19,20,21,9,10,19,1,18,18,1,2,18,2,17,17,2,3,17,3,16,16,3,4,16,4,15,15,4,5,15,5,14,14,5,13,13,5,6,13,6,12,12,6,7,12,7,11,11,7,8,11,8,10,10,8,22) n=[[-0.707107,0,0.707107],[-0.541675,0.454519,0.707107],[-0.122788,0.696364,0.707107],[0.353553,0.612372,0.707107],[0.664463,0.241845,0.707107],[0.664463,-0.241845,0.707107],[0.353553,-0.612372,0.707107],[-0.122788,-0.696364,0.707107],[-0.541675,-0.454519,0.707107],[-0.707107,0,0.707107],[-0.594856,-0.382291,0.707107],[-0.293743,-0.643207,0.707107],[0.100632,-0.699909,0.707107],[0.463056,-0.534396,0.707107],[0.678464,-0.199215,0.707107],[0.678464,0.199215,0.707107],[0.463056,0.534396,0.707107],[0.100632,0.699909,0.707107],[-0.293743,0.643207,0.707107],[-0.594856,0.382291,0.707107],[-0.707107,0,0.707107],[-0.707107,0,0.707107],[-0.707107,0,0.707107]] uv=[[-0.106066,0.706858],[-0.106066,0.549779],[-0.106066,0.392699],[-0.106066,0.235619],[-0.106066,0.0785398],[-0.106066,-0.0785398],[-0.106066,-0.235619],[-0.106066,-0.392699],[-0.106066,-0.549779],[0.106066,-0.706858],[0.106066,-0.578339],[0.106066,-0.449819],[0.106066,-0.321299],[0.106066,-0.19278],[0.106066,-0.0642598],[0.106066,0.0642598],[0.106066,0.19278],[0.106066,0.321299],[0.106066,0.449819],[0.106066,0.578339],[0.106066,0.706858],[-0.106066,-0.706858],[-0.106066,-0.706858]] a0=(103,8000)  a1=(0.225,0.225) lst5=(2415902719,2415892189,2415893862,2415902719,2415902719,2415911576,1990508543,2415893862,2415892189,1925627903,1840857087,1990508543,1925627903,1744846847,1703297023,1840857087,1744846847,2952768028,2952769016,1703297023,2952768028,2952779234,2952778246,2952769016,1166426111,2952778246,2952779234,1207975935,1303986175,1166426111,1207975935,1388756991,1453637631,1303986175,1388756991,2415913249,2415911576,1453637631,2415913249,2415902719) lst6=[[69,81,20,41],[160,40,138,18]] aX=(02 00 00 30 00 00 00 00)
					objects[0024] = (01FF): Face flags=46400000    u32_0=0000  u8_0=00 box=(-8,0.65,0,-7.7,0.95,0.07) key=14CC u32_1=0000 u32_2=0000
						surface = (088E): SurfaceCylinder dcIndices=[[1299,4294967295]] u32_0=0000 u8_0=00 center=Vector (-7.8500000000000005, 0.7999999999999972, 0.22000000000000003) normal=Vector (0.0, 0.0, -1.0)
						edges[0000] = (088F): Edge_D79AD3F3 flags=0000    u32_0=0000 points=[[-7.7,0.8,0],[-7.73509,0.703582,0],[-7.82395,0.652279,0],[-7.925,0.670096,0],[-7.99095,0.748697,0],[-7.99095,0.851303,0],[-7.925,0.929904,0],[-7.82395,0.947721,0],[-7.73509,0.896418,0],[-7.7,0.8,0.07],[-7.73509,0.896418,0.07],[-7.82395,0.947721,0.07],[-7.925,0.929904,0.07],[-7.99095,0.851303,0.07],[-7.99095,0.748697,0.07],[-7.925,0.670096,0.07],[-7.82395,0.652279,0.07],[-7.73509,0.703582,0.07],[-7.7,0.8,0.07],[-7.7,0.8,0]] lst1=(1,17,0,0,17,18,19,9,8,8,9,10,8,10,7,7,10,11,7,11,6,6,11,12,6,12,5,5,12,13,5,13,4,4,13,14,4,14,3,3,14,15,3,15,2,2,15,16,2,16,1,1,16,17) n=[[-1,0,0],[-0.766044,0.642788,0],[-0.173648,0.984808,0],[0.5,0.866025,0],[0.939693,0.34202,0],[0.939693,-0.34202,0],[0.5,-0.866025,0],[-0.173648,-0.984808,0],[-0.766044,-0.642788,0],[-1,0,0],[-0.766044,-0.642788,0],[-0.173648,-0.984808,0],[0.5,-0.866025,0],[0.939693,-0.34202,0],[0.939693,0.34202,0],[0.5,0.866025,0],[-0.173648,0.984808,0],[-0.766044,0.642788,0],[-1,0,0],[-1,0,0]] uv=[[0.22,-0.471239],[0.22,-0.366519],[0.22,-0.261799],[0.22,-0.15708],[0.22,-0.0523599],[0.22,0.0523599],[0.22,0.15708],[0.22,0.261799],[0.22,0.366519],[0.15,0.471239],[0.15,0.366519],[0.15,0.261799],[0.15,0.15708],[0.15,0.0523599],[0.15,-0.0523599],[0.15,-0.15708],[0.15,-0.261799],[0.15,-0.366519],[0.15,-0.471239],[0.22,0.471239]] a0=(103,8000)  a1=(0.15,0.15) lst5=(2415902719,2415892189,2415892189,2415902719,2415913249,2415902719,2415902719,2415913249,1388756991,2415913249,2415913249,1388756991,1207975935,1388756991,1388756991,1207975935,2952779234,1207975935,1207975935,2952779234,2952768028,2952779234,2952779234,2952768028,1744846847,2952768028,2952768028,1744846847,1925627903,1744846847,1744846847,1925627903,2415892189,1925627903,1925627903,2415892189) lst6=[[40,138,162,40],[0,40,138,162]] aX=(02 00 00 30 00 00 00 00)
					objects[0025] = (0200): Face flags=48400000    u32_0=0000  u8_0=00 box=(-7,0.5,0.07,-6.4,1.1,0.22) key=14CD u32_1=0000 u32_2=0000
						surface = (0890): SurfaceCylinder dcIndices=[[1382,4294967295]] u32_0=0000 u8_0=00 center=Vector (-6.7, 0.7999999999999972, 0.14500000000000002) normal=Vector (0.0, 0.0, 1.0)
						edges[0000] = (0891): Edge_D79AD3F3 flags=0000    u32_0=0000 points=[[-6.55,0.8,0.07],[-6.58509,0.703582,0.07],[-6.67395,0.652279,0.07],[-6.775,0.670096,0.07],[-6.84095,0.748697,0.07],[-6.84095,0.851303,0.07],[-6.775,0.929904,0.07],[-6.67395,0.947721,0.07],[-6.58509,0.896418,0.07],[-6.4,0.8,0.22],[-6.44762,0.962192,0.22],[-6.57538,1.07289,0.22],[-6.74269,1.09695,0.22],[-6.89646,1.02672,0.22],[-6.98785,0.88452,0.22],[-6.98785,0.71548,0.22],[-6.89646,0.573275,0.22],[-6.74269,0.503054,0.22],[-6.57538,0.52711,0.22],[-6.44762,0.637808,0.22],[-6.4,0.8,0.22],[-6.55,0.8,0.07],[-6.55,0.8,0.07]] lst1=(1,19,0,0,19,20,21,9,10,19,1,18,18,1,2,18,2,17,17,2,3,17,3,16,16,3,4,16,4,15,15,4,5,15,5,14,14,5,13,13,5,6,13,6,12,12,6,7,12,7,11,11,7,8,11,8,10,10,8,22) n=[[-0.707107,0,0.707107],[-0.541675,0.454519,0.707107],[-0.122788,0.696364,0.707107],[0.353553,0.612372,0.707107],[0.664463,0.241845,0.707107],[0.664463,-0.241845,0.707107],[0.353553,-0.612372,0.707107],[-0.122788,-0.696364,0.707107],[-0.541675,-0.454519,0.707107],[-0.707107,0,0.707107],[-0.594856,-0.382291,0.707107],[-0.293743,-0.643207,0.707107],[0.100632,-0.699909,0.707107],[0.463056,-0.534396,0.707107],[0.678464,-0.199215,0.707107],[0.678464,0.199215,0.707107],[0.463056,0.534396,0.707107],[0.100632,0.699909,0.707107],[-0.293743,0.643207,0.707107],[-0.594856,0.382291,0.707107],[-0.707107,0,0.707107],[-0.707107,0,0.707107],[-0.707107,0,0.707107]] uv=[[-0.106066,0.706858],[-0.106066,0.549779],[-0.106066,0.392699],[-0.106066,0.235619],[-0.106066,0.0785398],[-0.106066,-0.0785398],[-0.106066,-0.235619],[-0.106066,-0.392699],[-0.106066,-0.549779],[0.106066,-0.706858],[0.106066,-0.578339],[0.106066,-0.449819],[0.106066,-0.321299],[0.106066,-0.19278],[0.106066,-0.0642598],[0.106066,0.0642598],[0.106066,0.19278],[0.106066,0.321299],[0.106066,0.449819],[0.106066,0.578339],[0.106066,0.706858],[-0.106066,-0.706858],[-0.106066,-0.706858]] a0=(103,8000)  a1=(0.225,0.225) lst5=(2415902719,2415892189,2415893862,2415902719,2415902719,2415911576,1990508543,2415893862,2415892189,1925627903,1840857087,1990508543,1925627903,1744846847,1703297023,1840857087,1744846847,2952768028,2952769016,1703297023,2952768028,2952779234,2952778246,2952769016,1166426111,2952778246,2952779234,1207975935,1303986175,1166426111,1207975935,1388756991,1453637631,1303986175,1388756991,2415913249,2415911576,1453637631,2415913249,2415902719) lst6=[[69,81,20,41],[160,40,138,18]] aX=(02 00 00 30 00 00 00 00)
					objects[0026] = (0201): Face flags=46400000    u32_0=0000  u8_0=00 box=(-6.85,0.65,0,-6.55,0.95,0.07) key=14CE u32_1=0000 u32_2=0000
						surface = (0892): SurfaceCylinder dcIndices=[[1299,4294967295]] u32_0=0000 u8_0=00 center=Vector (-6.7, 0.7999999999999972, 0.22000000000000003) normal=Vector (0.0, 0.0, -1.0)
						edges[0000] = (0893): Edge_D79AD3F3 flags=0000    u32_0=0000 points=[[-6.55,0.8,0],[-6.58509,0.703582,0],[-6.67395,0.652279,0],[-6.775,0.670096,0],[-6.84095,0.748697,0],[-6.84095,0.851303,0],[-6.775,0.929904,0],[-6.67395,0.947721,0],[-6.58509,0.896418,0],[-6.55,0.8,0.07],[-6.58509,0.896418,0.07],[-6.67395,0.947721,0.07],[-6.775,0.929904,0.07],[-6.84095,0.851303,0.07],[-6.84095,0.748697,0.07],[-6.775,0.670096,0.07],[-6.67395,0.652279,0.07],[-6.58509,0.703582,0.07],[-6.55,0.8,0.07],[-6.55,0.8,0]] lst1=(1,17,0,0,17,18,19,9,8,8,9,10,8,10,7,7,10,11,7,11,6,6,11,12,6,12,5,5,12,13,5,13,4,4,13,14,4,14,3,3,14,15,3,15,2,2,15,16,2,16,1,1,16,17) n=[[-1,0,0],[-0.766044,0.642788,0],[-0.173648,0.984808,0],[0.5,0.866025,0],[0.939693,0.34202,0],[0.939693,-0.34202,0],[0.5,-0.866025,0],[-0.173648,-0.984808,0],[-0.766044,-0.642788,0],[-1,0,0],[-0.766044,-0.642788,0],[-0.173648,-0.984808,0],[0.5,-0.866025,0],[0.939693,-0.34202,0],[0.939693,0.34202,0],[0.5,0.866025,0],[-0.173648,0.984808,0],[-0.766044,0.642788,0],[-1,0,0],[-1,0,0]] uv=[[0.22,-0.471239],[0.22,-0.366519],[0.22,-0.261799],[0.22,-0.15708],[0.22,-0.0523599],[0.22,0.0523599],[0.22,0.15708],[0.22,0.261799],[0.22,0.366519],[0.15,0.471239],[0.15,0.366519],[0.15,0.261799],[0.15,0.15708],[0.15,0.0523599],[0.15,-0.0523599],[0.15,-0.15708],[0.15,-0.261799],[0.15,-0.366519],[0.15,-0.471239],[0.22,0.471239]] a0=(103,8000)  a1=(0.15,0.15) lst5=(2415902719,2415892189,2415892189,2415902719,2415913249,2415902719,2415902719,2415913249,1388756991,2415913249,2415913249,1388756991,1207975935,1388756991,1388756991,1207975935,2952779234,1207975935,1207975935,2952779234,2952768028,2952779234,2952779234,2952768028,1744846847,2952768028,2952768028,1744846847,1925627903,1744846847,1744846847,1925627903,2415892189,1925627903,1925627903,2415892189) lst6=[[40,138,162,40],[0,40,138,162]] aX=(02 00 00 30 00 00 00 00)
					objects[0027] = (0202): Face flags=48400000    u32_0=0000  u8_0=00 box=(-6.45,2,0.07,-5.85,2.6,0.22) key=14CF u32_1=0000 u32_2=0000
						surface = (0894): SurfaceCylinder dcIndices=[[1382,4294967295]] u32_0=0000 u8_0=00 center=Vector (-6.15, 2.299999999999997, 0.14500000000000002) normal=Vector (0.0, 0.0, 1.0)
						edges[0000] = (0895): Edge_D79AD3F3 flags=0000    u32_0=0000 points=[[-6,2.3,0.07],[-6.03509,2.20358,0.07],[-6.12395,2.15228,0.07],[-6.225,2.1701,0.07],[-6.29095,2.2487,0.07],[-6.29095,2.3513,0.07],[-6.225,2.4299,0.07],[-6.12395,2.44772,0.07],[-6.03509,2.39642,0.07],[-5.85,2.3,0.22],[-5.89762,2.46219,0.22],[-6.02538,2.57289,0.22],[-6.19269,2.59695,0.22],[-6.34646,2.52672,0.22],[-6.43785,2.38452,0.22],[-6.43785,2.21548,0.22],[-6.34646,2.07328,0.22],[-6.19269,2.00305,0.22],[-6.02538,2.02711,0.22],[-5.89762,2.13781,0.22],[-5.85,2.3,0.22],[-6,2.3,0.07],[-6,2.3,0.07]] lst1=(1,19,0,0,19,20,21,9,10,19,1,18,18,1,2,18,2,17,17,2,3,17,3,16,16,3,4,16,4,15,15,4,5,15,5,14,14,5,13,13,5,6,13,6,12,12,6,7,12,7,11,11,7,8,11,8,10,10,8,22) n=[[-0.707107,0,0.707107],[-0.541675,0.454519,0.707107],[-0.122788,0.696364,0.707107],[0.353553,0.612372,0.707107],[0.664463,0.241845,0.707107],[0.664463,-0.241845,0.707107],[0.353553,-0.612372,0.707107],[-0.122788,-0.696364,0.707107],[-0.541675,-0.454519,0.707107],[-0.707107,0,0.707107],[-0.594856,-0.382291,0.707107],[-0.293743,-0.643207,0.707107],[0.100632,-0.699909,0.707107],[0.463056,-0.534396,0.707107],[0.678464,-0.199215,0.707107],[0.678464,0.199215,0.707107],[0.463056,0.534396,0.707107],[0.100632,0.699909,0.707107],[-0.293743,0.643207,0.707107],[-0.594856,0.382291,0.707107],[-0.707107,0,0.707107],[-0.707107,0,0.707107],[-0.707107,0,0.707107]] uv=[[-0.106066,0.706858],[-0.106066,0.549779],[-0.106066,0.392699],[-0.106066,0.235619],[-0.106066,0.0785398],[-0.106066,-0.0785398],[-0.106066,-0.235619],[-0.106066,-0.392699],[-0.106066,-0.549779],[0.106066,-0.706858],[0.106066,-0.578339],[0.106066,-0.449819],[0.106066,-0.321299],[0.106066,-0.19278],[0.106066,-0.0642598],[0.106066,0.0642598],[0.106066,0.19278],[0.106066,0.321299],[0.106066,0.449819],[0.106066,0.578339],[0.106066,0.706858],[-0.106066,-0.706858],[-0.106066,-0.706858]] a0=(103,8000)  a1=(0.225,0.225) lst5=(2415902719,2415892189,2415893862,2415902719,2415902719,2415911576,1990508543,2415893862,2415892189,1925627903,1840857087,1990508543,1925627903,1744846847,1703297023,1840857087,1744846847,2952768028,2952769016,1703297023,2952768028,2952779234,2952778246,2952769016,1166426111,2952778246,2952779234,1207975935,1303986175,1166426111,1207975935,1388756991,1453637631,1303986175,1388756991,2415913249,2415911576,1453637631,2415913249,2415902719) lst6=[[69,81,20,41],[160,40,138,18]] aX=(02 00 00 30 00 00 00 00)
					objects[0028] = (0203): Face flags=46400000    u32_0=0000  u8_0=00 box=(-6.3,2.15,0,-6,2.45,0.07) key=14D0 u32_1=0000 u32_2=0000
						surface = (0896): SurfaceCylinder dcIndices=[[1299,4294967295]] u32_0=0000 u8_0=00 center=Vector (-6.15, 2.299999999999997, 0.22000000000000003) normal=Vector (0.0, 0.0, -1.0)
						edges[0000] = (0897): Edge_D79AD3F3 flags=0000    u32_0=0000 points=[[-6,2.3,0],[-6.03509,2.20358,0],[-6.12395,2.15228,0],[-6.225,2.1701,0],[-6.29095,2.2487,0],[-6.29095,2.3513,0],[-6.225,2.4299,0],[-6.12395,2.44772,0],[-6.03509,2.39642,0],[-6,2.3,0.07],[-6.03509,2.39642,0.07],[-6.12395,2.44772,0.07],[-6.225,2.4299,0.07],[-6.29095,2.3513,0.07],[-6.29095,2.2487,0.07],[-6.225,2.1701,0.07],[-6.12395,2.15228,0.07],[-6.03509,2.20358,0.07],[-6,2.3,0.07],[-6,2.3,0]] lst1=(1,17,0,0,17,18,19,9,8,8,9,10,8,10,7,7,10,11,7,11,6,6,11,12,6,12,5,5,12,13,5,13,4,4,13,14,4,14,3,3,14,15,3,15,2,2,15,16,2,16,1,1,16,17) n=[[-1,0,0],[-0.766044,0.642788,0],[-0.173648,0.984808,0],[0.5,0.866025,0],[0.939693,0.34202,0],[0.939693,-0.34202,0],[0.5,-0.866025,0],[-0.173648,-0.984808,0],[-0.766044,-0.642788,0],[-1,0,0],[-0.766044,-0.642788,0],[-0.173648,-0.984808,0],[0.5,-0.866025,0],[0.939693,-0.34202,0],[0.939693,0.34202,0],[0.5,0.866025,0],[-0.173648,0.984808,0],[-0.766044,0.642788,0],[-1,0,0],[-1,0,0]] uv=[[0.22,-0.471239],[0.22,-0.366519],[0.22,-0.261799],[0.22,-0.15708],[0.22,-0.0523599],[0.22,0.0523599],[0.22,0.15708],[0.22,0.261799],[0.22,0.366519],[0.15,0.471239],[0.15,0.366519],[0.15,0.261799],[0.15,0.15708],[0.15,0.0523599],[0.15,-0.0523599],[0.15,-0.15708],[0.15,-0.261799],[0.15,-0.366519],[0.15,-0.471239],[0.22,0.471239]] a0=(103,8000)  a1=(0.15,0.15) lst5=(2415902719,2415892189,2415892189,2415902719,2415913249,2415902719,2415902719,2415913249,1388756991,2415913249,2415913249,1388756991,1207975935,1388756991,1388756991,1207975935,2952779234,1207975935,1207975935,2952779234,2952768028,2952779234,2952779234,2952768028,1744846847,2952768028,2952768028,1744846847,1925627903,1744846847,1744846847,1925627903,2415892189,1925627903,1925627903,2415892189) lst6=[[40,138,162,40],[0,40,138,162]] aX=(02 00 00 30 00 00 00 00)
					objects[0029] = (0204): Face flags=48400000    u32_0=0000  u8_0=00 box=(-7.6,2,0.07,-7,2.6,0.22) key=14D1 u32_1=0000 u32_2=0000
						surface = (0898): SurfaceCylinder dcIndices=[[1382,4294967295]] u32_0=0000 u8_0=00 center=Vector (-7.300000000000001, 2.299999999999997, 0.14500000000000002) normal=Vector (0.0, 0.0, 1.0)
						edges[0000] = (0899): Edge_D79AD3F3 flags=0000    u32_0=0000 points=[[-7.15,2.3,0.07],[-7.18509,2.20358,0.07],[-7.27395,2.15228,0.07],[-7.375,2.1701,0.07],[-7.44095,2.2487,0.07],[-7.44095,2.3513,0.07],[-7.375,2.4299,0.07],[-7.27395,2.44772,0.07],[-7.18509,2.39642,0.07],[-7,2.3,0.22],[-7.04762,2.46219,0.22],[-7.17538,2.57289,0.22],[-7.34269,2.59695,0.22],[-7.49646,2.52672,0.22],[-7.58785,2.38452,0.22],[-7.58785,2.21548,0.22],[-7.49646,2.07328,0.22],[-7.34269,2.00305,0.22],[-7.17538,2.02711,0.22],[-7.04762,2.13781,0.22],[-7,2.3,0.22],[-7.15,2.3,0.07],[-7.15,2.3,0.07]] lst1=(1,19,0,0,19,20,21,9,10,19,1,18,18,1,2,18,2,17,17,2,3,17,3,16,16,3,4,16,4,15,15,4,5,15,5,14,14,5,13,13,5,6,13,6,12,12,6,7,12,7,11,11,7,8,11,8,10,10,8,22) n=[[-0.707107,0,0.707107],[-0.541675,0.454519,0.707107],[-0.122788,0.696364,0.707107],[0.353553,0.612372,0.707107],[0.664463,0.241845,0.707107],[0.664463,-0.241845,0.707107],[0.353553,-0.612372,0.707107],[-0.122788,-0.696364,0.707107],[-0.541675,-0.454519,0.707107],[-0.707107,0,0.707107],[-0.594856,-0.382291,0.707107],[-0.293743,-0.643207,0.707107],[0.100632,-0.699909,0.707107],[0.463056,-0.534396,0.707107],[0.678464,-0.199215,0.707107],[0.678464,0.199215,0.707107],[0.463056,0.534396,0.707107],[0.100632,0.699909,0.707107],[-0.293743,0.643207,0.707107],[-0.594856,0.382291,0.707107],[-0.707107,0,0.707107],[-0.707107,0,0.707107],[-0.707107,0,0.707107]] uv=[[-0.106066,0.706858],[-0.106066,0.549779],[-0.106066,0.392699],[-0.106066,0.235619],[-0.106066,0.0785398],[-0.106066,-0.0785398],[-0.106066,-0.235619],[-0.106066,-0.392699],[-0.106066,-0.549779],[0.106066,-0.706858],[0.106066,-0.578339],[0.106066,-0.449819],[0.106066,-0.321299],[0.106066,-0.19278],[0.106066,-0.0642598],[0.106066,0.0642598],[0.106066,0.19278],[0.106066,0.321299],[0.106066,0.449819],[0.106066,0.578339],[0.106066,0.706858],[-0.106066,-0.706858],[-0.106066,-0.706858]] a0=(103,8000)  a1=(0.225,0.225) lst5=(2415902719,2415892189,2415893862,2415902719,2415902719,2415911576,1990508543,2415893862,2415892189,1925627903,1840857087,1990508543,1925627903,1744846847,1703297023,1840857087,1744846847,2952768028,2952769016,1703297023,2952768028,2952779234,2952778246,2952769016,1166426111,2952778246,2952779234,1207975935,1303986175,1166426111,1207975935,1388756991,1453637631,1303986175,1388756991,2415913249,2415911576,1453637631,2415913249,2415902719) lst6=[[69,81,20,41],[160,40,138,18]] aX=(02 00 00 30 00 00 00 00)
					objects[002A] = (0205): Face flags=46400000    u32_0=0000  u8_0=00 box=(-7.45,2.15,0,-7.15,2.45,0.07) key=14D2 u32_1=0000 u32_2=0000
						surface = (089A): SurfaceCylinder dcIndices=[[1299,4294967295]] u32_0=0000 u8_0=00 center=Vector (-7.300000000000001, 2.299999999999997, 0.22000000000000003) normal=Vector (0.0, 0.0, -1.0)
						edges[0000] = (089B): Edge_D79AD3F3 flags=0000    u32_0=0000 points=[[-7.15,2.3,0],[-7.18509,2.20358,0],[-7.27395,2.15228,0],[-7.375,2.1701,0],[-7.44095,2.2487,0],[-7.44095,2.3513,0],[-7.375,2.4299,0],[-7.27395,2.44772,0],[-7.18509,2.39642,0],[-7.15,2.3,0.07],[-7.18509,2.39642,0.07],[-7.27395,2.44772,0.07],[-7.375,2.4299,0.07],[-7.44095,2.3513,0.07],[-7.44095,2.2487,0.07],[-7.375,2.1701,0.07],[-7.27395,2.15228,0.07],[-7.18509,2.20358,0.07],[-7.15,2.3,0.07],[-7.15,2.3,0]] lst1=(1,17,0,0,17,18,19,9,8,8,9,10,8,10,7,7,10,11,7,11,6,6,11,12,6,12,5,5,12,13,5,13,4,4,13,14,4,14,3,3,14,15,3,15,2,2,15,16,2,16,1,1,16,17) n=[[-1,0,0],[-0.766044,0.642788,0],[-0.173648,0.984808,0],[0.5,0.866025,0],[0.939693,0.34202,0],[0.939693,-0.34202,0],[0.5,-0.866025,0],[-0.173648,-0.984808,0],[-0.766044,-0.642788,0],[-1,0,0],[-0.766044,-0.642788,0],[-0.173648,-0.984808,0],[0.5,-0.866025,0],[0.939693,-0.34202,0],[0.939693,0.34202,0],[0.5,0.866025,0],[-0.173648,0.984808,0],[-0.766044,0.642788,0],[-1,0,0],[-1,0,0]] uv=[[0.22,-0.471239],[0.22,-0.366519],[0.22,-0.261799],[0.22,-0.15708],[0.22,-0.0523599],[0.22,0.0523599],[0.22,0.15708],[0.22,0.261799],[0.22,0.366519],[0.15,0.471239],[0.15,0.366519],[0.15,0.261799],[0.15,0.15708],[0.15,0.0523599],[0.15,-0.0523599],[0.15,-0.15708],[0.15,-0.261799],[0.15,-0.366519],[0.15,-0.471239],[0.22,0.471239]] a0=(103,8000)  a1=(0.15,0.15) lst5=(2415902719,2415892189,2415892189,2415902719,2415913249,2415902719,2415902719,2415913249,1388756991,2415913249,2415913249,1388756991,1207975935,1388756991,1388756991,1207975935,2952779234,1207975935,1207975935,2952779234,2952768028,2952779234,2952779234,2952768028,1744846847,2952768028,2952768028,1744846847,1925627903,1744846847,1744846847,1925627903,2415892189,1925627903,1925627903,2415892189) lst6=[[40,138,162,40],[0,40,138,162]] aX=(02 00 00 30 00 00 00 00)
					objects[002B] = (0206): Face flags=48400000    u32_0=0000  u8_0=00 box=(-7,15.2,0.07,-6.4,15.8,0.22) key=14D3 u32_1=0000 u32_2=0000
						surface = (089C): SurfaceCylinder dcIndices=[[1382,4294967295]] u32_0=0000 u8_0=00 center=Vector (-6.7, 15.5, 0.14500000000000002) normal=Vector (0.0, 0.0, 1.0)
						edges[0000] = (089D): Edge_D79AD3F3 flags=0000    u32_0=0000 points=[[-6.55,15.5,0.07],[-6.58509,15.4036,0.07],[-6.67395,15.3523,0.07],[-6.775,15.3701,0.07],[-6.84095,15.4487,0.07],[-6.84095,15.5513,0.07],[-6.775,15.6299,0.07],[-6.67395,15.6477,0.07],[-6.58509,15.5964,0.07],[-6.4,15.5,0.22],[-6.44762,15.6622,0.22],[-6.57538,15.7729,0.22],[-6.74269,15.7969,0.22],[-6.89646,15.7267,0.22],[-6.98785,15.5845,0.22],[-6.98785,15.4155,0.22],[-6.89646,15.2733,0.22],[-6.74269,15.2031,0.22],[-6.57538,15.2271,0.22],[-6.44762,15.3378,0.22],[-6.4,15.5,0.22],[-6.55,15.5,0.07],[-6.55,15.5,0.07]] lst1=(1,19,0,0,19,20,21,9,10,19,1,18,18,1,2,18,2,17,17,2,3,17,3,16,16,3,4,16,4,15,15,4,5,15,5,14,14,5,13,13,5,6,13,6,12,12,6,7,12,7,11,11,7,8,11,8,10,10,8,22) n=[[-0.707107,0,0.707107],[-0.541675,0.454519,0.707107],[-0.122788,0.696364,0.707107],[0.353553,0.612372,0.707107],[0.664463,0.241845,0.707107],[0.664463,-0.241845,0.707107],[0.353553,-0.612372,0.707107],[-0.122788,-0.696364,0.707107],[-0.541675,-0.454519,0.707107],[-0.707107,0,0.707107],[-0.594856,-0.382291,0.707107],[-0.293743,-0.643207,0.707107],[0.100632,-0.699909,0.707107],[0.463056,-0.534396,0.707107],[0.678464,-0.199215,0.707107],[0.678464,0.199215,0.707107],[0.463056,0.534396,0.707107],[0.100632,0.699909,0.707107],[-0.293743,0.643207,0.707107],[-0.594856,0.382291,0.707107],[-0.707107,0,0.707107],[-0.707107,0,0.707107],[-0.707107,0,0.707107]] uv=[[-0.106066,0.706858],[-0.106066,0.549779],[-0.106066,0.392699],[-0.106066,0.235619],[-0.106066,0.0785398],[-0.106066,-0.0785398],[-0.106066,-0.235619],[-0.106066,-0.392699],[-0.106066,-0.549779],[0.106066,-0.706858],[0.106066,-0.578339],[0.106066,-0.449819],[0.106066,-0.321299],[0.106066,-0.19278],[0.106066,-0.0642598],[0.106066,0.0642598],[0.106066,0.19278],[0.106066,0.321299],[0.106066,0.449819],[0.106066,0.578339],[0.106066,0.706858],[-0.106066,-0.706858],[-0.106066,-0.706858]] a0=(103,8000)  a1=(0.225,0.225) lst5=(2415902719,2415892189,2415893862,2415902719,2415902719,2415911576,1990508543,2415893862,2415892189,1925627903,1840857087,1990508543,1925627903,1744846847,1703297023,1840857087,1744846847,2952768028,2952769016,1703297023,2952768028,2952779234,2952778246,2952769016,1166426111,2952778246,2952779234,1207975935,1303986175,1166426111,1207975935,1388756991,1453637631,1303986175,1388756991,2415913249,2415911576,1453637631,2415913249,2415902719) lst6=[[69,81,20,41],[160,40,138,18]] aX=(02 00 00 30 00 00 00 00)
					objects[002C] = (0207): Face flags=46400000    u32_0=0000  u8_0=00 box=(-6.85,15.35,0,-6.55,15.65,0.07) key=14D4 u32_1=0000 u32_2=0000
						surface = (089E): SurfaceCylinder dcIndices=[[1299,4294967295]] u32_0=0000 u8_0=00 center=Vector (-6.7, 15.5, 0.22000000000000003) normal=Vector (0.0, 0.0, -1.0)
						edges[0000] = (089F): Edge_D79AD3F3 flags=0000    u32_0=0000 points=[[-6.55,15.5,0],[-6.58509,15.4036,0],[-6.67395,15.3523,0],[-6.775,15.3701,0],[-6.84095,15.4487,0],[-6.84095,15.5513,0],[-6.775,15.6299,0],[-6.67395,15.6477,0],[-6.58509,15.5964,0],[-6.55,15.5,0.07],[-6.58509,15.5964,0.07],[-6.67395,15.6477,0.07],[-6.775,15.6299,0.07],[-6.84095,15.5513,0.07],[-6.84095,15.4487,0.07],[-6.775,15.3701,0.07],[-6.67395,15.3523,0.07],[-6.58509,15.4036,0.07],[-6.55,15.5,0.07],[-6.55,15.5,0]] lst1=(1,17,0,0,17,18,19,9,8,8,9,10,8,10,7,7,10,11,7,11,6,6,11,12,6,12,5,5,12,13,5,13,4,4,13,14,4,14,3,3,14,15,3,15,2,2,15,16,2,16,1,1,16,17) n=[[-1,0,0],[-0.766044,0.642788,0],[-0.173648,0.984808,0],[0.5,0.866025,0],[0.939693,0.34202,0],[0.939693,-0.34202,0],[0.5,-0.866025,0],[-0.173648,-0.984808,0],[-0.766044,-0.642788,0],[-1,0,0],[-0.766044,-0.642788,0],[-0.173648,-0.984808,0],[0.5,-0.866025,0],[0.939693,-0.34202,0],[0.939693,0.34202,0],[0.5,0.866025,0],[-0.173648,0.984808,0],[-0.766044,0.642788,0],[-1,0,0],[-1,0,0]] uv=[[0.22,-0.471239],[0.22,-0.366519],[0.22,-0.261799],[0.22,-0.15708],[0.22,-0.0523599],[0.22,0.0523599],[0.22,0.15708],[0.22,0.261799],[0.22,0.366519],[0.15,0.471239],[0.15,0.366519],[0.15,0.261799],[0.15,0.15708],[0.15,0.0523599],[0.15,-0.0523599],[0.15,-0.15708],[0.15,-0.261799],[0.15,-0.366519],[0.15,-0.471239],[0.22,0.471239]] a0=(103,8000)  a1=(0.15,0.15) lst5=(2415902719,2415892189,2415892189,2415902719,2415913249,2415902719,2415902719,2415913249,1388756991,2415913249,2415913249,1388756991,1207975935,1388756991,1388756991,1207975935,2952779234,1207975935,1207975935,2952779234,2952768028,2952779234,2952779234,2952768028,1744846847,2952768028,2952768028,1744846847,1925627903,1744846847,1744846847,1925627903,2415892189,1925627903,1925627903,2415892189) lst6=[[40,138,162,40],[0,40,138,162]] aX=(02 00 00 30 00 00 00 00)
					objects[002D] = (0208): Face flags=48400000    u32_0=0000  u8_0=00 box=(-8.15,15.2,0.07,-7.55,15.8,0.22) key=14D5 u32_1=0000 u32_2=0000
						surface = (08A0): SurfaceCylinder dcIndices=[[1382,4294967295]] u32_0=0000 u8_0=00 center=Vector (-7.8500000000000005, 15.5, 0.14500000000000002) normal=Vector (0.0, 0.0, 1.0)
						edges[0000] = (08A1): Edge_D79AD3F3 flags=0000    u32_0=0000 points=[[-7.7,15.5,0.07],[-7.73509,15.4036,0.07],[-7.82395,15.3523,0.07],[-7.925,15.3701,0.07],[-7.99095,15.4487,0.07],[-7.99095,15.5513,0.07],[-7.925,15.6299,0.07],[-7.82395,15.6477,0.07],[-7.73509,15.5964,0.07],[-7.55,15.5,0.22],[-7.59762,15.6622,0.22],[-7.72538,15.7729,0.22],[-7.89269,15.7969,0.22],[-8.04646,15.7267,0.22],[-8.13785,15.5845,0.22],[-8.13785,15.4155,0.22],[-8.04646,15.2733,0.22],[-7.89269,15.2031,0.22],[-7.72538,15.2271,0.22],[-7.59762,15.3378,0.22],[-7.55,15.5,0.22],[-7.7,15.5,0.07],[-7.7,15.5,0.07]] lst1=(1,19,0,0,19,20,21,9,10,19,1,18,18,1,2,18,2,17,17,2,3,17,3,16,16,3,4,16,4,15,15,4,5,15,5,14,14,5,13,13,5,6,13,6,12,12,6,7,12,7,11,11,7,8,11,8,10,10,8,22) n=[[-0.707107,0,0.707107],[-0.541675,0.454519,0.707107],[-0.122788,0.696364,0.707107],[0.353553,0.612372,0.707107],[0.664463,0.241845,0.707107],[0.664463,-0.241845,0.707107],[0.353553,-0.612372,0.707107],[-0.122788,-0.696364,0.707107],[-0.541675,-0.454519,0.707107],[-0.707107,0,0.707107],[-0.594856,-0.382291,0.707107],[-0.293743,-0.643207,0.707107],[0.100632,-0.699909,0.707107],[0.463056,-0.534396,0.707107],[0.678464,-0.199215,0.707107],[0.678464,0.199215,0.707107],[0.463056,0.534396,0.707107],[0.100632,0.699909,0.707107],[-0.293743,0.643207,0.707107],[-0.594856,0.382291,0.707107],[-0.707107,0,0.707107],[-0.707107,0,0.707107],[-0.707107,0,0.707107]] uv=[[-0.106066,0.706858],[-0.106066,0.549779],[-0.106066,0.392699],[-0.106066,0.235619],[-0.106066,0.0785398],[-0.106066,-0.0785398],[-0.106066,-0.235619],[-0.106066,-0.392699],[-0.106066,-0.549779],[0.106066,-0.706858],[0.106066,-0.578339],[0.106066,-0.449819],[0.106066,-0.321299],[0.106066,-0.19278],[0.106066,-0.0642598],[0.106066,0.0642598],[0.106066,0.19278],[0.106066,0.321299],[0.106066,0.449819],[0.106066,0.578339],[0.106066,0.706858],[-0.106066,-0.706858],[-0.106066,-0.706858]] a0=(103,8000)  a1=(0.225,0.225) lst5=(2415902719,2415892189,2415893862,2415902719,2415902719,2415911576,1990508543,2415893862,2415892189,1925627903,1840857087,1990508543,1925627903,1744846847,1703297023,1840857087,1744846847,2952768028,2952769016,1703297023,2952768028,2952779234,2952778246,2952769016,1166426111,2952778246,2952779234,1207975935,1303986175,1166426111,1207975935,1388756991,1453637631,1303986175,1388756991,2415913249,2415911576,1453637631,2415913249,2415902719) lst6=[[69,81,20,41],[160,40,138,18]] aX=(02 00 00 30 00 00 00 00)
					objects[002E] = (0209): Face flags=46400000    u32_0=0000  u8_0=00 box=(-8,15.35,0,-7.7,15.65,0.07) key=14D6 u32_1=0000 u32_2=0000
						surface = (08A2): SurfaceCylinder dcIndices=[[1299,4294967295]] u32_0=0000 u8_0=00 center=Vector (-7.8500000000000005, 15.5, 0.22000000000000003) normal=Vector (0.0, 0.0, -1.0)
						edges[0000] = (08A3): Edge_D79AD3F3 flags=0000    u32_0=0000 points=[[-7.7,15.5,0],[-7.73509,15.4036,0],[-7.82395,15.3523,0],[-7.925,15.3701,0],[-7.99095,15.4487,0],[-7.99095,15.5513,0],[-7.925,15.6299,0],[-7.82395,15.6477,0],[-7.73509,15.5964,0],[-7.7,15.5,0.07],[-7.73509,15.5964,0.07],[-7.82395,15.6477,0.07],[-7.925,15.6299,0.07],[-7.99095,15.5513,0.07],[-7.99095,15.4487,0.07],[-7.925,15.3701,0.07],[-7.82395,15.3523,0.07],[-7.73509,15.4036,0.07],[-7.7,15.5,0.07],[-7.7,15.5,0]] lst1=(1,17,0,0,17,18,19,9,8,8,9,10,8,10,7,7,10,11,7,11,6,6,11,12,6,12,5,5,12,13,5,13,4,4,13,14,4,14,3,3,14,15,3,15,2,2,15,16,2,16,1,1,16,17) n=[[-1,0,0],[-0.766044,0.642788,0],[-0.173648,0.984808,0],[0.5,0.866025,0],[0.939693,0.34202,0],[0.939693,-0.34202,0],[0.5,-0.866025,0],[-0.173648,-0.984808,0],[-0.766044,-0.642788,0],[-1,0,0],[-0.766044,-0.642788,0],[-0.173648,-0.984808,0],[0.5,-0.866025,0],[0.939693,-0.34202,0],[0.939693,0.34202,0],[0.5,0.866025,0],[-0.173648,0.984808,0],[-0.766044,0.642788,0],[-1,0,0],[-1,0,0]] uv=[[0.22,-0.471239],[0.22,-0.366519],[0.22,-0.261799],[0.22,-0.15708],[0.22,-0.0523599],[0.22,0.0523599],[0.22,0.15708],[0.22,0.261799],[0.22,0.366519],[0.15,0.471239],[0.15,0.366519],[0.15,0.261799],[0.15,0.15708],[0.15,0.0523599],[0.15,-0.0523599],[0.15,-0.15708],[0.15,-0.261799],[0.15,-0.366519],[0.15,-0.471239],[0.22,0.471239]] a0=(103,8000)  a1=(0.15,0.15) lst5=(2415902719,2415892189,2415892189,2415902719,2415913249,2415902719,2415902719,2415913249,1388756991,2415913249,2415913249,1388756991,1207975935,1388756991,1388756991,1207975935,2952779234,1207975935,1207975935,2952779234,2952768028,2952779234,2952779234,2952768028,1744846847,2952768028,2952768028,1744846847,1925627903,1744846847,1744846847,1925627903,2415892189,1925627903,1925627903,2415892189) lst6=[[40,138,162,40],[0,40,138,162]] aX=(02 00 00 30 00 00 00 00)
					objects[002F] = (020A): Face flags=48400000    u32_0=0000  u8_0=00 box=(-7.6,13.7,0.07,-7,14.3,0.22) key=14D7 u32_1=0000 u32_2=0000
						surface = (08A4): SurfaceCylinder dcIndices=[[1382,4294967295]] u32_0=0000 u8_0=00 center=Vector (-7.300000000000001, 14.0, 0.14500000000000002) normal=Vector (0.0, 0.0, 1.0)
						edges[0000] = (08A5): Edge_D79AD3F3 flags=0000    u32_0=0000 points=[[-7.15,14,0.07],[-7.18509,13.9036,0.07],[-7.27395,13.8523,0.07],[-7.375,13.8701,0.07],[-7.44095,13.9487,0.07],[-7.44095,14.0513,0.07],[-7.375,14.1299,0.07],[-7.27395,14.1477,0.07],[-7.18509,14.0964,0.07],[-7,14,0.22],[-7.04762,14.1622,0.22],[-7.17538,14.2729,0.22],[-7.34269,14.2969,0.22],[-7.49646,14.2267,0.22],[-7.58785,14.0845,0.22],[-7.58785,13.9155,0.22],[-7.49646,13.7733,0.22],[-7.34269,13.7031,0.22],[-7.17538,13.7271,0.22],[-7.04762,13.8378,0.22],[-7,14,0.22],[-7.15,14,0.07],[-7.15,14,0.07]] lst1=(1,19,0,0,19,20,21,9,10,19,1,18,18,1,2,18,2,17,17,2,3,17,3,16,16,3,4,16,4,15,15,4,5,15,5,14,14,5,13,13,5,6,13,6,12,12,6,7,12,7,11,11,7,8,11,8,10,10,8,22) n=[[-0.707107,0,0.707107],[-0.541675,0.454519,0.707107],[-0.122788,0.696364,0.707107],[0.353553,0.612372,0.707107],[0.664463,0.241845,0.707107],[0.664463,-0.241845,0.707107],[0.353553,-0.612372,0.707107],[-0.122788,-0.696364,0.707107],[-0.541675,-0.454519,0.707107],[-0.707107,0,0.707107],[-0.594856,-0.382291,0.707107],[-0.293743,-0.643207,0.707107],[0.100632,-0.699909,0.707107],[0.463056,-0.534396,0.707107],[0.678464,-0.199215,0.707107],[0.678464,0.199215,0.707107],[0.463056,0.534396,0.707107],[0.100632,0.699909,0.707107],[-0.293743,0.643207,0.707107],[-0.594856,0.382291,0.707107],[-0.707107,0,0.707107],[-0.707107,0,0.707107],[-0.707107,0,0.707107]] uv=[[-0.106066,0.706858],[-0.106066,0.549779],[-0.106066,0.392699],[-0.106066,0.235619],[-0.106066,0.0785398],[-0.106066,-0.0785398],[-0.106066,-0.235619],[-0.106066,-0.392699],[-0.106066,-0.549779],[0.106066,-0.706858],[0.106066,-0.578339],[0.106066,-0.449819],[0.106066,-0.321299],[0.106066,-0.19278],[0.106066,-0.0642598],[0.106066,0.0642598],[0.106066,0.19278],[0.106066,0.321299],[0.106066,0.449819],[0.106066,0.578339],[0.106066,0.706858],[-0.106066,-0.706858],[-0.106066,-0.706858]] a0=(103,8000)  a1=(0.225,0.225) lst5=(2415902719,2415892189,2415893862,2415902719,2415902719,2415911576,1990508543,2415893862,2415892189,1925627903,1840857087,1990508543,1925627903,1744846847,1703297023,1840857087,1744846847,2952768028,2952769016,1703297023,2952768028,2952779234,2952778246,2952769016,1166426111,2952778246,2952779234,1207975935,1303986175,1166426111,1207975935,1388756991,1453637631,1303986175,1388756991,2415913249,2415911576,1453637631,2415913249,2415902719) lst6=[[69,81,20,41],[160,40,138,18]] aX=(02 00 00 30 00 00 00 00)
					objects[0030] = (020B): Face flags=46400000    u32_0=0000  u8_0=00 box=(-7.45,13.85,0,-7.15,14.15,0.07) key=14D8 u32_1=0000 u32_2=0000
						surface = (08A6): SurfaceCylinder dcIndices=[[1299,4294967295]] u32_0=0000 u8_0=00 center=Vector (-7.300000000000001, 14.0, 0.22000000000000003) normal=Vector (0.0, 0.0, -1.0)
						edges[0000] = (08A7): Edge_D79AD3F3 flags=0000    u32_0=0000 points=[[-7.15,14,0],[-7.18509,13.9036,0],[-7.27395,13.8523,0],[-7.375,13.8701,0],[-7.44095,13.9487,0],[-7.44095,14.0513,0],[-7.375,14.1299,0],[-7.27395,14.1477,0],[-7.18509,14.0964,0],[-7.15,14,0.07],[-7.18509,14.0964,0.07],[-7.27395,14.1477,0.07],[-7.375,14.1299,0.07],[-7.44095,14.0513,0.07],[-7.44095,13.9487,0.07],[-7.375,13.8701,0.07],[-7.27395,13.8523,0.07],[-7.18509,13.9036,0.07],[-7.15,14,0.07],[-7.15,14,0]] lst1=(1,17,0,0,17,18,19,9,8,8,9,10,8,10,7,7,10,11,7,11,6,6,11,12,6,12,5,5,12,13,5,13,4,4,13,14,4,14,3,3,14,15,3,15,2,2,15,16,2,16,1,1,16,17) n=[[-1,0,0],[-0.766044,0.642788,0],[-0.173648,0.984808,0],[0.5,0.866025,0],[0.939693,0.34202,0],[0.939693,-0.34202,0],[0.5,-0.866025,0],[-0.173648,-0.984808,0],[-0.766044,-0.642788,0],[-1,0,0],[-0.766044,-0.642788,0],[-0.173648,-0.984808,0],[0.5,-0.866025,0],[0.939693,-0.34202,0],[0.939693,0.34202,0],[0.5,0.866025,0],[-0.173648,0.984808,0],[-0.766044,0.642788,0],[-1,0,0],[-1,0,0]] uv=[[0.22,-0.471239],[0.22,-0.366519],[0.22,-0.261799],[0.22,-0.15708],[0.22,-0.0523599],[0.22,0.0523599],[0.22,0.15708],[0.22,0.261799],[0.22,0.366519],[0.15,0.471239],[0.15,0.366519],[0.15,0.261799],[0.15,0.15708],[0.15,0.0523599],[0.15,-0.0523599],[0.15,-0.15708],[0.15,-0.261799],[0.15,-0.366519],[0.15,-0.471239],[0.22,0.471239]] a0=(103,8000)  a1=(0.15,0.15) lst5=(2415902719,2415892189,2415892189,2415902719,2415913249,2415902719,2415902719,2415913249,1388756991,2415913249,2415913249,1388756991,1207975935,1388756991,1388756991,1207975935,2952779234,1207975935,1207975935,2952779234,2952768028,2952779234,2952779234,2952768028,1744846847,2952768028,2952768028,1744846847,1925627903,1744846847,1744846847,1925627903,2415892189,1925627903,1925627903,2415892189) lst6=[[40,138,162,40],[0,40,138,162]] aX=(02 00 00 30 00 00 00 00)
					objects[0031] = (020C): Face flags=48400000    u32_0=0000  u8_0=00 box=(-6.45,13.7,0.07,-5.85,14.3,0.22) key=14D9 u32_1=0000 u32_2=0000
						surface = (08A8): SurfaceCylinder dcIndices=[[1382,4294967295]] u32_0=0000 u8_0=00 center=Vector (-6.15, 14.0, 0.14500000000000002) normal=Vector (0.0, 0.0, 1.0)
						edges[0000] = (08A9): Edge_D79AD3F3 flags=0000    u32_0=0000 points=[[-6,14,0.07],[-6.03509,13.9036,0.07],[-6.12395,13.8523,0.07],[-6.225,13.8701,0.07],[-6.29095,13.9487,0.07],[-6.29095,14.0513,0.07],[-6.225,14.1299,0.07],[-6.12395,14.1477,0.07],[-6.03509,14.0964,0.07],[-5.85,14,0.22],[-5.89762,14.1622,0.22],[-6.02538,14.2729,0.22],[-6.19269,14.2969,0.22],[-6.34646,14.2267,0.22],[-6.43785,14.0845,0.22],[-6.43785,13.9155,0.22],[-6.34646,13.7733,0.22],[-6.19269,13.7031,0.22],[-6.02538,13.7271,0.22],[-5.89762,13.8378,0.22],[-5.85,14,0.22],[-6,14,0.07],[-6,14,0.07]] lst1=(1,19,0,0,19,20,21,9,10,19,1,18,18,1,2,18,2,17,17,2,3,17,3,16,16,3,4,16,4,15,15,4,5,15,5,14,14,5,13,13,5,6,13,6,12,12,6,7,12,7,11,11,7,8,11,8,10,10,8,22) n=[[-0.707107,0,0.707107],[-0.541675,0.454519,0.707107],[-0.122788,0.696364,0.707107],[0.353553,0.612372,0.707107],[0.664463,0.241845,0.707107],[0.664463,-0.241845,0.707107],[0.353553,-0.612372,0.707107],[-0.122788,-0.696364,0.707107],[-0.541675,-0.454519,0.707107],[-0.707107,0,0.707107],[-0.594856,-0.382291,0.707107],[-0.293743,-0.643207,0.707107],[0.100632,-0.699909,0.707107],[0.463056,-0.534396,0.707107],[0.678464,-0.199215,0.707107],[0.678464,0.199215,0.707107],[0.463056,0.534396,0.707107],[0.100632,0.699909,0.707107],[-0.293743,0.643207,0.707107],[-0.594856,0.382291,0.707107],[-0.707107,0,0.707107],[-0.707107,0,0.707107],[-0.707107,0,0.707107]] uv=[[-0.106066,0.706858],[-0.106066,0.549779],[-0.106066,0.392699],[-0.106066,0.235619],[-0.106066,0.0785398],[-0.106066,-0.0785398],[-0.106066,-0.235619],[-0.106066,-0.392699],[-0.106066,-0.549779],[0.106066,-0.706858],[0.106066,-0.578339],[0.106066,-0.449819],[0.106066,-0.321299],[0.106066,-0.19278],[0.106066,-0.0642598],[0.106066,0.0642598],[0.106066,0.19278],[0.106066,0.321299],[0.106066,0.449819],[0.106066,0.578339],[0.106066,0.706858],[-0.106066,-0.706858],[-0.106066,-0.706858]] a0=(103,8000)  a1=(0.225,0.225) lst5=(2415902719,2415892189,2415893862,2415902719,2415902719,2415911576,1990508543,2415893862,2415892189,1925627903,1840857087,1990508543,1925627903,1744846847,1703297023,1840857087,1744846847,2952768028,2952769016,1703297023,2952768028,2952779234,2952778246,2952769016,1166426111,2952778246,2952779234,1207975935,1303986175,1166426111,1207975935,1388756991,1453637631,1303986175,1388756991,2415913249,2415911576,1453637631,2415913249,2415902719) lst6=[[69,81,20,41],[160,40,138,18]] aX=(02 00 00 30 00 00 00 00)
					objects[0032] = (020D): Face flags=46400000    u32_0=0000  u8_0=00 box=(-6.3,13.85,0,-6,14.15,0.07) key=14DA u32_1=0000 u32_2=0000
						surface = (08AA): SurfaceCylinder dcIndices=[[1299,4294967295]] u32_0=0000 u8_0=00 center=Vector (-6.15, 14.0, 0.22000000000000003) normal=Vector (0.0, 0.0, -1.0)
						edges[0000] = (08AB): Edge_D79AD3F3 flags=0000    u32_0=0000 points=[[-6,14,0],[-6.03509,13.9036,0],[-6.12395,13.8523,0],[-6.225,13.8701,0],[-6.29095,13.9487,0],[-6.29095,14.0513,0],[-6.225,14.1299,0],[-6.12395,14.1477,0],[-6.03509,14.0964,0],[-6,14,0.07],[-6.03509,14.0964,0.07],[-6.12395,14.1477,0.07],[-6.225,14.1299,0.07],[-6.29095,14.0513,0.07],[-6.29095,13.9487,0.07],[-6.225,13.8701,0.07],[-6.12395,13.8523,0.07],[-6.03509,13.9036,0.07],[-6,14,0.07],[-6,14,0]] lst1=(1,17,0,0,17,18,19,9,8,8,9,10,8,10,7,7,10,11,7,11,6,6,11,12,6,12,5,5,12,13,5,13,4,4,13,14,4,14,3,3,14,15,3,15,2,2,15,16,2,16,1,1,16,17) n=[[-1,0,0],[-0.766044,0.642788,0],[-0.173648,0.984808,0],[0.5,0.866025,0],[0.939693,0.34202,0],[0.939693,-0.34202,0],[0.5,-0.866025,0],[-0.173648,-0.984808,0],[-0.766044,-0.642788,0],[-1,0,0],[-0.766044,-0.642788,0],[-0.173648,-0.984808,0],[0.5,-0.866025,0],[0.939693,-0.34202,0],[0.939693,0.34202,0],[0.5,0.866025,0],[-0.173648,0.984808,0],[-0.766044,0.642788,0],[-1,0,0],[-1,0,0]] uv=[[0.22,-0.471239],[0.22,-0.366519],[0.22,-0.261799],[0.22,-0.15708],[0.22,-0.0523599],[0.22,0.0523599],[0.22,0.15708],[0.22,0.261799],[0.22,0.366519],[0.15,0.471239],[0.15,0.366519],[0.15,0.261799],[0.15,0.15708],[0.15,0.0523599],[0.15,-0.0523599],[0.15,-0.15708],[0.15,-0.261799],[0.15,-0.366519],[0.15,-0.471239],[0.22,0.471239]] a0=(103,8000)  a1=(0.15,0.15) lst5=(2415902719,2415892189,2415892189,2415902719,2415913249,2415902719,2415902719,2415913249,1388756991,2415913249,2415913249,1388756991,1207975935,1388756991,1388756991,1207975935,2952779234,1207975935,1207975935,2952779234,2952768028,2952779234,2952779234,2952768028,1744846847,2952768028,2952768028,1744846847,1925627903,1744846847,1744846847,1925627903,2415892189,1925627903,1925627903,2415892189) lst6=[[40,138,162,40],[0,40,138,162]] aX=(02 00 00 30 00 00 00 00)
					objects[0033] = (020E): Face flags=48400000    u32_0=0000  u8_0=00 box=(-5,12.35,0.07,-4.4,12.95,0.22) key=14DB u32_1=0000 u32_2=0000
						surface = (08AC): SurfaceCylinder dcIndices=[[1382,4294967295]] u32_0=0000 u8_0=00 center=Vector (-4.700000000000001, 12.65, 0.14500000000000002) normal=Vector (0.0, 0.0, 1.0)
						edges[0000] = (08AD): Edge_D79AD3F3 flags=0000    u32_0=0000 points=[[-4.55,12.65,0.07],[-4.58509,12.5536,0.07],[-4.67395,12.5023,0.07],[-4.775,12.5201,0.07],[-4.84095,12.5987,0.07],[-4.84095,12.7013,0.07],[-4.775,12.7799,0.07],[-4.67395,12.7977,0.07],[-4.58509,12.7464,0.07],[-4.4,12.65,0.22],[-4.44762,12.8122,0.22],[-4.57538,12.9229,0.22],[-4.74269,12.9469,0.22],[-4.89646,12.8767,0.22],[-4.98785,12.7345,0.22],[-4.98785,12.5655,0.22],[-4.89646,12.4233,0.22],[-4.74269,12.3531,0.22],[-4.57538,12.3771,0.22],[-4.44762,12.4878,0.22],[-4.4,12.65,0.22],[-4.55,12.65,0.07],[-4.55,12.65,0.07]] lst1=(1,19,0,0,19,20,21,9,10,19,1,18,18,1,2,18,2,17,17,2,3,17,3,16,16,3,4,16,4,15,15,4,5,15,5,14,14,5,13,13,5,6,13,6,12,12,6,7,12,7,11,11,7,8,11,8,10,10,8,22) n=[[-0.707107,0,0.707107],[-0.541675,0.454519,0.707107],[-0.122788,0.696364,0.707107],[0.353553,0.612372,0.707107],[0.664463,0.241845,0.707107],[0.664463,-0.241845,0.707107],[0.353553,-0.612372,0.707107],[-0.122788,-0.696364,0.707107],[-0.541675,-0.454519,0.707107],[-0.707107,0,0.707107],[-0.594856,-0.382291,0.707107],[-0.293743,-0.643207,0.707107],[0.100632,-0.699909,0.707107],[0.463056,-0.534396,0.707107],[0.678464,-0.199215,0.707107],[0.678464,0.199215,0.707107],[0.463056,0.534396,0.707107],[0.100632,0.699909,0.707107],[-0.293743,0.643207,0.707107],[-0.594856,0.382291,0.707107],[-0.707107,0,0.707107],[-0.707107,0,0.707107],[-0.707107,0,0.707107]] uv=[[-0.106066,0.706858],[-0.106066,0.549779],[-0.106066,0.392699],[-0.106066,0.235619],[-0.106066,0.0785398],[-0.106066,-0.0785398],[-0.106066,-0.235619],[-0.106066,-0.392699],[-0.106066,-0.549779],[0.106066,-0.706858],[0.106066,-0.578339],[0.106066,-0.449819],[0.106066,-0.321299],[0.106066,-0.19278],[0.106066,-0.0642598],[0.106066,0.0642598],[0.106066,0.19278],[0.106066,0.321299],[0.106066,0.449819],[0.106066,0.578339],[0.106066,0.706858],[-0.106066,-0.706858],[-0.106066,-0.706858]] a0=(103,8000)  a1=(0.225,0.225) lst5=(2415902719,2415892189,2415893862,2415902719,2415902719,2415911576,1990508543,2415893862,2415892189,1925627903,1840857087,1990508543,1925627903,1744846847,1703297023,1840857087,1744846847,2952768028,2952769016,1703297023,2952768028,2952779234,2952778246,2952769016,1166426111,2952778246,2952779234,1207975935,1303986175,1166426111,1207975935,1388756991,1453637631,1303986175,1388756991,2415913249,2415911576,1453637631,2415913249,2415902719) lst6=[[69,81,20,41],[160,40,138,18]] aX=(02 00 00 30 00 00 00 00)
					objects[0034] = (020F): Face flags=46400000    u32_0=0000  u8_0=00 box=(-4.85,12.5,0,-4.55,12.8,0.07) key=14DC u32_1=0000 u32_2=0000
						surface = (08AE): SurfaceCylinder dcIndices=[[1299,4294967295]] u32_0=0000 u8_0=00 center=Vector (-4.700000000000001, 12.65, 0.22000000000000003) normal=Vector (0.0, 0.0, -1.0)
						edges[0000] = (08AF): Edge_D79AD3F3 flags=0000    u32_0=0000 points=[[-4.55,12.65,0],[-4.58509,12.5536,0],[-4.67395,12.5023,0],[-4.775,12.5201,0],[-4.84095,12.5987,0],[-4.84095,12.7013,0],[-4.775,12.7799,0],[-4.67395,12.7977,0],[-4.58509,12.7464,0],[-4.55,12.65,0.07],[-4.58509,12.7464,0.07],[-4.67395,12.7977,0.07],[-4.775,12.7799,0.07],[-4.84095,12.7013,0.07],[-4.84095,12.5987,0.07],[-4.775,12.5201,0.07],[-4.67395,12.5023,0.07],[-4.58509,12.5536,0.07],[-4.55,12.65,0.07],[-4.55,12.65,0]] lst1=(1,17,0,0,17,18,19,9,8,8,9,10,8,10,7,7,10,11,7,11,6,6,11,12,6,12,5,5,12,13,5,13,4,4,13,14,4,14,3,3,14,15,3,15,2,2,15,16,2,16,1,1,16,17) n=[[-1,0,0],[-0.766044,0.642788,0],[-0.173648,0.984808,0],[0.5,0.866025,0],[0.939693,0.34202,0],[0.939693,-0.34202,0],[0.5,-0.866025,0],[-0.173648,-0.984808,0],[-0.766044,-0.642788,0],[-1,0,0],[-0.766044,-0.642788,0],[-0.173648,-0.984808,0],[0.5,-0.866025,0],[0.939693,-0.34202,0],[0.939693,0.34202,0],[0.5,0.866025,0],[-0.173648,0.984808,0],[-0.766044,0.642788,0],[-1,0,0],[-1,0,0]] uv=[[0.22,-0.471239],[0.22,-0.366519],[0.22,-0.261799],[0.22,-0.15708],[0.22,-0.0523599],[0.22,0.0523599],[0.22,0.15708],[0.22,0.261799],[0.22,0.366519],[0.15,0.471239],[0.15,0.366519],[0.15,0.261799],[0.15,0.15708],[0.15,0.0523599],[0.15,-0.0523599],[0.15,-0.15708],[0.15,-0.261799],[0.15,-0.366519],[0.15,-0.471239],[0.22,0.471239]] a0=(103,8000)  a1=(0.15,0.15) lst5=(2415902719,2415892189,2415892189,2415902719,2415913249,2415902719,2415902719,2415913249,1388756991,2415913249,2415913249,1388756991,1207975935,1388756991,1388756991,1207975935,2952779234,1207975935,1207975935,2952779234,2952768028,2952779234,2952779234,2952768028,1744846847,2952768028,2952768028,1744846847,1925627903,1744846847,1744846847,1925627903,2415892189,1925627903,1925627903,2415892189) lst6=[[40,138,162,40],[0,40,138,162]] aX=(02 00 00 30 00 00 00 00)
					objects[0035] = (0210): Face flags=48400000    u32_0=0000  u8_0=00 box=(-2.7,12.35,0.07,-2.1,12.95,0.22) key=14DD u32_1=0000 u32_2=0000
						surface = (08B0): SurfaceCylinder dcIndices=[[1382,4294967295]] u32_0=0000 u8_0=00 center=Vector (-2.4000000000000004, 12.650000000000002, 0.14500000000000002) normal=Vector (0.0, 0.0, 1.0)
						edges[0000] = (08B1): Edge_D79AD3F3 flags=0000    u32_0=0000 points=[[-2.25,12.65,0.07],[-2.28509,12.5536,0.07],[-2.37395,12.5023,0.07],[-2.475,12.5201,0.07],[-2.54095,12.5987,0.07],[-2.54095,12.7013,0.07],[-2.475,12.7799,0.07],[-2.37395,12.7977,0.07],[-2.28509,12.7464,0.07],[-2.1,12.65,0.22],[-2.14762,12.8122,0.22],[-2.27538,12.9229,0.22],[-2.44269,12.9469,0.22],[-2.59646,12.8767,0.22],[-2.68785,12.7345,0.22],[-2.68785,12.5655,0.22],[-2.59646,12.4233,0.22],[-2.44269,12.3531,0.22],[-2.27538,12.3771,0.22],[-2.14762,12.4878,0.22],[-2.1,12.65,0.22],[-2.25,12.65,0.07],[-2.25,12.65,0.07]] lst1=(1,19,0,0,19,20,21,9,10,19,1,18,18,1,2,18,2,17,17,2,3,17,3,16,16,3,4,16,4,15,15,4,5,15,5,14,14,5,13,13,5,6,13,6,12,12,6,7,12,7,11,11,7,8,11,8,10,10,8,22) n=[[-0.707107,0,0.707107],[-0.541675,0.454519,0.707107],[-0.122788,0.696364,0.707107],[0.353553,0.612372,0.707107],[0.664463,0.241845,0.707107],[0.664463,-0.241845,0.707107],[0.353553,-0.612372,0.707107],[-0.122788,-0.696364,0.707107],[-0.541675,-0.454519,0.707107],[-0.707107,0,0.707107],[-0.594856,-0.382291,0.707107],[-0.293743,-0.643207,0.707107],[0.100632,-0.699909,0.707107],[0.463056,-0.534396,0.707107],[0.678464,-0.199215,0.707107],[0.678464,0.199215,0.707107],[0.463056,0.534396,0.707107],[0.100632,0.699909,0.707107],[-0.293743,0.643207,0.707107],[-0.594856,0.382291,0.707107],[-0.707107,0,0.707107],[-0.707107,0,0.707107],[-0.707107,0,0.707107]] uv=[[-0.106066,0.706858],[-0.106066,0.549779],[-0.106066,0.392699],[-0.106066,0.235619],[-0.106066,0.0785398],[-0.106066,-0.0785398],[-0.106066,-0.235619],[-0.106066,-0.392699],[-0.106066,-0.549779],[0.106066,-0.706858],[0.106066,-0.578339],[0.106066,-0.449819],[0.106066,-0.321299],[0.106066,-0.19278],[0.106066,-0.0642598],[0.106066,0.0642598],[0.106066,0.19278],[0.106066,0.321299],[0.106066,0.449819],[0.106066,0.578339],[0.106066,0.706858],[-0.106066,-0.706858],[-0.106066,-0.706858]] a0=(103,8000)  a1=(0.225,0.225) lst5=(2415902719,2415892189,2415893862,2415902719,2415902719,2415911576,1990508543,2415893862,2415892189,1925627903,1840857087,1990508543,1925627903,1744846847,1703297023,1840857087,1744846847,2952768028,2952769016,1703297023,2952768028,2952779234,2952778246,2952769016,1166426111,2952778246,2952779234,1207975935,1303986175,1166426111,1207975935,1388756991,1453637631,1303986175,1388756991,2415913249,2415911576,1453637631,2415913249,2415902719) lst6=[[69,81,20,41],[160,40,138,18]] aX=(02 00 00 30 00 00 00 00)
					objects[0036] = (0211): Face flags=46400000    u32_0=0000  u8_0=00 box=(-2.55,12.5,0,-2.25,12.8,0.07) key=14DE u32_1=0000 u32_2=0000
						surface = (08B2): SurfaceCylinder dcIndices=[[1299,4294967295]] u32_0=0000 u8_0=00 center=Vector (-2.4000000000000004, 12.650000000000002, 0.22000000000000003) normal=Vector (0.0, 0.0, -1.0)
						edges[0000] = (08B3): Edge_D79AD3F3 flags=0000    u32_0=0000 points=[[-2.25,12.65,0],[-2.28509,12.5536,0],[-2.37395,12.5023,0],[-2.475,12.5201,0],[-2.54095,12.5987,0],[-2.54095,12.7013,0],[-2.475,12.7799,0],[-2.37395,12.7977,0],[-2.28509,12.7464,0],[-2.25,12.65,0.07],[-2.28509,12.7464,0.07],[-2.37395,12.7977,0.07],[-2.475,12.7799,0.07],[-2.54095,12.7013,0.07],[-2.54095,12.5987,0.07],[-2.475,12.5201,0.07],[-2.37395,12.5023,0.07],[-2.28509,12.5536,0.07],[-2.25,12.65,0.07],[-2.25,12.65,0]] lst1=(1,17,0,0,17,18,19,9,8,8,9,10,8,10,7,7,10,11,7,11,6,6,11,12,6,12,5,5,12,13,5,13,4,4,13,14,4,14,3,3,14,15,3,15,2,2,15,16,2,16,1,1,16,17) n=[[-1,0,0],[-0.766044,0.642788,0],[-0.173648,0.984808,0],[0.5,0.866025,0],[0.939693,0.34202,0],[0.939693,-0.34202,0],[0.5,-0.866025,0],[-0.173648,-0.984808,0],[-0.766044,-0.642788,0],[-1,0,0],[-0.766044,-0.642788,0],[-0.173648,-0.984808,0],[0.5,-0.866025,0],[0.939693,-0.34202,0],[0.939693,0.34202,0],[0.5,0.866025,0],[-0.173648,0.984808,0],[-0.766044,0.642788,0],[-1,0,0],[-1,0,0]] uv=[[0.22,-0.471239],[0.22,-0.366519],[0.22,-0.261799],[0.22,-0.15708],[0.22,-0.0523599],[0.22,0.0523599],[0.22,0.15708],[0.22,0.261799],[0.22,0.366519],[0.15,0.471239],[0.15,0.366519],[0.15,0.261799],[0.15,0.15708],[0.15,0.0523599],[0.15,-0.0523599],[0.15,-0.15708],[0.15,-0.261799],[0.15,-0.366519],[0.15,-0.471239],[0.22,0.471239]] a0=(103,8000)  a1=(0.15,0.15) lst5=(2415902719,2415892189,2415892189,2415902719,2415913249,2415902719,2415902719,2415913249,1388756991,2415913249,2415913249,1388756991,1207975935,1388756991,1388756991,1207975935,2952779234,1207975935,1207975935,2952779234,2952768028,2952779234,2952779234,2952768028,1744846847,2952768028,2952768028,1744846847,1925627903,1744846847,1744846847,1925627903,2415892189,1925627903,1925627903,2415892189) lst6=[[40,138,162,40],[0,40,138,162]] aX=(02 00 00 30 00 00 00 00)
					objects[0037] = (0212): Face flags=48400000    u32_0=0000  u8_0=00 box=(-1.6,12.35,0.07,-1,12.95,0.22) key=14DF u32_1=0000 u32_2=0000
						surface = (08B4): SurfaceCylinder dcIndices=[[1382,4294967295]] u32_0=0000 u8_0=00 center=Vector (-1.3, 12.650000000000002, 0.14500000000000002) normal=Vector (0.0, 0.0, 1.0)
						edges[0000] = (08B5): Edge_D79AD3F3 flags=0000    u32_0=0000 points=[[-1.15,12.65,0.07],[-1.18509,12.5536,0.07],[-1.27395,12.5023,0.07],[-1.375,12.5201,0.07],[-1.44095,12.5987,0.07],[-1.44095,12.7013,0.07],[-1.375,12.7799,0.07],[-1.27395,12.7977,0.07],[-1.18509,12.7464,0.07],[-1,12.65,0.22],[-1.04762,12.8122,0.22],[-1.17538,12.9229,0.22],[-1.34269,12.9469,0.22],[-1.49646,12.8767,0.22],[-1.58785,12.7345,0.22],[-1.58785,12.5655,0.22],[-1.49646,12.4233,0.22],[-1.34269,12.3531,0.22],[-1.17538,12.3771,0.22],[-1.04762,12.4878,0.22],[-1,12.65,0.22],[-1.15,12.65,0.07],[-1.15,12.65,0.07]] lst1=(1,19,0,0,19,20,21,9,10,19,1,18,18,1,2,18,2,17,17,2,3,17,3,16,16,3,4,16,4,15,15,4,5,15,5,14,14,5,13,13,5,6,13,6,12,12,6,7,12,7,11,11,7,8,11,8,10,10,8,22) n=[[-0.707107,0,0.707107],[-0.541675,0.454519,0.707107],[-0.122788,0.696364,0.707107],[0.353553,0.612372,0.707107],[0.664463,0.241845,0.707107],[0.664463,-0.241845,0.707107],[0.353553,-0.612372,0.707107],[-0.122788,-0.696364,0.707107],[-0.541675,-0.454519,0.707107],[-0.707107,0,0.707107],[-0.594856,-0.382291,0.707107],[-0.293743,-0.643207,0.707107],[0.100632,-0.699909,0.707107],[0.463056,-0.534396,0.707107],[0.678464,-0.199215,0.707107],[0.678464,0.199215,0.707107],[0.463056,0.534396,0.707107],[0.100632,0.699909,0.707107],[-0.293743,0.643207,0.707107],[-0.594856,0.382291,0.707107],[-0.707107,0,0.707107],[-0.707107,0,0.707107],[-0.707107,0,0.707107]] uv=[[-0.106066,0.706858],[-0.106066,0.549779],[-0.106066,0.392699],[-0.106066,0.235619],[-0.106066,0.0785398],[-0.106066,-0.0785398],[-0.106066,-0.235619],[-0.106066,-0.392699],[-0.106066,-0.549779],[0.106066,-0.706858],[0.106066,-0.578339],[0.106066,-0.449819],[0.106066,-0.321299],[0.106066,-0.19278],[0.106066,-0.0642598],[0.106066,0.0642598],[0.106066,0.19278],[0.106066,0.321299],[0.106066,0.449819],[0.106066,0.578339],[0.106066,0.706858],[-0.106066,-0.706858],[-0.106066,-0.706858]] a0=(103,8000)  a1=(0.225,0.225) lst5=(2415902719,2415892189,2415893862,2415902719,2415902719,2415911576,1990508543,2415893862,2415892189,1925627903,1840857087,1990508543,1925627903,1744846847,1703297023,1840857087,1744846847,2952768028,2952769016,1703297023,2952768028,2952779234,2952778246,2952769016,1166426111,2952778246,2952779234,1207975935,1303986175,1166426111,1207975935,1388756991,1453637631,1303986175,1388756991,2415913249,2415911576,1453637631,2415913249,2415902719) lst6=[[69,81,20,41],[160,40,138,18]] aX=(02 00 00 30 00 00 00 00)
					objects[0038] = (0213): Face flags=46400000    u32_0=0000  u8_0=00 box=(-1.45,12.5,0,-1.15,12.8,0.07) key=14E0 u32_1=0000 u32_2=0000
						surface = (08B6): SurfaceCylinder dcIndices=[[1299,4294967295]] u32_0=0000 u8_0=00 center=Vector (-1.3, 12.650000000000002, 0.22000000000000003) normal=Vector (0.0, 0.0, -1.0)
						edges[0000] = (08B7): Edge_D79AD3F3 flags=0000    u32_0=0000 points=[[-1.15,12.65,0],[-1.18509,12.5536,0],[-1.27395,12.5023,0],[-1.375,12.5201,0],[-1.44095,12.5987,0],[-1.44095,12.7013,0],[-1.375,12.7799,0],[-1.27395,12.7977,0],[-1.18509,12.7464,0],[-1.15,12.65,0.07],[-1.18509,12.7464,0.07],[-1.27395,12.7977,0.07],[-1.375,12.7799,0.07],[-1.44095,12.7013,0.07],[-1.44095,12.5987,0.07],[-1.375,12.5201,0.07],[-1.27395,12.5023,0.07],[-1.18509,12.5536,0.07],[-1.15,12.65,0.07],[-1.15,12.65,0]] lst1=(1,17,0,0,17,18,19,9,8,8,9,10,8,10,7,7,10,11,7,11,6,6,11,12,6,12,5,5,12,13,5,13,4,4,13,14,4,14,3,3,14,15,3,15,2,2,15,16,2,16,1,1,16,17) n=[[-1,0,0],[-0.766044,0.642788,0],[-0.173648,0.984808,0],[0.5,0.866025,0],[0.939693,0.34202,0],[0.939693,-0.34202,0],[0.5,-0.866025,0],[-0.173648,-0.984808,0],[-0.766044,-0.642788,0],[-1,0,0],[-0.766044,-0.642788,0],[-0.173648,-0.984808,0],[0.5,-0.866025,0],[0.939693,-0.34202,0],[0.939693,0.34202,0],[0.5,0.866025,0],[-0.173648,0.984808,0],[-0.766044,0.642788,0],[-1,0,0],[-1,0,0]] uv=[[0.22,-0.471239],[0.22,-0.366519],[0.22,-0.261799],[0.22,-0.15708],[0.22,-0.0523599],[0.22,0.0523599],[0.22,0.15708],[0.22,0.261799],[0.22,0.366519],[0.15,0.471239],[0.15,0.366519],[0.15,0.261799],[0.15,0.15708],[0.15,0.0523599],[0.15,-0.0523599],[0.15,-0.15708],[0.15,-0.261799],[0.15,-0.366519],[0.15,-0.471239],[0.22,0.471239]] a0=(103,8000)  a1=(0.15,0.15) lst5=(2415902719,2415892189,2415892189,2415902719,2415913249,2415902719,2415902719,2415913249,1388756991,2415913249,2415913249,1388756991,1207975935,1388756991,1388756991,1207975935,2952779234,1207975935,1207975935,2952779234,2952768028,2952779234,2952779234,2952768028,1744846847,2952768028,2952768028,1744846847,1925627903,1744846847,1744846847,1925627903,2415892189,1925627903,1925627903,2415892189) lst6=[[40,138,162,40],[0,40,138,162]] aX=(02 00 00 30 00 00 00 00)
					objects[0039] = (0214): Face flags=48400000    u32_0=0000  u8_0=00 box=(-1.1,7.85,0.07,-0.5,8.45,0.22) key=14E1 u32_1=0000 u32_2=0000
						surface = (08B8): SurfaceCylinder dcIndices=[[1382,4294967295]] u32_0=0000 u8_0=00 center=Vector (-0.7999999999999995, 8.149999999999999, 0.14500000000000002) normal=Vector (0.0, 0.0, 1.0)
						edges[0000] = (08B9): Edge_D79AD3F3 flags=0000    u32_0=0000 points=[[-0.65,8.15,0.07],[-0.685093,8.05358,0.07],[-0.773953,8.00228,0.07],[-0.875,8.0201,0.07],[-0.940954,8.0987,0.07],[-0.940954,8.2013,0.07],[-0.875,8.2799,0.07],[-0.773953,8.29772,0.07],[-0.685093,8.24642,0.07],[-0.5,8.15,0.22],[-0.547624,8.31219,0.22],[-0.675376,8.42289,0.22],[-0.842694,8.44695,0.22],[-0.996458,8.37673,0.22],[-1.08785,8.23452,0.22],[-1.08785,8.06548,0.22],[-0.996458,7.92327,0.22],[-0.842694,7.85305,0.22],[-0.675376,7.87711,0.22],[-0.547624,7.98781,0.22],[-0.5,8.15,0.22],[-0.65,8.15,0.07],[-0.65,8.15,0.07]] lst1=(1,19,0,0,19,20,21,9,10,19,1,18,18,1,2,18,2,17,17,2,3,17,3,16,16,3,4,16,4,15,15,4,5,15,5,14,14,5,13,13,5,6,13,6,12,12,6,7,12,7,11,11,7,8,11,8,10,10,8,22) n=[[-0.707107,0,0.707107],[-0.541675,0.454519,0.707107],[-0.122788,0.696364,0.707107],[0.353553,0.612372,0.707107],[0.664463,0.241845,0.707107],[0.664463,-0.241845,0.707107],[0.353553,-0.612372,0.707107],[-0.122788,-0.696364,0.707107],[-0.541675,-0.454519,0.707107],[-0.707107,0,0.707107],[-0.594856,-0.382291,0.707107],[-0.293743,-0.643207,0.707107],[0.100632,-0.699909,0.707107],[0.463056,-0.534396,0.707107],[0.678464,-0.199215,0.707107],[0.678464,0.199215,0.707107],[0.463056,0.534396,0.707107],[0.100632,0.699909,0.707107],[-0.293743,0.643207,0.707107],[-0.594856,0.382291,0.707107],[-0.707107,0,0.707107],[-0.707107,0,0.707107],[-0.707107,0,0.707107]] uv=[[-0.106066,0.706858],[-0.106066,0.549779],[-0.106066,0.392699],[-0.106066,0.235619],[-0.106066,0.0785398],[-0.106066,-0.0785398],[-0.106066,-0.235619],[-0.106066,-0.392699],[-0.106066,-0.549779],[0.106066,-0.706858],[0.106066,-0.578339],[0.106066,-0.449819],[0.106066,-0.321299],[0.106066,-0.19278],[0.106066,-0.0642598],[0.106066,0.0642598],[0.106066,0.19278],[0.106066,0.321299],[0.106066,0.449819],[0.106066,0.578339],[0.106066,0.706858],[-0.106066,-0.706858],[-0.106066,-0.706858]] a0=(103,8000)  a1=(0.225,0.225) lst5=(2415902719,2415892189,2415893862,2415902719,2415902719,2415911576,1990508543,2415893862,2415892189,1925627903,1840857087,1990508543,1925627903,1744846847,1703297023,1840857087,1744846847,2952768028,2952769016,1703297023,2952768028,2952779234,2952778246,2952769016,1166426111,2952778246,2952779234,1207975935,1303986175,1166426111,1207975935,1388756991,1453637631,1303986175,1388756991,2415913249,2415911576,1453637631,2415913249,2415902719) lst6=[[69,81,20,41],[160,40,138,18]] aX=(02 00 00 30 00 00 00 00)
					objects[003A] = (0215): Face flags=46400000    u32_0=0000  u8_0=00 box=(-0.95,8,0,-0.65,8.3,0.07) key=14E2 u32_1=0000 u32_2=0000
						surface = (08BA): SurfaceCylinder dcIndices=[[1299,4294967295]] u32_0=0000 u8_0=00 center=Vector (-0.7999999999999995, 8.149999999999999, 0.22000000000000003) normal=Vector (0.0, 0.0, -1.0)
						edges[0000] = (08BB): Edge_D79AD3F3 flags=0000    u32_0=0000 points=[[-0.65,8.15,0],[-0.685093,8.05358,0],[-0.773953,8.00228,0],[-0.875,8.0201,0],[-0.940954,8.0987,0],[-0.940954,8.2013,0],[-0.875,8.2799,0],[-0.773953,8.29772,0],[-0.685093,8.24642,0],[-0.65,8.15,0.07],[-0.685093,8.24642,0.07],[-0.773953,8.29772,0.07],[-0.875,8.2799,0.07],[-0.940954,8.2013,0.07],[-0.940954,8.0987,0.07],[-0.875,8.0201,0.07],[-0.773953,8.00228,0.07],[-0.685093,8.05358,0.07],[-0.65,8.15,0.07],[-0.65,8.15,0]] lst1=(1,17,0,0,17,18,19,9,8,8,9,10,8,10,7,7,10,11,7,11,6,6,11,12,6,12,5,5,12,13,5,13,4,4,13,14,4,14,3,3,14,15,3,15,2,2,15,16,2,16,1,1,16,17) n=[[-1,0,0],[-0.766044,0.642788,0],[-0.173648,0.984808,0],[0.5,0.866025,0],[0.939693,0.34202,0],[0.939693,-0.34202,0],[0.5,-0.866025,0],[-0.173648,-0.984808,0],[-0.766044,-0.642788,0],[-1,0,0],[-0.766044,-0.642788,0],[-0.173648,-0.984808,0],[0.5,-0.866025,0],[0.939693,-0.34202,0],[0.939693,0.34202,0],[0.5,0.866025,0],[-0.173648,0.984808,0],[-0.766044,0.642788,0],[-1,0,0],[-1,0,0]] uv=[[0.22,-0.471239],[0.22,-0.366519],[0.22,-0.261799],[0.22,-0.15708],[0.22,-0.0523599],[0.22,0.0523599],[0.22,0.15708],[0.22,0.261799],[0.22,0.366519],[0.15,0.471239],[0.15,0.366519],[0.15,0.261799],[0.15,0.15708],[0.15,0.0523599],[0.15,-0.0523599],[0.15,-0.15708],[0.15,-0.261799],[0.15,-0.366519],[0.15,-0.471239],[0.22,0.471239]] a0=(103,8000)  a1=(0.15,0.15) lst5=(2415902719,2415892189,2415892189,2415902719,2415913249,2415902719,2415902719,2415913249,1388756991,2415913249,2415913249,1388756991,1207975935,1388756991,1388756991,1207975935,2952779234,1207975935,1207975935,2952779234,2952768028,2952779234,2952779234,2952768028,1744846847,2952768028,2952768028,1744846847,1925627903,1744846847,1744846847,1925627903,2415892189,1925627903,1925627903,2415892189) lst6=[[40,138,162,40],[0,40,138,162]] aX=(02 00 00 30 00 00 00 00)
					objects[003B] = (0216): Face flags=48400000    u32_0=0000  u8_0=00 box=(-1.8,7.85,0.07,-1.2,8.45,0.22) key=14E3 u32_1=0000 u32_2=0000
						surface = (08BC): SurfaceCylinder dcIndices=[[1382,4294967295]] u32_0=0000 u8_0=00 center=Vector (-1.4999999999999996, 8.149999999999999, 0.14500000000000002) normal=Vector (0.0, 0.0, 1.0)
						edges[0000] = (08BD): Edge_D79AD3F3 flags=0000    u32_0=0000 points=[[-1.35,8.15,0.07],[-1.38509,8.05358,0.07],[-1.47395,8.00228,0.07],[-1.575,8.0201,0.07],[-1.64095,8.0987,0.07],[-1.64095,8.2013,0.07],[-1.575,8.2799,0.07],[-1.47395,8.29772,0.07],[-1.38509,8.24642,0.07],[-1.2,8.15,0.22],[-1.24762,8.31219,0.22],[-1.37538,8.42289,0.22],[-1.54269,8.44695,0.22],[-1.69646,8.37673,0.22],[-1.78785,8.23452,0.22],[-1.78785,8.06548,0.22],[-1.69646,7.92327,0.22],[-1.54269,7.85305,0.22],[-1.37538,7.87711,0.22],[-1.24762,7.98781,0.22],[-1.2,8.15,0.22],[-1.35,8.15,0.07],[-1.35,8.15,0.07]] lst1=(1,19,0,0,19,20,21,9,10,19,1,18,18,1,2,18,2,17,17,2,3,17,3,16,16,3,4,16,4,15,15,4,5,15,5,14,14,5,13,13,5,6,13,6,12,12,6,7,12,7,11,11,7,8,11,8,10,10,8,22) n=[[-0.707107,0,0.707107],[-0.541675,0.454519,0.707107],[-0.122788,0.696364,0.707107],[0.353553,0.612372,0.707107],[0.664463,0.241845,0.707107],[0.664463,-0.241845,0.707107],[0.353553,-0.612372,0.707107],[-0.122788,-0.696364,0.707107],[-0.541675,-0.454519,0.707107],[-0.707107,0,0.707107],[-0.594856,-0.382291,0.707107],[-0.293743,-0.643207,0.707107],[0.100632,-0.699909,0.707107],[0.463056,-0.534396,0.707107],[0.678464,-0.199215,0.707107],[0.678464,0.199215,0.707107],[0.463056,0.534396,0.707107],[0.100632,0.699909,0.707107],[-0.293743,0.643207,0.707107],[-0.594856,0.382291,0.707107],[-0.707107,0,0.707107],[-0.707107,0,0.707107],[-0.707107,0,0.707107]] uv=[[-0.106066,0.706858],[-0.106066,0.549779],[-0.106066,0.392699],[-0.106066,0.235619],[-0.106066,0.0785398],[-0.106066,-0.0785398],[-0.106066,-0.235619],[-0.106066,-0.392699],[-0.106066,-0.549779],[0.106066,-0.706858],[0.106066,-0.578339],[0.106066,-0.449819],[0.106066,-0.321299],[0.106066,-0.19278],[0.106066,-0.0642598],[0.106066,0.0642598],[0.106066,0.19278],[0.106066,0.321299],[0.106066,0.449819],[0.106066,0.578339],[0.106066,0.706858],[-0.106066,-0.706858],[-0.106066,-0.706858]] a0=(103,8000)  a1=(0.225,0.225) lst5=(2415902719,2415892189,2415893862,2415902719,2415902719,2415911576,1990508543,2415893862,2415892189,1925627903,1840857087,1990508543,1925627903,1744846847,1703297023,1840857087,1744846847,2952768028,2952769016,1703297023,2952768028,2952779234,2952778246,2952769016,1166426111,2952778246,2952779234,1207975935,1303986175,1166426111,1207975935,1388756991,1453637631,1303986175,1388756991,2415913249,2415911576,1453637631,2415913249,2415902719) lst6=[[69,81,20,41],[160,40,138,18]] aX=(02 00 00 30 00 00 00 00)
					objects[003C] = (0217): Face flags=46400000    u32_0=0000  u8_0=00 box=(-1.65,8,0,-1.35,8.3,0.07) key=14E4 u32_1=0000 u32_2=0000
						surface = (08BE): SurfaceCylinder dcIndices=[[1299,4294967295]] u32_0=0000 u8_0=00 center=Vector (-1.4999999999999996, 8.149999999999999, 0.22000000000000003) normal=Vector (0.0, 0.0, -1.0)
						edges[0000] = (08BF): Edge_D79AD3F3 flags=0000    u32_0=0000 points=[[-1.35,8.15,0],[-1.38509,8.05358,0],[-1.47395,8.00228,0],[-1.575,8.0201,0],[-1.64095,8.0987,0],[-1.64095,8.2013,0],[-1.575,8.2799,0],[-1.47395,8.29772,0],[-1.38509,8.24642,0],[-1.35,8.15,0.07],[-1.38509,8.24642,0.07],[-1.47395,8.29772,0.07],[-1.575,8.2799,0.07],[-1.64095,8.2013,0.07],[-1.64095,8.0987,0.07],[-1.575,8.0201,0.07],[-1.47395,8.00228,0.07],[-1.38509,8.05358,0.07],[-1.35,8.15,0.07],[-1.35,8.15,0]] lst1=(1,17,0,0,17,18,19,9,8,8,9,10,8,10,7,7,10,11,7,11,6,6,11,12,6,12,5,5,12,13,5,13,4,4,13,14,4,14,3,3,14,15,3,15,2,2,15,16,2,16,1,1,16,17) n=[[-1,0,0],[-0.766044,0.642788,0],[-0.173648,0.984808,0],[0.5,0.866025,0],[0.939693,0.34202,0],[0.939693,-0.34202,0],[0.5,-0.866025,0],[-0.173648,-0.984808,0],[-0.766044,-0.642788,0],[-1,0,0],[-0.766044,-0.642788,0],[-0.173648,-0.984808,0],[0.5,-0.866025,0],[0.939693,-0.34202,0],[0.939693,0.34202,0],[0.5,0.866025,0],[-0.173648,0.984808,0],[-0.766044,0.642788,0],[-1,0,0],[-1,0,0]] uv=[[0.22,-0.471239],[0.22,-0.366519],[0.22,-0.261799],[0.22,-0.15708],[0.22,-0.0523599],[0.22,0.0523599],[0.22,0.15708],[0.22,0.261799],[0.22,0.366519],[0.15,0.471239],[0.15,0.366519],[0.15,0.261799],[0.15,0.15708],[0.15,0.0523599],[0.15,-0.0523599],[0.15,-0.15708],[0.15,-0.261799],[0.15,-0.366519],[0.15,-0.471239],[0.22,0.471239]] a0=(103,8000)  a1=(0.15,0.15) lst5=(2415902719,2415892189,2415892189,2415902719,2415913249,2415902719,2415902719,2415913249,1388756991,2415913249,2415913249,1388756991,1207975935,1388756991,1388756991,1207975935,2952779234,1207975935,1207975935,2952779234,2952768028,2952779234,2952779234,2952768028,1744846847,2952768028,2952768028,1744846847,1925627903,1744846847,1744846847,1925627903,2415892189,1925627903,1925627903,2415892189) lst6=[[40,138,162,40],[0,40,138,162]] aX=(02 00 00 30 00 00 00 00)
					objects[003D] = (0218): Face flags=48400000    u32_0=0000  u8_0=00 box=(-5.9,6.85,0.07,-5.3,7.45,0.22) key=14E5 u32_1=0000 u32_2=0000
						surface = (08C0): SurfaceCylinder dcIndices=[[1382,4294967295]] u32_0=0000 u8_0=00 center=Vector (-5.6, 7.149999999999999, 0.14500000000000002) normal=Vector (0.0, 0.0, 1.0)
						edges[0000] = (08C1): Edge_D79AD3F3 flags=0000    u32_0=0000 points=[[-5.45,7.15,0.07],[-5.48509,7.05358,0.07],[-5.57395,7.00228,0.07],[-5.675,7.0201,0.07],[-5.74095,7.0987,0.07],[-5.74095,7.2013,0.07],[-5.675,7.2799,0.07],[-5.57395,7.29772,0.07],[-5.48509,7.24642,0.07],[-5.3,7.15,0.22],[-5.34762,7.31219,0.22],[-5.47538,7.42289,0.22],[-5.64269,7.44695,0.22],[-5.79646,7.37672,0.22],[-5.88785,7.23452,0.22],[-5.88785,7.06548,0.22],[-5.79646,6.92327,0.22],[-5.64269,6.85305,0.22],[-5.47538,6.87711,0.22],[-5.34762,6.98781,0.22],[-5.3,7.15,0.22],[-5.45,7.15,0.07],[-5.45,7.15,0.07]] lst1=(1,19,0,0,19,20,21,9,10,19,1,18,18,1,2,18,2,17,17,2,3,17,3,16,16,3,4,16,4,15,15,4,5,15,5,14,14,5,13,13,5,6,13,6,12,12,6,7,12,7,11,11,7,8,11,8,10,10,8,22) n=[[-0.707107,0,0.707107],[-0.541675,0.454519,0.707107],[-0.122788,0.696364,0.707107],[0.353553,0.612372,0.707107],[0.664463,0.241845,0.707107],[0.664463,-0.241845,0.707107],[0.353553,-0.612372,0.707107],[-0.122788,-0.696364,0.707107],[-0.541675,-0.454519,0.707107],[-0.707107,0,0.707107],[-0.594856,-0.382291,0.707107],[-0.293743,-0.643207,0.707107],[0.100632,-0.699909,0.707107],[0.463056,-0.534396,0.707107],[0.678464,-0.199215,0.707107],[0.678464,0.199215,0.707107],[0.463056,0.534396,0.707107],[0.100632,0.699909,0.707107],[-0.293743,0.643207,0.707107],[-0.594856,0.382291,0.707107],[-0.707107,0,0.707107],[-0.707107,0,0.707107],[-0.707107,0,0.707107]] uv=[[-0.106066,0.706858],[-0.106066,0.549779],[-0.106066,0.392699],[-0.106066,0.235619],[-0.106066,0.0785398],[-0.106066,-0.0785398],[-0.106066,-0.235619],[-0.106066,-0.392699],[-0.106066,-0.549779],[0.106066,-0.706858],[0.106066,-0.578339],[0.106066,-0.449819],[0.106066,-0.321299],[0.106066,-0.19278],[0.106066,-0.0642598],[0.106066,0.0642598],[0.106066,0.19278],[0.106066,0.321299],[0.106066,0.449819],[0.106066,0.578339],[0.106066,0.706858],[-0.106066,-0.706858],[-0.106066,-0.706858]] a0=(103,8000)  a1=(0.225,0.225) lst5=(2415902719,2415892189,2415893862,2415902719,2415902719,2415911576,1990508543,2415893862,2415892189,1925627903,1840857087,1990508543,1925627903,1744846847,1703297023,1840857087,1744846847,2952768028,2952769016,1703297023,2952768028,2952779234,2952778246,2952769016,1166426111,2952778246,2952779234,1207975935,1303986175,1166426111,1207975935,1388756991,1453637631,1303986175,1388756991,2415913249,2415911576,1453637631,2415913249,2415902719) lst6=[[69,81,20,41],[160,40,138,18]] aX=(02 00 00 30 00 00 00 00)
					objects[003E] = (0219): Face flags=46400000    u32_0=0000  u8_0=00 box=(-5.75,7,0,-5.45,7.3,0.07) key=14E6 u32_1=0000 u32_2=0000
						surface = (08C2): SurfaceCylinder dcIndices=[[1299,4294967295]] u32_0=0000 u8_0=00 center=Vector (-5.6, 7.149999999999999, 0.22000000000000003) normal=Vector (0.0, 0.0, -1.0)
						edges[0000] = (08C3): Edge_D79AD3F3 flags=0000    u32_0=0000 points=[[-5.45,7.15,0],[-5.48509,7.05358,0],[-5.57395,7.00228,0],[-5.675,7.0201,0],[-5.74095,7.0987,0],[-5.74095,7.2013,0],[-5.675,7.2799,0],[-5.57395,7.29772,0],[-5.48509,7.24642,0],[-5.45,7.15,0.07],[-5.48509,7.24642,0.07],[-5.57395,7.29772,0.07],[-5.675,7.2799,0.07],[-5.74095,7.2013,0.07],[-5.74095,7.0987,0.07],[-5.675,7.0201,0.07],[-5.57395,7.00228,0.07],[-5.48509,7.05358,0.07],[-5.45,7.15,0.07],[-5.45,7.15,0]] lst1=(1,17,0,0,17,18,19,9,8,8,9,10,8,10,7,7,10,11,7,11,6,6,11,12,6,12,5,5,12,13,5,13,4,4,13,14,4,14,3,3,14,15,3,15,2,2,15,16,2,16,1,1,16,17) n=[[-1,0,0],[-0.766044,0.642788,0],[-0.173648,0.984808,0],[0.5,0.866025,0],[0.939693,0.34202,0],[0.939693,-0.34202,0],[0.5,-0.866025,0],[-0.173648,-0.984808,0],[-0.766044,-0.642788,0],[-1,0,0],[-0.766044,-0.642788,0],[-0.173648,-0.984808,0],[0.5,-0.866025,0],[0.939693,-0.34202,0],[0.939693,0.34202,0],[0.5,0.866025,0],[-0.173648,0.984808,0],[-0.766044,0.642788,0],[-1,0,0],[-1,0,0]] uv=[[0.22,-0.471239],[0.22,-0.366519],[0.22,-0.261799],[0.22,-0.15708],[0.22,-0.0523599],[0.22,0.0523599],[0.22,0.15708],[0.22,0.261799],[0.22,0.366519],[0.15,0.471239],[0.15,0.366519],[0.15,0.261799],[0.15,0.15708],[0.15,0.0523599],[0.15,-0.0523599],[0.15,-0.15708],[0.15,-0.261799],[0.15,-0.366519],[0.15,-0.471239],[0.22,0.471239]] a0=(103,8000)  a1=(0.15,0.15) lst5=(2415902719,2415892189,2415892189,2415902719,2415913249,2415902719,2415902719,2415913249,1388756991,2415913249,2415913249,1388756991,1207975935,1388756991,1388756991,1207975935,2952779234,1207975935,1207975935,2952779234,2952768028,2952779234,2952779234,2952768028,1744846847,2952768028,2952768028,1744846847,1925627903,1744846847,1744846847,1925627903,2415892189,1925627903,1925627903,2415892189) lst6=[[40,138,162,40],[0,40,138,162]] aX=(02 00 00 30 00 00 00 00)
					objects[003F] = (021A): Face flags=48400000    u32_0=0000  u8_0=00 box=(-8.4,6.55,0.07,-7.80074,7.15,0.220133) key=14E7 u32_1=0000 u32_2=0000
						surface = (08C4): SurfaceCylinder dcIndices=[[1382,4294967295]] u32_0=0000 u8_0=00 center=Vector (-8.100000000000001, 6.849999999999998, 0.14500000000000002) normal=Vector (0.0, 0.0, 1.0)
						edges[0000] = (08C5): Edge_D79AD3F3 flags=0000    u32_0=0000 points=[[-7.95,6.85,0.07],[-7.98509,6.75358,0.07],[-8.07395,6.70228,0.07],[-8.175,6.7201,0.07],[-8.24095,6.7987,0.07],[-8.24095,6.9013,0.07],[-8.175,6.9799,0.07],[-8.07395,6.99772,0.07],[-7.98509,6.94642,0.07],[-7.80087,6.82717,0.22],[-7.85,6.95,0.189258],[-7.89913,7.07283,0.22],[-8.05904,7.14719,0.22],[-8.2331,7.11886,0.22],[-8.36117,6.99762,0.22],[-8.39899,6.82537,0.22],[-8.33349,6.66163,0.22],[-8.18731,6.56299,0.22],[-8.01096,6.56352,0.22],[-7.86538,6.66304,0.22],[-7.80087,6.82717,0.22],[-7.95,6.85,0.07],[-7.95,6.85,0.07],[-7.80087,6.82717,0.22]] lst1=(1,20,0,21,9,10,22,10,8,8,10,11,8,11,7,7,11,12,7,12,13,2,18,1,1,18,19,1,19,23,18,2,17,17,2,3,17,3,16,16,3,4,16,4,15,15,4,5,15,5,14,14,5,6,14,6,13,13,6,7) n=[[-0.707107,0,0.707107],[-0.541675,0.454519,0.707107],[-0.122788,0.696364,0.707107],[0.353553,0.612372,0.707107],[0.664463,0.241845,0.707107],[0.664463,-0.241845,0.707107],[0.353553,-0.612372,0.707107],[-0.122788,-0.696364,0.707107],[-0.541675,-0.454519,0.707107],[-0.705057,0.0538012,0.707107],[-0.656532,-0.262613,0.707107],[-0.473454,-0.525206,0.707107],[-0.0965522,-0.700484,0.707107],[0.313714,-0.633706,0.707107],[0.615575,-0.347948,0.707107],[0.70472,0.0580455,0.707107],[0.550346,0.443981,0.707107],[0.205797,0.676497,0.707107],[-0.209866,0.675245,0.707107],[-0.553009,0.440659,0.707107],[-0.705057,0.0538012,0.707107],[-0.707107,0,0.707107],[-0.707107,0,0.707107],[-0.705057,0.0538012,0.707107]] uv=[[-0.106066,0.706858],[-0.106066,0.549779],[-0.106066,0.392699],[-0.106066,0.235619],[-0.106066,0.0785398],[-0.106066,-0.0785398],[-0.106066,-0.235619],[-0.106066,-0.392699],[-0.106066,-0.549779],[0.106066,-0.723994],[0.0625906,-0.621244],[0.106066,-0.518494],[0.106066,-0.384248],[0.106066,-0.250002],[0.106066,-0.115756],[0.106066,0.0184908],[0.106066,0.152737],[0.106066,0.286983],[0.106066,0.42123],[0.106066,0.555476],[0.106066,0.689722],[-0.106066,-0.706858],[-0.106066,-0.706858],[0.106066,0.689722]] a0=(103,8000)  a1=(0.225,0.225) lst5=(2415902719,2415892189,704760214,805289983,2415913249,2415902719,805289983,905819753,1388756991,2415913249,1521860607,1378795519,1378795519,1223081983,2415892189,1925627903,1958690815,2415892510,2415892510,2415901473,1800945663,1958690815,1925627903,1744846847,2952763345,1800945663,1744846847,2952768028,2952772287,2952763345,2952768028,2952779234,2952781692,2952772287,2952779234,1207975935,1223081983,2952781692,1207975935,1388756991) lst6=[[72,145,162,40],[160,40,138,162]] aX=(02 00 00 30 00 00 00 00)
					objects[0040] = (021B): Face flags=48400000    u32_0=0000  u8_0=00 box=(-7.89926,6.75,0.07,-7.3,7.35,0.220133) key=14E8 u32_1=0000 u32_2=0000
						surface = (08C6): SurfaceCylinder dcIndices=[[1382,4294967295]] u32_0=0000 u8_0=00 center=Vector (-7.600000000000001, 7.049999999999999, 0.14500000000000002) normal=Vector (0.0, 0.0, 1.0)
						edges[0000] = (08C7): Edge_D79AD3F3 flags=0000    u32_0=0000 points=[[-7.89913,7.07283,0.22],[-7.85,6.95,0.189258],[-7.80087,6.82717,0.22],[-7.64096,6.75281,0.22],[-7.4669,6.78114,0.22],[-7.33883,6.90238,0.22],[-7.30101,7.07463,0.22],[-7.36651,7.23837,0.22],[-7.51269,7.33701,0.22],[-7.68904,7.33648,0.22],[-7.83462,7.23696,0.22],[-7.45,7.05,0.07],[-7.48509,6.95358,0.07],[-7.57395,6.90228,0.07],[-7.675,6.9201,0.07],[-7.74095,6.9987,0.07],[-7.74095,7.1013,0.07],[-7.675,7.1799,0.07],[-7.57395,7.19772,0.07],[-7.48509,7.14642,0.07],[-7.45,7.05,0.07],[-7.45,7.05,0.07],[-7.33883,6.90238,0.22],[-7.33883,6.90238,0.22]] lst1=(1,15,0,0,15,16,0,16,10,10,16,17,10,17,9,9,17,18,9,18,8,8,18,19,8,19,7,7,19,6,6,19,20,6,21,5,22,11,12,23,12,4,4,12,13,4,13,3,3,13,14,3,14,2,2,14,15,2,15,1) n=[[0.705057,-0.0538012,0.707107],[0.656532,0.262613,0.707107],[0.473454,0.525206,0.707107],[0.0965522,0.700484,0.707107],[-0.313714,0.633706,0.707107],[-0.615575,0.347948,0.707107],[-0.70472,-0.0580455,0.707107],[-0.550346,-0.443981,0.707107],[-0.205797,-0.676497,0.707107],[0.209866,-0.675245,0.707107],[0.553009,-0.440659,0.707107],[-0.707107,0,0.707107],[-0.541675,0.454519,0.707107],[-0.122788,0.696364,0.707107],[0.353553,0.612372,0.707107],[0.664463,0.241845,0.707107],[0.664463,-0.241845,0.707107],[0.353553,-0.612372,0.707107],[-0.122788,-0.696364,0.707107],[-0.541675,-0.454519,0.707107],[-0.707107,0,0.707107],[-0.707107,0,0.707107],[-0.615575,0.347948,0.707107],[-0.615575,0.347948,0.707107]] uv=[[0.106066,-0.017136],[0.0625906,0.0856139],[0.106066,0.188364],[0.106066,0.32261],[0.106066,0.456856],[0.106066,-0.822614],[0.106066,-0.688368],[0.106066,-0.554121],[0.106066,-0.419875],[0.106066,-0.285629],[0.106066,-0.151382],[-0.106066,0.706858],[-0.106066,0.549779],[-0.106066,0.392699],[-0.106066,0.235619],[-0.106066,0.0785398],[-0.106066,-0.0785398],[-0.106066,-0.235619],[-0.106066,-0.392699],[-0.106066,-0.549779],[-0.106066,-0.706858],[-0.106066,-0.706858],[0.106066,0.591103],[0.106066,0.591103]] a0=(103,8000)  a1=(0.225,0.225) lst5=(905819753,805289983,2952768028,2952779234,2952783840,2952774877,2952779234,1207975935,1262501887,2952783840,1207975935,1388756991,1420247039,1262501887,1388756991,2415913249,2415913005,1420247039,2415904063,2415913005,2415913249,2415902719,2415894658,2415904063,2415902719,2415892189,1998110719,2415894658,2415892189,1925627903,1842397183,1998110719,1925627903,1744846847,1699332095,1842397183,1744846847,2952768028,805289983,704760214) lst6=[[37,138,162,40],[16,69,81,20]] aX=(02 00 00 30 00 00 00 00)
					objects[0041] = (021C): Face flags=46400000    u32_0=0000  u8_0=00 box=(-8.25,6.7,0,-7.95,7,0.07) key=14E9 u32_1=0000 u32_2=0000
						surface = (08C8): SurfaceCylinder dcIndices=[[1299,4294967295]] u32_0=0000 u8_0=00 center=Vector (-8.100000000000001, 6.849999999999998, 0.22000000000000003) normal=Vector (0.0, 0.0, -1.0)
						edges[0000] = (08C9): Edge_D79AD3F3 flags=0000    u32_0=0000 points=[[-7.95,6.85,0],[-7.98509,6.75358,0],[-8.07395,6.70228,0],[-8.175,6.7201,0],[-8.24095,6.7987,0],[-8.24095,6.9013,0],[-8.175,6.9799,0],[-8.07395,6.99772,0],[-7.98509,6.94642,0],[-7.95,6.85,0.07],[-7.98509,6.94642,0.07],[-8.07395,6.99772,0.07],[-8.175,6.9799,0.07],[-8.24095,6.9013,0.07],[-8.24095,6.7987,0.07],[-8.175,6.7201,0.07],[-8.07395,6.70228,0.07],[-7.98509,6.75358,0.07],[-7.95,6.85,0.07],[-7.95,6.85,0]] lst1=(1,17,0,0,17,18,19,9,8,8,9,10,8,10,7,7,10,11,7,11,6,6,11,12,6,12,5,5,12,13,5,13,4,4,13,14,4,14,3,3,14,15,3,15,2,2,15,16,2,16,1,1,16,17) n=[[-1,0,0],[-0.766044,0.642788,0],[-0.173648,0.984808,0],[0.5,0.866025,0],[0.939693,0.34202,0],[0.939693,-0.34202,0],[0.5,-0.866025,0],[-0.173648,-0.984808,0],[-0.766044,-0.642788,0],[-1,0,0],[-0.766044,-0.642788,0],[-0.173648,-0.984808,0],[0.5,-0.866025,0],[0.939693,-0.34202,0],[0.939693,0.34202,0],[0.5,0.866025,0],[-0.173648,0.984808,0],[-0.766044,0.642788,0],[-1,0,0],[-1,0,0]] uv=[[0.22,-0.471239],[0.22,-0.366519],[0.22,-0.261799],[0.22,-0.15708],[0.22,-0.0523599],[0.22,0.0523599],[0.22,0.15708],[0.22,0.261799],[0.22,0.366519],[0.15,0.471239],[0.15,0.366519],[0.15,0.261799],[0.15,0.15708],[0.15,0.0523599],[0.15,-0.0523599],[0.15,-0.15708],[0.15,-0.261799],[0.15,-0.366519],[0.15,-0.471239],[0.22,0.471239]] a0=(103,8000)  a1=(0.15,0.15) lst5=(2415902719,2415892189,2415892189,2415902719,2415913249,2415902719,2415902719,2415913249,1388756991,2415913249,2415913249,1388756991,1207975935,1388756991,1388756991,1207975935,2952779234,1207975935,1207975935,2952779234,2952768028,2952779234,2952779234,2952768028,1744846847,2952768028,2952768028,1744846847,1925627903,1744846847,1744846847,1925627903,2415892189,1925627903,1925627903,2415892189) lst6=[[40,138,162,40],[0,40,138,162]] aX=(02 00 00 30 00 00 00 00)
					objects[0042] = (021D): Face flags=46400000    u32_0=0000  u8_0=00 box=(-7.75,6.9,0,-7.45,7.2,0.07) key=14EA u32_1=0000 u32_2=0000
						surface = (08CA): SurfaceCylinder dcIndices=[[1299,4294967295]] u32_0=0000 u8_0=00 center=Vector (-7.600000000000001, 7.049999999999999, 0.22000000000000003) normal=Vector (0.0, 0.0, -1.0)
						edges[0000] = (08CB): Edge_D79AD3F3 flags=0000    u32_0=0000 points=[[-7.45,7.05,0],[-7.48509,6.95358,0],[-7.57395,6.90228,0],[-7.675,6.9201,0],[-7.74095,6.9987,0],[-7.74095,7.1013,0],[-7.675,7.1799,0],[-7.57395,7.19772,0],[-7.48509,7.14642,0],[-7.45,7.05,0.07],[-7.48509,7.14642,0.07],[-7.57395,7.19772,0.07],[-7.675,7.1799,0.07],[-7.74095,7.1013,0.07],[-7.74095,6.9987,0.07],[-7.675,6.9201,0.07],[-7.57395,6.90228,0.07],[-7.48509,6.95358,0.07],[-7.45,7.05,0.07],[-7.45,7.05,0]] lst1=(1,17,0,0,17,18,19,9,8,8,9,10,8,10,7,7,10,11,7,11,6,6,11,12,6,12,5,5,12,13,5,13,4,4,13,14,4,14,3,3,14,15,3,15,2,2,15,16,2,16,1,1,16,17) n=[[-1,0,0],[-0.766044,0.642788,0],[-0.173648,0.984808,0],[0.5,0.866025,0],[0.939693,0.34202,0],[0.939693,-0.34202,0],[0.5,-0.866025,0],[-0.173648,-0.984808,0],[-0.766044,-0.642788,0],[-1,0,0],[-0.766044,-0.642788,0],[-0.173648,-0.984808,0],[0.5,-0.866025,0],[0.939693,-0.34202,0],[0.939693,0.34202,0],[0.5,0.866025,0],[-0.173648,0.984808,0],[-0.766044,0.642788,0],[-1,0,0],[-1,0,0]] uv=[[0.22,-0.471239],[0.22,-0.366519],[0.22,-0.261799],[0.22,-0.15708],[0.22,-0.0523599],[0.22,0.0523599],[0.22,0.15708],[0.22,0.261799],[0.22,0.366519],[0.15,0.471239],[0.15,0.366519],[0.15,0.261799],[0.15,0.15708],[0.15,0.0523599],[0.15,-0.0523599],[0.15,-0.15708],[0.15,-0.261799],[0.15,-0.366519],[0.15,-0.471239],[0.22,0.471239]] a0=(103,8000)  a1=(0.15,0.15) lst5=(2415902719,2415892189,2415892189,2415902719,2415913249,2415902719,2415902719,2415913249,1388756991,2415913249,2415913249,1388756991,1207975935,1388756991,1388756991,1207975935,2952779234,1207975935,1207975935,2952779234,2952768028,2952779234,2952779234,2952768028,1744846847,2952768028,2952768028,1744846847,1925627903,1744846847,1744846847,1925627903,2415892189,1925627903,1925627903,2415892189) lst6=[[40,138,162,40],[0,40,138,162]] aX=(02 00 00 30 00 00 00 00)
					objects[0043] = (021E): Face flags=48400000    u32_0=0000  u8_0=00 box=(-5.9,8.85,0.07,-5.3,9.45,0.22) key=14EB u32_1=0000 u32_2=0000
						surface = (08CC): SurfaceCylinder dcIndices=[[1382,4294967295]] u32_0=0000 u8_0=00 center=Vector (-5.6, 9.149999999999999, 0.14500000000000002) normal=Vector (0.0, 0.0, 1.0)
						edges[0000] = (08CD): Edge_D79AD3F3 flags=0000    u32_0=0000 points=[[-5.45,9.15,0.07],[-5.48509,9.05358,0.07],[-5.57395,9.00228,0.07],[-5.675,9.0201,0.07],[-5.74095,9.0987,0.07],[-5.74095,9.2013,0.07],[-5.675,9.2799,0.07],[-5.57395,9.29772,0.07],[-5.48509,9.24642,0.07],[-5.3,9.15,0.22],[-5.34762,9.31219,0.22],[-5.47538,9.42289,0.22],[-5.64269,9.44695,0.22],[-5.79646,9.37673,0.22],[-5.88785,9.23452,0.22],[-5.88785,9.06548,0.22],[-5.79646,8.92327,0.22],[-5.64269,8.85305,0.22],[-5.47538,8.87711,0.22],[-5.34762,8.98781,0.22],[-5.3,9.15,0.22],[-5.45,9.15,0.07],[-5.45,9.15,0.07]] lst1=(1,19,0,0,19,20,21,9,10,19,1,18,18,1,2,18,2,17,17,2,3,17,3,16,16,3,4,16,4,15,15,4,5,15,5,14,14,5,13,13,5,6,13,6,12,12,6,7,12,7,11,11,7,8,11,8,10,10,8,22) n=[[-0.707107,0,0.707107],[-0.541675,0.454519,0.707107],[-0.122788,0.696364,0.707107],[0.353553,0.612372,0.707107],[0.664463,0.241845,0.707107],[0.664463,-0.241845,0.707107],[0.353553,-0.612372,0.707107],[-0.122788,-0.696364,0.707107],[-0.541675,-0.454519,0.707107],[-0.707107,0,0.707107],[-0.594856,-0.382291,0.707107],[-0.293743,-0.643207,0.707107],[0.100632,-0.699909,0.707107],[0.463056,-0.534396,0.707107],[0.678464,-0.199215,0.707107],[0.678464,0.199215,0.707107],[0.463056,0.534396,0.707107],[0.100632,0.699909,0.707107],[-0.293743,0.643207,0.707107],[-0.594856,0.382291,0.707107],[-0.707107,0,0.707107],[-0.707107,0,0.707107],[-0.707107,0,0.707107]] uv=[[-0.106066,0.706858],[-0.106066,0.549779],[-0.106066,0.392699],[-0.106066,0.235619],[-0.106066,0.0785398],[-0.106066,-0.0785398],[-0.106066,-0.235619],[-0.106066,-0.392699],[-0.106066,-0.549779],[0.106066,-0.706858],[0.106066,-0.578339],[0.106066,-0.449819],[0.106066,-0.321299],[0.106066,-0.19278],[0.106066,-0.0642598],[0.106066,0.0642598],[0.106066,0.19278],[0.106066,0.321299],[0.106066,0.449819],[0.106066,0.578339],[0.106066,0.706858],[-0.106066,-0.706858],[-0.106066,-0.706858]] a0=(103,8000)  a1=(0.225,0.225) lst5=(2415902719,2415892189,2415893862,2415902719,2415902719,2415911576,1990508543,2415893862,2415892189,1925627903,1840857087,1990508543,1925627903,1744846847,1703297023,1840857087,1744846847,2952768028,2952769016,1703297023,2952768028,2952779234,2952778246,2952769016,1166426111,2952778246,2952779234,1207975935,1303986175,1166426111,1207975935,1388756991,1453637631,1303986175,1388756991,2415913249,2415911576,1453637631,2415913249,2415902719) lst6=[[69,81,20,41],[160,40,138,18]] aX=(02 00 00 30 00 00 00 00)
					objects[0044] = (021F): Face flags=46400000    u32_0=0000  u8_0=00 box=(-5.75,9,0,-5.45,9.3,0.07) key=14EC u32_1=0000 u32_2=0000
						surface = (08CE): SurfaceCylinder dcIndices=[[1299,4294967295]] u32_0=0000 u8_0=00 center=Vector (-5.6, 9.149999999999999, 0.22000000000000003) normal=Vector (0.0, 0.0, -1.0)
						edges[0000] = (08CF): Edge_D79AD3F3 flags=0000    u32_0=0000 points=[[-5.45,9.15,0],[-5.48509,9.05358,0],[-5.57395,9.00228,0],[-5.675,9.0201,0],[-5.74095,9.0987,0],[-5.74095,9.2013,0],[-5.675,9.2799,0],[-5.57395,9.29772,0],[-5.48509,9.24642,0],[-5.45,9.15,0.07],[-5.48509,9.24642,0.07],[-5.57395,9.29772,0.07],[-5.675,9.2799,0.07],[-5.74095,9.2013,0.07],[-5.74095,9.0987,0.07],[-5.675,9.0201,0.07],[-5.57395,9.00228,0.07],[-5.48509,9.05358,0.07],[-5.45,9.15,0.07],[-5.45,9.15,0]] lst1=(1,17,0,0,17,18,19,9,8,8,9,10,8,10,7,7,10,11,7,11,6,6,11,12,6,12,5,5,12,13,5,13,4,4,13,14,4,14,3,3,14,15,3,15,2,2,15,16,2,16,1,1,16,17) n=[[-1,0,0],[-0.766044,0.642788,0],[-0.173648,0.984808,0],[0.5,0.866025,0],[0.939693,0.34202,0],[0.939693,-0.34202,0],[0.5,-0.866025,0],[-0.173648,-0.984808,0],[-0.766044,-0.642788,0],[-1,0,0],[-0.766044,-0.642788,0],[-0.173648,-0.984808,0],[0.5,-0.866025,0],[0.939693,-0.34202,0],[0.939693,0.34202,0],[0.5,0.866025,0],[-0.173648,0.984808,0],[-0.766044,0.642788,0],[-1,0,0],[-1,0,0]] uv=[[0.22,-0.471239],[0.22,-0.366519],[0.22,-0.261799],[0.22,-0.15708],[0.22,-0.0523599],[0.22,0.0523599],[0.22,0.15708],[0.22,0.261799],[0.22,0.366519],[0.15,0.471239],[0.15,0.366519],[0.15,0.261799],[0.15,0.15708],[0.15,0.0523599],[0.15,-0.0523599],[0.15,-0.15708],[0.15,-0.261799],[0.15,-0.366519],[0.15,-0.471239],[0.22,0.471239]] a0=(103,8000)  a1=(0.15,0.15) lst5=(2415902719,2415892189,2415892189,2415902719,2415913249,2415902719,2415902719,2415913249,1388756991,2415913249,2415913249,1388756991,1207975935,1388756991,1388756991,1207975935,2952779234,1207975935,1207975935,2952779234,2952768028,2952779234,2952779234,2952768028,1744846847,2952768028,2952768028,1744846847,1925627903,1744846847,1744846847,1925627903,2415892189,1925627903,1925627903,2415892189) lst6=[[40,138,162,40],[0,40,138,162]] aX=(02 00 00 30 00 00 00 00)
					objects[0045] = (0220): Face flags=48400000    u32_0=0000  u8_0=00 box=(-7.89926,8.95,0.07,-7.3,9.55,0.220133) key=14ED u32_1=0000 u32_2=0000
						surface = (08D0): SurfaceCylinder dcIndices=[[1382,4294967295]] u32_0=0000 u8_0=00 center=Vector (-7.600000000000001, 9.249999999999998, 0.14500000000000002) normal=Vector (0.0, 0.0, 1.0)
						edges[0000] = (08D1): Edge_D79AD3F3 flags=0000    u32_0=0000 points=[[-7.45,9.25,0.07],[-7.48509,9.15358,0.07],[-7.57395,9.10228,0.07],[-7.675,9.1201,0.07],[-7.74095,9.1987,0.07],[-7.74095,9.3013,0.07],[-7.675,9.3799,0.07],[-7.57395,9.39772,0.07],[-7.48509,9.34642,0.07],[-7.80087,9.47283,0.22],[-7.85,9.35,0.189258],[-7.89913,9.22717,0.22],[-7.83462,9.06304,0.22],[-7.68904,8.96352,0.22],[-7.51269,8.96299,0.22],[-7.36651,9.06164,0.22],[-7.30101,9.22537,0.22],[-7.33883,9.39762,0.22],[-7.4669,9.51886,0.22],[-7.64096,9.54719,0.22],[-7.30101,9.22537,0.22],[-7.45,9.25,0.07],[-7.45,9.25,0.07],[-7.30101,9.22537,0.22]] lst1=(1,20,0,21,16,17,22,17,8,8,17,18,8,18,7,7,18,19,7,19,6,6,19,9,6,9,5,5,9,10,5,10,11,2,14,1,1,14,15,1,15,23,14,2,13,13,2,3,13,3,12,12,3,4,12,4,11,11,4,5) n=[[-0.707107,0,0.707107],[-0.541675,0.454519,0.707107],[-0.122788,0.696364,0.707107],[0.353553,0.612372,0.707107],[0.664463,0.241845,0.707107],[0.664463,-0.241845,0.707107],[0.353553,-0.612372,0.707107],[-0.122788,-0.696364,0.707107],[-0.541675,-0.454519,0.707107],[0.473454,-0.525206,0.707107],[0.656532,-0.262613,0.707107],[0.705057,0.0538012,0.707107],[0.553009,0.440659,0.707107],[0.209866,0.675245,0.707107],[-0.205797,0.676497,0.707107],[-0.550346,0.443981,0.707107],[-0.70472,0.0580455,0.707107],[-0.615575,-0.347948,0.707107],[-0.313714,-0.633706,0.707107],[0.0965522,-0.700484,0.707107],[-0.70472,0.0580455,0.707107],[-0.707107,0,0.707107],[-0.707107,0,0.707107],[-0.70472,0.0580455,0.707107]] uv=[[-0.106066,0.706858],[-0.106066,0.549779],[-0.106066,0.392699],[-0.106066,0.235619],[-0.106066,0.0785398],[-0.106066,-0.0785398],[-0.106066,-0.235619],[-0.106066,-0.392699],[-0.106066,-0.549779],[0.106066,-0.188364],[0.0625906,-0.0856139],[0.106066,0.017136],[0.106066,0.151382],[0.106066,0.285629],[0.106066,0.419875],[0.106066,0.554121],[0.106066,-0.725349],[0.106066,-0.591103],[0.106066,-0.456856],[0.106066,-0.32261],[0.106066,0.688368],[-0.106066,-0.706858],[-0.106066,-0.706858],[0.106066,0.688368]] a0=(103,8000)  a1=(0.225,0.225) lst5=(2415902719,2415892189,2415901375,2415910780,2415913249,2415902719,2415910780,1461207039,1388756991,2415913249,1461207039,1305526271,1207975935,1388756991,1305526271,1162461183,2952779234,1207975935,905824662,805289983,805289983,704755305,2415892189,1925627903,1957117951,2415892433,2415892433,2415901375,1799372799,1957117951,1925627903,1744846847,2952763422,1799372799,1744846847,2952768028,2952772385,2952763422,2952768028,2952779234) lst6=[[41,138,162,40],[160,40,138,20]] aX=(02 00 00 30 00 00 00 00)
					objects[0046] = (0221): Face flags=48400000    u32_0=0000  u8_0=00 box=(-8.4,9.15,0.07,-7.80074,9.75,0.220133) key=14EE u32_1=0000 u32_2=0000
						surface = (08D2): SurfaceCylinder dcIndices=[[1382,4294967295]] u32_0=0000 u8_0=00 center=Vector (-8.100000000000001, 9.45, 0.14500000000000002) normal=Vector (0.0, 0.0, 1.0)
						edges[0000] = (08D3): Edge_D79AD3F3 flags=0000    u32_0=0000 points=[[-7.89913,9.22717,0.22],[-7.85,9.35,0.189258],[-7.80087,9.47283,0.22],[-7.86538,9.63696,0.22],[-8.01096,9.73648,0.22],[-8.18731,9.73701,0.22],[-8.33349,9.63836,0.22],[-8.39899,9.47463,0.22],[-8.36117,9.30238,0.22],[-8.2331,9.18114,0.22],[-8.05904,9.15281,0.22],[-7.95,9.45,0.07],[-7.98509,9.35358,0.07],[-8.07395,9.30228,0.07],[-8.175,9.3201,0.07],[-8.24095,9.3987,0.07],[-8.24095,9.5013,0.07],[-8.175,9.5799,0.07],[-8.07395,9.59772,0.07],[-7.98509,9.54642,0.07],[-7.85,9.35,0.189258],[-7.95,9.45,0.07],[-7.95,9.45,0.07],[-7.85,9.35,0.189258]] lst1=(20,12,0,0,12,13,0,13,10,10,13,9,9,13,14,9,14,8,8,14,15,8,15,7,7,15,16,7,16,6,6,16,17,6,17,5,5,17,18,5,18,4,4,18,19,4,19,3,3,19,2,2,19,21,2,22,1,23,11,12) n=[[-0.473454,0.525206,0.707107],[-0.656532,0.262613,0.707107],[-0.705057,-0.0538012,0.707107],[-0.553009,-0.440659,0.707107],[-0.209866,-0.675245,0.707107],[0.205797,-0.676497,0.707107],[0.550346,-0.443981,0.707107],[0.70472,-0.0580455,0.707107],[0.615575,0.347948,0.707107],[0.313714,0.633706,0.707107],[-0.0965522,0.700484,0.707107],[-0.707107,0,0.707107],[-0.541675,0.454519,0.707107],[-0.122788,0.696364,0.707107],[0.353553,0.612372,0.707107],[0.664463,0.241845,0.707107],[0.664463,-0.241845,0.707107],[0.353553,-0.612372,0.707107],[-0.122788,-0.696364,0.707107],[-0.541675,-0.454519,0.707107],[-0.656532,0.262613,0.707107],[-0.707107,0,0.707107],[-0.707107,0,0.707107],[-0.656532,0.262613,0.707107]] uv=[[0.106066,0.518494],[0.0625906,-0.792472],[0.106066,-0.689722],[0.106066,-0.555476],[0.106066,-0.42123],[0.106066,-0.286983],[0.106066,-0.152737],[0.106066,-0.0184908],[0.106066,0.115756],[0.106066,0.250002],[0.106066,0.384248],[-0.106066,0.706858],[-0.106066,0.549779],[-0.106066,0.392699],[-0.106066,0.235619],[-0.106066,0.0785398],[-0.106066,-0.0785398],[-0.106066,-0.235619],[-0.106066,-0.392699],[-0.106066,-0.549779],[0.0625906,0.621244],[-0.106066,-0.706858],[-0.106066,-0.706858],[0.0625906,0.621244]] a0=(103,8000)  a1=(0.225,0.225) lst5=(704755305,805289983,2415892189,1925627903,1915666431,2058731519,1759952895,1915666431,1925627903,1744846847,2952765570,1759952895,1744846847,2952768028,2952774975,2952765570,2952768028,2952779234,2952783917,2952774975,2952779234,1207975935,1264074751,2952783917,1207975935,1388756991,1421819903,1264074751,1388756991,2415913249,2415912928,1421819903,2415903965,2415912928,2415913249,2415902719,805289983,905824662,2415902719,2415892189) lst6=[[69,81,148,40],[160,40,81,20]] aX=(02 00 00 30 00 00 00 00)
					objects[0047] = (0222): Face flags=46400000    u32_0=0000  u8_0=00 box=(-7.75,9.1,0,-7.45,9.4,0.07) key=14EF u32_1=0000 u32_2=0000
						surface = (08D4): SurfaceCylinder dcIndices=[[1299,4294967295]] u32_0=0000 u8_0=00 center=Vector (-7.600000000000001, 9.249999999999998, 0.22000000000000003) normal=Vector (0.0, 0.0, -1.0)
						edges[0000] = (08D5): Edge_D79AD3F3 flags=0000    u32_0=0000 points=[[-7.45,9.25,0],[-7.48509,9.15358,0],[-7.57395,9.10228,0],[-7.675,9.1201,0],[-7.74095,9.1987,0],[-7.74095,9.3013,0],[-7.675,9.3799,0],[-7.57395,9.39772,0],[-7.48509,9.34642,0],[-7.45,9.25,0.07],[-7.48509,9.34642,0.07],[-7.57395,9.39772,0.07],[-7.675,9.3799,0.07],[-7.74095,9.3013,0.07],[-7.74095,9.1987,0.07],[-7.675,9.1201,0.07],[-7.57395,9.10228,0.07],[-7.48509,9.15358,0.07],[-7.45,9.25,0.07],[-7.45,9.25,0]] lst1=(1,17,0,0,17,18,19,9,8,8,9,10,8,10,7,7,10,11,7,11,6,6,11,12,6,12,5,5,12,13,5,13,4,4,13,14,4,14,3,3,14,15,3,15,2,2,15,16,2,16,1,1,16,17) n=[[-1,0,0],[-0.766044,0.642788,0],[-0.173648,0.984808,0],[0.5,0.866025,0],[0.939693,0.34202,0],[0.939693,-0.34202,0],[0.5,-0.866025,0],[-0.173648,-0.984808,0],[-0.766044,-0.642788,0],[-1,0,0],[-0.766044,-0.642788,0],[-0.173648,-0.984808,0],[0.5,-0.866025,0],[0.939693,-0.34202,0],[0.939693,0.34202,0],[0.5,0.866025,0],[-0.173648,0.984808,0],[-0.766044,0.642788,0],[-1,0,0],[-1,0,0]] uv=[[0.22,-0.471239],[0.22,-0.366519],[0.22,-0.261799],[0.22,-0.15708],[0.22,-0.0523599],[0.22,0.0523599],[0.22,0.15708],[0.22,0.261799],[0.22,0.366519],[0.15,0.471239],[0.15,0.366519],[0.15,0.261799],[0.15,0.15708],[0.15,0.0523599],[0.15,-0.0523599],[0.15,-0.15708],[0.15,-0.261799],[0.15,-0.366519],[0.15,-0.471239],[0.22,0.471239]] a0=(103,8000)  a1=(0.15,0.15) lst5=(2415902719,2415892189,2415892189,2415902719,2415913249,2415902719,2415902719,2415913249,1388756991,2415913249,2415913249,1388756991,1207975935,1388756991,1388756991,1207975935,2952779234,1207975935,1207975935,2952779234,2952768028,2952779234,2952779234,2952768028,1744846847,2952768028,2952768028,1744846847,1925627903,1744846847,1744846847,1925627903,2415892189,1925627903,1925627903,2415892189) lst6=[[40,138,162,40],[0,40,138,162]] aX=(02 00 00 30 00 00 00 00)
					objects[0048] = (0223): Face flags=46400000    u32_0=0000  u8_0=00 box=(-8.25,9.3,0,-7.95,9.6,0.07) key=14F0 u32_1=0000 u32_2=0000
						surface = (08D6): SurfaceCylinder dcIndices=[[1299,4294967295]] u32_0=0000 u8_0=00 center=Vector (-8.100000000000001, 9.45, 0.22000000000000003) normal=Vector (0.0, 0.0, -1.0)
						edges[0000] = (08D7): Edge_D79AD3F3 flags=0000    u32_0=0000 points=[[-7.95,9.45,0],[-7.98509,9.35358,0],[-8.07395,9.30228,0],[-8.175,9.3201,0],[-8.24095,9.3987,0],[-8.24095,9.5013,0],[-8.175,9.5799,0],[-8.07395,9.59772,0],[-7.98509,9.54642,0],[-7.95,9.45,0.07],[-7.98509,9.54642,0.07],[-8.07395,9.59772,0.07],[-8.175,9.5799,0.07],[-8.24095,9.5013,0.07],[-8.24095,9.3987,0.07],[-8.175,9.3201,0.07],[-8.07395,9.30228,0.07],[-7.98509,9.35358,0.07],[-7.95,9.45,0.07],[-7.95,9.45,0]] lst1=(1,17,0,0,17,18,19,9,8,8,9,10,8,10,7,7,10,11,7,11,6,6,11,12,6,12,5,5,12,13,5,13,4,4,13,14,4,14,3,3,14,15,3,15,2,2,15,16,2,16,1,1,16,17) n=[[-1,0,0],[-0.766044,0.642788,0],[-0.173648,0.984808,0],[0.5,0.866025,0],[0.939693,0.34202,0],[0.939693,-0.34202,0],[0.5,-0.866025,0],[-0.173648,-0.984808,0],[-0.766044,-0.642788,0],[-1,0,0],[-0.766044,-0.642788,0],[-0.173648,-0.984808,0],[0.5,-0.866025,0],[0.939693,-0.34202,0],[0.939693,0.34202,0],[0.5,0.866025,0],[-0.173648,0.984808,0],[-0.766044,0.642788,0],[-1,0,0],[-1,0,0]] uv=[[0.22,-0.471239],[0.22,-0.366519],[0.22,-0.261799],[0.22,-0.15708],[0.22,-0.0523599],[0.22,0.0523599],[0.22,0.15708],[0.22,0.261799],[0.22,0.366519],[0.15,0.471239],[0.15,0.366519],[0.15,0.261799],[0.15,0.15708],[0.15,0.0523599],[0.15,-0.0523599],[0.15,-0.15708],[0.15,-0.261799],[0.15,-0.366519],[0.15,-0.471239],[0.22,0.471239]] a0=(103,8000)  a1=(0.15,0.15) lst5=(2415902719,2415892189,2415892189,2415902719,2415913249,2415902719,2415902719,2415913249,1388756991,2415913249,2415913249,1388756991,1207975935,1388756991,1388756991,1207975935,2952779234,1207975935,1207975935,2952779234,2952768028,2952779234,2952779234,2952768028,1744846847,2952768028,2952768028,1744846847,1925627903,1744846847,1744846847,1925627903,2415892189,1925627903,1925627903,2415892189) lst6=[[40,138,162,40],[0,40,138,162]] aX=(02 00 00 30 00 00 00 00)
					objects[0049] = (0224): Face flags=48400000    u32_0=0000  u8_0=00 box=(-24.05,4.65,0.07,-23.45,5.25,0.22) key=14F1 u32_1=0000 u32_2=0000
						surface = (08D8): SurfaceCylinder dcIndices=[[1382,4294967295]] u32_0=0000 u8_0=00 center=Vector (-23.750000000000007, 4.949999999999999, 0.14500000000000002) normal=Vector (0.0, 0.0, 1.0)
						edges[0000] = (08D9): Edge_D79AD3F3 flags=0000    u32_0=0000 points=[[-23.6,4.95,0.07],[-23.6351,4.85358,0.07],[-23.724,4.80228,0.07],[-23.825,4.8201,0.07],[-23.891,4.8987,0.07],[-23.891,5.0013,0.07],[-23.825,5.0799,0.07],[-23.724,5.09772,0.07],[-23.6351,5.04642,0.07],[-23.45,4.95,0.22],[-23.4976,5.11219,0.22],[-23.6254,5.22289,0.22],[-23.7927,5.24695,0.22],[-23.9465,5.17672,0.22],[-24.0378,5.03452,0.22],[-24.0378,4.86548,0.22],[-23.9465,4.72328,0.22],[-23.7927,4.65305,0.22],[-23.6254,4.67711,0.22],[-23.4976,4.78781,0.22],[-23.45,4.95,0.22],[-23.6,4.95,0.07],[-23.6,4.95,0.07]] lst1=(1,19,0,0,19,20,21,9,10,19,1,18,18,1,2,18,2,17,17,2,3,17,3,16,16,3,4,16,4,15,15,4,5,15,5,14,14,5,13,13,5,6,13,6,12,12,6,7,12,7,11,11,7,8,11,8,10,10,8,22) n=[[-0.707107,0,0.707107],[-0.541675,0.454519,0.707107],[-0.122788,0.696364,0.707107],[0.353553,0.612372,0.707107],[0.664463,0.241845,0.707107],[0.664463,-0.241845,0.707107],[0.353553,-0.612372,0.707107],[-0.122788,-0.696364,0.707107],[-0.541675,-0.454519,0.707107],[-0.707107,0,0.707107],[-0.594856,-0.382291,0.707107],[-0.293743,-0.643207,0.707107],[0.100632,-0.699909,0.707107],[0.463056,-0.534396,0.707107],[0.678464,-0.199215,0.707107],[0.678464,0.199215,0.707107],[0.463056,0.534396,0.707107],[0.100632,0.699909,0.707107],[-0.293743,0.643207,0.707107],[-0.594856,0.382291,0.707107],[-0.707107,0,0.707107],[-0.707107,0,0.707107],[-0.707107,0,0.707107]] uv=[[-0.106066,0.706858],[-0.106066,0.549779],[-0.106066,0.392699],[-0.106066,0.235619],[-0.106066,0.0785398],[-0.106066,-0.0785398],[-0.106066,-0.235619],[-0.106066,-0.392699],[-0.106066,-0.549779],[0.106066,-0.706858],[0.106066,-0.578339],[0.106066,-0.449819],[0.106066,-0.321299],[0.106066,-0.19278],[0.106066,-0.0642598],[0.106066,0.0642598],[0.106066,0.19278],[0.106066,0.321299],[0.106066,0.449819],[0.106066,0.578339],[0.106066,0.706858],[-0.106066,-0.706858],[-0.106066,-0.706858]] a0=(103,8000)  a1=(0.225,0.225) lst5=(2415902719,2415892189,2415893862,2415902719,2415902719,2415911576,1990508543,2415893862,2415892189,1925627903,1840857087,1990508543,1925627903,1744846847,1703297023,1840857087,1744846847,2952768028,2952769016,1703297023,2952768028,2952779234,2952778246,2952769016,1166426111,2952778246,2952779234,1207975935,1303986175,1166426111,1207975935,1388756991,1453637631,1303986175,1388756991,2415913249,2415911576,1453637631,2415913249,2415902719) lst6=[[69,81,20,41],[160,40,138,18]] aX=(02 00 00 30 00 00 00 00)
					objects[004A] = (0225): Face flags=46400000    u32_0=0000  u8_0=00 box=(-23.9,4.8,0,-23.6,5.1,0.07) key=14F2 u32_1=0000 u32_2=0000
						surface = (08DA): SurfaceCylinder dcIndices=[[1299,4294967295]] u32_0=0000 u8_0=00 center=Vector (-23.750000000000007, 4.949999999999999, 0.22000000000000003) normal=Vector (0.0, 0.0, -1.0)
						edges[0000] = (08DB): Edge_D79AD3F3 flags=0000    u32_0=0000 points=[[-23.6,4.95,0],[-23.6351,4.85358,0],[-23.724,4.80228,0],[-23.825,4.8201,0],[-23.891,4.8987,0],[-23.891,5.0013,0],[-23.825,5.0799,0],[-23.724,5.09772,0],[-23.6351,5.04642,0],[-23.6,4.95,0.07],[-23.6351,5.04642,0.07],[-23.724,5.09772,0.07],[-23.825,5.0799,0.07],[-23.891,5.0013,0.07],[-23.891,4.8987,0.07],[-23.825,4.8201,0.07],[-23.724,4.80228,0.07],[-23.6351,4.85358,0.07],[-23.6,4.95,0.07],[-23.6,4.95,0]] lst1=(1,17,0,0,17,18,19,9,8,8,9,10,8,10,7,7,10,11,7,11,6,6,11,12,6,12,5,5,12,13,5,13,4,4,13,14,4,14,3,3,14,15,3,15,2,2,15,16,2,16,1,1,16,17) n=[[-1,0,0],[-0.766044,0.642788,0],[-0.173648,0.984808,0],[0.5,0.866025,0],[0.939693,0.34202,0],[0.939693,-0.34202,0],[0.5,-0.866025,0],[-0.173648,-0.984808,0],[-0.766044,-0.642788,0],[-1,0,0],[-0.766044,-0.642788,0],[-0.173648,-0.984808,0],[0.5,-0.866025,0],[0.939693,-0.34202,0],[0.939693,0.34202,0],[0.5,0.866025,0],[-0.173648,0.984808,0],[-0.766044,0.642788,0],[-1,0,0],[-1,0,0]] uv=[[0.22,-0.471239],[0.22,-0.366519],[0.22,-0.261799],[0.22,-0.15708],[0.22,-0.0523599],[0.22,0.0523599],[0.22,0.15708],[0.22,0.261799],[0.22,0.366519],[0.15,0.471239],[0.15,0.366519],[0.15,0.261799],[0.15,0.15708],[0.15,0.0523599],[0.15,-0.0523599],[0.15,-0.15708],[0.15,-0.261799],[0.15,-0.366519],[0.15,-0.471239],[0.22,0.471239]] a0=(103,8000)  a1=(0.15,0.15) lst5=(2415902719,2415892189,2415892189,2415902719,2415913249,2415902719,2415902719,2415913249,1388756991,2415913249,2415913249,1388756991,1207975935,1388756991,1388756991,1207975935,2952779234,1207975935,1207975935,2952779234,2952768028,2952779234,2952779234,2952768028,1744846847,2952768028,2952768028,1744846847,1925627903,1744846847,1744846847,1925627903,2415892189,1925627903,1925627903,2415892189) lst6=[[40,138,162,40],[0,40,138,162]] aX=(02 00 00 30 00 00 00 00)
					objects[004B] = (0226): Face flags=48400000    u32_0=0000  u8_0=00 box=(-21.4,5.9,0.07,-20.8,6.5,0.22) key=14F3 u32_1=0000 u32_2=0000
						surface = (08DC): SurfaceCylinder dcIndices=[[1382,4294967295]] u32_0=0000 u8_0=00 center=Vector (-21.100000000000005, 6.1999999999999975, 0.14500000000000002) normal=Vector (0.0, 0.0, 1.0)
						edges[0000] = (08DD): Edge_D79AD3F3 flags=0000    u32_0=0000 points=[[-20.95,6.2,0.07],[-20.9851,6.10358,0.07],[-21.074,6.05228,0.07],[-21.175,6.0701,0.07],[-21.241,6.1487,0.07],[-21.241,6.2513,0.07],[-21.175,6.3299,0.07],[-21.074,6.34772,0.07],[-20.9851,6.29642,0.07],[-20.8,6.2,0.22],[-20.8476,6.36219,0.22],[-20.9754,6.47289,0.22],[-21.1427,6.49695,0.22],[-21.2965,6.42672,0.22],[-21.3878,6.28452,0.22],[-21.3878,6.11548,0.22],[-21.2965,5.97328,0.22],[-21.1427,5.90305,0.22],[-20.9754,5.92711,0.22],[-20.8476,6.03781,0.22],[-20.8,6.2,0.22],[-20.95,6.2,0.07],[-20.95,6.2,0.07]] lst1=(1,19,0,0,19,20,21,9,10,19,1,18,18,1,2,18,2,17,17,2,3,17,3,16,16,3,4,16,4,15,15,4,5,15,5,14,14,5,13,13,5,6,13,6,12,12,6,7,12,7,11,11,7,8,11,8,10,10,8,22) n=[[-0.707107,0,0.707107],[-0.541675,0.454519,0.707107],[-0.122788,0.696364,0.707107],[0.353553,0.612372,0.707107],[0.664463,0.241845,0.707107],[0.664463,-0.241845,0.707107],[0.353553,-0.612372,0.707107],[-0.122788,-0.696364,0.707107],[-0.541675,-0.454519,0.707107],[-0.707107,0,0.707107],[-0.594856,-0.382291,0.707107],[-0.293743,-0.643207,0.707107],[0.100632,-0.699909,0.707107],[0.463056,-0.534396,0.707107],[0.678464,-0.199215,0.707107],[0.678464,0.199215,0.707107],[0.463056,0.534396,0.707107],[0.100632,0.699909,0.707107],[-0.293743,0.643207,0.707107],[-0.594856,0.382291,0.707107],[-0.707107,0,0.707107],[-0.707107,0,0.707107],[-0.707107,0,0.707107]] uv=[[-0.106066,0.706858],[-0.106066,0.549779],[-0.106066,0.392699],[-0.106066,0.235619],[-0.106066,0.0785398],[-0.106066,-0.0785398],[-0.106066,-0.235619],[-0.106066,-0.392699],[-0.106066,-0.549779],[0.106066,-0.706858],[0.106066,-0.578339],[0.106066,-0.449819],[0.106066,-0.321299],[0.106066,-0.19278],[0.106066,-0.0642598],[0.106066,0.0642598],[0.106066,0.19278],[0.106066,0.321299],[0.106066,0.449819],[0.106066,0.578339],[0.106066,0.706858],[-0.106066,-0.706858],[-0.106066,-0.706858]] a0=(103,8000)  a1=(0.225,0.225) lst5=(2415902719,2415892189,2415893862,2415902719,2415902719,2415911576,1990508543,2415893862,2415892189,1925627903,1840857087,1990508543,1925627903,1744846847,1703297023,1840857087,1744846847,2952768028,2952769016,1703297023,2952768028,2952779234,2952778246,2952769016,1166426111,2952778246,2952779234,1207975935,1303986175,1166426111,1207975935,1388756991,1453637631,1303986175,1388756991,2415913249,2415911576,1453637631,2415913249,2415902719) lst6=[[69,81,20,41],[160,40,138,18]] aX=(02 00 00 30 00 00 00 00)
					objects[004C] = (0227): Face flags=46400000    u32_0=0000  u8_0=00 box=(-21.25,6.05,0,-20.95,6.35,0.07) key=14F4 u32_1=0000 u32_2=0000
						surface = (08DE): SurfaceCylinder dcIndices=[[1299,4294967295]] u32_0=0000 u8_0=00 center=Vector (-21.100000000000005, 6.1999999999999975, 0.22000000000000003) normal=Vector (0.0, 0.0, -1.0)
						edges[0000] = (08DF): Edge_D79AD3F3 flags=0000    u32_0=0000 points=[[-20.95,6.2,0],[-20.9851,6.10358,0],[-21.074,6.05228,0],[-21.175,6.0701,0],[-21.241,6.1487,0],[-21.241,6.2513,0],[-21.175,6.3299,0],[-21.074,6.34772,0],[-20.9851,6.29642,0],[-20.95,6.2,0.07],[-20.9851,6.29642,0.07],[-21.074,6.34772,0.07],[-21.175,6.3299,0.07],[-21.241,6.2513,0.07],[-21.241,6.1487,0.07],[-21.175,6.0701,0.07],[-21.074,6.05228,0.07],[-20.9851,6.10358,0.07],[-20.95,6.2,0.07],[-20.95,6.2,0]] lst1=(1,17,0,0,17,18,19,9,8,8,9,10,8,10,7,7,10,11,7,11,6,6,11,12,6,12,5,5,12,13,5,13,4,4,13,14,4,14,3,3,14,15,3,15,2,2,15,16,2,16,1,1,16,17) n=[[-1,0,0],[-0.766044,0.642788,0],[-0.173648,0.984808,0],[0.5,0.866025,0],[0.939693,0.34202,0],[0.939693,-0.34202,0],[0.5,-0.866025,0],[-0.173648,-0.984808,0],[-0.766044,-0.642788,0],[-1,0,0],[-0.766044,-0.642788,0],[-0.173648,-0.984808,0],[0.5,-0.866025,0],[0.939693,-0.34202,0],[0.939693,0.34202,0],[0.5,0.866025,0],[-0.173648,0.984808,0],[-0.766044,0.642788,0],[-1,0,0],[-1,0,0]] uv=[[0.22,-0.471239],[0.22,-0.366519],[0.22,-0.261799],[0.22,-0.15708],[0.22,-0.0523599],[0.22,0.0523599],[0.22,0.15708],[0.22,0.261799],[0.22,0.366519],[0.15,0.471239],[0.15,0.366519],[0.15,0.261799],[0.15,0.15708],[0.15,0.0523599],[0.15,-0.0523599],[0.15,-0.15708],[0.15,-0.261799],[0.15,-0.366519],[0.15,-0.471239],[0.22,0.471239]] a0=(103,8000)  a1=(0.15,0.15) lst5=(2415902719,2415892189,2415892189,2415902719,2415913249,2415902719,2415902719,2415913249,1388756991,2415913249,2415913249,1388756991,1207975935,1388756991,1388756991,1207975935,2952779234,1207975935,1207975935,2952779234,2952768028,2952779234,2952779234,2952768028,1744846847,2952768028,2952768028,1744846847,1925627903,1744846847,1744846847,1925627903,2415892189,1925627903,1925627903,2415892189) lst6=[[40,138,162,40],[0,40,138,162]] aX=(02 00 00 30 00 00 00 00)
					objects[004D] = (0228): Face flags=48400000    u32_0=0000  u8_0=00 box=(-23.1,5.9,0.07,-22.5,6.5,0.22) key=14F5 u32_1=0000 u32_2=0000
						surface = (08E0): SurfaceCylinder dcIndices=[[1382,4294967295]] u32_0=0000 u8_0=00 center=Vector (-22.800000000000004, 6.1999999999999975, 0.14500000000000002) normal=Vector (0.0, 0.0, 1.0)
						edges[0000] = (08E1): Edge_D79AD3F3 flags=0000    u32_0=0000 points=[[-22.65,6.2,0.07],[-22.6851,6.10358,0.07],[-22.774,6.05228,0.07],[-22.875,6.0701,0.07],[-22.941,6.1487,0.07],[-22.941,6.2513,0.07],[-22.875,6.3299,0.07],[-22.774,6.34772,0.07],[-22.6851,6.29642,0.07],[-22.5,6.2,0.22],[-22.5476,6.36219,0.22],[-22.6754,6.47289,0.22],[-22.8427,6.49695,0.22],[-22.9965,6.42672,0.22],[-23.0878,6.28452,0.22],[-23.0878,6.11548,0.22],[-22.9965,5.97328,0.22],[-22.8427,5.90305,0.22],[-22.6754,5.92711,0.22],[-22.5476,6.03781,0.22],[-22.5,6.2,0.22],[-22.65,6.2,0.07],[-22.65,6.2,0.07]] lst1=(1,19,0,0,19,20,21,9,10,19,1,18,18,1,2,18,2,17,17,2,3,17,3,16,16,3,4,16,4,15,15,4,5,15,5,14,14,5,13,13,5,6,13,6,12,12,6,7,12,7,11,11,7,8,11,8,10,10,8,22) n=[[-0.707107,0,0.707107],[-0.541675,0.454519,0.707107],[-0.122788,0.696364,0.707107],[0.353553,0.612372,0.707107],[0.664463,0.241845,0.707107],[0.664463,-0.241845,0.707107],[0.353553,-0.612372,0.707107],[-0.122788,-0.696364,0.707107],[-0.541675,-0.454519,0.707107],[-0.707107,0,0.707107],[-0.594856,-0.382291,0.707107],[-0.293743,-0.643207,0.707107],[0.100632,-0.699909,0.707107],[0.463056,-0.534396,0.707107],[0.678464,-0.199215,0.707107],[0.678464,0.199215,0.707107],[0.463056,0.534396,0.707107],[0.100632,0.699909,0.707107],[-0.293743,0.643207,0.707107],[-0.594856,0.382291,0.707107],[-0.707107,0,0.707107],[-0.707107,0,0.707107],[-0.707107,0,0.707107]] uv=[[-0.106066,0.706858],[-0.106066,0.549779],[-0.106066,0.392699],[-0.106066,0.235619],[-0.106066,0.0785398],[-0.106066,-0.0785398],[-0.106066,-0.235619],[-0.106066,-0.392699],[-0.106066,-0.549779],[0.106066,-0.706858],[0.106066,-0.578339],[0.106066,-0.449819],[0.106066,-0.321299],[0.106066,-0.19278],[0.106066,-0.0642598],[0.106066,0.0642598],[0.106066,0.19278],[0.106066,0.321299],[0.106066,0.449819],[0.106066,0.578339],[0.106066,0.706858],[-0.106066,-0.706858],[-0.106066,-0.706858]] a0=(103,8000)  a1=(0.225,0.225) lst5=(2415902719,2415892189,2415893862,2415902719,2415902719,2415911576,1990508543,2415893862,2415892189,1925627903,1840857087,1990508543,1925627903,1744846847,1703297023,1840857087,1744846847,2952768028,2952769016,1703297023,2952768028,2952779234,2952778246,2952769016,1166426111,2952778246,2952779234,1207975935,1303986175,1166426111,1207975935,1388756991,1453637631,1303986175,1388756991,2415913249,2415911576,1453637631,2415913249,2415902719) lst6=[[69,81,20,41],[160,40,138,18]] aX=(02 00 00 30 00 00 00 00)
					objects[004E] = (0229): Face flags=46400000    u32_0=0000  u8_0=00 box=(-22.95,6.05,0,-22.65,6.35,0.07) key=14F6 u32_1=0000 u32_2=0000
						surface = (08E2): SurfaceCylinder dcIndices=[[1299,4294967295]] u32_0=0000 u8_0=00 center=Vector (-22.800000000000004, 6.1999999999999975, 0.22000000000000003) normal=Vector (0.0, 0.0, -1.0)
						edges[0000] = (08E3): Edge_D79AD3F3 flags=0000    u32_0=0000 points=[[-22.65,6.2,0],[-22.6851,6.10358,0],[-22.774,6.05228,0],[-22.875,6.0701,0],[-22.941,6.1487,0],[-22.941,6.2513,0],[-22.875,6.3299,0],[-22.774,6.34772,0],[-22.6851,6.29642,0],[-22.65,6.2,0.07],[-22.6851,6.29642,0.07],[-22.774,6.34772,0.07],[-22.875,6.3299,0.07],[-22.941,6.2513,0.07],[-22.941,6.1487,0.07],[-22.875,6.0701,0.07],[-22.774,6.05228,0.07],[-22.6851,6.10358,0.07],[-22.65,6.2,0.07],[-22.65,6.2,0]] lst1=(1,17,0,0,17,18,19,9,8,8,9,10,8,10,7,7,10,11,7,11,6,6,11,12,6,12,5,5,12,13,5,13,4,4,13,14,4,14,3,3,14,15,3,15,2,2,15,16,2,16,1,1,16,17) n=[[-1,0,0],[-0.766044,0.642788,0],[-0.173648,0.984808,0],[0.5,0.866025,0],[0.939693,0.34202,0],[0.939693,-0.34202,0],[0.5,-0.866025,0],[-0.173648,-0.984808,0],[-0.766044,-0.642788,0],[-1,0,0],[-0.766044,-0.642788,0],[-0.173648,-0.984808,0],[0.5,-0.866025,0],[0.939693,-0.34202,0],[0.939693,0.34202,0],[0.5,0.866025,0],[-0.173648,0.984808,0],[-0.766044,0.642788,0],[-1,0,0],[-1,0,0]] uv=[[0.22,-0.471239],[0.22,-0.366519],[0.22,-0.261799],[0.22,-0.15708],[0.22,-0.0523599],[0.22,0.0523599],[0.22,0.15708],[0.22,0.261799],[0.22,0.366519],[0.15,0.471239],[0.15,0.366519],[0.15,0.261799],[0.15,0.15708],[0.15,0.0523599],[0.15,-0.0523599],[0.15,-0.15708],[0.15,-0.261799],[0.15,-0.366519],[0.15,-0.471239],[0.22,0.471239]] a0=(103,8000)  a1=(0.15,0.15) lst5=(2415902719,2415892189,2415892189,2415902719,2415913249,2415902719,2415902719,2415913249,1388756991,2415913249,2415913249,1388756991,1207975935,1388756991,1388756991,1207975935,2952779234,1207975935,1207975935,2952779234,2952768028,2952779234,2952779234,2952768028,1744846847,2952768028,2952768028,1744846847,1925627903,1744846847,1744846847,1925627903,2415892189,1925627903,1925627903,2415892189) lst6=[[40,138,162,40],[0,40,138,162]] aX=(02 00 00 30 00 00 00 00)
					objects[004F] = (022A): Face flags=48400000    u32_0=0000  u8_0=00 box=(-24.05,7.85,0.07,-23.45,8.45,0.22) key=14F7 u32_1=0000 u32_2=0000
						surface = (08E4): SurfaceCylinder dcIndices=[[1382,4294967295]] u32_0=0000 u8_0=00 center=Vector (-23.750000000000004, 8.149999999999999, 0.14500000000000002) normal=Vector (0.0, 0.0, 1.0)
						edges[0000] = (08E5): Edge_D79AD3F3 flags=0000    u32_0=0000 points=[[-23.6,8.15,0.07],[-23.6351,8.05358,0.07],[-23.724,8.00228,0.07],[-23.825,8.0201,0.07],[-23.891,8.0987,0.07],[-23.891,8.2013,0.07],[-23.825,8.2799,0.07],[-23.724,8.29772,0.07],[-23.6351,8.24642,0.07],[-23.45,8.15,0.22],[-23.4976,8.31219,0.22],[-23.6254,8.42289,0.22],[-23.7927,8.44695,0.22],[-23.9465,8.37673,0.22],[-24.0378,8.23452,0.22],[-24.0378,8.06548,0.22],[-23.9465,7.92327,0.22],[-23.7927,7.85305,0.22],[-23.6254,7.87711,0.22],[-23.4976,7.98781,0.22],[-23.45,8.15,0.22],[-23.6,8.15,0.07],[-23.6,8.15,0.07]] lst1=(1,19,0,0,19,20,21,9,10,19,1,18,18,1,2,18,2,17,17,2,3,17,3,16,16,3,4,16,4,15,15,4,5,15,5,14,14,5,13,13,5,6,13,6,12,12,6,7,12,7,11,11,7,8,11,8,10,10,8,22) n=[[-0.707107,0,0.707107],[-0.541675,0.454519,0.707107],[-0.122788,0.696364,0.707107],[0.353553,0.612372,0.707107],[0.664463,0.241845,0.707107],[0.664463,-0.241845,0.707107],[0.353553,-0.612372,0.707107],[-0.122788,-0.696364,0.707107],[-0.541675,-0.454519,0.707107],[-0.707107,0,0.707107],[-0.594856,-0.382291,0.707107],[-0.293743,-0.643207,0.707107],[0.100632,-0.699909,0.707107],[0.463056,-0.534396,0.707107],[0.678464,-0.199215,0.707107],[0.678464,0.199215,0.707107],[0.463056,0.534396,0.707107],[0.100632,0.699909,0.707107],[-0.293743,0.643207,0.707107],[-0.594856,0.382291,0.707107],[-0.707107,0,0.707107],[-0.707107,0,0.707107],[-0.707107,0,0.707107]] uv=[[-0.106066,0.706858],[-0.106066,0.549779],[-0.106066,0.392699],[-0.106066,0.235619],[-0.106066,0.0785398],[-0.106066,-0.0785398],[-0.106066,-0.235619],[-0.106066,-0.392699],[-0.106066,-0.549779],[0.106066,-0.706858],[0.106066,-0.578339],[0.106066,-0.449819],[0.106066,-0.321299],[0.106066,-0.19278],[0.106066,-0.0642598],[0.106066,0.0642598],[0.106066,0.19278],[0.106066,0.321299],[0.106066,0.449819],[0.106066,0.578339],[0.106066,0.706858],[-0.106066,-0.706858],[-0.106066,-0.706858]] a0=(103,8000)  a1=(0.225,0.225) lst5=(2415902719,2415892189,2415893862,2415902719,2415902719,2415911576,1990508543,2415893862,2415892189,1925627903,1840857087,1990508543,1925627903,1744846847,1703297023,1840857087,1744846847,2952768028,2952769016,1703297023,2952768028,2952779234,2952778246,2952769016,1166426111,2952778246,2952779234,1207975935,1303986175,1166426111,1207975935,1388756991,1453637631,1303986175,1388756991,2415913249,2415911576,1453637631,2415913249,2415902719) lst6=[[69,81,20,41],[160,40,138,18]] aX=(02 00 00 30 00 00 00 00)
					objects[0050] = (022B): Face flags=46400000    u32_0=0000  u8_0=00 box=(-23.9,8,0,-23.6,8.3,0.07) key=14F8 u32_1=0000 u32_2=0000
						surface = (08E6): SurfaceCylinder dcIndices=[[1299,4294967295]] u32_0=0000 u8_0=00 center=Vector (-23.750000000000004, 8.149999999999999, 0.22000000000000003) normal=Vector (0.0, 0.0, -1.0)
						edges[0000] = (08E7): Edge_D79AD3F3 flags=0000    u32_0=0000 points=[[-23.6,8.15,0],[-23.6351,8.05358,0],[-23.724,8.00228,0],[-23.825,8.0201,0],[-23.891,8.0987,0],[-23.891,8.2013,0],[-23.825,8.2799,0],[-23.724,8.29772,0],[-23.6351,8.24642,0],[-23.6,8.15,0.07],[-23.6351,8.24642,0.07],[-23.724,8.29772,0.07],[-23.825,8.2799,0.07],[-23.891,8.2013,0.07],[-23.891,8.0987,0.07],[-23.825,8.0201,0.07],[-23.724,8.00228,0.07],[-23.6351,8.05358,0.07],[-23.6,8.15,0.07],[-23.6,8.15,0]] lst1=(1,17,0,0,17,18,19,9,8,8,9,10,8,10,7,7,10,11,7,11,6,6,11,12,6,12,5,5,12,13,5,13,4,4,13,14,4,14,3,3,14,15,3,15,2,2,15,16,2,16,1,1,16,17) n=[[-1,0,0],[-0.766044,0.642788,0],[-0.173648,0.984808,0],[0.5,0.866025,0],[0.939693,0.34202,0],[0.939693,-0.34202,0],[0.5,-0.866025,0],[-0.173648,-0.984808,0],[-0.766044,-0.642788,0],[-1,0,0],[-0.766044,-0.642788,0],[-0.173648,-0.984808,0],[0.5,-0.866025,0],[0.939693,-0.34202,0],[0.939693,0.34202,0],[0.5,0.866025,0],[-0.173648,0.984808,0],[-0.766044,0.642788,0],[-1,0,0],[-1,0,0]] uv=[[0.22,-0.471239],[0.22,-0.366519],[0.22,-0.261799],[0.22,-0.15708],[0.22,-0.0523599],[0.22,0.0523599],[0.22,0.15708],[0.22,0.261799],[0.22,0.366519],[0.15,0.471239],[0.15,0.366519],[0.15,0.261799],[0.15,0.15708],[0.15,0.0523599],[0.15,-0.0523599],[0.15,-0.15708],[0.15,-0.261799],[0.15,-0.366519],[0.15,-0.471239],[0.22,0.471239]] a0=(103,8000)  a1=(0.15,0.15) lst5=(2415902719,2415892189,2415892189,2415902719,2415913249,2415902719,2415902719,2415913249,1388756991,2415913249,2415913249,1388756991,1207975935,1388756991,1388756991,1207975935,2952779234,1207975935,1207975935,2952779234,2952768028,2952779234,2952779234,2952768028,1744846847,2952768028,2952768028,1744846847,1925627903,1744846847,1744846847,1925627903,2415892189,1925627903,1925627903,2415892189) lst6=[[40,138,162,40],[0,40,138,162]] aX=(02 00 00 30 00 00 00 00)
					objects[0051] = (022C): Face flags=48400000    u32_0=0000  u8_0=00 box=(-21.4,9.8,0.07,-20.8,10.4,0.22) key=14F9 u32_1=0000 u32_2=0000
						surface = (08E8): SurfaceCylinder dcIndices=[[1382,4294967295]] u32_0=0000 u8_0=00 center=Vector (-21.100000000000005, 10.1, 0.14500000000000002) normal=Vector (0.0, 0.0, 1.0)
						edges[0000] = (08E9): Edge_D79AD3F3 flags=0000    u32_0=0000 points=[[-20.95,10.1,0.07],[-20.9851,10.0036,0.07],[-21.074,9.95228,0.07],[-21.175,9.9701,0.07],[-21.241,10.0487,0.07],[-21.241,10.1513,0.07],[-21.175,10.2299,0.07],[-21.074,10.2477,0.07],[-20.9851,10.1964,0.07],[-20.8,10.1,0.22],[-20.8476,10.2622,0.22],[-20.9754,10.3729,0.22],[-21.1427,10.3969,0.22],[-21.2965,10.3267,0.22],[-21.3878,10.1845,0.22],[-21.3878,10.0155,0.22],[-21.2965,9.87327,0.22],[-21.1427,9.80305,0.22],[-20.9754,9.82711,0.22],[-20.8476,9.93781,0.22],[-20.8,10.1,0.22],[-20.95,10.1,0.07],[-20.95,10.1,0.07]] lst1=(1,19,0,0,19,20,21,9,10,19,1,18,18,1,2,18,2,17,17,2,3,17,3,16,16,3,4,16,4,15,15,4,5,15,5,14,14,5,13,13,5,6,13,6,12,12,6,7,12,7,11,11,7,8,11,8,10,10,8,22) n=[[-0.707107,0,0.707107],[-0.541675,0.454519,0.707107],[-0.122788,0.696364,0.707107],[0.353553,0.612372,0.707107],[0.664463,0.241845,0.707107],[0.664463,-0.241845,0.707107],[0.353553,-0.612372,0.707107],[-0.122788,-0.696364,0.707107],[-0.541675,-0.454519,0.707107],[-0.707107,0,0.707107],[-0.594856,-0.382291,0.707107],[-0.293743,-0.643207,0.707107],[0.100632,-0.699909,0.707107],[0.463056,-0.534396,0.707107],[0.678464,-0.199215,0.707107],[0.678464,0.199215,0.707107],[0.463056,0.534396,0.707107],[0.100632,0.699909,0.707107],[-0.293743,0.643207,0.707107],[-0.594856,0.382291,0.707107],[-0.707107,0,0.707107],[-0.707107,0,0.707107],[-0.707107,0,0.707107]] uv=[[-0.106066,0.706858],[-0.106066,0.549779],[-0.106066,0.392699],[-0.106066,0.235619],[-0.106066,0.0785398],[-0.106066,-0.0785398],[-0.106066,-0.235619],[-0.106066,-0.392699],[-0.106066,-0.549779],[0.106066,-0.706858],[0.106066,-0.578339],[0.106066,-0.449819],[0.106066,-0.321299],[0.106066,-0.19278],[0.106066,-0.0642598],[0.106066,0.0642598],[0.106066,0.19278],[0.106066,0.321299],[0.106066,0.449819],[0.106066,0.578339],[0.106066,0.706858],[-0.106066,-0.706858],[-0.106066,-0.706858]] a0=(103,8000)  a1=(0.225,0.225) lst5=(2415902719,2415892189,2415893862,2415902719,2415902719,2415911576,1990508543,2415893862,2415892189,1925627903,1840857087,1990508543,1925627903,1744846847,1703297023,1840857087,1744846847,2952768028,2952769016,1703297023,2952768028,2952779234,2952778246,2952769016,1166426111,2952778246,2952779234,1207975935,1303986175,1166426111,1207975935,1388756991,1453637631,1303986175,1388756991,2415913249,2415911576,1453637631,2415913249,2415902719) lst6=[[69,81,20,41],[160,40,138,18]] aX=(02 00 00 30 00 00 00 00)
					objects[0052] = (022D): Face flags=46400000    u32_0=0000  u8_0=00 box=(-21.25,9.95,0,-20.95,10.25,0.07) key=14FA u32_1=0000 u32_2=0000
						surface = (08EA): SurfaceCylinder dcIndices=[[1299,4294967295]] u32_0=0000 u8_0=00 center=Vector (-21.100000000000005, 10.1, 0.22000000000000003) normal=Vector (0.0, 0.0, -1.0)
						edges[0000] = (08EB): Edge_D79AD3F3 flags=0000    u32_0=0000 points=[[-20.95,10.1,0],[-20.9851,10.0036,0],[-21.074,9.95228,0],[-21.175,9.9701,0],[-21.241,10.0487,0],[-21.241,10.1513,0],[-21.175,10.2299,0],[-21.074,10.2477,0],[-20.9851,10.1964,0],[-20.95,10.1,0.07],[-20.9851,10.1964,0.07],[-21.074,10.2477,0.07],[-21.175,10.2299,0.07],[-21.241,10.1513,0.07],[-21.241,10.0487,0.07],[-21.175,9.9701,0.07],[-21.074,9.95228,0.07],[-20.9851,10.0036,0.07],[-20.95,10.1,0.07],[-20.95,10.1,0]] lst1=(1,17,0,0,17,18,19,9,8,8,9,10,8,10,7,7,10,11,7,11,6,6,11,12,6,12,5,5,12,13,5,13,4,4,13,14,4,14,3,3,14,15,3,15,2,2,15,16,2,16,1,1,16,17) n=[[-1,0,0],[-0.766044,0.642788,0],[-0.173648,0.984808,0],[0.5,0.866025,0],[0.939693,0.34202,0],[0.939693,-0.34202,0],[0.5,-0.866025,0],[-0.173648,-0.984808,0],[-0.766044,-0.642788,0],[-1,0,0],[-0.766044,-0.642788,0],[-0.173648,-0.984808,0],[0.5,-0.866025,0],[0.939693,-0.34202,0],[0.939693,0.34202,0],[0.5,0.866025,0],[-0.173648,0.984808,0],[-0.766044,0.642788,0],[-1,0,0],[-1,0,0]] uv=[[0.22,-0.471239],[0.22,-0.366519],[0.22,-0.261799],[0.22,-0.15708],[0.22,-0.0523599],[0.22,0.0523599],[0.22,0.15708],[0.22,0.261799],[0.22,0.366519],[0.15,0.471239],[0.15,0.366519],[0.15,0.261799],[0.15,0.15708],[0.15,0.0523599],[0.15,-0.0523599],[0.15,-0.15708],[0.15,-0.261799],[0.15,-0.366519],[0.15,-0.471239],[0.22,0.471239]] a0=(103,8000)  a1=(0.15,0.15) lst5=(2415902719,2415892189,2415892189,2415902719,2415913249,2415902719,2415902719,2415913249,1388756991,2415913249,2415913249,1388756991,1207975935,1388756991,1388756991,1207975935,2952779234,1207975935,1207975935,2952779234,2952768028,2952779234,2952779234,2952768028,1744846847,2952768028,2952768028,1744846847,1925627903,1744846847,1744846847,1925627903,2415892189,1925627903,1925627903,2415892189) lst6=[[40,138,162,40],[0,40,138,162]] aX=(02 00 00 30 00 00 00 00)
					objects[0053] = (022E): Face flags=48400000    u32_0=0000  u8_0=00 box=(-23.1,9.8,0.07,-22.5,10.4,0.22) key=14FB u32_1=0000 u32_2=0000
						surface = (08EC): SurfaceCylinder dcIndices=[[1382,4294967295]] u32_0=0000 u8_0=00 center=Vector (-22.800000000000004, 10.1, 0.14500000000000002) normal=Vector (0.0, 0.0, 1.0)
						edges[0000] = (08ED): Edge_D79AD3F3 flags=0000    u32_0=0000 points=[[-22.65,10.1,0.07],[-22.6851,10.0036,0.07],[-22.774,9.95228,0.07],[-22.875,9.9701,0.07],[-22.941,10.0487,0.07],[-22.941,10.1513,0.07],[-22.875,10.2299,0.07],[-22.774,10.2477,0.07],[-22.6851,10.1964,0.07],[-22.5,10.1,0.22],[-22.5476,10.2622,0.22],[-22.6754,10.3729,0.22],[-22.8427,10.3969,0.22],[-22.9965,10.3267,0.22],[-23.0878,10.1845,0.22],[-23.0878,10.0155,0.22],[-22.9965,9.87327,0.22],[-22.8427,9.80305,0.22],[-22.6754,9.82711,0.22],[-22.5476,9.93781,0.22],[-22.5,10.1,0.22],[-22.65,10.1,0.07],[-22.65,10.1,0.07]] lst1=(1,19,0,0,19,20,21,9,10,19,1,18,18,1,2,18,2,17,17,2,3,17,3,16,16,3,4,16,4,15,15,4,5,15,5,14,14,5,13,13,5,6,13,6,12,12,6,7,12,7,11,11,7,8,11,8,10,10,8,22) n=[[-0.707107,0,0.707107],[-0.541675,0.454519,0.707107],[-0.122788,0.696364,0.707107],[0.353553,0.612372,0.707107],[0.664463,0.241845,0.707107],[0.664463,-0.241845,0.707107],[0.353553,-0.612372,0.707107],[-0.122788,-0.696364,0.707107],[-0.541675,-0.454519,0.707107],[-0.707107,0,0.707107],[-0.594856,-0.382291,0.707107],[-0.293743,-0.643207,0.707107],[0.100632,-0.699909,0.707107],[0.463056,-0.534396,0.707107],[0.678464,-0.199215,0.707107],[0.678464,0.199215,0.707107],[0.463056,0.534396,0.707107],[0.100632,0.699909,0.707107],[-0.293743,0.643207,0.707107],[-0.594856,0.382291,0.707107],[-0.707107,0,0.707107],[-0.707107,0,0.707107],[-0.707107,0,0.707107]] uv=[[-0.106066,0.706858],[-0.106066,0.549779],[-0.106066,0.392699],[-0.106066,0.235619],[-0.106066,0.0785398],[-0.106066,-0.0785398],[-0.106066,-0.235619],[-0.106066,-0.392699],[-0.106066,-0.549779],[0.106066,-0.706858],[0.106066,-0.578339],[0.106066,-0.449819],[0.106066,-0.321299],[0.106066,-0.19278],[0.106066,-0.0642598],[0.106066,0.0642598],[0.106066,0.19278],[0.106066,0.321299],[0.106066,0.449819],[0.106066,0.578339],[0.106066,0.706858],[-0.106066,-0.706858],[-0.106066,-0.706858]] a0=(103,8000)  a1=(0.225,0.225) lst5=(2415902719,2415892189,2415893862,2415902719,2415902719,2415911576,1990508543,2415893862,2415892189,1925627903,1840857087,1990508543,1925627903,1744846847,1703297023,1840857087,1744846847,2952768028,2952769016,1703297023,2952768028,2952779234,2952778246,2952769016,1166426111,2952778246,2952779234,1207975935,1303986175,1166426111,1207975935,1388756991,1453637631,1303986175,1388756991,2415913249,2415911576,1453637631,2415913249,2415902719) lst6=[[69,81,20,41],[160,40,138,18]] aX=(02 00 00 30 00 00 00 00)
					objects[0054] = (022F): Face flags=46400000    u32_0=0000  u8_0=00 box=(-22.95,9.95,0,-22.65,10.25,0.07) key=14FC u32_1=0000 u32_2=0000
						surface = (08EE): SurfaceCylinder dcIndices=[[1299,4294967295]] u32_0=0000 u8_0=00 center=Vector (-22.800000000000004, 10.1, 0.22000000000000003) normal=Vector (0.0, 0.0, -1.0)
						edges[0000] = (08EF): Edge_D79AD3F3 flags=0000    u32_0=0000 points=[[-22.65,10.1,0],[-22.6851,10.0036,0],[-22.774,9.95228,0],[-22.875,9.9701,0],[-22.941,10.0487,0],[-22.941,10.1513,0],[-22.875,10.2299,0],[-22.774,10.2477,0],[-22.6851,10.1964,0],[-22.65,10.1,0.07],[-22.6851,10.1964,0.07],[-22.774,10.2477,0.07],[-22.875,10.2299,0.07],[-22.941,10.1513,0.07],[-22.941,10.0487,0.07],[-22.875,9.9701,0.07],[-22.774,9.95228,0.07],[-22.6851,10.0036,0.07],[-22.65,10.1,0.07],[-22.65,10.1,0]] lst1=(1,17,0,0,17,18,19,9,8,8,9,10,8,10,7,7,10,11,7,11,6,6,11,12,6,12,5,5,12,13,5,13,4,4,13,14,4,14,3,3,14,15,3,15,2,2,15,16,2,16,1,1,16,17) n=[[-1,0,0],[-0.766044,0.642788,0],[-0.173648,0.984808,0],[0.5,0.866025,0],[0.939693,0.34202,0],[0.939693,-0.34202,0],[0.5,-0.866025,0],[-0.173648,-0.984808,0],[-0.766044,-0.642788,0],[-1,0,0],[-0.766044,-0.642788,0],[-0.173648,-0.984808,0],[0.5,-0.866025,0],[0.939693,-0.34202,0],[0.939693,0.34202,0],[0.5,0.866025,0],[-0.173648,0.984808,0],[-0.766044,0.642788,0],[-1,0,0],[-1,0,0]] uv=[[0.22,-0.471239],[0.22,-0.366519],[0.22,-0.261799],[0.22,-0.15708],[0.22,-0.0523599],[0.22,0.0523599],[0.22,0.15708],[0.22,0.261799],[0.22,0.366519],[0.15,0.471239],[0.15,0.366519],[0.15,0.261799],[0.15,0.15708],[0.15,0.0523599],[0.15,-0.0523599],[0.15,-0.15708],[0.15,-0.261799],[0.15,-0.366519],[0.15,-0.471239],[0.22,0.471239]] a0=(103,8000)  a1=(0.15,0.15) lst5=(2415902719,2415892189,2415892189,2415902719,2415913249,2415902719,2415902719,2415913249,1388756991,2415913249,2415913249,1388756991,1207975935,1388756991,1388756991,1207975935,2952779234,1207975935,1207975935,2952779234,2952768028,2952779234,2952779234,2952768028,1744846847,2952768028,2952768028,1744846847,1925627903,1744846847,1744846847,1925627903,2415892189,1925627903,1925627903,2415892189) lst6=[[40,138,162,40],[0,40,138,162]] aX=(02 00 00 30 00 00 00 00)
					objects[0055] = (0230): Face flags=48400000    u32_0=0000  u8_0=00 box=(-24.05,11.05,0.07,-23.45,11.65,0.22) key=14FD u32_1=0000 u32_2=0000
						surface = (08F0): SurfaceCylinder dcIndices=[[1382,4294967295]] u32_0=0000 u8_0=00 center=Vector (-23.750000000000007, 11.349999999999998, 0.14500000000000002) normal=Vector (0.0, 0.0, 1.0)
						edges[0000] = (08F1): Edge_D79AD3F3 flags=0000    u32_0=0000 points=[[-23.6,11.35,0.07],[-23.6351,11.2536,0.07],[-23.724,11.2023,0.07],[-23.825,11.2201,0.07],[-23.891,11.2987,0.07],[-23.891,11.4013,0.07],[-23.825,11.4799,0.07],[-23.724,11.4977,0.07],[-23.6351,11.4464,0.07],[-23.45,11.35,0.22],[-23.4976,11.5122,0.22],[-23.6254,11.6229,0.22],[-23.7927,11.6469,0.22],[-23.9465,11.5767,0.22],[-24.0378,11.4345,0.22],[-24.0378,11.2655,0.22],[-23.9465,11.1233,0.22],[-23.7927,11.0531,0.22],[-23.6254,11.0771,0.22],[-23.4976,11.1878,0.22],[-23.45,11.35,0.22],[-23.6,11.35,0.07],[-23.6,11.35,0.07]] lst1=(1,19,0,0,19,20,21,9,10,19,1,18,18,1,2,18,2,17,17,2,3,17,3,16,16,3,4,16,4,15,15,4,5,15,5,14,14,5,13,13,5,6,13,6,12,12,6,7,12,7,11,11,7,8,11,8,10,10,8,22) n=[[-0.707107,0,0.707107],[-0.541675,0.454519,0.707107],[-0.122788,0.696364,0.707107],[0.353553,0.612372,0.707107],[0.664463,0.241845,0.707107],[0.664463,-0.241845,0.707107],[0.353553,-0.612372,0.707107],[-0.122788,-0.696364,0.707107],[-0.541675,-0.454519,0.707107],[-0.707107,0,0.707107],[-0.594856,-0.382291,0.707107],[-0.293743,-0.643207,0.707107],[0.100632,-0.699909,0.707107],[0.463056,-0.534396,0.707107],[0.678464,-0.199215,0.707107],[0.678464,0.199215,0.707107],[0.463056,0.534396,0.707107],[0.100632,0.699909,0.707107],[-0.293743,0.643207,0.707107],[-0.594856,0.382291,0.707107],[-0.707107,0,0.707107],[-0.707107,0,0.707107],[-0.707107,0,0.707107]] uv=[[-0.106066,0.706858],[-0.106066,0.549779],[-0.106066,0.392699],[-0.106066,0.235619],[-0.106066,0.0785398],[-0.106066,-0.0785398],[-0.106066,-0.235619],[-0.106066,-0.392699],[-0.106066,-0.549779],[0.106066,-0.706858],[0.106066,-0.578339],[0.106066,-0.449819],[0.106066,-0.321299],[0.106066,-0.19278],[0.106066,-0.0642598],[0.106066,0.0642598],[0.106066,0.19278],[0.106066,0.321299],[0.106066,0.449819],[0.106066,0.578339],[0.106066,0.706858],[-0.106066,-0.706858],[-0.106066,-0.706858]] a0=(103,8000)  a1=(0.225,0.225) lst5=(2415902719,2415892189,2415893862,2415902719,2415902719,2415911576,1990508543,2415893862,2415892189,1925627903,1840857087,1990508543,1925627903,1744846847,1703297023,1840857087,1744846847,2952768028,2952769016,1703297023,2952768028,2952779234,2952778246,2952769016,1166426111,2952778246,2952779234,1207975935,1303986175,1166426111,1207975935,1388756991,1453637631,1303986175,1388756991,2415913249,2415911576,1453637631,2415913249,2415902719) lst6=[[69,81,20,41],[160,40,138,18]] aX=(02 00 00 30 00 00 00 00)
					objects[0056] = (0231): Face flags=46400000    u32_0=0000  u8_0=00 box=(-23.9,11.2,0,-23.6,11.5,0.07) key=14FE u32_1=0000 u32_2=0000
						surface = (08F2): SurfaceCylinder dcIndices=[[1299,4294967295]] u32_0=0000 u8_0=00 center=Vector (-23.750000000000007, 11.349999999999998, 0.22000000000000003) normal=Vector (0.0, 0.0, -1.0)
						edges[0000] = (08F3): Edge_D79AD3F3 flags=0000    u32_0=0000 points=[[-23.6,11.35,0],[-23.6351,11.2536,0],[-23.724,11.2023,0],[-23.825,11.2201,0],[-23.891,11.2987,0],[-23.891,11.4013,0],[-23.825,11.4799,0],[-23.724,11.4977,0],[-23.6351,11.4464,0],[-23.6,11.35,0.07],[-23.6351,11.4464,0.07],[-23.724,11.4977,0.07],[-23.825,11.4799,0.07],[-23.891,11.4013,0.07],[-23.891,11.2987,0.07],[-23.825,11.2201,0.07],[-23.724,11.2023,0.07],[-23.6351,11.2536,0.07],[-23.6,11.35,0.07],[-23.6,11.35,0]] lst1=(1,17,0,0,17,18,19,9,8,8,9,10,8,10,7,7,10,11,7,11,6,6,11,12,6,12,5,5,12,13,5,13,4,4,13,14,4,14,3,3,14,15,3,15,2,2,15,16,2,16,1,1,16,17) n=[[-1,0,0],[-0.766044,0.642788,0],[-0.173648,0.984808,0],[0.5,0.866025,0],[0.939693,0.34202,0],[0.939693,-0.34202,0],[0.5,-0.866025,0],[-0.173648,-0.984808,0],[-0.766044,-0.642788,0],[-1,0,0],[-0.766044,-0.642788,0],[-0.173648,-0.984808,0],[0.5,-0.866025,0],[0.939693,-0.34202,0],[0.939693,0.34202,0],[0.5,0.866025,0],[-0.173648,0.984808,0],[-0.766044,0.642788,0],[-1,0,0],[-1,0,0]] uv=[[0.22,-0.471239],[0.22,-0.366519],[0.22,-0.261799],[0.22,-0.15708],[0.22,-0.0523599],[0.22,0.0523599],[0.22,0.15708],[0.22,0.261799],[0.22,0.366519],[0.15,0.471239],[0.15,0.366519],[0.15,0.261799],[0.15,0.15708],[0.15,0.0523599],[0.15,-0.0523599],[0.15,-0.15708],[0.15,-0.261799],[0.15,-0.366519],[0.15,-0.471239],[0.22,0.471239]] a0=(103,8000)  a1=(0.15,0.15) lst5=(2415902719,2415892189,2415892189,2415902719,2415913249,2415902719,2415902719,2415913249,1388756991,2415913249,2415913249,1388756991,1207975935,1388756991,1388756991,1207975935,2952779234,1207975935,1207975935,2952779234,2952768028,2952779234,2952779234,2952768028,1744846847,2952768028,2952768028,1744846847,1925627903,1744846847,1744846847,1925627903,2415892189,1925627903,1925627903,2415892189) lst6=[[40,138,162,40],[0,40,138,162]] aX=(02 00 00 30 00 00 00 00)
					objects[0057] = (0232): Face flags=46400000    u32_0=0000  u8_0=00 box=(-17.35,7.25,0,-17.2,7.55,0.22) key=074A u32_1=0000 u32_2=0000
						surface = (08F4): SurfaceCylinder dcIndices=[[785,4294967295]] u32_0=0000 u8_0=00 center=Vector (-17.2, 7.3999999999999995, 0.22000000000000003) normal=Vector (0.0, 0.0, -1.0)
						edges[0000] = (08F5): Edge_D79AD3F3 flags=0000    u32_0=0000 points=[[-17.2,7.25,0],[-17.2882,7.27865,0],[-17.3427,7.35365,0],[-17.3427,7.44635,0],[-17.2882,7.52135,0],[-17.2,7.55,0],[-17.2,7.55,0.22],[-17.2882,7.52135,0.22],[-17.3427,7.44635,0.22],[-17.3427,7.35365,0.22],[-17.2882,7.27865,0.22],[-17.2,7.25,0.22]] lst1=(11,0,10,10,0,1,10,1,2,10,2,9,9,2,3,9,3,8,8,3,4,8,4,7,7,4,5,7,5,6) n=[[0,1,0],[0.587785,0.809017,0],[0.951057,0.309017,0],[0.951057,-0.309017,0],[0.587785,-0.809017,0],[0,-1,0],[0,-1,0],[0.587785,-0.809017,0],[0.951057,-0.309017,0],[0.951057,0.309017,0],[0.587785,0.809017,0],[0,1,0]] uv=[[0.22,-0.471239],[0.22,-0.376991],[0.22,-0.282743],[0.22,-0.188496],[0.22,-0.0942478],[0.22,0],[0,0],[0,-0.0942478],[0,-0.188496],[0,-0.282743],[0,-0.376991],[0,-0.471239]] a0=(103,8000)  a1=(0.15,0.15) lst5=(2415902719,2415902719,1721286655,1879031807,1879031807,1721286655,1721286655,2952768569,2952768569,1721286655,2952768569,2952778693,2952778693,2952768569,2952778693,1184415743,1184415743,2952778693,1184415743,1342160895,2415902719,2415902719,1342160895,1184415743) lst6=[[76,81,20,169]] aX=(02 00 00 30 00 00 00 00)
					objects[0058] = (0233): Face flags=45400000    u32_0=0000  u8_0=00 box=(-17.2,7.25,0,-9.2,7.25,0.22) key=0749 u32_1=0000 u32_2=0000
						surface = (08F6): SurfacePlane dcIndices=[[785,4294967295]] u32_0=0000 u8_0=00
						edges[0000] = (08F7): Edge_D79AD3F3 flags=0000    u32_0=0000 points=[[-9.2,7.25,0],[-17.2,7.25,0],[-17.2,7.25,0.22],[-9.2,7.25,0.22]] lst1=(0,1,3,3,1,2) n=[[0,1,0],[0,1,0],[0,1,0],[0,1,0]] uv=[[-0,0.22],[-8,0.22],[-8,0],[-0,0]] a0=(103,000)  a1=(-1,1) lst5=(805289983,805289983,2415902719,2415902719,2952773631,2952773631,268419071,268419071) lst6=[[0,0,0,172]] aX=(02 00 00 30 00 00 00 00)
					objects[0059] = (0234): Face flags=46400000    u32_0=0000  u8_0=00 box=(-9.2,7.25,0,-9.05,7.55,0.22) key=071F u32_1=0000 u32_2=0000
						surface = (08F8): SurfaceCylinder dcIndices=[[785,4294967295]] u32_0=0000 u8_0=00 center=Vector (-9.200000000000001, 7.4, 0.22000000000000003) normal=Vector (0.0, 0.0, -1.0)
						edges[0000] = (08F9): Edge_D79AD3F3 flags=0000    u32_0=0000 points=[[-9.2,7.55,0],[-9.11183,7.52135,0],[-9.05734,7.44635,0],[-9.05734,7.35365,0],[-9.11183,7.27865,0],[-9.2,7.25,0],[-9.2,7.25,0.22],[-9.11183,7.27865,0.22],[-9.05734,7.35365,0.22],[-9.05734,7.44635,0.22],[-9.11183,7.52135,0.22],[-9.2,7.55,0.22]] lst1=(11,0,10,10,0,1,10,1,2,10,2,9,9,2,3,9,3,8,8,3,4,8,4,7,7,4,5,7,5,6) n=[[0,-1,0],[-0.587785,-0.809017,0],[-0.951057,-0.309017,0],[-0.951057,0.309017,0],[-0.587785,0.809017,0],[0,1,0],[0,1,0],[-0.587785,0.809017,0],[-0.951057,0.309017,0],[-0.951057,-0.309017,0],[-0.587785,-0.809017,0],[0,-1,0]] uv=[[0.22,-0.471239],[0.22,-0.376991],[0.22,-0.282743],[0.22,-0.188496],[0.22,-0.0942478],[0.22,0],[0,0],[0,-0.0942478],[0,-0.188496],[0,-0.282743],[0,-0.376991],[0,-0.471239]] a0=(103,8000)  a1=(0.15,0.15) lst5=(2952773631,2952773631,1499906047,1342160895,1342160895,1499906047,1499906047,2415907781,2415907781,1499906047,2415907781,2415897657,2415897657,2415907781,2415897657,2036776959,2036776959,2415897657,2036776959,1879031807,2952773631,2952773631,1879031807,2036776959) lst6=[[76,81,20,169]] aX=(02 00 00 30 00 00 00 00)
					objects[005A] = (0235): Face flags=45400000    u32_0=0000  u8_0=00 box=(-17.2,7.55,0,-9.2,7.55,0.22) key=0721 u32_1=0000 u32_2=0000
						surface = (08FA): SurfacePlane dcIndices=[[785,4294967295]] u32_0=0000 u8_0=00
						edges[0000] = (08FB): Edge_D79AD3F3 flags=0000    u32_0=0000 points=[[-17.2,7.55,0],[-9.2,7.55,0],[-9.2,7.55,0.22],[-17.2,7.55,0.22]] lst1=(0,1,3,3,1,2) n=[[0,-1,0],[0,-1,0],[0,-1,0],[0,-1,0]] uv=[[-0,0.22],[-8,0.22],[-8,0],[-0,0]] a0=(103,000)  a1=(-1,1) lst5=(805289983,805289983,2952773631,2952773631,2415902719,2415902719,268419071,268419071) lst6=[[0,0,0,172]] aX=(02 00 00 30 00 00 00 00)
					objects[005B] = (0236): Face flags=46400000    u32_0=0000  u8_0=00 box=(-11.05,5.35,0,-10.75,5.5,0.22) key=0748 u32_1=0000 u32_2=0000
						surface = (08FC): SurfaceCylinder dcIndices=[[785,4294967295]] u32_0=0000 u8_0=00 center=Vector (-10.900000000000002, 5.35, 0.22000000000000003) normal=Vector (0.0, 0.0, -1.0)
						edges[0000] = (08FD): Edge_D79AD3F3 flags=0000    u32_0=0000 points=[[-11.05,5.35,0],[-11.0214,5.43817,0],[-10.9464,5.49266,0],[-10.8536,5.49266,0],[-10.7786,5.43817,0],[-10.75,5.35,0],[-10.75,5.35,0.22],[-10.7786,5.43817,0.22],[-10.8536,5.49266,0.22],[-10.9464,5.49266,0.22],[-11.0214,5.43817,0.22],[-11.05,5.35,0.22]] lst1=(11,0,10,10,0,1,10,1,2,10,2,9,9,2,3,9,3,8,8,3,4,8,4,7,7,4,5,7,5,6) n=[[1,0,0],[0.809017,-0.587785,0],[0.309017,-0.951057,0],[-0.309017,-0.951057,0],[-0.809017,-0.587785,0],[-1,0,0],[-1,0,0],[-0.809017,-0.587785,0],[-0.309017,-0.951057,0],[0.309017,-0.951057,0],[0.809017,-0.587785,0],[1,0,0]] uv=[[0.22,-0.471239],[0.22,-0.376991],[0.22,-0.282743],[0.22,-0.188496],[0.22,-0.0942478],[0.22,0],[0,0],[0,-0.0942478],[0,-0.188496],[0,-0.282743],[0,-0.376991],[0,-0.471239]] a0=(103,8000)  a1=(0.15,0.15) lst5=(1879031807,1879031807,2952783260,2952773631,2952773631,2952783260,2952783260,1259225087,1259225087,2952783260,1259225087,1425096703,1425096703,1259225087,1425096703,2415912348,2415912348,1425096703,2415912348,2415902719,1879031807,1879031807,2415902719,2415912348) lst6=[[76,81,20,169]] aX=(02 00 00 30 00 00 00 00)
					objects[005C] = (0237): Face flags=45400000    u32_0=0000  u8_0=00 box=(-11.05,1.35,0,-11.05,5.35,0.22) key=0747 u32_1=0000 u32_2=0000
						surface = (08FE): SurfacePlane dcIndices=[[785,4294967295]] u32_0=0000 u8_0=00
						edges[0000] = (08FF): Edge_D79AD3F3 flags=0000    u32_0=0000 points=[[-11.05,1.35,0],[-11.05,5.35,0],[-11.05,5.35,0.22],[-11.05,1.35,0.22]] lst1=(0,1,3,3,1,2) n=[[1,0,0],[1,0,0],[1,0,0],[1,0,0]] uv=[[-0,0.22],[-4,0.22],[-4,0],[-0,0]] a0=(103,000)  a1=(-1,1) lst5=(805289983,805289983,1879031807,1879031807,1342160895,1342160895,268419071,268419071) lst6=[[0,0,0,172]] aX=(02 00 00 30 00 00 00 00)
					objects[005D] = (0238): Face flags=46400000    u32_0=0000  u8_0=00 box=(-11.05,1.2,0,-10.75,1.35,0.22) key=0720 u32_1=0000 u32_2=0000
						surface = (0900): SurfaceCylinder dcIndices=[[785,4294967295]] u32_0=0000 u8_0=00 center=Vector (-10.900000000000002, 1.3500000000000005, 0.22000000000000003) normal=Vector (0.0, 0.0, -1.0)
						edges[0000] = (0901): Edge_D79AD3F3 flags=0000    u32_0=0000 points=[[-10.75,1.35,0],[-10.7786,1.26183,0],[-10.8536,1.20734,0],[-10.9464,1.20734,0],[-11.0214,1.26183,0],[-11.05,1.35,0],[-11.05,1.35,0.22],[-11.0214,1.26183,0.22],[-10.9464,1.20734,0.22],[-10.8536,1.20734,0.22],[-10.7786,1.26183,0.22],[-10.75,1.35,0.22]] lst1=(11,0,10,10,0,1,10,1,2,10,2,9,9,2,3,9,3,8,8,3,4,8,4,7,7,4,5,7,5,6) n=[[-1,0,0],[-0.809017,0.587785,0],[-0.309017,0.951057,0],[0.309017,0.951057,0],[0.809017,0.587785,0],[1,0,0],[1,0,0],[0.809017,0.587785,0],[0.309017,0.951057,0],[-0.309017,0.951057,0],[-0.809017,0.587785,0],[-1,0,0]] uv=[[0.22,-0.471239],[0.22,-0.376991],[0.22,-0.282743],[0.22,-0.188496],[0.22,-0.0942478],[0.22,0],[0,0],[0,-0.0942478],[0,-0.188496],[0,-0.282743],[0,-0.376991],[0,-0.471239]] a0=(103,8000)  a1=(0.15,0.15) lst5=(1342160895,1342160895,2415893090,2415902719,2415902719,2415893090,2415893090,1961967615,1961967615,2415893090,1961967615,1796095999,1796095999,1961967615,1796095999,2952764002,2952764002,1796095999,2952764002,2952773631,1342160895,1342160895,2952773631,2952764002) lst6=[[76,81,20,169]] aX=(02 00 00 30 00 00 00 00)
					objects[005E] = (0239): Face flags=45400000    u32_0=0000  u8_0=00 box=(-10.75,1.35,0,-10.75,5.35,0.22) key=0723 u32_1=0000 u32_2=0000
						surface = (0902): SurfacePlane dcIndices=[[785,4294967295]] u32_0=0000 u8_0=00
						edges[0000] = (0903): Edge_D79AD3F3 flags=0000    u32_0=0000 points=[[-10.75,5.35,0],[-10.75,1.35,0],[-10.75,1.35,0.22],[-10.75,5.35,0.22]] lst1=(0,1,3,3,1,2) n=[[-1,0,0],[-1,0,0],[-1,0,0],[-1,0,0]] uv=[[-0,0.22],[-4,0.22],[-4,0],[-0,0]] a0=(103,000)  a1=(-1,1) lst5=(805289983,805289983,1342160895,1342160895,1879031807,1879031807,268419071,268419071) lst6=[[0,0,0,172]] aX=(02 00 00 30 00 00 00 00)
					objects[005F] = (023A): Face flags=46400000    u32_0=0000  u8_0=00 box=(-11.05,14.95,0,-10.75,15.1,0.22) key=0746 u32_1=0000 u32_2=0000
						surface = (0904): SurfaceCylinder dcIndices=[[785,4294967295]] u32_0=0000 u8_0=00 center=Vector (-10.9, 14.95, 0.22000000000000003) normal=Vector (0.0, 0.0, -1.0)
						edges[0000] = (0905): Edge_D79AD3F3 flags=0000    u32_0=0000 points=[[-11.05,14.95,0],[-11.0214,15.0382,0],[-10.9464,15.0927,0],[-10.8536,15.0927,0],[-10.7786,15.0382,0],[-10.75,14.95,0],[-10.75,14.95,0.22],[-10.7786,15.0382,0.22],[-10.8536,15.0927,0.22],[-10.9464,15.0927,0.22],[-11.0214,15.0382,0.22],[-11.05,14.95,0.22]] lst1=(11,0,10,10,0,1,10,1,2,10,2,9,9,2,3,9,3,8,8,3,4,8,4,7,7,4,5,7,5,6) n=[[1,0,0],[0.809017,-0.587785,0],[0.309017,-0.951057,0],[-0.309017,-0.951057,0],[-0.809017,-0.587785,0],[-1,0,0],[-1,0,0],[-0.809017,-0.587785,0],[-0.309017,-0.951057,0],[0.309017,-0.951057,0],[0.809017,-0.587785,0],[1,0,0]] uv=[[0.22,-0.471239],[0.22,-0.376991],[0.22,-0.282743],[0.22,-0.188496],[0.22,-0.0942478],[0.22,0],[0,0],[0,-0.0942478],[0,-0.188496],[0,-0.282743],[0,-0.376991],[0,-0.471239]] a0=(103,8000)  a1=(0.15,0.15) lst5=(1879031807,1879031807,2952783260,2952773631,2952773631,2952783260,2952783260,1259225087,1259225087,2952783260,1259225087,1425096703,1425096703,1259225087,1425096703,2415912348,2415912348,1425096703,2415912348,2415902719,1879031807,1879031807,2415902719,2415912348) lst6=[[76,81,20,169]] aX=(02 00 00 30 00 00 00 00)
					objects[0060] = (023B): Face flags=45400000    u32_0=0000  u8_0=00 box=(-11.05,10.95,0,-11.05,14.95,0.22) key=0745 u32_1=0000 u32_2=0000
						surface = (0906): SurfacePlane dcIndices=[[785,4294967295]] u32_0=0000 u8_0=00
						edges[0000] = (0907): Edge_D79AD3F3 flags=0000    u32_0=0000 points=[[-11.05,10.95,0],[-11.05,14.95,0],[-11.05,14.95,0.22],[-11.05,10.95,0.22]] lst1=(0,1,3,3,1,2) n=[[1,0,0],[1,0,0],[1,0,0],[1,0,0]] uv=[[-0,0.22],[-4,0.22],[-4,0],[-0,0]] a0=(103,000)  a1=(-1,1) lst5=(805289983,805289983,1879031807,1879031807,1342160895,1342160895,268419071,268419071) lst6=[[0,0,0,172]] aX=(02 00 00 30 00 00 00 00)
					objects[0061] = (023C): Face flags=46400000    u32_0=0000  u8_0=00 box=(-11.05,10.8,0,-10.75,10.95,0.22) key=0722 u32_1=0000 u32_2=0000
						surface = (0908): SurfaceCylinder dcIndices=[[785,4294967295]] u32_0=0000 u8_0=00 center=Vector (-10.9, 10.950000000000001, 0.22000000000000003) normal=Vector (0.0, 0.0, -1.0)
						edges[0000] = (0909): Edge_D79AD3F3 flags=0000    u32_0=0000 points=[[-10.75,10.95,0],[-10.7786,10.8618,0],[-10.8536,10.8073,0],[-10.9464,10.8073,0],[-11.0214,10.8618,0],[-11.05,10.95,0],[-11.05,10.95,0.22],[-11.0214,10.8618,0.22],[-10.9464,10.8073,0.22],[-10.8536,10.8073,0.22],[-10.7786,10.8618,0.22],[-10.75,10.95,0.22]] lst1=(11,0,10,10,0,1,10,1,2,10,2,9,9,2,3,9,3,8,8,3,4,8,4,7,7,4,5,7,5,6) n=[[-1,0,0],[-0.809017,0.587785,0],[-0.309017,0.951057,0],[0.309017,0.951057,0],[0.809017,0.587785,0],[1,0,0],[1,0,0],[0.809017,0.587785,0],[0.309017,0.951057,0],[-0.309017,0.951057,0],[-0.809017,0.587785,0],[-1,0,0]] uv=[[0.22,-0.471239],[0.22,-0.376991],[0.22,-0.282743],[0.22,-0.188496],[0.22,-0.0942478],[0.22,0],[0,0],[0,-0.0942478],[0,-0.188496],[0,-0.282743],[0,-0.376991],[0,-0.471239]] a0=(103,8000)  a1=(0.15,0.15) lst5=(1342160895,1342160895,2415893090,2415902719,2415902719,2415893090,2415893090,1961967615,1961967615,2415893090,1961967615,1796095999,1796095999,1961967615,1796095999,2952764002,2952764002,1796095999,2952764002,2952773631,1342160895,1342160895,2952773631,2952764002) lst6=[[76,81,20,169]] aX=(02 00 00 30 00 00 00 00)
					objects[0062] = (023D): Face flags=45400000    u32_0=0000  u8_0=00 box=(-10.75,10.95,0,-10.75,14.95,0.22) key=0725 u32_1=0000 u32_2=0000
						surface = (090A): SurfacePlane dcIndices=[[785,4294967295]] u32_0=0000 u8_0=00
						edges[0000] = (090B): Edge_D79AD3F3 flags=0000    u32_0=0000 points=[[-10.75,14.95,0],[-10.75,10.95,0],[-10.75,10.95,0.22],[-10.75,14.95,0.22]] lst1=(0,1,3,3,1,2) n=[[-1,0,0],[-1,0,0],[-1,0,0],[-1,0,0]] uv=[[-0,0.22],[-4,0.22],[-4,0],[-0,0]] a0=(103,000)  a1=(-1,1) lst5=(805289983,805289983,1342160895,1342160895,1879031807,1879031807,268419071,268419071) lst6=[[0,0,0,172]] aX=(02 00 00 30 00 00 00 00)
					objects[0063] = (023E): Face flags=46400000    u32_0=0000  u8_0=00 box=(-14.45,5.35,0,-14.15,5.5,0.22) key=0744 u32_1=0000 u32_2=0000
						surface = (090C): SurfaceCylinder dcIndices=[[785,4294967295]] u32_0=0000 u8_0=00 center=Vector (-14.300000000000002, 5.3500000000000005, 0.22000000000000003) normal=Vector (0.0, 0.0, -1.0)
						edges[0000] = (090D): Edge_D79AD3F3 flags=0000    u32_0=0000 points=[[-14.45,5.35,0],[-14.4214,5.43817,0],[-14.3464,5.49266,0],[-14.2536,5.49266,0],[-14.1786,5.43817,0],[-14.15,5.35,0],[-14.15,5.35,0.22],[-14.1786,5.43817,0.22],[-14.2536,5.49266,0.22],[-14.3464,5.49266,0.22],[-14.4214,5.43817,0.22],[-14.45,5.35,0.22]] lst1=(11,0,10,10,0,1,10,1,2,10,2,9,9,2,3,9,3,8,8,3,4,8,4,7,7,4,5,7,5,6) n=[[1,0,0],[0.809017,-0.587785,0],[0.309017,-0.951057,0],[-0.309017,-0.951057,0],[-0.809017,-0.587785,0],[-1,0,0],[-1,0,0],[-0.809017,-0.587785,0],[-0.309017,-0.951057,0],[0.309017,-0.951057,0],[0.809017,-0.587785,0],[1,0,0]] uv=[[0.22,-0.471239],[0.22,-0.376991],[0.22,-0.282743],[0.22,-0.188496],[0.22,-0.0942478],[0.22,0],[0,0],[0,-0.0942478],[0,-0.188496],[0,-0.282743],[0,-0.376991],[0,-0.471239]] a0=(103,8000)  a1=(0.15,0.15) lst5=(1879031807,1879031807,2952783260,2952773631,2952773631,2952783260,2952783260,1259225087,1259225087,2952783260,1259225087,1425096703,1425096703,1259225087,1425096703,2415912348,2415912348,1425096703,2415912348,2415902719,1879031807,1879031807,2415902719,2415912348) lst6=[[76,81,20,169]] aX=(02 00 00 30 00 00 00 00)
					objects[0064] = (023F): Face flags=45400000    u32_0=0000  u8_0=00 box=(-14.45,2.35,0,-14.45,5.35,0.22) key=0743 u32_1=0000 u32_2=0000
						surface = (090E): SurfacePlane dcIndices=[[785,4294967295]] u32_0=0000 u8_0=00
						edges[0000] = (090F): Edge_D79AD3F3 flags=0000    u32_0=0000 points=[[-14.45,2.35,0],[-14.45,5.35,0],[-14.45,5.35,0.22],[-14.45,2.35,0.22]] lst1=(0,1,3,3,1,2) n=[[1,0,0],[1,0,0],[1,0,0],[1,0,0]] uv=[[-0,0.22],[-3,0.22],[-3,0],[-0,0]] a0=(103,000)  a1=(-1,1) lst5=(805289983,805289983,1879031807,1879031807,1342160895,1342160895,268419071,268419071) lst6=[[0,0,0,172]] aX=(02 00 00 30 00 00 00 00)
					objects[0065] = (0240): Face flags=46400000    u32_0=0000  u8_0=00 box=(-14.45,2.2,0,-14.15,2.35,0.22) key=0724 u32_1=0000 u32_2=0000
						surface = (0910): SurfaceCylinder dcIndices=[[785,4294967295]] u32_0=0000 u8_0=00 center=Vector (-14.300000000000002, 2.3500000000000005, 0.22000000000000003) normal=Vector (0.0, 0.0, -1.0)
						edges[0000] = (0911): Edge_D79AD3F3 flags=0000    u32_0=0000 points=[[-14.15,2.35,0],[-14.1786,2.26183,0],[-14.2536,2.20734,0],[-14.3464,2.20734,0],[-14.4214,2.26183,0],[-14.45,2.35,0],[-14.45,2.35,0.22],[-14.4214,2.26183,0.22],[-14.3464,2.20734,0.22],[-14.2536,2.20734,0.22],[-14.1786,2.26183,0.22],[-14.15,2.35,0.22]] lst1=(11,0,10,10,0,1,10,1,2,10,2,9,9,2,3,9,3,8,8,3,4,8,4,7,7,4,5,7,5,6) n=[[-1,0,0],[-0.809017,0.587785,0],[-0.309017,0.951057,0],[0.309017,0.951057,0],[0.809017,0.587785,0],[1,0,0],[1,0,0],[0.809017,0.587785,0],[0.309017,0.951057,0],[-0.309017,0.951057,0],[-0.809017,0.587785,0],[-1,0,0]] uv=[[0.22,-0.471239],[0.22,-0.376991],[0.22,-0.282743],[0.22,-0.188496],[0.22,-0.0942478],[0.22,0],[0,0],[0,-0.0942478],[0,-0.188496],[0,-0.282743],[0,-0.376991],[0,-0.471239]] a0=(103,8000)  a1=(0.15,0.15) lst5=(1342160895,1342160895,2415893090,2415902719,2415902719,2415893090,2415893090,1961967615,1961967615,2415893090,1961967615,1796095999,1796095999,1961967615,1796095999,2952764002,2952764002,1796095999,2952764002,2952773631,1342160895,1342160895,2952773631,2952764002) lst6=[[76,81,20,169]] aX=(02 00 00 30 00 00 00 00)
					objects[0066] = (0241): Face flags=45400000    u32_0=0000  u8_0=00 box=(-14.15,2.35,0,-14.15,5.35,0.22) key=0727 u32_1=0000 u32_2=0000
						surface = (0912): SurfacePlane dcIndices=[[785,4294967295]] u32_0=0000 u8_0=00
						edges[0000] = (0913): Edge_D79AD3F3 flags=0000    u32_0=0000 points=[[-14.15,5.35,0],[-14.15,2.35,0],[-14.15,2.35,0.22],[-14.15,5.35,0.22]] lst1=(0,1,3,3,1,2) n=[[-1,0,0],[-1,0,0],[-1,0,0],[-1,0,0]] uv=[[-0,0.22],[-3,0.22],[-3,0],[-0,0]] a0=(103,000)  a1=(-1,1) lst5=(805289983,805289983,1342160895,1342160895,1879031807,1879031807,268419071,268419071) lst6=[[0,0,0,172]] aX=(02 00 00 30 00 00 00 00)
					objects[0067] = (0242): Face flags=46400000    u32_0=0000  u8_0=00 box=(-14.45,13.95,0,-14.15,14.1,0.22) key=0742 u32_1=0000 u32_2=0000
						surface = (0914): SurfaceCylinder dcIndices=[[785,4294967295]] u32_0=0000 u8_0=00 center=Vector (-14.3, 13.950000000000001, 0.22000000000000003) normal=Vector (0.0, 0.0, -1.0)
						edges[0000] = (0915): Edge_D79AD3F3 flags=0000    u32_0=0000 points=[[-14.45,13.95,0],[-14.4214,14.0382,0],[-14.3464,14.0927,0],[-14.2536,14.0927,0],[-14.1786,14.0382,0],[-14.15,13.95,0],[-14.15,13.95,0.22],[-14.1786,14.0382,0.22],[-14.2536,14.0927,0.22],[-14.3464,14.0927,0.22],[-14.4214,14.0382,0.22],[-14.45,13.95,0.22]] lst1=(11,0,10,10,0,1,10,1,2,10,2,9,9,2,3,9,3,8,8,3,4,8,4,7,7,4,5,7,5,6) n=[[1,0,0],[0.809017,-0.587785,0],[0.309017,-0.951057,0],[-0.309017,-0.951057,0],[-0.809017,-0.587785,0],[-1,0,0],[-1,0,0],[-0.809017,-0.587785,0],[-0.309017,-0.951057,0],[0.309017,-0.951057,0],[0.809017,-0.587785,0],[1,0,0]] uv=[[0.22,-0.471239],[0.22,-0.376991],[0.22,-0.282743],[0.22,-0.188496],[0.22,-0.0942478],[0.22,0],[0,0],[0,-0.0942478],[0,-0.188496],[0,-0.282743],[0,-0.376991],[0,-0.471239]] a0=(103,8000)  a1=(0.15,0.15) lst5=(1879031807,1879031807,2952783260,2952773631,2952773631,2952783260,2952783260,1259225087,1259225087,2952783260,1259225087,1425096703,1425096703,1259225087,1425096703,2415912348,2415912348,1425096703,2415912348,2415902719,1879031807,1879031807,2415902719,2415912348) lst6=[[76,81,20,169]] aX=(02 00 00 30 00 00 00 00)
					objects[0068] = (0243): Face flags=45400000    u32_0=0000  u8_0=00 box=(-14.45,10.95,0,-14.45,13.95,0.22) key=0741 u32_1=0000 u32_2=0000
						surface = (0916): SurfacePlane dcIndices=[[785,4294967295]] u32_0=0000 u8_0=00
						edges[0000] = (0917): Edge_D79AD3F3 flags=0000    u32_0=0000 points=[[-14.45,10.95,0],[-14.45,13.95,0],[-14.45,13.95,0.22],[-14.45,10.95,0.22]] lst1=(0,1,3,3,1,2) n=[[1,0,0],[1,0,0],[1,0,0],[1,0,0]] uv=[[-0,0.22],[-3,0.22],[-3,0],[-0,0]] a0=(103,000)  a1=(-1,1) lst5=(805289983,805289983,1879031807,1879031807,1342160895,1342160895,268419071,268419071) lst6=[[0,0,0,172]] aX=(02 00 00 30 00 00 00 00)
					objects[0069] = (0244): Face flags=46400000    u32_0=0000  u8_0=00 box=(-14.45,10.8,0,-14.15,10.95,0.22) key=0726 u32_1=0000 u32_2=0000
						surface = (0918): SurfaceCylinder dcIndices=[[785,4294967295]] u32_0=0000 u8_0=00 center=Vector (-14.3, 10.950000000000001, 0.22000000000000003) normal=Vector (0.0, 0.0, -1.0)
						edges[0000] = (0919): Edge_D79AD3F3 flags=0000    u32_0=0000 points=[[-14.15,10.95,0],[-14.1786,10.8618,0],[-14.2536,10.8073,0],[-14.3464,10.8073,0],[-14.4214,10.8618,0],[-14.45,10.95,0],[-14.45,10.95,0.22],[-14.4214,10.8618,0.22],[-14.3464,10.8073,0.22],[-14.2536,10.8073,0.22],[-14.1786,10.8618,0.22],[-14.15,10.95,0.22]] lst1=(11,0,10,10,0,1,10,1,2,10,2,9,9,2,3,9,3,8,8,3,4,8,4,7,7,4,5,7,5,6) n=[[-1,0,0],[-0.809017,0.587785,0],[-0.309017,0.951057,0],[0.309017,0.951057,0],[0.809017,0.587785,0],[1,0,0],[1,0,0],[0.809017,0.587785,0],[0.309017,0.951057,0],[-0.309017,0.951057,0],[-0.809017,0.587785,0],[-1,0,0]] uv=[[0.22,-0.471239],[0.22,-0.376991],[0.22,-0.282743],[0.22,-0.188496],[0.22,-0.0942478],[0.22,0],[0,0],[0,-0.0942478],[0,-0.188496],[0,-0.282743],[0,-0.376991],[0,-0.471239]] a0=(103,8000)  a1=(0.15,0.15) lst5=(1342160895,1342160895,2415893090,2415902719,2415902719,2415893090,2415893090,1961967615,1961967615,2415893090,1961967615,1796095999,1796095999,1961967615,1796095999,2952764002,2952764002,1796095999,2952764002,2952773631,1342160895,1342160895,2952773631,2952764002) lst6=[[76,81,20,169]] aX=(02 00 00 30 00 00 00 00)
					objects[006A] = (0245): Face flags=45400000    u32_0=0000  u8_0=00 box=(-14.15,10.95,0,-14.15,13.95,0.22) key=0729 u32_1=0000 u32_2=0000
						surface = (091A): SurfacePlane dcIndices=[[785,4294967295]] u32_0=0000 u8_0=00
						edges[0000] = (091B): Edge_D79AD3F3 flags=0000    u32_0=0000 points=[[-14.15,13.95,0],[-14.15,10.95,0],[-14.15,10.95,0.22],[-14.15,13.95,0.22]] lst1=(0,1,3,3,1,2) n=[[-1,0,0],[-1,0,0],[-1,0,0],[-1,0,0]] uv=[[-0,0.22],[-3,0.22],[-3,0],[-0,0]] a0=(103,000)  a1=(-1,1) lst5=(805289983,805289983,1342160895,1342160895,1879031807,1879031807,268419071,268419071) lst6=[[0,0,0,172]] aX=(02 00 00 30 00 00 00 00)
					objects[006B] = (0246): Face flags=46400000    u32_0=0000  u8_0=00 box=(-12.75,13.95,0,-12.45,14.1,0.22) key=0740 u32_1=0000 u32_2=0000
						surface = (091C): SurfaceCylinder dcIndices=[[785,4294967295]] u32_0=0000 u8_0=00 center=Vector (-12.600000000000001, 13.950000000000001, 0.22000000000000003) normal=Vector (0.0, 0.0, -1.0)
						edges[0000] = (091D): Edge_D79AD3F3 flags=0000    u32_0=0000 points=[[-12.75,13.95,0],[-12.7214,14.0382,0],[-12.6464,14.0927,0],[-12.5536,14.0927,0],[-12.4786,14.0382,0],[-12.45,13.95,0],[-12.45,13.95,0.22],[-12.4786,14.0382,0.22],[-12.5536,14.0927,0.22],[-12.6464,14.0927,0.22],[-12.7214,14.0382,0.22],[-12.75,13.95,0.22]] lst1=(11,0,10,10,0,1,10,1,2,10,2,9,9,2,3,9,3,8,8,3,4,8,4,7,7,4,5,7,5,6) n=[[1,0,0],[0.809017,-0.587785,0],[0.309017,-0.951057,0],[-0.309017,-0.951057,0],[-0.809017,-0.587785,0],[-1,0,0],[-1,0,0],[-0.809017,-0.587785,0],[-0.309017,-0.951057,0],[0.309017,-0.951057,0],[0.809017,-0.587785,0],[1,0,0]] uv=[[0.22,-0.471239],[0.22,-0.376991],[0.22,-0.282743],[0.22,-0.188496],[0.22,-0.0942478],[0.22,0],[0,0],[0,-0.0942478],[0,-0.188496],[0,-0.282743],[0,-0.376991],[0,-0.471239]] a0=(103,8000)  a1=(0.15,0.15) lst5=(1879031807,1879031807,2952783260,2952773631,2952773631,2952783260,2952783260,1259225087,1259225087,2952783260,1259225087,1425096703,1425096703,1259225087,1425096703,2415912348,2415912348,1425096703,2415912348,2415902719,1879031807,1879031807,2415902719,2415912348) lst6=[[76,81,20,169]] aX=(02 00 00 30 00 00 00 00)
					objects[006C] = (0247): Face flags=45400000    u32_0=0000  u8_0=00 box=(-12.75,10.95,0,-12.75,13.95,0.22) key=073F u32_1=0000 u32_2=0000
						surface = (091E): SurfacePlane dcIndices=[[785,4294967295]] u32_0=0000 u8_0=00
						edges[0000] = (091F): Edge_D79AD3F3 flags=0000    u32_0=0000 points=[[-12.75,10.95,0],[-12.75,13.95,0],[-12.75,13.95,0.22],[-12.75,10.95,0.22]] lst1=(0,1,3,3,1,2) n=[[1,0,0],[1,0,0],[1,0,0],[1,0,0]] uv=[[-0,0.22],[-3,0.22],[-3,0],[-0,0]] a0=(103,000)  a1=(-1,1) lst5=(805289983,805289983,1879031807,1879031807,1342160895,1342160895,268419071,268419071) lst6=[[0,0,0,172]] aX=(02 00 00 30 00 00 00 00)
					objects[006D] = (0248): Face flags=46400000    u32_0=0000  u8_0=00 box=(-12.75,10.8,0,-12.45,10.95,0.22) key=0728 u32_1=0000 u32_2=0000
						surface = (0920): SurfaceCylinder dcIndices=[[785,4294967295]] u32_0=0000 u8_0=00 center=Vector (-12.600000000000001, 10.950000000000001, 0.22000000000000003) normal=Vector (0.0, 0.0, -1.0)
						edges[0000] = (0921): Edge_D79AD3F3 flags=0000    u32_0=0000 points=[[-12.45,10.95,0],[-12.4786,10.8618,0],[-12.5536,10.8073,0],[-12.6464,10.8073,0],[-12.7214,10.8618,0],[-12.75,10.95,0],[-12.75,10.95,0.22],[-12.7214,10.8618,0.22],[-12.6464,10.8073,0.22],[-12.5536,10.8073,0.22],[-12.4786,10.8618,0.22],[-12.45,10.95,0.22]] lst1=(11,0,10,10,0,1,10,1,2,10,2,9,9,2,3,9,3,8,8,3,4,8,4,7,7,4,5,7,5,6) n=[[-1,0,0],[-0.809017,0.587785,0],[-0.309017,0.951057,0],[0.309017,0.951057,0],[0.809017,0.587785,0],[1,0,0],[1,0,0],[0.809017,0.587785,0],[0.309017,0.951057,0],[-0.309017,0.951057,0],[-0.809017,0.587785,0],[-1,0,0]] uv=[[0.22,-0.471239],[0.22,-0.376991],[0.22,-0.282743],[0.22,-0.188496],[0.22,-0.0942478],[0.22,0],[0,0],[0,-0.0942478],[0,-0.188496],[0,-0.282743],[0,-0.376991],[0,-0.471239]] a0=(103,8000)  a1=(0.15,0.15) lst5=(1342160895,1342160895,2415893090,2415902719,2415902719,2415893090,2415893090,1961967615,1961967615,2415893090,1961967615,1796095999,1796095999,1961967615,1796095999,2952764002,2952764002,1796095999,2952764002,2952773631,1342160895,1342160895,2952773631,2952764002) lst6=[[76,81,20,169]] aX=(02 00 00 30 00 00 00 00)
					objects[006E] = (0249): Face flags=45400000    u32_0=0000  u8_0=00 box=(-12.45,10.95,0,-12.45,13.95,0.22) key=072B u32_1=0000 u32_2=0000
						surface = (0922): SurfacePlane dcIndices=[[785,4294967295]] u32_0=0000 u8_0=00
						edges[0000] = (0923): Edge_D79AD3F3 flags=0000    u32_0=0000 points=[[-12.45,13.95,0],[-12.45,10.95,0],[-12.45,10.95,0.22],[-12.45,13.95,0.22]] lst1=(0,1,3,3,1,2) n=[[-1,0,0],[-1,0,0],[-1,0,0],[-1,0,0]] uv=[[-0,0.22],[-3,0.22],[-3,0],[-0,0]] a0=(103,000)  a1=(-1,1) lst5=(805289983,805289983,1342160895,1342160895,1879031807,1879031807,268419071,268419071) lst6=[[0,0,0,172]] aX=(02 00 00 30 00 00 00 00)
					objects[006F] = (024A): Face flags=46400000    u32_0=0000  u8_0=00 box=(-12.75,5.35,0,-12.45,5.5,0.22) key=073E u32_1=0000 u32_2=0000
						surface = (0924): SurfaceCylinder dcIndices=[[785,4294967295]] u32_0=0000 u8_0=00 center=Vector (-12.600000000000001, 5.35, 0.22000000000000003) normal=Vector (0.0, 0.0, -1.0)
						edges[0000] = (0925): Edge_D79AD3F3 flags=0000    u32_0=0000 points=[[-12.75,5.35,0],[-12.7214,5.43817,0],[-12.6464,5.49266,0],[-12.5536,5.49266,0],[-12.4786,5.43817,0],[-12.45,5.35,0],[-12.45,5.35,0.22],[-12.4786,5.43817,0.22],[-12.5536,5.49266,0.22],[-12.6464,5.49266,0.22],[-12.7214,5.43817,0.22],[-12.75,5.35,0.22]] lst1=(11,0,10,10,0,1,10,1,2,10,2,9,9,2,3,9,3,8,8,3,4,8,4,7,7,4,5,7,5,6) n=[[1,0,0],[0.809017,-0.587785,0],[0.309017,-0.951057,0],[-0.309017,-0.951057,0],[-0.809017,-0.587785,0],[-1,0,0],[-1,0,0],[-0.809017,-0.587785,0],[-0.309017,-0.951057,0],[0.309017,-0.951057,0],[0.809017,-0.587785,0],[1,0,0]] uv=[[0.22,-0.471239],[0.22,-0.376991],[0.22,-0.282743],[0.22,-0.188496],[0.22,-0.0942478],[0.22,0],[0,0],[0,-0.0942478],[0,-0.188496],[0,-0.282743],[0,-0.376991],[0,-0.471239]] a0=(103,8000)  a1=(0.15,0.15) lst5=(1879031807,1879031807,2952783260,2952773631,2952773631,2952783260,2952783260,1259225087,1259225087,2952783260,1259225087,1425096703,1425096703,1259225087,1425096703,2415912348,2415912348,1425096703,2415912348,2415902719,1879031807,1879031807,2415902719,2415912348) lst6=[[76,81,20,169]] aX=(02 00 00 30 00 00 00 00)
					objects[0070] = (024B): Face flags=45400000    u32_0=0000  u8_0=00 box=(-12.75,2.35,0,-12.75,5.35,0.22) key=073D u32_1=0000 u32_2=0000
						surface = (0926): SurfacePlane dcIndices=[[785,4294967295]] u32_0=0000 u8_0=00
						edges[0000] = (0927): Edge_D79AD3F3 flags=0000    u32_0=0000 points=[[-12.75,2.35,0],[-12.75,5.35,0],[-12.75,5.35,0.22],[-12.75,2.35,0.22]] lst1=(0,1,3,3,1,2) n=[[1,0,0],[1,0,0],[1,0,0],[1,0,0]] uv=[[-0,0.22],[-3,0.22],[-3,0],[-0,0]] a0=(103,000)  a1=(-1,1) lst5=(805289983,805289983,1879031807,1879031807,1342160895,1342160895,268419071,268419071) lst6=[[0,0,0,172]] aX=(02 00 00 30 00 00 00 00)
					objects[0071] = (024C): Face flags=46400000    u32_0=0000  u8_0=00 box=(-12.75,2.2,0,-12.45,2.35,0.22) key=072A u32_1=0000 u32_2=0000
						surface = (0928): SurfaceCylinder dcIndices=[[785,4294967295]] u32_0=0000 u8_0=00 center=Vector (-12.600000000000001, 2.3500000000000005, 0.22000000000000003) normal=Vector (0.0, 0.0, -1.0)
						edges[0000] = (0929): Edge_D79AD3F3 flags=0000    u32_0=0000 points=[[-12.45,2.35,0],[-12.4786,2.26183,0],[-12.5536,2.20734,0],[-12.6464,2.20734,0],[-12.7214,2.26183,0],[-12.75,2.35,0],[-12.75,2.35,0.22],[-12.7214,2.26183,0.22],[-12.6464,2.20734,0.22],[-12.5536,2.20734,0.22],[-12.4786,2.26183,0.22],[-12.45,2.35,0.22]] lst1=(11,0,10,10,0,1,10,1,2,10,2,9,9,2,3,9,3,8,8,3,4,8,4,7,7,4,5,7,5,6) n=[[-1,0,0],[-0.809017,0.587785,0],[-0.309017,0.951057,0],[0.309017,0.951057,0],[0.809017,0.587785,0],[1,0,0],[1,0,0],[0.809017,0.587785,0],[0.309017,0.951057,0],[-0.309017,0.951057,0],[-0.809017,0.587785,0],[-1,0,0]] uv=[[0.22,-0.471239],[0.22,-0.376991],[0.22,-0.282743],[0.22,-0.188496],[0.22,-0.0942478],[0.22,0],[0,0],[0,-0.0942478],[0,-0.188496],[0,-0.282743],[0,-0.376991],[0,-0.471239]] a0=(103,8000)  a1=(0.15,0.15) lst5=(1342160895,1342160895,2415893090,2415902719,2415902719,2415893090,2415893090,1961967615,1961967615,2415893090,1961967615,1796095999,1796095999,1961967615,1796095999,2952764002,2952764002,1796095999,2952764002,2952773631,1342160895,1342160895,2952773631,2952764002) lst6=[[76,81,20,169]] aX=(02 00 00 30 00 00 00 00)
					objects[0072] = (024D): Face flags=45400000    u32_0=0000  u8_0=00 box=(-12.45,2.35,0,-12.45,5.35,0.22) key=072D u32_1=0000 u32_2=0000
						surface = (092A): SurfacePlane dcIndices=[[785,4294967295]] u32_0=0000 u8_0=00
						edges[0000] = (092B): Edge_D79AD3F3 flags=0000    u32_0=0000 points=[[-12.45,5.35,0],[-12.45,2.35,0],[-12.45,2.35,0.22],[-12.45,5.35,0.22]] lst1=(0,1,3,3,1,2) n=[[-1,0,0],[-1,0,0],[-1,0,0],[-1,0,0]] uv=[[-0,0.22],[-3,0.22],[-3,0],[-0,0]] a0=(103,000)  a1=(-1,1) lst5=(805289983,805289983,1342160895,1342160895,1879031807,1879031807,268419071,268419071) lst6=[[0,0,0,172]] aX=(02 00 00 30 00 00 00 00)
					objects[0073] = (024E): Face flags=46400000    u32_0=0000  u8_0=00 box=(-9.35,14.95,0,-9.05,15.1,0.22) key=073C u32_1=0000 u32_2=0000
						surface = (092C): SurfaceCylinder dcIndices=[[785,4294967295]] u32_0=0000 u8_0=00 center=Vector (-9.200000000000001, 14.95, 0.22000000000000003) normal=Vector (0.0, 0.0, -1.0)
						edges[0000] = (092D): Edge_D79AD3F3 flags=0000    u32_0=0000 points=[[-9.35,14.95,0],[-9.32135,15.0382,0],[-9.24635,15.0927,0],[-9.15365,15.0927,0],[-9.07865,15.0382,0],[-9.05,14.95,0],[-9.05,14.95,0.22],[-9.07865,15.0382,0.22],[-9.15365,15.0927,0.22],[-9.24635,15.0927,0.22],[-9.32135,15.0382,0.22],[-9.35,14.95,0.22]] lst1=(11,0,10,10,0,1,10,1,2,10,2,9,9,2,3,9,3,8,8,3,4,8,4,7,7,4,5,7,5,6) n=[[1,0,0],[0.809017,-0.587785,0],[0.309017,-0.951057,0],[-0.309017,-0.951057,0],[-0.809017,-0.587785,0],[-1,0,0],[-1,0,0],[-0.809017,-0.587785,0],[-0.309017,-0.951057,0],[0.309017,-0.951057,0],[0.809017,-0.587785,0],[1,0,0]] uv=[[0.22,-0.471239],[0.22,-0.376991],[0.22,-0.282743],[0.22,-0.188496],[0.22,-0.0942478],[0.22,0],[0,0],[0,-0.0942478],[0,-0.188496],[0,-0.282743],[0,-0.376991],[0,-0.471239]] a0=(103,8000)  a1=(0.15,0.15) lst5=(1879031807,1879031807,2952783260,2952773631,2952773631,2952783260,2952783260,1259225087,1259225087,2952783260,1259225087,1425096703,1425096703,1259225087,1425096703,2415912348,2415912348,1425096703,2415912348,2415902719,1879031807,1879031807,2415902719,2415912348) lst6=[[76,81,20,169]] aX=(02 00 00 30 00 00 00 00)
					objects[0074] = (024F): Face flags=45400000    u32_0=0000  u8_0=00 box=(-9.35,10.95,0,-9.35,14.95,0.22) key=073B u32_1=0000 u32_2=0000
						surface = (092E): SurfacePlane dcIndices=[[785,4294967295]] u32_0=0000 u8_0=00
						edges[0000] = (092F): Edge_D79AD3F3 flags=0000    u32_0=0000 points=[[-9.35,10.95,0],[-9.35,14.95,0],[-9.35,14.95,0.22],[-9.35,10.95,0.22]] lst1=(0,1,3,3,1,2) n=[[1,0,0],[1,0,0],[1,0,0],[1,0,0]] uv=[[-0,0.22],[-4,0.22],[-4,0],[-0,0]] a0=(103,000)  a1=(-1,1) lst5=(805289983,805289983,1879031807,1879031807,1342160895,1342160895,268419071,268419071) lst6=[[0,0,0,172]] aX=(02 00 00 30 00 00 00 00)
					objects[0075] = (0250): Face flags=46400000    u32_0=0000  u8_0=00 box=(-9.35,10.8,0,-9.05,10.95,0.22) key=072C u32_1=0000 u32_2=0000
						surface = (0930): SurfaceCylinder dcIndices=[[785,4294967295]] u32_0=0000 u8_0=00 center=Vector (-9.200000000000001, 10.95, 0.22000000000000003) normal=Vector (0.0, 0.0, -1.0)
						edges[0000] = (0931): Edge_D79AD3F3 flags=0000    u32_0=0000 points=[[-9.05,10.95,0],[-9.07865,10.8618,0],[-9.15365,10.8073,0],[-9.24635,10.8073,0],[-9.32135,10.8618,0],[-9.35,10.95,0],[-9.35,10.95,0.22],[-9.32135,10.8618,0.22],[-9.24635,10.8073,0.22],[-9.15365,10.8073,0.22],[-9.07865,10.8618,0.22],[-9.05,10.95,0.22]] lst1=(11,0,10,10,0,1,10,1,2,10,2,9,9,2,3,9,3,8,8,3,4,8,4,7,7,4,5,7,5,6) n=[[-1,0,0],[-0.809017,0.587785,0],[-0.309017,0.951057,0],[0.309017,0.951057,0],[0.809017,0.587785,0],[1,0,0],[1,0,0],[0.809017,0.587785,0],[0.309017,0.951057,0],[-0.309017,0.951057,0],[-0.809017,0.587785,0],[-1,0,0]] uv=[[0.22,-0.471239],[0.22,-0.376991],[0.22,-0.282743],[0.22,-0.188496],[0.22,-0.0942478],[0.22,0],[0,0],[0,-0.0942478],[0,-0.188496],[0,-0.282743],[0,-0.376991],[0,-0.471239]] a0=(103,8000)  a1=(0.15,0.15) lst5=(1342160895,1342160895,2415893090,2415902719,2415902719,2415893090,2415893090,1961967615,1961967615,2415893090,1961967615,1796095999,1796095999,1961967615,1796095999,2952764002,2952764002,1796095999,2952764002,2952773631,1342160895,1342160895,2952773631,2952764002) lst6=[[76,81,20,169]] aX=(02 00 00 30 00 00 00 00)
					objects[0076] = (0251): Face flags=45400000    u32_0=0000  u8_0=00 box=(-9.05,10.95,0,-9.05,14.95,0.22) key=072F u32_1=0000 u32_2=0000
						surface = (0932): SurfacePlane dcIndices=[[785,4294967295]] u32_0=0000 u8_0=00
						edges[0000] = (0933): Edge_D79AD3F3 flags=0000    u32_0=0000 points=[[-9.05,14.95,0],[-9.05,10.95,0],[-9.05,10.95,0.22],[-9.05,14.95,0.22]] lst1=(0,1,3,3,1,2) n=[[-1,0,0],[-1,0,0],[-1,0,0],[-1,0,0]] uv=[[-0,0.22],[-4,0.22],[-4,0],[-0,0]] a0=(103,000)  a1=(-1,1) lst5=(805289983,805289983,1342160895,1342160895,1879031807,1879031807,268419071,268419071) lst6=[[0,0,0,172]] aX=(02 00 00 30 00 00 00 00)
					objects[0077] = (0252): Face flags=46400000    u32_0=0000  u8_0=00 box=(-9.35,5.35,0,-9.05,5.5,0.22) key=073A u32_1=0000 u32_2=0000
						surface = (0934): SurfaceCylinder dcIndices=[[785,4294967295]] u32_0=0000 u8_0=00 center=Vector (-9.200000000000001, 5.35, 0.22000000000000003) normal=Vector (0.0, 0.0, -1.0)
						edges[0000] = (0935): Edge_D79AD3F3 flags=0000    u32_0=0000 points=[[-9.35,5.35,0],[-9.32135,5.43817,0],[-9.24635,5.49266,0],[-9.15365,5.49266,0],[-9.07865,5.43817,0],[-9.05,5.35,0],[-9.05,5.35,0.22],[-9.07865,5.43817,0.22],[-9.15365,5.49266,0.22],[-9.24635,5.49266,0.22],[-9.32135,5.43817,0.22],[-9.35,5.35,0.22]] lst1=(11,0,10,10,0,1,10,1,2,10,2,9,9,2,3,9,3,8,8,3,4,8,4,7,7,4,5,7,5,6) n=[[1,0,0],[0.809017,-0.587785,0],[0.309017,-0.951057,0],[-0.309017,-0.951057,0],[-0.809017,-0.587785,0],[-1,0,0],[-1,0,0],[-0.809017,-0.587785,0],[-0.309017,-0.951057,0],[0.309017,-0.951057,0],[0.809017,-0.587785,0],[1,0,0]] uv=[[0.22,-0.471239],[0.22,-0.376991],[0.22,-0.282743],[0.22,-0.188496],[0.22,-0.0942478],[0.22,0],[0,0],[0,-0.0942478],[0,-0.188496],[0,-0.282743],[0,-0.376991],[0,-0.471239]] a0=(103,8000)  a1=(0.15,0.15) lst5=(1879031807,1879031807,2952783260,2952773631,2952773631,2952783260,2952783260,1259225087,1259225087,2952783260,1259225087,1425096703,1425096703,1259225087,1425096703,2415912348,2415912348,1425096703,2415912348,2415902719,1879031807,1879031807,2415902719,2415912348) lst6=[[76,81,20,169]] aX=(02 00 00 30 00 00 00 00)
					objects[0078] = (0253): Face flags=45400000    u32_0=0000  u8_0=00 box=(-9.35,1.35,0,-9.35,5.35,0.22) key=0739 u32_1=0000 u32_2=0000
						surface = (0936): SurfacePlane dcIndices=[[785,4294967295]] u32_0=0000 u8_0=00
						edges[0000] = (0937): Edge_D79AD3F3 flags=0000    u32_0=0000 points=[[-9.35,1.35,0],[-9.35,5.35,0],[-9.35,5.35,0.22],[-9.35,1.35,0.22]] lst1=(0,1,3,3,1,2) n=[[1,0,0],[1,0,0],[1,0,0],[1,0,0]] uv=[[-0,0.22],[-4,0.22],[-4,0],[-0,0]] a0=(103,000)  a1=(-1,1) lst5=(805289983,805289983,1879031807,1879031807,1342160895,1342160895,268419071,268419071) lst6=[[0,0,0,172]] aX=(02 00 00 30 00 00 00 00)
					objects[0079] = (0254): Face flags=46400000    u32_0=0000  u8_0=00 box=(-9.35,1.2,0,-9.05,1.35,0.22) key=072E u32_1=0000 u32_2=0000
						surface = (0938): SurfaceCylinder dcIndices=[[785,4294967295]] u32_0=0000 u8_0=00 center=Vector (-9.200000000000001, 1.3500000000000005, 0.22000000000000003) normal=Vector (0.0, 0.0, -1.0)
						edges[0000] = (0939): Edge_D79AD3F3 flags=0000    u32_0=0000 points=[[-9.05,1.35,0],[-9.07865,1.26183,0],[-9.15365,1.20734,0],[-9.24635,1.20734,0],[-9.32135,1.26183,0],[-9.35,1.35,0],[-9.35,1.35,0.22],[-9.32135,1.26183,0.22],[-9.24635,1.20734,0.22],[-9.15365,1.20734,0.22],[-9.07865,1.26183,0.22],[-9.05,1.35,0.22]] lst1=(11,0,10,10,0,1,10,1,2,10,2,9,9,2,3,9,3,8,8,3,4,8,4,7,7,4,5,7,5,6) n=[[-1,0,0],[-0.809017,0.587785,0],[-0.309017,0.951057,0],[0.309017,0.951057,0],[0.809017,0.587785,0],[1,0,0],[1,0,0],[0.809017,0.587785,0],[0.309017,0.951057,0],[-0.309017,0.951057,0],[-0.809017,0.587785,0],[-1,0,0]] uv=[[0.22,-0.471239],[0.22,-0.376991],[0.22,-0.282743],[0.22,-0.188496],[0.22,-0.0942478],[0.22,0],[0,0],[0,-0.0942478],[0,-0.188496],[0,-0.282743],[0,-0.376991],[0,-0.471239]] a0=(103,8000)  a1=(0.15,0.15) lst5=(1342160895,1342160895,2415893090,2415902719,2415902719,2415893090,2415893090,1961967615,1961967615,2415893090,1961967615,1796095999,1796095999,1961967615,1796095999,2952764002,2952764002,1796095999,2952764002,2952773631,1342160895,1342160895,2952773631,2952764002) lst6=[[76,81,20,169]] aX=(02 00 00 30 00 00 00 00)
					objects[007A] = (0255): Face flags=45400000    u32_0=0000  u8_0=00 box=(-9.05,1.35,0,-9.05,5.35,0.22) key=0731 u32_1=0000 u32_2=0000
						surface = (093A): SurfacePlane dcIndices=[[785,4294967295]] u32_0=0000 u8_0=00
						edges[0000] = (093B): Edge_D79AD3F3 flags=0000    u32_0=0000 points=[[-9.05,5.35,0],[-9.05,1.35,0],[-9.05,1.35,0.22],[-9.05,5.35,0.22]] lst1=(0,1,3,3,1,2) n=[[-1,0,0],[-1,0,0],[-1,0,0],[-1,0,0]] uv=[[-0,0.22],[-4,0.22],[-4,0],[-0,0]] a0=(103,000)  a1=(-1,1) lst5=(805289983,805289983,1342160895,1342160895,1879031807,1879031807,268419071,268419071) lst6=[[0,0,0,172]] aX=(02 00 00 30 00 00 00 00)
					objects[007B] = (0256): Face flags=46400000    u32_0=0000  u8_0=00 box=(-9.2,8.75,0,-9.05,9.05,0.22) key=0738 u32_1=0000 u32_2=0000
						surface = (093C): SurfaceCylinder dcIndices=[[785,4294967295]] u32_0=0000 u8_0=00 center=Vector (-9.200000000000001, 8.9, 0.22000000000000003) normal=Vector (0.0, 0.0, -1.0)
						edges[0000] = (093D): Edge_D79AD3F3 flags=0000    u32_0=0000 points=[[-9.2,9.05,0],[-9.11183,9.02135,0],[-9.05734,8.94635,0],[-9.05734,8.85365,0],[-9.11183,8.77865,0],[-9.2,8.75,0],[-9.2,8.75,0.22],[-9.11183,8.77865,0.22],[-9.05734,8.85365,0.22],[-9.05734,8.94635,0.22],[-9.11183,9.02135,0.22],[-9.2,9.05,0.22]] lst1=(0,1,11,11,1,10,10,1,2,10,2,9,9,2,3,9,3,8,8,3,4,8,4,7,7,4,6,6,4,5) n=[[0,-1,0],[-0.587785,-0.809017,0],[-0.951057,-0.309017,0],[-0.951057,0.309017,0],[-0.587785,0.809017,0],[0,1,0],[0,1,0],[-0.587785,0.809017,0],[-0.951057,0.309017,0],[-0.951057,-0.309017,0],[-0.587785,-0.809017,0],[0,-1,0]] uv=[[0.22,0],[0.22,0.0942478],[0.22,0.188496],[0.22,0.282743],[0.22,0.376991],[0.22,0.471239],[0,0.471239],[0,0.376991],[0,0.282743],[0,0.188496],[0,0.0942478],[0,0]] a0=(103,8000)  a1=(0.15,0.15) lst5=(1342160895,1499906047,2952773631,2952773631,1499906047,1342160895,1499906047,2415907781,2415907781,1499906047,2415907781,2415897657,2415897657,2415907781,2415897657,2036776959,2036776959,2415897657,1879031807,2036776959,2036776959,1879031807,2952773631,2952773631) lst6=[[44,81,20,165]] aX=(02 00 00 30 00 00 00 00)
					objects[007C] = (0257): Face flags=45400000    u32_0=0000  u8_0=00 box=(-17.2,9.05,0,-9.2,9.05,0.22) key=0737 u32_1=0000 u32_2=0000
						surface = (093E): SurfacePlane dcIndices=[[785,4294967295]] u32_0=0000 u8_0=00
						edges[0000] = (093F): Edge_D79AD3F3 flags=0000    u32_0=0000 points=[[-17.2,9.05,0],[-9.2,9.05,0],[-9.2,9.05,0.22],[-17.2,9.05,0.22]] lst1=(0,1,3,3,1,2) n=[[0,-1,0],[0,-1,0],[0,-1,0],[0,-1,0]] uv=[[-0,0.22],[-8,0.22],[-8,0],[-0,0]] a0=(103,000)  a1=(-1,1) lst5=(805289983,805289983,2952773631,2952773631,2415902719,2415902719,268419071,268419071) lst6=[[0,0,0,172]] aX=(02 00 00 30 00 00 00 00)
					objects[007D] = (0258): Face flags=46400000    u32_0=0000  u8_0=00 box=(-17.35,8.75,0,-17.2,9.05,0.22) key=0730 u32_1=0000 u32_2=0000
						surface = (0940): SurfaceCylinder dcIndices=[[785,4294967295]] u32_0=0000 u8_0=00 center=Vector (-17.2, 8.9, 0.22000000000000003) normal=Vector (0.0, 0.0, -1.0)
						edges[0000] = (0941): Edge_D79AD3F3 flags=0000    u32_0=0000 points=[[-17.2,8.75,0],[-17.2882,8.77865,0],[-17.3427,8.85365,0],[-17.3427,8.94635,0],[-17.2882,9.02135,0],[-17.2,9.05,0],[-17.2,9.05,0.22],[-17.2882,9.02135,0.22],[-17.3427,8.94635,0.22],[-17.3427,8.85365,0.22],[-17.2882,8.77865,0.22],[-17.2,8.75,0.22]] lst1=(0,1,11,11,1,10,10,1,2,10,2,9,9,2,3,9,3,8,8,3,4,8,4,7,7,4,6,6,4,5) n=[[0,1,0],[0.587785,0.809017,0],[0.951057,0.309017,0],[0.951057,-0.309017,0],[0.587785,-0.809017,0],[0,-1,0],[0,-1,0],[0.587785,-0.809017,0],[0.951057,-0.309017,0],[0.951057,0.309017,0],[0.587785,0.809017,0],[0,1,0]] uv=[[0.22,0],[0.22,0.0942478],[0.22,0.188496],[0.22,0.282743],[0.22,0.376991],[0.22,0.471239],[0,0.471239],[0,0.376991],[0,0.282743],[0,0.188496],[0,0.0942478],[0,0]] a0=(103,8000)  a1=(0.15,0.15) lst5=(1879031807,1721286655,2415902719,2415902719,1721286655,1879031807,1721286655,2952768569,2952768569,1721286655,2952768569,2952778693,2952778693,2952768569,2952778693,1184415743,1184415743,2952778693,1342160895,1184415743,1184415743,1342160895,2415902719,2415902719) lst6=[[44,81,20,165]] aX=(02 00 00 30 00 00 00 00)
					objects[007E] = (0259): Face flags=45400000    u32_0=0000  u8_0=00 box=(-17.2,8.75,0,-9.2,8.75,0.22) key=0733 u32_1=0000 u32_2=0000
						surface = (0942): SurfacePlane dcIndices=[[785,4294967295]] u32_0=0000 u8_0=00
						edges[0000] = (0943): Edge_D79AD3F3 flags=0000    u32_0=0000 points=[[-9.2,8.75,0],[-17.2,8.75,0],[-17.2,8.75,0.22],[-9.2,8.75,0.22]] lst1=(0,1,3,3,1,2) n=[[0,1,0],[0,1,0],[0,1,0],[0,1,0]] uv=[[-0,0.22],[-8,0.22],[-8,0],[-0,0]] a0=(103,000)  a1=(-1,1) lst5=(805289983,805289983,2415902719,2415902719,2952773631,2952773631,268419071,268419071) lst6=[[0,0,0,172]] aX=(02 00 00 30 00 00 00 00)
					objects[007F] = (025A): Face flags=45400000    u32_0=0000  u8_0=00 box=(-24.2,12.15,0,-18.6,12.15,0.22) key=012F u32_1=0000 u32_2=0000
						surface = (0944): SurfacePlane dcIndices=[[236,4294967295]] u32_0=0000 u8_0=00
						edges[0000] = (0945): Edge_D79AD3F3 flags=0000    u32_0=0000 points=[[-18.6,12.15,0.22],[-18.6,12.15,0],[-24.2,12.15,0],[-24.2,12.15,0.22]] lst1=(1,2,0,0,2,3) n=[[0,1,0],[0,1,0],[0,1,0],[0,1,0]] uv=[[-2,0],[-2,0.22],[-7.6,0.22],[-7.6,0]] a0=(103,000)  a1=(-1,1) lst5=(805289983,805289983,2415902719,2415902719,2952773631,2952773631,268419071,268419071) lst6=[[0,0,0,172]] aX=(02 00 00 30 00 00 00 00)
					objects[0080] = (025B): Face flags=45400000    u32_0=0000  u8_0=00 box=(-2,3.3,0,0,3.3,0.22) key=0130 u32_1=0000 u32_2=0000
						surface = (0946): SurfacePlane dcIndices=[[236,4294967295]] u32_0=0000 u8_0=00
						edges[0000] = (0947): Edge_D79AD3F3 flags=0000    u32_0=0000 points=[[-2,3.3,0.22],[-2,3.3,0],[0,3.3,0],[0,3.3,0.22]] lst1=(1,2,0,0,2,3) n=[[0,-1,0],[0,-1,0],[0,-1,0],[0,-1,0]] uv=[[-2,0],[-2,0.22],[-4,0.22],[-4,0]] a0=(103,000)  a1=(-1,1) lst5=(805289983,805289983,2952773631,2952773631,2415902719,2415902719,268419071,268419071) lst6=[[0,0,0,172]] aX=(02 00 00 30 00 00 00 00)
					objects[0081] = (025C): Face flags=45400000    u32_0=0000  u8_0=00 box=(-7.9602e-16,3.3,0,0,13,0.22) key=0136 u32_1=0000 u32_2=0000
						surface = (0948): SurfacePlane dcIndices=[[62,4294967295]] u32_0=0000 u8_0=00
						edges[0000] = (0949): Edge_D79AD3F3 flags=0000    u32_0=0000 points=[[0,3.3,0.22],[0,3.3,0],[0,13,0],[0,13,0.22]] lst1=(1,2,0,0,2,3) n=[[1,0,0],[1,0,0],[1,0,0],[1,0,0]] uv=[[3.3,0.22],[3.3,0],[13,0],[13,0.22]] a0=(103,000)  a1=(1,1) lst5=(805289983,805289983,1879031807,1879031807,1342160895,1342160895,268419071,268419071) lst6=[[0,0,0,172]] aX=(02 00 00 30 00 00 00 00)
					objects[0082] = (025D): Face flags=45400000    u32_0=0000  u8_0=00 box=(-24.2,4.15,0,-24.2,12.15,0.22) key=003D u32_1=0000 u32_2=0000
						surface = (094A): SurfacePlane dcIndices=[[62,4294967295]] u32_0=0000 u8_0=00
						edges[0000] = (094B): Edge_D79AD3F3 flags=0000    u32_0=0000 points=[[-24.2,12.15,0.22],[-24.2,12.15,0],[-24.2,4.15,0],[-24.2,4.15,0.22]] lst1=(1,2,0,0,2,3) n=[[-1,0,0],[-1,0,0],[-1,0,0],[-1,0,0]] uv=[[4.15,0.22],[4.15,0],[12.15,0],[12.15,0.22]] a0=(103,000)  a1=(1,1) lst5=(805289983,805289983,1342160895,1342160895,1879031807,1879031807,268419071,268419071) lst6=[[0,0,0,172]] aX=(02 00 00 30 00 00 00 00)
					objects[0083] = (025E): Face flags=45400000    u32_0=0000  u8_0=00 box=(-12.8923,16.3,0,-5.93827,16.3,0.22) key=003E u32_1=0000 u32_2=0000
						surface = (094C): SurfacePlane dcIndices=[[62,4294967295]] u32_0=0000 u8_0=00
						edges[0000] = (094D): Edge_D79AD3F3 flags=0000    u32_0=0000 points=[[-12.8923,16.3,0],[-12.8923,16.3,0.22],[-5.93827,16.3,0.22],[-5.93827,16.3,0]] lst1=(1,2,0,0,2,3) n=[[0,1,0],[0,1,0],[0,1,0],[0,1,0]] uv=[[12.8923,0],[12.8923,0.22],[5.93827,0.22],[5.93827,0]] a0=(103,000)  a1=(1,1) lst5=(268419071,268419071,2952773631,2952773631,2415902719,2415902719,805289983,805289983) lst6=[[0,0,0,172]] aX=(02 00 00 30 00 00 00 00)
				objects[0001] = (002F): 3dObject flags=20000000    u32_0=0000 
					styles = (025F): ObjctStyles
						styles[0000] = (094E): Style_LineColoru32_0=0000 Color.c0=#3F3F3FFF Color.diffuse=#333333FF Color.c1=#CCCCCCFF Color.c2=#FFFFFFFF Color.c3=#000000FF Color.f=20 u8_0=01
					objects[0000] = (0260): Face flags=52000000    u32_0=0000  u8_0=00 box=(-16.6974,0,0.22,-12.8923,2.76667,0.22) key=14FF u32_1=0000 u32_2=0000
						edges[0000] = (094F): Edge_6266D8CD flags=0000    u32_0=0000 points=[[-12.8923,0,0.22],[-13.5184,0.0493029,0.22],[-14.1291,0.195996,0.22],[-14.7093,0.436464,0.22],[-15.2446,0.764777,0.22],[-15.722,1.17284,0.22],[-16.1297,1.6506,0.22],[-16.4575,2.18628,0.22],[-16.6974,2.76667,0.22]] u8_0=00 a2=(0,-1,0) a3=(-0.951278,-0.308333,-0)
					objects[0001] = (0261): Face flags=51000000    u32_0=0000  u8_0=00 box=(-16.6974,2.76667,0,-16.6974,2.76667,0.22) key=1500 u32_1=0000 u32_2=0000
						edges[0000] = (0950): Edge_6266D8CD flags=0000    u32_0=0000 points=[[-16.6974,2.76667,0.22],[-16.6974,2.76667,0]] u8_0=00 a2=(-0.308333,0.951278,0) a3=(-0.308333,0.951278,0)
					objects[0002] = (0262): Face flags=52000000    u32_0=0000  u8_0=00 box=(-16.6974,0,0,-12.8923,2.76667,0) key=1501 u32_1=0000 u32_2=0000
						edges[0000] = (0951): Edge_6266D8CD flags=0000    u32_0=0000 points=[[-16.6974,2.76667,0],[-16.4575,2.18628,0],[-16.1297,1.6506,0],[-15.722,1.17284,0],[-15.2446,0.764777,0],[-14.7093,0.436464,0],[-14.1291,0.195996,0],[-13.5184,0.0493029,0],[-12.8923,0,0]] u8_0=00 a2=(-0.951278,-0.308333,-0) a3=(0,-1,0)
					objects[0003] = (0263): Face flags=51000000    u32_0=0000  u8_0=00 box=(-12.8923,0,0,-12.8923,0,0.22) key=1502 u32_1=0000 u32_2=0000
						edges[0000] = (0952): Edge_6266D8CD flags=0000    u32_0=0000 points=[[-12.8923,0,0],[-12.8923,0,0.22]] u8_0=00 a2=(1,0,-0) a3=(1,0,-0)
					objects[0004] = (0264): Face flags=51000000    u32_0=0000  u8_0=00 box=(-12.8923,0,0,-5.93827,0,0) key=1503 u32_1=0000 u32_2=0000
						edges[0000] = (0953): Edge_6266D8CD flags=0000    u32_0=0000 points=[[-12.8923,0,0],[-5.93827,0,0]] u8_0=00 a2=(-0,-0,-1) a3=(-0,-0,-1)
					objects[0005] = (0265): Face flags=51000000    u32_0=0000  u8_0=00 box=(-5.93827,0,0,-5.93827,0,0.22) key=1504 u32_1=0000 u32_2=0000
						edges[0000] = (0954): Edge_6266D8CD flags=0000    u32_0=0000 points=[[-5.93827,0,0.22],[-5.93827,0,0]] u8_0=00 a2=(-1,0,0) a3=(-1,0,0)
					objects[0006] = (0266): Face flags=51000000    u32_0=0000  u8_0=00 box=(-12.8923,0,0.22,-5.93827,0,0.22) key=1505 u32_1=0000 u32_2=0000
						edges[0000] = (0955): Edge_6266D8CD flags=0000    u32_0=0000 points=[[-12.8923,0,0.22],[-5.93827,0,0.22]] u8_0=00 a2=(0,0,-1) a3=(0,0,-1)
					objects[0007] = (0267): Face flags=52000000    u32_0=0000  u8_0=00 box=(-7.75,6.9,0,-7.45,7.2,0) key=1506 u32_1=0000 u32_2=0000
						edges[0000] = (0956): Edge_6266D8CD flags=0000    u32_0=0000 points=[[-7.45,7.05,0],[-7.48509,6.95358,0],[-7.57395,6.90228,0],[-7.675,6.9201,0],[-7.74095,6.9987,0],[-7.74095,7.1013,0],[-7.675,7.1799,0],[-7.57395,7.19772,0],[-7.48509,7.14642,0],[-7.45,7.05,0]] u8_0=00 a2=(1,0,0) a3=(1,0,0)
					objects[0008] = (0268): Face flags=52000000    u32_0=0000  u8_0=00 box=(-7.75,9.1,0,-7.45,9.4,0) key=1507 u32_1=0000 u32_2=0000
						edges[0000] = (0957): Edge_6266D8CD flags=0000    u32_0=0000 points=[[-7.45,9.25,0],[-7.48509,9.15358,0],[-7.57395,9.10228,0],[-7.675,9.1201,0],[-7.74095,9.1987,0],[-7.74095,9.3013,0],[-7.675,9.3799,0],[-7.57395,9.39772,0],[-7.48509,9.34642,0],[-7.45,9.25,0]] u8_0=00 a2=(1,0,0) a3=(1,0,0)
					objects[0009] = (0269): Face flags=52000000    u32_0=0000  u8_0=00 box=(-19.3,4.65,0,-18.9,5.05,0) key=1508 u32_1=0000 u32_2=0000
						edges[0000] = (0958): Edge_6266D8CD flags=0000    u32_0=0000 points=[[-18.9,4.85,0],[-18.9468,4.72144,0],[-19.0653,4.65304,0],[-19.2,4.6768,0],[-19.2879,4.7816,0],[-19.2879,4.9184,0],[-19.2,5.02321,0],[-19.0653,5.04696,0],[-18.9468,4.97856,0],[-18.9,4.85,0]] u8_0=00 a2=(1,0,0) a3=(1,0,0)
					objects[000A] = (026A): Face flags=52000000    u32_0=0000  u8_0=00 box=(-19.3,11.25,0,-18.9,11.65,0) key=1509 u32_1=0000 u32_2=0000
						edges[0000] = (0959): Edge_6266D8CD flags=0000    u32_0=0000 points=[[-18.9,11.45,0],[-18.9468,11.3214,0],[-19.0653,11.253,0],[-19.2,11.2768,0],[-19.2879,11.3816,0],[-19.2879,11.5184,0],[-19.2,11.6232,0],[-19.0653,11.647,0],[-18.9468,11.5786,0],[-18.9,11.45,0]] u8_0=00 a2=(1,0,0) a3=(1,0,0)
					objects[000B] = (026B): Face flags=52000000    u32_0=0000  u8_0=00 box=(-5.75,7,0,-5.45,7.3,0) key=150A u32_1=0000 u32_2=0000
						edges[0000] = (095A): Edge_6266D8CD flags=0000    u32_0=0000 points=[[-5.45,7.15,0],[-5.48509,7.05358,0],[-5.57395,7.00228,0],[-5.675,7.0201,0],[-5.74095,7.0987,0],[-5.74095,7.2013,0],[-5.675,7.2799,0],[-5.57395,7.29772,0],[-5.48509,7.24642,0],[-5.45,7.15,0]] u8_0=00 a2=(1,0,0) a3=(1,0,0)
					objects[000C] = (026C): Face flags=52000000    u32_0=0000  u8_0=00 box=(-2.55,3.5,0,-2.25,3.8,0) key=150B u32_1=0000 u32_2=0000
						edges[0000] = (095B): Edge_6266D8CD flags=0000    u32_0=0000 points=[[-2.25,3.65,0],[-2.28509,3.55358,0],[-2.37395,3.50228,0],[-2.475,3.5201,0],[-2.54095,3.5987,0],[-2.54095,3.7013,0],[-2.475,3.7799,0],[-2.37395,3.79772,0],[-2.28509,3.74642,0],[-2.25,3.65,0]] u8_0=00 a2=(1,0,0) a3=(1,0,0)
					objects[000D] = (026D): Face flags=52000000    u32_0=0000  u8_0=00 box=(-6.3,2.15,0,-6,2.45,0) key=150C u32_1=0000 u32_2=0000
						edges[0000] = (095C): Edge_6266D8CD flags=0000    u32_0=0000 points=[[-6,2.3,0],[-6.03509,2.20358,0],[-6.12395,2.15228,0],[-6.225,2.1701,0],[-6.29095,2.2487,0],[-6.29095,2.3513,0],[-6.225,2.4299,0],[-6.12395,2.44772,0],[-6.03509,2.39642,0],[-6,2.3,0]] u8_0=00 a2=(1,0,0) a3=(1,0,0)
					objects[000E] = (026E): Face flags=52000000    u32_0=0000  u8_0=00 box=(-6.85,0.65,0,-6.55,0.95,0) key=150D u32_1=0000 u32_2=0000
						edges[0000] = (095D): Edge_6266D8CD flags=0000    u32_0=0000 points=[[-6.55,0.8,0],[-6.58509,0.703582,0],[-6.67395,0.652279,0],[-6.775,0.670096,0],[-6.84095,0.748697,0],[-6.84095,0.851303,0],[-6.775,0.929904,0],[-6.67395,0.947721,0],[-6.58509,0.896418,0],[-6.55,0.8,0]] u8_0=00 a2=(1,0,0) a3=(1,0,0)
					objects[000F] = (026F): Face flags=52000000    u32_0=0000  u8_0=00 box=(-21.25,6.05,0,-20.95,6.35,0) key=150E u32_1=0000 u32_2=0000
						edges[0000] = (095E): Edge_6266D8CD flags=0000    u32_0=0000 points=[[-20.95,6.2,0],[-20.9851,6.10358,0],[-21.074,6.05228,0],[-21.175,6.0701,0],[-21.241,6.1487,0],[-21.241,6.2513,0],[-21.175,6.3299,0],[-21.074,6.34772,0],[-20.9851,6.29642,0],[-20.95,6.2,0]] u8_0=00 a2=(1,0,0) a3=(1,0,0)
					objects[0010] = (0270): Face flags=52000000    u32_0=0000  u8_0=00 box=(-23.9,4.8,0,-23.6,5.1,0) key=150F u32_1=0000 u32_2=0000
						edges[0000] = (095F): Edge_6266D8CD flags=0000    u32_0=0000 points=[[-23.6,4.95,0],[-23.6351,4.85358,0],[-23.724,4.80228,0],[-23.825,4.8201,0],[-23.891,4.8987,0],[-23.891,5.0013,0],[-23.825,5.0799,0],[-23.724,5.09772,0],[-23.6351,5.04642,0],[-23.6,4.95,0]] u8_0=00 a2=(1,0,0) a3=(1,0,0)
					objects[0011] = (0271): Face flags=52000000    u32_0=0000  u8_0=00 box=(-23.9,11.2,0,-23.6,11.5,0) key=1510 u32_1=0000 u32_2=0000
						edges[0000] = (0960): Edge_6266D8CD flags=0000    u32_0=0000 points=[[-23.6,11.35,0],[-23.6351,11.2536,0],[-23.724,11.2023,0],[-23.825,11.2201,0],[-23.891,11.2987,0],[-23.891,11.4013,0],[-23.825,11.4799,0],[-23.724,11.4977,0],[-23.6351,11.4464,0],[-23.6,11.35,0]] u8_0=00 a2=(1,0,0) a3=(1,0,0)
					objects[0012] = (0272): Face flags=52000000    u32_0=0000  u8_0=00 box=(-22.95,9.95,0,-22.65,10.25,0) key=1511 u32_1=0000 u32_2=0000
						edges[0000] = (0961): Edge_6266D8CD flags=0000    u32_0=0000 points=[[-22.65,10.1,0],[-22.6851,10.0036,0],[-22.774,9.95228,0],[-22.875,9.9701,0],[-22.941,10.0487,0],[-22.941,10.1513,0],[-22.875,10.2299,0],[-22.774,10.2477,0],[-22.6851,10.1964,0],[-22.65,10.1,0]] u8_0=00 a2=(1,0,0) a3=(1,0,0)
					objects[0013] = (0273): Face flags=52000000    u32_0=0000  u8_0=00 box=(-6.3,13.85,0,-6,14.15,0) key=1512 u32_1=0000 u32_2=0000
						edges[0000] = (0962): Edge_6266D8CD flags=0000    u32_0=0000 points=[[-6,14,0],[-6.03509,13.9036,0],[-6.12395,13.8523,0],[-6.225,13.8701,0],[-6.29095,13.9487,0],[-6.29095,14.0513,0],[-6.225,14.1299,0],[-6.12395,14.1477,0],[-6.03509,14.0964,0],[-6,14,0]] u8_0=00 a2=(1,0,0) a3=(1,0,0)
					objects[0014] = (0274): Face flags=52000000    u32_0=0000  u8_0=00 box=(-8,15.35,0,-7.7,15.65,0) key=1513 u32_1=0000 u32_2=0000
						edges[0000] = (0963): Edge_6266D8CD flags=0000    u32_0=0000 points=[[-7.7,15.5,0],[-7.73509,15.4036,0],[-7.82395,15.3523,0],[-7.925,15.3701,0],[-7.99095,15.4487,0],[-7.99095,15.5513,0],[-7.925,15.6299,0],[-7.82395,15.6477,0],[-7.73509,15.5964,0],[-7.7,15.5,0]] u8_0=00 a2=(1,0,0) a3=(1,0,0)
					objects[0015] = (0275): Face flags=52000000    u32_0=0000  u8_0=00 box=(-4.85,12.5,0,-4.55,12.8,0) key=1514 u32_1=0000 u32_2=0000
						edges[0000] = (0964): Edge_6266D8CD flags=0000    u32_0=0000 points=[[-4.55,12.65,0],[-4.58509,12.5536,0],[-4.67395,12.5023,0],[-4.775,12.5201,0],[-4.84095,12.5987,0],[-4.84095,12.7013,0],[-4.775,12.7799,0],[-4.67395,12.7977,0],[-4.58509,12.7464,0],[-4.55,12.65,0]] u8_0=00 a2=(1,0,0) a3=(1,0,0)
					objects[0016] = (0276): Face flags=52000000    u32_0=0000  u8_0=00 box=(-1.45,12.5,0,-1.15,12.8,0) key=1515 u32_1=0000 u32_2=0000
						edges[0000] = (0965): Edge_6266D8CD flags=0000    u32_0=0000 points=[[-1.15,12.65,0],[-1.18509,12.5536,0],[-1.27395,12.5023,0],[-1.375,12.5201,0],[-1.44095,12.5987,0],[-1.44095,12.7013,0],[-1.375,12.7799,0],[-1.27395,12.7977,0],[-1.18509,12.7464,0],[-1.15,12.65,0]] u8_0=00 a2=(1,0,0) a3=(1,0,0)
					objects[0017] = (0277): Face flags=52000000    u32_0=0000  u8_0=00 box=(-1.65,8,0,-1.35,8.3,0) key=1516 u32_1=0000 u32_2=0000
						edges[0000] = (0966): Edge_6266D8CD flags=0000    u32_0=0000 points=[[-1.35,8.15,0],[-1.38509,8.05358,0],[-1.47395,8.00228,0],[-1.575,8.0201,0],[-1.64095,8.0987,0],[-1.64095,8.2013,0],[-1.575,8.2799,0],[-1.47395,8.29772,0],[-1.38509,8.24642,0],[-1.35,8.15,0]] u8_0=00 a2=(1,0,0) a3=(1,0,0)
					objects[0018] = (0278): Face flags=52000000    u32_0=0000  u8_0=00 box=(-0.95,8,0,-0.65,8.3,0) key=1517 u32_1=0000 u32_2=0000
						edges[0000] = (0967): Edge_6266D8CD flags=0000    u32_0=0000 points=[[-0.65,8.15,0],[-0.685093,8.05358,0],[-0.773953,8.00228,0],[-0.875,8.0201,0],[-0.940954,8.0987,0],[-0.940954,8.2013,0],[-0.875,8.2799,0],[-0.773953,8.29772,0],[-0.685093,8.24642,0],[-0.65,8.15,0]] u8_0=00 a2=(1,0,0) a3=(1,0,0)
					objects[0019] = (0279): Face flags=52000000    u32_0=0000  u8_0=00 box=(-2.55,12.5,0,-2.25,12.8,0) key=1518 u32_1=0000 u32_2=0000
						edges[0000] = (0968): Edge_6266D8CD flags=0000    u32_0=0000 points=[[-2.25,12.65,0],[-2.28509,12.5536,0],[-2.37395,12.5023,0],[-2.475,12.5201,0],[-2.54095,12.5987,0],[-2.54095,12.7013,0],[-2.475,12.7799,0],[-2.37395,12.7977,0],[-2.28509,12.7464,0],[-2.25,12.65,0]] u8_0=00 a2=(1,0,0) a3=(1,0,0)
					objects[001A] = (027A): Face flags=52000000    u32_0=0000  u8_0=00 box=(-6.85,15.35,0,-6.55,15.65,0) key=1519 u32_1=0000 u32_2=0000
						edges[0000] = (0969): Edge_6266D8CD flags=0000    u32_0=0000 points=[[-6.55,15.5,0],[-6.58509,15.4036,0],[-6.67395,15.3523,0],[-6.775,15.3701,0],[-6.84095,15.4487,0],[-6.84095,15.5513,0],[-6.775,15.6299,0],[-6.67395,15.6477,0],[-6.58509,15.5964,0],[-6.55,15.5,0]] u8_0=00 a2=(1,0,0) a3=(1,0,0)
					objects[001B] = (027B): Face flags=52000000    u32_0=0000  u8_0=00 box=(-7.45,13.85,0,-7.15,14.15,0) key=151A u32_1=0000 u32_2=0000
						edges[0000] = (096A): Edge_6266D8CD flags=0000    u32_0=0000 points=[[-7.15,14,0],[-7.18509,13.9036,0],[-7.27395,13.8523,0],[-7.375,13.8701,0],[-7.44095,13.9487,0],[-7.44095,14.0513,0],[-7.375,14.1299,0],[-7.27395,14.1477,0],[-7.18509,14.0964,0],[-7.15,14,0]] u8_0=00 a2=(1,0,0) a3=(1,0,0)
					objects[001C] = (027C): Face flags=52000000    u32_0=0000  u8_0=00 box=(-5.75,9,0,-5.45,9.3,0) key=151B u32_1=0000 u32_2=0000
						edges[0000] = (096B): Edge_6266D8CD flags=0000    u32_0=0000 points=[[-5.45,9.15,0],[-5.48509,9.05358,0],[-5.57395,9.00228,0],[-5.675,9.0201,0],[-5.74095,9.0987,0],[-5.74095,9.2013,0],[-5.675,9.2799,0],[-5.57395,9.29772,0],[-5.48509,9.24642,0],[-5.45,9.15,0]] u8_0=00 a2=(1,0,0) a3=(1,0,0)
					objects[001D] = (027D): Face flags=52000000    u32_0=0000  u8_0=00 box=(-21.25,9.95,0,-20.95,10.25,0) key=151C u32_1=0000 u32_2=0000
						edges[0000] = (096C): Edge_6266D8CD flags=0000    u32_0=0000 points=[[-20.95,10.1,0],[-20.9851,10.0036,0],[-21.074,9.95228,0],[-21.175,9.9701,0],[-21.241,10.0487,0],[-21.241,10.1513,0],[-21.175,10.2299,0],[-21.074,10.2477,0],[-20.9851,10.1964,0],[-20.95,10.1,0]] u8_0=00 a2=(1,0,0) a3=(1,0,0)
					objects[001E] = (027E): Face flags=52000000    u32_0=0000  u8_0=00 box=(-23.9,8,0,-23.6,8.3,0) key=151D u32_1=0000 u32_2=0000
						edges[0000] = (096D): Edge_6266D8CD flags=0000    u32_0=0000 points=[[-23.6,8.15,0],[-23.6351,8.05358,0],[-23.724,8.00228,0],[-23.825,8.0201,0],[-23.891,8.0987,0],[-23.891,8.2013,0],[-23.825,8.2799,0],[-23.724,8.29772,0],[-23.6351,8.24642,0],[-23.6,8.15,0]] u8_0=00 a2=(1,0,0) a3=(1,0,0)
					objects[001F] = (027F): Face flags=52000000    u32_0=0000  u8_0=00 box=(-22.95,6.05,0,-22.65,6.35,0) key=151E u32_1=0000 u32_2=0000
						edges[0000] = (096E): Edge_6266D8CD flags=0000    u32_0=0000 points=[[-22.65,6.2,0],[-22.6851,6.10358,0],[-22.774,6.05228,0],[-22.875,6.0701,0],[-22.941,6.1487,0],[-22.941,6.2513,0],[-22.875,6.3299,0],[-22.774,6.34772,0],[-22.6851,6.29642,0],[-22.65,6.2,0]] u8_0=00 a2=(1,0,0) a3=(1,0,0)
					objects[0020] = (0280): Face flags=52000000    u32_0=0000  u8_0=00 box=(-8,0.65,0,-7.7,0.95,0) key=151F u32_1=0000 u32_2=0000
						edges[0000] = (096F): Edge_6266D8CD flags=0000    u32_0=0000 points=[[-7.7,0.8,0],[-7.73509,0.703582,0],[-7.82395,0.652279,0],[-7.925,0.670096,0],[-7.99095,0.748697,0],[-7.99095,0.851303,0],[-7.925,0.929904,0],[-7.82395,0.947721,0],[-7.73509,0.896418,0],[-7.7,0.8,0]] u8_0=00 a2=(1,0,0) a3=(1,0,0)
					objects[0021] = (0281): Face flags=52000000    u32_0=0000  u8_0=00 box=(-7.45,2.15,0,-7.15,2.45,0) key=1520 u32_1=0000 u32_2=0000
						edges[0000] = (0970): Edge_6266D8CD flags=0000    u32_0=0000 points=[[-7.15,2.3,0],[-7.18509,2.20358,0],[-7.27395,2.15228,0],[-7.375,2.1701,0],[-7.44095,2.2487,0],[-7.44095,2.3513,0],[-7.375,2.4299,0],[-7.27395,2.44772,0],[-7.18509,2.39642,0],[-7.15,2.3,0]] u8_0=00 a2=(1,0,0) a3=(1,0,0)
					objects[0022] = (0282): Face flags=52000000    u32_0=0000  u8_0=00 box=(-4.85,3.5,0,-4.55,3.8,0) key=1521 u32_1=0000 u32_2=0000
						edges[0000] = (0971): Edge_6266D8CD flags=0000    u32_0=0000 points=[[-4.55,3.65,0],[-4.58509,3.55358,0],[-4.67395,3.50228,0],[-4.775,3.5201,0],[-4.84095,3.5987,0],[-4.84095,3.7013,0],[-4.775,3.7799,0],[-4.67395,3.79772,0],[-4.58509,3.74642,0],[-4.55,3.65,0]] u8_0=00 a2=(1,0,0) a3=(1,0,0)
					objects[0023] = (0283): Face flags=52000000    u32_0=0000  u8_0=00 box=(-1.45,3.5,0,-1.15,3.8,0) key=1522 u32_1=0000 u32_2=0000
						edges[0000] = (0972): Edge_6266D8CD flags=0000    u32_0=0000 points=[[-1.15,3.65,0],[-1.18509,3.55358,0],[-1.27395,3.50228,0],[-1.375,3.5201,0],[-1.44095,3.5987,0],[-1.44095,3.7013,0],[-1.375,3.7799,0],[-1.27395,3.79772,0],[-1.18509,3.74642,0],[-1.15,3.65,0]] u8_0=00 a2=(1,0,0) a3=(1,0,0)
					objects[0024] = (0284): Face flags=52000000    u32_0=0000  u8_0=00 box=(-22.05,11.25,0,-21.65,11.65,0) key=1523 u32_1=0000 u32_2=0000
						edges[0000] = (0973): Edge_6266D8CD flags=0000    u32_0=0000 points=[[-21.65,11.45,0],[-21.6968,11.3214,0],[-21.8153,11.253,0],[-21.95,11.2768,0],[-22.0379,11.3816,0],[-22.0379,11.5184,0],[-21.95,11.6232,0],[-21.8153,11.647,0],[-21.6968,11.5786,0],[-21.65,11.45,0]] u8_0=00 a2=(1,0,0) a3=(1,0,0)
					objects[0025] = (0285): Face flags=52000000    u32_0=0000  u8_0=00 box=(-22.05,4.65,0,-21.65,5.05,0) key=1524 u32_1=0000 u32_2=0000
						edges[0000] = (0974): Edge_6266D8CD flags=0000    u32_0=0000 points=[[-21.65,4.85,0],[-21.6968,4.72144,0],[-21.8153,4.65304,0],[-21.95,4.6768,0],[-22.0379,4.7816,0],[-22.0379,4.9184,0],[-21.95,5.02321,0],[-21.8153,5.04696,0],[-21.6968,4.97856,0],[-21.65,4.85,0]] u8_0=00 a2=(1,0,0) a3=(1,0,0)
					objects[0026] = (0286): Face flags=52000000    u32_0=0000  u8_0=00 box=(-8.25,9.3,0,-7.95,9.6,0) key=1525 u32_1=0000 u32_2=0000
						edges[0000] = (0975): Edge_6266D8CD flags=0000    u32_0=0000 points=[[-7.95,9.45,0],[-7.98509,9.35358,0],[-8.07395,9.30228,0],[-8.175,9.3201,0],[-8.24095,9.3987,0],[-8.24095,9.5013,0],[-8.175,9.5799,0],[-8.07395,9.59772,0],[-7.98509,9.54642,0],[-7.95,9.45,0]] u8_0=00 a2=(1,0,0) a3=(1,0,0)
					objects[0027] = (0287): Face flags=52000000    u32_0=0000  u8_0=00 box=(-8.25,6.7,0,-7.95,7,0) key=1526 u32_1=0000 u32_2=0000
						edges[0000] = (0976): Edge_6266D8CD flags=0000    u32_0=0000 points=[[-7.95,6.85,0],[-7.98509,6.75358,0],[-8.07395,6.70228,0],[-8.175,6.7201,0],[-8.24095,6.7987,0],[-8.24095,6.9013,0],[-8.175,6.9799,0],[-8.07395,6.99772,0],[-7.98509,6.94642,0],[-7.95,6.85,0]] u8_0=00 a2=(1,0,0) a3=(1,0,0)
					objects[0028] = (0288): Face flags=52000000    u32_0=0000  u8_0=00 box=(-9.2,7.25,0,-9.05,7.55,0) key=074B u32_1=0000 u32_2=0000
						edges[0000] = (0977): Edge_6266D8CD flags=0000    u32_0=0000 points=[[-9.2,7.25,0],[-9.11183,7.27865,0],[-9.05734,7.35365,0],[-9.05734,7.44635,0],[-9.11183,7.52135,0],[-9.2,7.55,0]] u8_0=00 a2=(0,-1,-0) a3=(0,1,-0)
					objects[0029] = (0289): Face flags=51000000    u32_0=0000  u8_0=00 box=(-17.2,7.55,0,-9.2,7.55,0) key=0753 u32_1=0000 u32_2=0000
						edges[0000] = (0978): Edge_6266D8CD flags=0000    u32_0=0000 points=[[-9.2,7.55,0],[-17.2,7.55,0]] u8_0=00 a2=(-0,-1,-0) a3=(-0,-1,-0)
					objects[002A] = (028A): Face flags=52000000    u32_0=0000  u8_0=00 box=(-17.35,7.25,0,-17.2,7.55,0) key=07CD u32_1=0000 u32_2=0000
						edges[0000] = (0979): Edge_6266D8CD flags=0000    u32_0=0000 points=[[-17.2,7.55,0],[-17.2882,7.52135,0],[-17.3427,7.44635,0],[-17.3427,7.35365,0],[-17.2882,7.27865,0],[-17.2,7.25,0]] u8_0=00 a2=(0,1,-0) a3=(0,-1,0)
					objects[002B] = (028B): Face flags=51000000    u32_0=0000  u8_0=00 box=(-17.2,7.25,0,-9.2,7.25,0) key=07CA u32_1=0000 u32_2=0000
						edges[0000] = (097A): Edge_6266D8CD flags=0000    u32_0=0000 points=[[-17.2,7.25,0],[-9.2,7.25,0]] u8_0=00 a2=(0,1,0) a3=(0,1,0)
					objects[002C] = (028C): Face flags=52000000    u32_0=0000  u8_0=00 box=(-11.05,1.2,0,-10.75,1.35,0) key=074F u32_1=0000 u32_2=0000
						edges[0000] = (097B): Edge_6266D8CD flags=0000    u32_0=0000 points=[[-11.05,1.35,0],[-11.0214,1.26183,0],[-10.9464,1.20734,0],[-10.8536,1.20734,0],[-10.7786,1.26183,0],[-10.75,1.35,0]] u8_0=00 a2=(-1,0,0) a3=(1,0,0)
					objects[002D] = (028D): Face flags=51000000    u32_0=0000  u8_0=00 box=(-10.75,1.35,0,-10.75,5.35,0) key=075A u32_1=0000 u32_2=0000
						edges[0000] = (097C): Edge_6266D8CD flags=0000    u32_0=0000 points=[[-10.75,1.35,0],[-10.75,5.35,0]] u8_0=00 a2=(-1,0,0) a3=(-1,0,0)
					objects[002E] = (028E): Face flags=52000000    u32_0=0000  u8_0=00 box=(-11.05,5.35,0,-10.75,5.5,0) key=07C8 u32_1=0000 u32_2=0000
						edges[0000] = (097D): Edge_6266D8CD flags=0000    u32_0=0000 points=[[-10.75,5.35,0],[-10.7786,5.43817,0],[-10.8536,5.49266,0],[-10.9464,5.49266,0],[-11.0214,5.43817,0],[-11.05,5.35,0]] u8_0=00 a2=(1,0,-0) a3=(-1,0,0)
					objects[002F] = (028F): Face flags=51000000    u32_0=0000  u8_0=00 box=(-11.05,1.35,0,-11.05,5.35,0) key=07C5 u32_1=0000 u32_2=0000
						edges[0000] = (097E): Edge_6266D8CD flags=0000    u32_0=0000 points=[[-11.05,5.35,0],[-11.05,1.35,0]] u8_0=00 a2=(1,0,0) a3=(1,0,0)
					objects[0030] = (0290): Face flags=52000000    u32_0=0000  u8_0=00 box=(-11.05,10.8,0,-10.75,10.95,0) key=0756 u32_1=0000 u32_2=0000
						edges[0000] = (097F): Edge_6266D8CD flags=0000    u32_0=0000 points=[[-11.05,10.95,0],[-11.0214,10.8618,0],[-10.9464,10.8073,0],[-10.8536,10.8073,0],[-10.7786,10.8618,0],[-10.75,10.95,0]] u8_0=00 a2=(-1,0,0) a3=(1,0,0)
					objects[0031] = (0291): Face flags=51000000    u32_0=0000  u8_0=00 box=(-10.75,10.95,0,-10.75,14.95,0) key=0761 u32_1=0000 u32_2=0000
						edges[0000] = (0980): Edge_6266D8CD flags=0000    u32_0=0000 points=[[-10.75,10.95,0],[-10.75,14.95,0]] u8_0=00 a2=(-1,4.44089e-16,0) a3=(-1,4.44089e-16,0)
					objects[0032] = (0292): Face flags=52000000    u32_0=0000  u8_0=00 box=(-11.05,14.95,0,-10.75,15.1,0) key=07C3 u32_1=0000 u32_2=0000
						edges[0000] = (0981): Edge_6266D8CD flags=0000    u32_0=0000 points=[[-10.75,14.95,0],[-10.7786,15.0382,0],[-10.8536,15.0927,0],[-10.9464,15.0927,0],[-11.0214,15.0382,0],[-11.05,14.95,0]] u8_0=00 a2=(1,0,-0) a3=(-1,0,0)
					objects[0033] = (0293): Face flags=51000000    u32_0=0000  u8_0=00 box=(-11.05,10.95,0,-11.05,14.95,0) key=07C0 u32_1=0000 u32_2=0000
						edges[0000] = (0982): Edge_6266D8CD flags=0000    u32_0=0000 points=[[-11.05,14.95,0],[-11.05,10.95,0]] u8_0=00 a2=(1,0,0) a3=(1,0,0)
					objects[0034] = (0294): Face flags=52000000    u32_0=0000  u8_0=00 box=(-14.45,2.2,0,-14.15,2.35,0) key=075D u32_1=0000 u32_2=0000
						edges[0000] = (0983): Edge_6266D8CD flags=0000    u32_0=0000 points=[[-14.45,2.35,0],[-14.4214,2.26183,0],[-14.3464,2.20734,0],[-14.2536,2.20734,0],[-14.1786,2.26183,0],[-14.15,2.35,0]] u8_0=00 a2=(-1,0,0) a3=(1,0,0)
					objects[0035] = (0295): Face flags=51000000    u32_0=0000  u8_0=00 box=(-14.15,2.35,0,-14.15,5.35,0) key=0768 u32_1=0000 u32_2=0000
						edges[0000] = (0984): Edge_6266D8CD flags=0000    u32_0=0000 points=[[-14.15,2.35,0],[-14.15,5.35,0]] u8_0=00 a2=(-1,0,0) a3=(-1,0,0)
					objects[0036] = (0296): Face flags=52000000    u32_0=0000  u8_0=00 box=(-14.45,5.35,0,-14.15,5.5,0) key=07BE u32_1=0000 u32_2=0000
						edges[0000] = (0985): Edge_6266D8CD flags=0000    u32_0=0000 points=[[-14.15,5.35,0],[-14.1786,5.43817,0],[-14.2536,5.49266,0],[-14.3464,5.49266,0],[-14.4214,5.43817,0],[-14.45,5.35,0]] u8_0=00 a2=(1,0,-0) a3=(-1,0,0)
					objects[0037] = (0297): Face flags=51000000    u32_0=0000  u8_0=00 box=(-14.45,2.35,0,-14.45,5.35,0) key=07BB u32_1=0000 u32_2=0000
						edges[0000] = (0986): Edge_6266D8CD flags=0000    u32_0=0000 points=[[-14.45,5.35,0],[-14.45,2.35,0]] u8_0=00 a2=(1,0,0) a3=(1,0,0)
					objects[0038] = (0298): Face flags=52000000    u32_0=0000  u8_0=00 box=(-14.45,10.8,0,-14.15,10.95,0) key=0764 u32_1=0000 u32_2=0000
						edges[0000] = (0987): Edge_6266D8CD flags=0000    u32_0=0000 points=[[-14.45,10.95,0],[-14.4214,10.8618,0],[-14.3464,10.8073,0],[-14.2536,10.8073,0],[-14.1786,10.8618,0],[-14.15,10.95,0]] u8_0=00 a2=(-1,0,0) a3=(1,0,0)
					objects[0039] = (0299): Face flags=51000000    u32_0=0000  u8_0=00 box=(-14.15,10.95,0,-14.15,13.95,0) key=076F u32_1=0000 u32_2=0000
						edges[0000] = (0988): Edge_6266D8CD flags=0000    u32_0=0000 points=[[-14.15,10.95,0],[-14.15,13.95,0]] u8_0=00 a2=(-1,0,0) a3=(-1,0,0)
					objects[003A] = (029A): Face flags=52000000    u32_0=0000  u8_0=00 box=(-14.45,13.95,0,-14.15,14.1,0) key=07B9 u32_1=0000 u32_2=0000
						edges[0000] = (0989): Edge_6266D8CD flags=0000    u32_0=0000 points=[[-14.15,13.95,0],[-14.1786,14.0382,0],[-14.2536,14.0927,0],[-14.3464,14.0927,0],[-14.4214,14.0382,0],[-14.45,13.95,0]] u8_0=00 a2=(1,0,-0) a3=(-1,0,0)
					objects[003B] = (029B): Face flags=51000000    u32_0=0000  u8_0=00 box=(-14.45,10.95,0,-14.45,13.95,0) key=07B6 u32_1=0000 u32_2=0000
						edges[0000] = (098A): Edge_6266D8CD flags=0000    u32_0=0000 points=[[-14.45,13.95,0],[-14.45,10.95,0]] u8_0=00 a2=(1,0,0) a3=(1,0,0)
					objects[003C] = (029C): Face flags=52000000    u32_0=0000  u8_0=00 box=(-12.75,10.8,0,-12.45,10.95,0) key=076B u32_1=0000 u32_2=0000
						edges[0000] = (098B): Edge_6266D8CD flags=0000    u32_0=0000 points=[[-12.75,10.95,0],[-12.7214,10.8618,0],[-12.6464,10.8073,0],[-12.5536,10.8073,0],[-12.4786,10.8618,0],[-12.45,10.95,0]] u8_0=00 a2=(-1,0,0) a3=(1,0,0)
					objects[003D] = (029D): Face flags=51000000    u32_0=0000  u8_0=00 box=(-12.45,10.95,0,-12.45,13.95,0) key=0776 u32_1=0000 u32_2=0000
						edges[0000] = (098C): Edge_6266D8CD flags=0000    u32_0=0000 points=[[-12.45,10.95,0],[-12.45,13.95,0]] u8_0=00 a2=(-1,0,0) a3=(-1,0,0)
					objects[003E] = (029E): Face flags=52000000    u32_0=0000  u8_0=00 box=(-12.75,13.95,0,-12.45,14.1,0) key=07B4 u32_1=0000 u32_2=0000
						edges[0000] = (098D): Edge_6266D8CD flags=0000    u32_0=0000 points=[[-12.45,13.95,0],[-12.4786,14.0382,0],[-12.5536,14.0927,0],[-12.6464,14.0927,0],[-12.7214,14.0382,0],[-12.75,13.95,0]] u8_0=00 a2=(1,0,-0) a3=(-1,0,0)
					objects[003F] = (029F): Face flags=51000000    u32_0=0000  u8_0=00 box=(-12.75,10.95,0,-12.75,13.95,0) key=07B1 u32_1=0000 u32_2=0000
						edges[0000] = (098E): Edge_6266D8CD flags=0000    u32_0=0000 points=[[-12.75,13.95,0],[-12.75,10.95,0]] u8_0=00 a2=(1,0,0) a3=(1,0,0)
					objects[0040] = (02A0): Face flags=52000000    u32_0=0000  u8_0=00 box=(-12.75,2.2,0,-12.45,2.35,0) key=0772 u32_1=0000 u32_2=0000
						edges[0000] = (098F): Edge_6266D8CD flags=0000    u32_0=0000 points=[[-12.75,2.35,0],[-12.7214,2.26183,0],[-12.6464,2.20734,0],[-12.5536,2.20734,0],[-12.4786,2.26183,0],[-12.45,2.35,0]] u8_0=00 a2=(-1,0,0) a3=(1,0,0)
					objects[0041] = (02A1): Face flags=51000000    u32_0=0000  u8_0=00 box=(-12.45,2.35,0,-12.45,5.35,0) key=077D u32_1=0000 u32_2=0000
						edges[0000] = (0990): Edge_6266D8CD flags=0000    u32_0=0000 points=[[-12.45,2.35,0],[-12.45,5.35,0]] u8_0=00 a2=(-1,5.92119e-16,0) a3=(-1,5.92119e-16,0)
					objects[0042] = (02A2): Face flags=52000000    u32_0=0000  u8_0=00 box=(-12.75,5.35,0,-12.45,5.5,0) key=07AF u32_1=0000 u32_2=0000
						edges[0000] = (0991): Edge_6266D8CD flags=0000    u32_0=0000 points=[[-12.45,5.35,0],[-12.4786,5.43817,0],[-12.5536,5.49266,0],[-12.6464,5.49266,0],[-12.7214,5.43817,0],[-12.75,5.35,0]] u8_0=00 a2=(1,0,-0) a3=(-1,0,0)
					objects[0043] = (02A3): Face flags=51000000    u32_0=0000  u8_0=00 box=(-12.75,2.35,0,-12.75,5.35,0) key=07AC u32_1=0000 u32_2=0000
						edges[0000] = (0992): Edge_6266D8CD flags=0000    u32_0=0000 points=[[-12.75,5.35,0],[-12.75,2.35,0]] u8_0=00 a2=(1,0,0) a3=(1,0,0)
					objects[0044] = (02A4): Face flags=52000000    u32_0=0000  u8_0=00 box=(-9.35,10.8,0,-9.05,10.95,0) key=0779 u32_1=0000 u32_2=0000
						edges[0000] = (0993): Edge_6266D8CD flags=0000    u32_0=0000 points=[[-9.35,10.95,0],[-9.32135,10.8618,0],[-9.24635,10.8073,0],[-9.15365,10.8073,0],[-9.07865,10.8618,0],[-9.05,10.95,0]] u8_0=00 a2=(-1,1.18424e-14,0) a3=(1,1.18424e-14,0)
					objects[0045] = (02A5): Face flags=51000000    u32_0=0000  u8_0=00 box=(-9.05,10.95,0,-9.05,14.95,0) key=0784 u32_1=0000 u32_2=0000
						edges[0000] = (0994): Edge_6266D8CD flags=0000    u32_0=0000 points=[[-9.05,10.95,0],[-9.05,14.95,0]] u8_0=00 a2=(-1,-4.44089e-16,-0) a3=(-1,-4.44089e-16,-0)
					objects[0046] = (02A6): Face flags=52000000    u32_0=0000  u8_0=00 box=(-9.35,14.95,0,-9.05,15.1,0) key=07AA u32_1=0000 u32_2=0000
						edges[0000] = (0995): Edge_6266D8CD flags=0000    u32_0=0000 points=[[-9.05,14.95,0],[-9.07865,15.0382,0],[-9.15365,15.0927,0],[-9.24635,15.0927,0],[-9.32135,15.0382,0],[-9.35,14.95,0]] u8_0=00 a2=(1,0,-0) a3=(-1,0,0)
					objects[0047] = (02A7): Face flags=51000000    u32_0=0000  u8_0=00 box=(-9.35,10.95,0,-9.35,14.95,0) key=07A7 u32_1=0000 u32_2=0000
						edges[0000] = (0996): Edge_6266D8CD flags=0000    u32_0=0000 points=[[-9.35,14.95,0],[-9.35,10.95,0]] u8_0=00 a2=(1,0,0) a3=(1,0,0)
					objects[0048] = (02A8): Face flags=52000000    u32_0=0000  u8_0=00 box=(-9.35,1.2,0,-9.05,1.35,0) key=0780 u32_1=0000 u32_2=0000
						edges[0000] = (0997): Edge_6266D8CD flags=0000    u32_0=0000 points=[[-9.35,1.35,0],[-9.32135,1.26183,0],[-9.24635,1.20734,0],[-9.15365,1.20734,0],[-9.07865,1.26183,0],[-9.05,1.35,0]] u8_0=00 a2=(-1,0,0) a3=(1,0,0)
					objects[0049] = (02A9): Face flags=51000000    u32_0=0000  u8_0=00 box=(-9.05,1.35,0,-9.05,5.35,0) key=078B u32_1=0000 u32_2=0000
						edges[0000] = (0998): Edge_6266D8CD flags=0000    u32_0=0000 points=[[-9.05,1.35,0],[-9.05,5.35,0]] u8_0=00 a2=(-1,0,0) a3=(-1,0,0)
					objects[004A] = (02AA): Face flags=52000000    u32_0=0000  u8_0=00 box=(-9.35,5.35,0,-9.05,5.5,0) key=07A5 u32_1=0000 u32_2=0000
						edges[0000] = (0999): Edge_6266D8CD flags=0000    u32_0=0000 points=[[-9.05,5.35,0],[-9.07865,5.43817,0],[-9.15365,5.49266,0],[-9.24635,5.49266,0],[-9.32135,5.43817,0],[-9.35,5.35,0]] u8_0=00 a2=(1,0,-0) a3=(-1,0,0)
					objects[004B] = (02AB): Face flags=51000000    u32_0=0000  u8_0=00 box=(-9.35,1.35,0,-9.35,5.35,0) key=07A2 u32_1=0000 u32_2=0000
						edges[0000] = (099A): Edge_6266D8CD flags=0000    u32_0=0000 points=[[-9.35,5.35,0],[-9.35,1.35,0]] u8_0=00 a2=(1,0,0) a3=(1,0,0)
					objects[004C] = (02AC): Face flags=52000000    u32_0=0000  u8_0=00 box=(-17.35,8.75,0,-17.2,9.05,0) key=0787 u32_1=0000 u32_2=0000
						edges[0000] = (099B): Edge_6266D8CD flags=0000    u32_0=0000 points=[[-17.2,9.05,0],[-17.2882,9.02135,0],[-17.3427,8.94635,0],[-17.3427,8.85365,0],[-17.2882,8.77865,0],[-17.2,8.75,0]] u8_0=00 a2=(0,1,-0) a3=(0,-1,0)
					objects[004D] = (02AD): Face flags=51000000    u32_0=0000  u8_0=00 box=(-17.2,8.75,0,-9.2,8.75,0) key=0792 u32_1=0000 u32_2=0000
						edges[0000] = (099C): Edge_6266D8CD flags=0000    u32_0=0000 points=[[-17.2,8.75,0],[-9.2,8.75,0]] u8_0=00 a2=(-0,1,0) a3=(-0,1,0)
					objects[004E] = (02AE): Face flags=52000000    u32_0=0000  u8_0=00 box=(-9.2,8.75,0,-9.05,9.05,0) key=07A0 u32_1=0000 u32_2=0000
						edges[0000] = (099D): Edge_6266D8CD flags=0000    u32_0=0000 points=[[-9.2,8.75,0],[-9.11183,8.77865,0],[-9.05734,8.85365,0],[-9.05734,8.94635,0],[-9.11183,9.02135,0],[-9.2,9.05,0]] u8_0=00 a2=(-0,-1,0) a3=(0,1,-0)
					objects[004F] = (02AF): Face flags=51000000    u32_0=0000  u8_0=00 box=(-17.2,9.05,0,-9.2,9.05,0) key=079D u32_1=0000 u32_2=0000
						edges[0000] = (099E): Edge_6266D8CD flags=0000    u32_0=0000 points=[[-9.2,9.05,0],[-17.2,9.05,0]] u8_0=00 a2=(0,-1,0) a3=(0,-1,0)
					objects[0050] = (02B0): Face flags=51000000    u32_0=0000  u8_0=00 box=(-4.3,4.85,0,-4.3,11.45,0) key=1527 u32_1=0000 u32_2=0000
						edges[0000] = (099F): Edge_6266D8CD flags=0000    u32_0=0000 points=[[-4.3,11.45,0],[-4.3,4.85,0]] u8_0=00 a2=(1,2.33731e-16,0) a3=(1,2.33731e-16,0)
					objects[0051] = (02B1): Face flags=52000000    u32_0=0000  u8_0=00 box=(-4.3,4.35,0,-3.8,4.85,0) key=1528 u32_1=0000 u32_2=0000
						edges[0000] = (09A0): Edge_6266D8CD flags=0000    u32_0=0000 points=[[-3.8,4.35,0],[-3.99134,4.38806,0],[-4.15355,4.49645,0],[-4.26194,4.65866,0],[-4.3,4.85,0]] u8_0=00 a2=(0,1,-0) a3=(1,0,-0)
					objects[0052] = (02B2): Face flags=51000000    u32_0=0000  u8_0=00 box=(-3.8,4.35,0,-2.5,4.35,0) key=1529 u32_1=0000 u32_2=0000
						edges[0000] = (09A1): Edge_6266D8CD flags=0000    u32_0=0000 points=[[-3.8,4.35,0],[-2.5,4.35,0]] u8_0=00 a2=(-0,1,0) a3=(-0,1,0)
					objects[0053] = (02B3): Face flags=52000000    u32_0=0000  u8_0=00 box=(-2.5,4.35,0,-2,4.85,0) key=152A u32_1=0000 u32_2=0000
						edges[0000] = (09A2): Edge_6266D8CD flags=0000    u32_0=0000 points=[[-2,4.85,0],[-2.03806,4.65866,0],[-2.14645,4.49645,0],[-2.30866,4.38806,0],[-2.5,4.35,0]] u8_0=00 a2=(-1,0,0) a3=(0,1,-0)
					objects[0054] = (02B4): Face flags=51000000    u32_0=0000  u8_0=00 box=(-2,4.85,0,-2,11.45,0) key=152B u32_1=0000 u32_2=0000
						edges[0000] = (09A3): Edge_6266D8CD flags=0000    u32_0=0000 points=[[-2,4.85,0],[-2,11.45,0]] u8_0=00 a2=(-1,-2.04515e-16,-0) a3=(-1,-2.04515e-16,-0)
					objects[0055] = (02B5): Face flags=52000000    u32_0=0000  u8_0=00 box=(-2.5,11.45,0,-2,11.95,0) key=152C u32_1=0000 u32_2=0000
						edges[0000] = (09A4): Edge_6266D8CD flags=0000    u32_0=0000 points=[[-2.5,11.95,0],[-2.30866,11.9119,0],[-2.14645,11.8036,0],[-2.03806,11.6413,0],[-2,11.45,0]] u8_0=00 a2=(0,-1,0) a3=(-1,0,0)
					objects[0056] = (02B6): Face flags=51000000    u32_0=0000  u8_0=00 box=(-3.8,11.95,0,-2.5,11.95,0) key=152D u32_1=0000 u32_2=0000
						edges[0000] = (09A5): Edge_6266D8CD flags=0000    u32_0=0000 points=[[-2.5,11.95,0],[-3.8,11.95,0]] u8_0=00 a2=(0,-1,0) a3=(0,-1,0)
					objects[0057] = (02B7): Face flags=52000000    u32_0=0000  u8_0=00 box=(-4.3,11.45,0,-3.8,11.95,0) key=152E u32_1=0000 u32_2=0000
						edges[0000] = (09A6): Edge_6266D8CD flags=0000    u32_0=0000 points=[[-4.3,11.45,0],[-4.26194,11.6413,0],[-4.15355,11.8036,0],[-3.99134,11.9119,0],[-3.8,11.95,0]] u8_0=00 a2=(1,0,0) a3=(0,-1,-0)
					objects[0058] = (02B8): Face flags=52000000    u32_0=0000  u8_0=00 box=(-18.6,2.76667,0,-16.6974,4.15,0) key=152F u32_1=0000 u32_2=0000
						edges[0000] = (09A7): Edge_6266D8CD flags=0000    u32_0=0000 points=[[-18.6,4.15,0],[-18.1839,4.10625,0],[-17.7861,3.9769,0],[-17.4238,3.76761,0],[-17.1131,3.48755,0],[-16.8673,3.14896,0],[-16.6974,2.76667,0]] u8_0=00 a2=(0,-1,0) a3=(-0.951278,-0.308333,0)
					objects[0059] = (02B9): Face flags=51000000    u32_0=0000  u8_0=00 box=(-24.2,4.15,0,-18.6,4.15,0) key=1530 u32_1=0000 u32_2=0000
						edges[0000] = (09A8): Edge_6266D8CD flags=0000    u32_0=0000 points=[[-18.6,4.15,0],[-24.2,4.15,0]] u8_0=00 a2=(-0,-1,-0) a3=(-0,-1,-0)
					objects[005A] = (02BA): Face flags=51000000    u32_0=0000  u8_0=00 box=(-24.2,4.15,0,-24.2,12.15,0) key=0159 u32_1=0000 u32_2=0000
						edges[0000] = (09A9): Edge_6266D8CD flags=0000    u32_0=0000 points=[[-24.2,12.15,0],[-24.2,4.15,0]] u8_0=00 a2=(1,-0,0) a3=(1,-0,0)
					objects[005B] = (02BB): Face flags=51000000    u32_0=0000  u8_0=00 box=(-24.2,12.15,0,-18.6,12.15,0) key=013D u32_1=0000 u32_2=0000
						edges[0000] = (09AA): Edge_6266D8CD flags=0000    u32_0=0000 points=[[-24.2,12.15,0],[-18.6,12.15,0]] u8_0=00 a2=(2.33731e-16,1,0) a3=(2.33731e-16,1,0)
					objects[005C] = (02BC): Face flags=52000000    u32_0=0000  u8_0=00 box=(-18.6,12.15,0,-16.6974,13.5333,0) key=1531 u32_1=0000 u32_2=0000
						edges[0000] = (09AB): Edge_6266D8CD flags=0000    u32_0=0000 points=[[-16.6974,13.5333,0],[-16.8673,13.151,0],[-17.1131,12.8125,0],[-17.4238,12.5324,0],[-17.7861,12.3231,0],[-18.1839,12.1938,0],[-18.6,12.15,0]] u8_0=00 a2=(-0.951278,0.308333,0) a3=(0,1,-0)
					objects[005D] = (02BD): Face flags=52000000    u32_0=0000  u8_0=00 box=(-16.6974,13.5333,0,-12.8923,16.3,0) key=1532 u32_1=0000 u32_2=0000
						edges[0000] = (09AC): Edge_6266D8CD flags=0000    u32_0=0000 points=[[-12.8923,16.3,0],[-13.5184,16.2507,0],[-14.1291,16.104,0],[-14.7093,15.8635,0],[-15.2446,15.5352,0],[-15.722,15.1272,0],[-16.1297,14.6494,0],[-16.4575,14.1137,0],[-16.6974,13.5333,0]] u8_0=00 a2=(-0,-1,0) a3=(0.951278,-0.308333,0)
					objects[005E] = (02BE): Face flags=51000000    u32_0=0000  u8_0=00 box=(-12.8923,16.3,0,-5.93827,16.3,0) key=1533 u32_1=0000 u32_2=0000
						edges[0000] = (09AD): Edge_6266D8CD flags=0000    u32_0=0000 points=[[-5.93827,16.3,0],[-12.8923,16.3,0]] u8_0=00 a2=(0,-1,0) a3=(0,-1,0)
					objects[005F] = (02BF): Face flags=52000000    u32_0=0000  u8_0=00 box=(-5.93827,14.65,0,-3.96914,16.3,0) key=1534 u32_1=0000 u32_2=0000
						edges[0000] = (09AE): Edge_6266D8CD flags=0000    u32_0=0000 points=[[-3.96914,14.65,0],[-4.10275,15.0943,0],[-4.33512,15.4958,0],[-4.65375,15.833,0],[-5.04149,16.0877,0],[-5.47749,16.2462,0],[-5.93827,16.3,0]] u8_0=00 a2=(-0.984568,-0.175,-0) a3=(-0,-1,-0)
					objects[0060] = (02C0): Face flags=52000000    u32_0=0000  u8_0=00 box=(-3.96914,13,0,-2,14.65,0) key=1535 u32_1=0000 u32_2=0000
						edges[0000] = (09AF): Edge_6266D8CD flags=0000    u32_0=0000 points=[[-2,13,0],[-2.46079,13.0538,0],[-2.89678,13.2123,0],[-3.28452,13.467,0],[-3.60315,13.8042,0],[-3.83552,14.2057,0],[-3.96914,14.65,0]] u8_0=00 a2=(0,1,-0) a3=(0.984568,0.175,-0)
					objects[0061] = (02C1): Face flags=51000000    u32_0=0000  u8_0=00 box=(-2,13,0,-7.9602e-16,13,0) key=1536 u32_1=0000 u32_2=0000
						edges[0000] = (09B0): Edge_6266D8CD flags=0000    u32_0=0000 points=[[-2,13,0],[0,13,0]] u8_0=00 a2=(0,1,0) a3=(0,1,0)
					objects[0062] = (02C2): Face flags=51000000    u32_0=0000  u8_0=00 box=(-7.9602e-16,3.3,0,0,13,0) key=0155 u32_1=0000 u32_2=0000
						edges[0000] = (09B1): Edge_6266D8CD flags=0000    u32_0=0000 points=[[0,3.3,0],[0,13,0]] u8_0=00 a2=(-1,-6.12323e-17,-0) a3=(-1,-6.12323e-17,-0)
					objects[0063] = (02C3): Face flags=51000000    u32_0=0000  u8_0=00 box=(-2,3.3,0,0,3.3,0) key=0140 u32_1=0000 u32_2=0000
						edges[0000] = (09B2): Edge_6266D8CD flags=0000    u32_0=0000 points=[[0,3.3,0],[-2,3.3,0]] u8_0=00 a2=(1.11022e-16,-1,0) a3=(1.11022e-16,-1,0)
					objects[0064] = (02C4): Face flags=52000000    u32_0=0000  u8_0=00 box=(-3.96914,1.65,0,-2,3.3,0) key=1537 u32_1=0000 u32_2=0000
						edges[0000] = (09B3): Edge_6266D8CD flags=0000    u32_0=0000 points=[[-3.96914,1.65,0],[-3.83552,2.09426,0],[-3.60315,2.49578,0],[-3.28452,2.83297,0],[-2.89678,3.08768,0],[-2.46079,3.2462,0],[-2,3.3,0]] u8_0=00 a2=(0.984568,-0.175,0) a3=(0,-1,-0)
					objects[0065] = (02C5): Face flags=52000000    u32_0=0000  u8_0=00 box=(-5.93827,0,0,-3.96914,1.65,0) key=1538 u32_1=0000 u32_2=0000
						edges[0000] = (09B4): Edge_6266D8CD flags=0000    u32_0=0000 points=[[-5.93827,0,0],[-5.47749,0.0538048,0],[-5.04149,0.212324,0],[-4.65375,0.467029,0],[-4.33512,0.804215,0],[-4.10275,1.20574,0],[-3.96914,1.65,0]] u8_0=00 a2=(8.88178e-16,1,0) a3=(-0.984568,0.175,0)
					objects[0066] = (02C6): Face flags=51000000    u32_0=0000  u8_0=00 box=(-16.6974,13.5333,0,-16.6974,13.5333,0.22) key=1539 u32_1=0000 u32_2=0000
						edges[0000] = (09B5): Edge_6266D8CD flags=0000    u32_0=0000 points=[[-16.6974,13.5333,0],[-16.6974,13.5333,0.22]] u8_0=00 a2=(-0.308333,-0.951278,0) a3=(-0.308333,-0.951278,0)
					objects[0067] = (02C7): Face flags=52000000    u32_0=0000  u8_0=00 box=(-16.6974,13.5333,0.22,-12.8923,16.3,0.22) key=153A u32_1=0000 u32_2=0000
						edges[0000] = (09B6): Edge_6266D8CD flags=0000    u32_0=0000 points=[[-16.6974,13.5333,0.22],[-16.4575,14.1137,0.22],[-16.1297,14.6494,0.22],[-15.722,15.1272,0.22],[-15.2446,15.5352,0.22],[-14.7093,15.8635,0.22],[-14.1291,16.104,0.22],[-13.5184,16.2507,0.22],[-12.8923,16.3,0.22]] u8_0=00 a2=(-0.951278,0.308333,-0) a3=(0,1,0)
					objects[0068] = (02C8): Face flags=51000000    u32_0=0000  u8_0=00 box=(-12.8923,16.3,0,-12.8923,16.3,0.22) key=153B u32_1=0000 u32_2=0000
						edges[0000] = (09B7): Edge_6266D8CD flags=0000    u32_0=0000 points=[[-12.8923,16.3,0.22],[-12.8923,16.3,0]] u8_0=00 a2=(1,-0,0) a3=(1,-0,0)
					objects[0069] = (02C9): Face flags=51000000    u32_0=0000  u8_0=00 box=(-18.6,12.15,0,-18.6,12.15,0.22) key=153C u32_1=0000 u32_2=0000
						edges[0000] = (09B8): Edge_6266D8CD flags=0000    u32_0=0000 points=[[-18.6,12.15,0],[-18.6,12.15,0.22]] u8_0=00 a2=(-1,0,0) a3=(-1,0,0)
					objects[006A] = (02CA): Face flags=52000000    u32_0=0000  u8_0=00 box=(-18.6,12.15,0.22,-16.6974,13.5333,0.22) key=153D u32_1=0000 u32_2=0000
						edges[0000] = (09B9): Edge_6266D8CD flags=0000    u32_0=0000 points=[[-18.6,12.15,0.22],[-18.1839,12.1938,0.22],[-17.7861,12.3231,0.22],[-17.4238,12.5324,0.22],[-17.1131,12.8125,0.22],[-16.8673,13.151,0.22],[-16.6974,13.5333,0.22]] u8_0=00 a2=(0,-1,0) a3=(0.951278,-0.308333,0)
					objects[006B] = (02CB): Face flags=51000000    u32_0=0000  u8_0=00 box=(-3.96914,1.65,0,-3.96914,1.65,0.22) key=153E u32_1=0000 u32_2=0000
						edges[0000] = (09BA): Edge_6266D8CD flags=0000    u32_0=0000 points=[[-3.96914,1.65,0],[-3.96914,1.65,0.22]] u8_0=00 a2=(0.175,0.984568,0) a3=(0.175,0.984568,0)
					objects[006C] = (02CC): Face flags=52000000    u32_0=0000  u8_0=00 box=(-5.93827,0,0.22,-3.96914,1.65,0.22) key=153F u32_1=0000 u32_2=0000
						edges[0000] = (09BB): Edge_6266D8CD flags=0000    u32_0=0000 points=[[-3.96914,1.65,0.22],[-4.10275,1.20574,0.22],[-4.33512,0.804215,0.22],[-4.65375,0.467029,0.22],[-5.04149,0.212324,0.22],[-5.47749,0.0538048,0.22],[-5.93827,0,0.22]] u8_0=00 a2=(0.984568,-0.175,-0) a3=(-8.88178e-16,-1,0)
					objects[006D] = (02CD): Face flags=51000000    u32_0=0000  u8_0=00 box=(-2,3.3,0,-2,3.3,0.22) key=1540 u32_1=0000 u32_2=0000
						edges[0000] = (09BC): Edge_6266D8CD flags=0000    u32_0=0000 points=[[-2,3.3,0],[-2,3.3,0.22]] u8_0=00 a2=(1,0,0) a3=(1,0,0)
					objects[006E] = (02CE): Face flags=52000000    u32_0=0000  u8_0=00 box=(-3.96914,1.65,0.22,-2,3.3,0.22) key=1541 u32_1=0000 u32_2=0000
						edges[0000] = (09BD): Edge_6266D8CD flags=0000    u32_0=0000 points=[[-2,3.3,0.22],[-2.46079,3.2462,0.22],[-2.89678,3.08768,0.22],[-3.28452,2.83297,0.22],[-3.60315,2.49578,0.22],[-3.83552,2.09426,0.22],[-3.96914,1.65,0.22]] u8_0=00 a2=(0,1,-0) a3=(-0.984568,0.175,0)
					objects[006F] = (02CF): Face flags=52000000    u32_0=0000  u8_0=00 box=(-5.93827,14.65,0.22,-3.96914,16.3,0.22) key=1542 u32_1=0000 u32_2=0000
						edges[0000] = (09BE): Edge_6266D8CD flags=0000    u32_0=0000 points=[[-5.93827,16.3,0.22],[-5.47749,16.2462,0.22],[-5.04149,16.0877,0.22],[-4.65375,15.833,0.22],[-4.33512,15.4958,0.22],[-4.10275,15.0943,0.22],[-3.96914,14.65,0.22]] u8_0=00 a2=(-0,1,-0) a3=(0.984568,0.175,0)
					objects[0070] = (02D0): Face flags=51000000    u32_0=0000  u8_0=00 box=(-3.96914,14.65,0,-3.96914,14.65,0.22) key=1543 u32_1=0000 u32_2=0000
						edges[0000] = (09BF): Edge_6266D8CD flags=0000    u32_0=0000 points=[[-3.96914,14.65,0.22],[-3.96914,14.65,0]] u8_0=00 a2=(0.175,-0.984568,0) a3=(0.175,-0.984568,0)
					objects[0071] = (02D1): Face flags=51000000    u32_0=0000  u8_0=00 box=(-5.93827,16.3,0,-5.93827,16.3,0.22) key=1544 u32_1=0000 u32_2=0000
						edges[0000] = (09C0): Edge_6266D8CD flags=0000    u32_0=0000 points=[[-5.93827,16.3,0],[-5.93827,16.3,0.22]] u8_0=00 a2=(-1,0,-0) a3=(-1,0,-0)
					objects[0072] = (02D2): Face flags=52000000    u32_0=0000  u8_0=00 box=(-3.96914,13,0.22,-2,14.65,0.22) key=1545 u32_1=0000 u32_2=0000
						edges[0000] = (09C1): Edge_6266D8CD flags=0000    u32_0=0000 points=[[-3.96914,14.65,0.22],[-3.83552,14.2057,0.22],[-3.60315,13.8042,0.22],[-3.28452,13.467,0.22],[-2.89678,13.2123,0.22],[-2.46079,13.0538,0.22],[-2,13,0.22]] u8_0=00 a2=(-0.984568,-0.175,0) a3=(0,-1,0)
					objects[0073] = (02D3): Face flags=51000000    u32_0=0000  u8_0=00 box=(-2,13,0,-2,13,0.22) key=1546 u32_1=0000 u32_2=0000
						edges[0000] = (09C2): Edge_6266D8CD flags=0000    u32_0=0000 points=[[-2,13,0.22],[-2,13,0]] u8_0=00 a2=(1,-0,0) a3=(1,-0,0)
					objects[0074] = (02D4): Face flags=52000000    u32_0=0000  u8_0=00 box=(-18.6,2.76667,0.22,-16.6974,4.15,0.22) key=1547 u32_1=0000 u32_2=0000
						edges[0000] = (09C3): Edge_6266D8CD flags=0000    u32_0=0000 points=[[-16.6974,2.76667,0.22],[-16.8673,3.14896,0.22],[-17.1131,3.48755,0.22],[-17.4238,3.76761,0.22],[-17.7861,3.9769,0.22],[-18.1839,4.10625,0.22],[-18.6,4.15,0.22]] u8_0=00 a2=(0.951278,0.308333,-0) a3=(0,1,-0)
					objects[0075] = (02D5): Face flags=51000000    u32_0=0000  u8_0=00 box=(-18.6,4.15,0,-18.6,4.15,0.22) key=1548 u32_1=0000 u32_2=0000
						edges[0000] = (09C4): Edge_6266D8CD flags=0000    u32_0=0000 points=[[-18.6,4.15,0.22],[-18.6,4.15,0]] u8_0=00 a2=(-1,-0,-0) a3=(-1,-0,-0)
					objects[0076] = (02D6): Face flags=51000000    u32_0=0000  u8_0=00 box=(-24.2,4.15,0.22,-18.6,4.15,0.22) key=0150 u32_1=0000 u32_2=0000
						edges[0000] = (09C5): Edge_6266D8CD flags=0000    u32_0=0000 points=[[-24.2,4.15,0.22],[-18.6,4.15,0.22]] u8_0=00 a2=(0,0,-1) a3=(0,0,-1)
					objects[0077] = (02D7): Face flags=51000000    u32_0=0000  u8_0=00 box=(-24.2,4.15,0,-24.2,4.15,0.22) key=0151 u32_1=0000 u32_2=0000
						edges[0000] = (09C6): Edge_6266D8CD flags=0000    u32_0=0000 points=[[-24.2,4.15,0],[-24.2,4.15,0.22]] u8_0=00 a2=(1,0,0) a3=(1,0,0)
					objects[0078] = (02D8): Face flags=51000000    u32_0=0000  u8_0=00 box=(-2,13,0.22,0,13,0.22) key=0149 u32_1=0000 u32_2=0000
						edges[0000] = (09C7): Edge_6266D8CD flags=0000    u32_0=0000 points=[[0,13,0.22],[-2,13,0.22]] u8_0=00 a2=(0,0,-1) a3=(0,0,-1)
					objects[0079] = (02D9): Face flags=51000000    u32_0=0000  u8_0=00 box=(-7.9602e-16,13,0,0,13,0.22) key=014A u32_1=0000 u32_2=0000
						edges[0000] = (09C8): Edge_6266D8CD flags=0000    u32_0=0000 points=[[0,13,0],[0,13,0.22]] u8_0=00 a2=(-1,0,0) a3=(-1,0,0)
					objects[007A] = (02DA): Face flags=52000000    u32_0=0000  u8_0=00 box=(-4.3,4.35,0.22,-3.8,4.85,0.22) key=1549 u32_1=0000 u32_2=0000
						edges[0000] = (09C9): Edge_6266D8CD flags=0000    u32_0=0000 points=[[-4.3,4.85,0.22],[-4.26194,4.65866,0.22],[-4.15355,4.49645,0.22],[-3.99134,4.38806,0.22],[-3.8,4.35,0.22]] u8_0=00 a2=(-1,0,0) a3=(0,-1,0)
					objects[007B] = (02DB): Face flags=51000000    u32_0=0000  u8_0=00 box=(-3.8,4.35,0,-3.8,4.35,0.22) key=154A u32_1=0000 u32_2=0000
						edges[0000] = (09CA): Edge_6266D8CD flags=0000    u32_0=0000 points=[[-3.8,4.35,0.22],[-3.8,4.35,0]] u8_0=00 a2=(1,-0,0) a3=(1,-0,0)
					objects[007C] = (02DC): Face flags=51000000    u32_0=0000  u8_0=00 box=(-4.3,4.85,0,-4.3,4.85,0.22) key=154B u32_1=0000 u32_2=0000
						edges[0000] = (09CB): Edge_6266D8CD flags=0000    u32_0=0000 points=[[-4.3,4.85,0],[-4.3,4.85,0.22]] u8_0=00 a2=(-0,1,0) a3=(-0,1,0)
					objects[007D] = (02DD): Face flags=51000000    u32_0=0000  u8_0=00 box=(-3.8,4.35,0.22,-2.5,4.35,0.22) key=154C u32_1=0000 u32_2=0000
						edges[0000] = (09CC): Edge_6266D8CD flags=0000    u32_0=0000 points=[[-2.5,4.35,0.22],[-3.8,4.35,0.22]] u8_0=00 a2=(0,0,-1) a3=(0,0,-1)
					objects[007E] = (02DE): Face flags=51000000    u32_0=0000  u8_0=00 box=(-2.5,4.35,0,-2.5,4.35,0.22) key=154D u32_1=0000 u32_2=0000
						edges[0000] = (09CD): Edge_6266D8CD flags=0000    u32_0=0000 points=[[-2.5,4.35,0],[-2.5,4.35,0.22]] u8_0=00 a2=(-1,0,0) a3=(-1,0,0)
					objects[007F] = (02DF): Face flags=52000000    u32_0=0000  u8_0=00 box=(-2.5,4.35,0.22,-2,4.85,0.22) key=154E u32_1=0000 u32_2=0000
						edges[0000] = (09CE): Edge_6266D8CD flags=0000    u32_0=0000 points=[[-2.5,4.35,0.22],[-2.30866,4.38806,0.22],[-2.14645,4.49645,0.22],[-2.03806,4.65866,0.22],[-2,4.85,0.22]] u8_0=00 a2=(0,-1,0) a3=(1,0,0)
					objects[0080] = (02E0): Face flags=51000000    u32_0=0000  u8_0=00 box=(-2,4.85,0,-2,4.85,0.22) key=154F u32_1=0000 u32_2=0000
						edges[0000] = (09CF): Edge_6266D8CD flags=0000    u32_0=0000 points=[[-2,4.85,0.22],[-2,4.85,0]] u8_0=00 a2=(0,1,0) a3=(0,1,0)
					objects[0081] = (02E1): Face flags=51000000    u32_0=0000  u8_0=00 box=(-2,4.85,0.22,-2,11.45,0.22) key=1550 u32_1=0000 u32_2=0000
						edges[0000] = (09D0): Edge_6266D8CD flags=0000    u32_0=0000 points=[[-2,11.45,0.22],[-2,4.85,0.22]] u8_0=00 a2=(-0,-0,-1) a3=(-0,-0,-1)
					objects[0082] = (02E2): Face flags=51000000    u32_0=0000  u8_0=00 box=(-2,11.45,0,-2,11.45,0.22) key=1551 u32_1=0000 u32_2=0000
						edges[0000] = (09D1): Edge_6266D8CD flags=0000    u32_0=0000 points=[[-2,11.45,0],[-2,11.45,0.22]] u8_0=00 a2=(-0,-1,-0) a3=(-0,-1,-0)
					objects[0083] = (02E3): Face flags=52000000    u32_0=0000  u8_0=00 box=(-4.3,11.45,0.22,-3.8,11.95,0.22) key=1552 u32_1=0000 u32_2=0000
						edges[0000] = (09D2): Edge_6266D8CD flags=0000    u32_0=0000 points=[[-3.8,11.95,0.22],[-3.99134,11.9119,0.22],[-4.15355,11.8036,0.22],[-4.26194,11.6413,0.22],[-4.3,11.45,0.22]] u8_0=00 a2=(0,1,-0) a3=(-1,0,0)
					objects[0084] = (02E4): Face flags=51000000    u32_0=0000  u8_0=00 box=(-4.3,11.45,0,-4.3,11.45,0.22) key=1553 u32_1=0000 u32_2=0000
						edges[0000] = (09D3): Edge_6266D8CD flags=0000    u32_0=0000 points=[[-4.3,11.45,0.22],[-4.3,11.45,0]] u8_0=00 a2=(0,-1,-0) a3=(0,-1,-0)
					objects[0085] = (02E5): Face flags=51000000    u32_0=0000  u8_0=00 box=(-3.8,11.95,0,-3.8,11.95,0.22) key=1554 u32_1=0000 u32_2=0000
						edges[0000] = (09D4): Edge_6266D8CD flags=0000    u32_0=0000 points=[[-3.8,11.95,0],[-3.8,11.95,0.22]] u8_0=00 a2=(1,0,0) a3=(1,0,0)
					objects[0086] = (02E6): Face flags=51000000    u32_0=0000  u8_0=00 box=(-4.3,4.85,0.22,-4.3,11.45,0.22) key=1555 u32_1=0000 u32_2=0000
						edges[0000] = (09D5): Edge_6266D8CD flags=0000    u32_0=0000 points=[[-4.3,4.85,0.22],[-4.3,11.45,0.22]] u8_0=00 a2=(0,0,-1) a3=(0,0,-1)
					objects[0087] = (02E7): Face flags=52000000    u32_0=0000  u8_0=00 box=(-2.5,11.45,0.22,-2,11.95,0.22) key=1556 u32_1=0000 u32_2=0000
						edges[0000] = (09D6): Edge_6266D8CD flags=0000    u32_0=0000 points=[[-2,11.45,0.22],[-2.03806,11.6413,0.22],[-2.14645,11.8036,0.22],[-2.30866,11.9119,0.22],[-2.5,11.95,0.22]] u8_0=00 a2=(1,0,-0) a3=(0,1,-0)
					objects[0088] = (02E8): Face flags=51000000    u32_0=0000  u8_0=00 box=(-2.5,11.95,0,-2.5,11.95,0.22) key=1557 u32_1=0000 u32_2=0000
						edges[0000] = (09D7): Edge_6266D8CD flags=0000    u32_0=0000 points=[[-2.5,11.95,0.22],[-2.5,11.95,0]] u8_0=00 a2=(-1,0,0) a3=(-1,0,0)
					objects[0089] = (02E9): Face flags=51000000    u32_0=0000  u8_0=00 box=(-3.8,11.95,0.22,-2.5,11.95,0.22) key=1558 u32_1=0000 u32_2=0000
						edges[0000] = (09D8): Edge_6266D8CD flags=0000    u32_0=0000 points=[[-3.8,11.95,0.22],[-2.5,11.95,0.22]] u8_0=00 a2=(0,-0,-1) a3=(0,-0,-1)
					objects[008A] = (02EA): Face flags=52000000    u32_0=0000  u8_0=00 box=(-19.3,11.25,0.07,-18.9,11.65,0.07) key=1559 u32_1=0000 u32_2=0000
						edges[0000] = (09D9): Edge_6266D8CD flags=0000    u32_0=0000 points=[[-18.9,11.45,0.07],[-18.9468,11.5786,0.07],[-19.0653,11.647,0.07],[-19.2,11.6232,0.07],[-19.2879,11.5184,0.07],[-19.2879,11.3816,0.07],[-19.2,11.2768,0.07],[-19.0653,11.253,0.07],[-18.9468,11.3214,0.07],[-18.9,11.45,0.07]] u8_0=00 a2=(1,0,0) a3=(1,0,-0)
					objects[008B] = (02EB): Face flags=52000000    u32_0=0000  u8_0=00 box=(-19.45,11.1,0.22,-18.75,11.8,0.22) key=155A u32_1=0000 u32_2=0000
						edges[0000] = (09DA): Edge_6266D8CD flags=0000    u32_0=0000 points=[[-18.75,11.45,0.22],[-18.8056,11.2608,0.22],[-18.9546,11.1316,0.22],[-19.1498,11.1036,0.22],[-19.3292,11.1855,0.22],[-19.4358,11.3514,0.22],[-19.4358,11.5486,0.22],[-19.3292,11.7145,0.22],[-19.1498,11.7964,0.22],[-18.9546,11.7684,0.22],[-18.8056,11.6392,0.22],[-18.75,11.45,0.22]] u8_0=00 a2=(1,0,0) a3=(1,0,0)
					objects[008C] = (02EC): Face flags=51000000    u32_0=0000  u8_0=00 box=(-2,3.3,0.22,0,3.3,0.22) key=155B u32_1=0000 u32_2=0000
						edges[0000] = (09DB): Edge_6266D8CD flags=0000    u32_0=0000 points=[[-2,3.3,0.22],[0,3.3,0.22]] u8_0=00 a2=(1.11022e-16,-1,0) a3=(1.11022e-16,-1,0)
					objects[008D] = (02ED): Face flags=51000000    u32_0=0000  u8_0=00 box=(-7.9602e-16,3.3,0.22,0,13,0.22) key=0156 u32_1=0000 u32_2=0000
						edges[0000] = (09DC): Edge_6266D8CD flags=0000    u32_0=0000 points=[[0,3.3,0.22],[0,13,0.22]] u8_0=00 a2=(1,6.12323e-17,-0) a3=(1,6.12323e-17,-0)
					objects[008E] = (02EE): Face flags=51000000    u32_0=0000  u8_0=00 box=(-12.8923,16.3,0.22,-5.93827,16.3,0.22) key=155C u32_1=0000 u32_2=0000
						edges[0000] = (09DD): Edge_6266D8CD flags=0000    u32_0=0000 points=[[-5.93827,16.3,0.22],[-12.8923,16.3,0.22]] u8_0=00 a2=(0,1,0) a3=(0,1,0)
					objects[008F] = (02EF): Face flags=51000000    u32_0=0000  u8_0=00 box=(-24.2,12.15,0.22,-18.6,12.15,0.22) key=155D u32_1=0000 u32_2=0000
						edges[0000] = (09DE): Edge_6266D8CD flags=0000    u32_0=0000 points=[[-18.6,12.15,0.22],[-24.2,12.15,0.22]] u8_0=00 a2=(2.33731e-16,1,-0) a3=(2.33731e-16,1,-0)
					objects[0090] = (02F0): Face flags=51000000    u32_0=0000  u8_0=00 box=(-24.2,4.15,0.22,-24.2,12.15,0.22) key=015A u32_1=0000 u32_2=0000
						edges[0000] = (09DF): Edge_6266D8CD flags=0000    u32_0=0000 points=[[-24.2,12.15,0.22],[-24.2,4.15,0.22]] u8_0=00 a2=(-1,0,0) a3=(-1,0,0)
					objects[0091] = (02F1): Face flags=52000000    u32_0=0000  u8_0=00 box=(-22.2,11.1,0.22,-21.5,11.8,0.22) key=155E u32_1=0000 u32_2=0000
						edges[0000] = (09E0): Edge_6266D8CD flags=0000    u32_0=0000 points=[[-21.5,11.45,0.22],[-21.5556,11.6392,0.22],[-21.7046,11.7684,0.22],[-21.8998,11.7964,0.22],[-22.0792,11.7145,0.22],[-22.1858,11.5486,0.22],[-22.1858,11.3514,0.22],[-22.0792,11.1855,0.22],[-21.8998,11.1036,0.22],[-21.7046,11.1316,0.22],[-21.5556,11.2608,0.22],[-21.5,11.45,0.22]] u8_0=00 a2=(1,0,0) a3=(1,-0,0)
					objects[0092] = (02F2): Face flags=52000000    u32_0=0000  u8_0=00 box=(-22.2,4.5,0.22,-21.5,5.2,0.22) key=155F u32_1=0000 u32_2=0000
						edges[0000] = (09E1): Edge_6266D8CD flags=0000    u32_0=0000 points=[[-21.5,4.85,0.22],[-21.5556,5.03922,0.22],[-21.7046,5.16837,0.22],[-21.8998,5.19644,0.22],[-22.0792,5.11451,0.22],[-22.1858,4.94861,0.22],[-22.1858,4.75139,0.22],[-22.0792,4.58549,0.22],[-21.8998,4.50356,0.22],[-21.7046,4.53163,0.22],[-21.5556,4.66078,0.22],[-21.5,4.85,0.22]] u8_0=00 a2=(1,0,0) a3=(1,-0,0)
					objects[0093] = (02F3): Face flags=52000000    u32_0=0000  u8_0=00 box=(-2.7,3.35,0.22,-2.1,3.95,0.22) key=1560 u32_1=0000 u32_2=0000
						edges[0000] = (09E2): Edge_6266D8CD flags=0000    u32_0=0000 points=[[-2.1,3.65,0.22],[-2.14762,3.81219,0.22],[-2.27538,3.92289,0.22],[-2.44269,3.94695,0.22],[-2.59646,3.87672,0.22],[-2.68785,3.73452,0.22],[-2.68785,3.56548,0.22],[-2.59646,3.42328,0.22],[-2.44269,3.35305,0.22],[-2.27538,3.37711,0.22],[-2.14762,3.48781,0.22],[-2.1,3.65,0.22]] u8_0=00 a2=(1,0,0) a3=(1,-0,0)
					objects[0094] = (02F4): Face flags=52000000    u32_0=0000  u8_0=00 box=(-8.15,0.5,0.22,-7.55,1.1,0.22) key=1561 u32_1=0000 u32_2=0000
						edges[0000] = (09E3): Edge_6266D8CD flags=0000    u32_0=0000 points=[[-7.55,0.8,0.22],[-7.59762,0.962192,0.22],[-7.72538,1.07289,0.22],[-7.89269,1.09695,0.22],[-8.04646,1.02672,0.22],[-8.13785,0.88452,0.22],[-8.13785,0.71548,0.22],[-8.04646,0.573275,0.22],[-7.89269,0.503054,0.22],[-7.72538,0.52711,0.22],[-7.59762,0.637808,0.22],[-7.55,0.8,0.22]] u8_0=00 a2=(1,0,0) a3=(1,-0,0)
					objects[0095] = (02F5): Face flags=52000000    u32_0=0000  u8_0=00 box=(-6.45,2,0.22,-5.85,2.6,0.22) key=1562 u32_1=0000 u32_2=0000
						edges[0000] = (09E4): Edge_6266D8CD flags=0000    u32_0=0000 points=[[-5.85,2.3,0.22],[-5.89762,2.46219,0.22],[-6.02538,2.57289,0.22],[-6.19269,2.59695,0.22],[-6.34646,2.52672,0.22],[-6.43785,2.38452,0.22],[-6.43785,2.21548,0.22],[-6.34646,2.07328,0.22],[-6.19269,2.00305,0.22],[-6.02538,2.02711,0.22],[-5.89762,2.13781,0.22],[-5.85,2.3,0.22]] u8_0=00 a2=(1,0,0) a3=(1,-0,0)
					objects[0096] = (02F6): Face flags=52000000    u32_0=0000  u8_0=00 box=(-7,15.2,0.22,-6.4,15.8,0.22) key=1563 u32_1=0000 u32_2=0000
						edges[0000] = (09E5): Edge_6266D8CD flags=0000    u32_0=0000 points=[[-6.4,15.5,0.22],[-6.44762,15.6622,0.22],[-6.57538,15.7729,0.22],[-6.74269,15.7969,0.22],[-6.89646,15.7267,0.22],[-6.98785,15.5845,0.22],[-6.98785,15.4155,0.22],[-6.89646,15.2733,0.22],[-6.74269,15.2031,0.22],[-6.57538,15.2271,0.22],[-6.44762,15.3378,0.22],[-6.4,15.5,0.22]] u8_0=00 a2=(1,0,0) a3=(1,-0,0)
					objects[0097] = (02F7): Face flags=52000000    u32_0=0000  u8_0=00 box=(-7.6,13.7,0.22,-7,14.3,0.22) key=1564 u32_1=0000 u32_2=0000
						edges[0000] = (09E6): Edge_6266D8CD flags=0000    u32_0=0000 points=[[-7,14,0.22],[-7.04762,14.1622,0.22],[-7.17538,14.2729,0.22],[-7.34269,14.2969,0.22],[-7.49646,14.2267,0.22],[-7.58785,14.0845,0.22],[-7.58785,13.9155,0.22],[-7.49646,13.7733,0.22],[-7.34269,13.7031,0.22],[-7.17538,13.7271,0.22],[-7.04762,13.8378,0.22],[-7,14,0.22]] u8_0=00 a2=(1,0,0) a3=(1,-0,0)
					objects[0098] = (02F8): Face flags=52000000    u32_0=0000  u8_0=00 box=(-5,12.35,0.22,-4.4,12.95,0.22) key=1565 u32_1=0000 u32_2=0000
						edges[0000] = (09E7): Edge_6266D8CD flags=0000    u32_0=0000 points=[[-4.4,12.65,0.22],[-4.44762,12.8122,0.22],[-4.57538,12.9229,0.22],[-4.74269,12.9469,0.22],[-4.89646,12.8767,0.22],[-4.98785,12.7345,0.22],[-4.98785,12.5655,0.22],[-4.89646,12.4233,0.22],[-4.74269,12.3531,0.22],[-4.57538,12.3771,0.22],[-4.44762,12.4878,0.22],[-4.4,12.65,0.22]] u8_0=00 a2=(1,0,0) a3=(1,-0,0)
					objects[0099] = (02F9): Face flags=52000000    u32_0=0000  u8_0=00 box=(-1.6,12.35,0.22,-1,12.95,0.22) key=1566 u32_1=0000 u32_2=0000
						edges[0000] = (09E8): Edge_6266D8CD flags=0000    u32_0=0000 points=[[-1,12.65,0.22],[-1.04762,12.8122,0.22],[-1.17538,12.9229,0.22],[-1.34269,12.9469,0.22],[-1.49646,12.8767,0.22],[-1.58785,12.7345,0.22],[-1.58785,12.5655,0.22],[-1.49646,12.4233,0.22],[-1.34269,12.3531,0.22],[-1.17538,12.3771,0.22],[-1.04762,12.4878,0.22],[-1,12.65,0.22]] u8_0=00 a2=(1,0,0) a3=(1,-0,0)
					objects[009A] = (02FA): Face flags=52000000    u32_0=0000  u8_0=00 box=(-1.8,7.85,0.22,-1.2,8.45,0.22) key=1567 u32_1=0000 u32_2=0000
						edges[0000] = (09E9): Edge_6266D8CD flags=0000    u32_0=0000 points=[[-1.2,8.15,0.22],[-1.24762,8.31219,0.22],[-1.37538,8.42289,0.22],[-1.54269,8.44695,0.22],[-1.69646,8.37673,0.22],[-1.78785,8.23452,0.22],[-1.78785,8.06548,0.22],[-1.69646,7.92327,0.22],[-1.54269,7.85305,0.22],[-1.37538,7.87711,0.22],[-1.24762,7.98781,0.22],[-1.2,8.15,0.22]] u8_0=00 a2=(1,0,0) a3=(1,-0,0)
					objects[009B] = (02FB): Face flags=52000000    u32_0=0000  u8_0=00 box=(-21.4,5.9,0.22,-20.8,6.5,0.22) key=1568 u32_1=0000 u32_2=0000
						edges[0000] = (09EA): Edge_6266D8CD flags=0000    u32_0=0000 points=[[-20.8,6.2,0.22],[-20.8476,6.36219,0.22],[-20.9754,6.47289,0.22],[-21.1427,6.49695,0.22],[-21.2965,6.42672,0.22],[-21.3878,6.28452,0.22],[-21.3878,6.11548,0.22],[-21.2965,5.97328,0.22],[-21.1427,5.90305,0.22],[-20.9754,5.92711,0.22],[-20.8476,6.03781,0.22],[-20.8,6.2,0.22]] u8_0=00 a2=(1,0,0) a3=(1,-0,0)
					objects[009C] = (02FC): Face flags=52000000    u32_0=0000  u8_0=00 box=(-24.05,7.85,0.22,-23.45,8.45,0.22) key=1569 u32_1=0000 u32_2=0000
						edges[0000] = (09EB): Edge_6266D8CD flags=0000    u32_0=0000 points=[[-23.45,8.15,0.22],[-23.4976,8.31219,0.22],[-23.6254,8.42289,0.22],[-23.7927,8.44695,0.22],[-23.9465,8.37673,0.22],[-24.0378,8.23452,0.22],[-24.0378,8.06548,0.22],[-23.9465,7.92327,0.22],[-23.7927,7.85305,0.22],[-23.6254,7.87711,0.22],[-23.4976,7.98781,0.22],[-23.45,8.15,0.22]] u8_0=00 a2=(1,0,0) a3=(1,-0,0)
					objects[009D] = (02FD): Face flags=52000000    u32_0=0000  u8_0=00 box=(-23.1,9.8,0.22,-22.5,10.4,0.22) key=156A u32_1=0000 u32_2=0000
						edges[0000] = (09EC): Edge_6266D8CD flags=0000    u32_0=0000 points=[[-22.5,10.1,0.22],[-22.5476,10.2622,0.22],[-22.6754,10.3729,0.22],[-22.8427,10.3969,0.22],[-22.9965,10.3267,0.22],[-23.0878,10.1845,0.22],[-23.0878,10.0155,0.22],[-22.9965,9.87327,0.22],[-22.8427,9.80305,0.22],[-22.6754,9.82711,0.22],[-22.5476,9.93781,0.22],[-22.5,10.1,0.22]] u8_0=00 a2=(1,0,0) a3=(1,-0,0)
					objects[009E] = (02FE): Face flags=52000000    u32_0=0000  u8_0=00 box=(-17.35,8.75,0.22,-17.2,9.05,0.22) key=0789 u32_1=0000 u32_2=0000
						edges[0000] = (09ED): Edge_6266D8CD flags=0000    u32_0=0000 points=[[-17.2,8.75,0.22],[-17.2882,8.77865,0.22],[-17.3427,8.85365,0.22],[-17.3427,8.94635,0.22],[-17.2882,9.02135,0.22],[-17.2,9.05,0.22]] u8_0=00 a2=(-0,-1,-0) a3=(0,1,0)
					objects[009F] = (02FF): Face flags=51000000    u32_0=0000  u8_0=00 box=(-17.2,9.05,0.22,-9.2,9.05,0.22) key=079F u32_1=0000 u32_2=0000
						edges[0000] = (09EE): Edge_6266D8CD flags=0000    u32_0=0000 points=[[-17.2,9.05,0.22],[-9.2,9.05,0.22]] u8_0=00 a2=(0,-1,0) a3=(0,-1,0)
					objects[00A0] = (0300): Face flags=52000000    u32_0=0000  u8_0=00 box=(-9.2,8.75,0.22,-9.05,9.05,0.22) key=07A1 u32_1=0000 u32_2=0000
						edges[0000] = (09EF): Edge_6266D8CD flags=0000    u32_0=0000 points=[[-9.2,9.05,0.22],[-9.11183,9.02135,0.22],[-9.05734,8.94635,0.22],[-9.05734,8.85365,0.22],[-9.11183,8.77865,0.22],[-9.2,8.75,0.22]] u8_0=00 a2=(-0,1,0) a3=(0,-1,0)
					objects[00A1] = (0301): Face flags=51000000    u32_0=0000  u8_0=00 box=(-17.2,8.75,0.22,-9.2,8.75,0.22) key=0793 u32_1=0000 u32_2=0000
						edges[0000] = (09F0): Edge_6266D8CD flags=0000    u32_0=0000 points=[[-9.2,8.75,0.22],[-17.2,8.75,0.22]] u8_0=00 a2=(0,1,-0) a3=(0,1,-0)
					objects[00A2] = (0302): Face flags=52000000    u32_0=0000  u8_0=00 box=(-9.35,1.2,0.22,-9.05,1.35,0.22) key=0782 u32_1=0000 u32_2=0000
						edges[0000] = (09F1): Edge_6266D8CD flags=0000    u32_0=0000 points=[[-9.05,1.35,0.22],[-9.07865,1.26183,0.22],[-9.15365,1.20734,0.22],[-9.24635,1.20734,0.22],[-9.32135,1.26183,0.22],[-9.35,1.35,0.22]] u8_0=00 a2=(1,0,0) a3=(-1,0,0)
					objects[00A3] = (0303): Face flags=51000000    u32_0=0000  u8_0=00 box=(-9.35,1.35,0.22,-9.35,5.35,0.22) key=07A4 u32_1=0000 u32_2=0000
						edges[0000] = (09F2): Edge_6266D8CD flags=0000    u32_0=0000 points=[[-9.35,1.35,0.22],[-9.35,5.35,0.22]] u8_0=00 a2=(1,0,0) a3=(1,0,0)
					objects[00A4] = (0304): Face flags=52000000    u32_0=0000  u8_0=00 box=(-9.35,5.35,0.22,-9.05,5.5,0.22) key=07A6 u32_1=0000 u32_2=0000
						edges[0000] = (09F3): Edge_6266D8CD flags=0000    u32_0=0000 points=[[-9.35,5.35,0.22],[-9.32135,5.43817,0.22],[-9.24635,5.49266,0.22],[-9.15365,5.49266,0.22],[-9.07865,5.43817,0.22],[-9.05,5.35,0.22]] u8_0=00 a2=(-1,-0,-0) a3=(1,0,0)
					objects[00A5] = (0305): Face flags=51000000    u32_0=0000  u8_0=00 box=(-9.05,1.35,0.22,-9.05,5.35,0.22) key=078C u32_1=0000 u32_2=0000
						edges[0000] = (09F4): Edge_6266D8CD flags=0000    u32_0=0000 points=[[-9.05,5.35,0.22],[-9.05,1.35,0.22]] u8_0=00 a2=(-1,0,0) a3=(-1,0,0)
					objects[00A6] = (0306): Face flags=52000000    u32_0=0000  u8_0=00 box=(-9.35,10.8,0.22,-9.05,10.95,0.22) key=077B u32_1=0000 u32_2=0000
						edges[0000] = (09F5): Edge_6266D8CD flags=0000    u32_0=0000 points=[[-9.05,10.95,0.22],[-9.07865,10.8618,0.22],[-9.15365,10.8073,0.22],[-9.24635,10.8073,0.22],[-9.32135,10.8618,0.22],[-9.35,10.95,0.22]] u8_0=00 a2=(1,1.18424e-14,0) a3=(-1,1.18424e-14,0)
					objects[00A7] = (0307): Face flags=51000000    u32_0=0000  u8_0=00 box=(-9.35,10.95,0.22,-9.35,14.95,0.22) key=07A9 u32_1=0000 u32_2=0000
						edges[0000] = (09F6): Edge_6266D8CD flags=0000    u32_0=0000 points=[[-9.35,10.95,0.22],[-9.35,14.95,0.22]] u8_0=00 a2=(1,0,0) a3=(1,0,0)
					objects[00A8] = (0308): Face flags=52000000    u32_0=0000  u8_0=00 box=(-9.35,14.95,0.22,-9.05,15.1,0.22) key=07AB u32_1=0000 u32_2=0000
						edges[0000] = (09F7): Edge_6266D8CD flags=0000    u32_0=0000 points=[[-9.35,14.95,0.22],[-9.32135,15.0382,0.22],[-9.24635,15.0927,0.22],[-9.15365,15.0927,0.22],[-9.07865,15.0382,0.22],[-9.05,14.95,0.22]] u8_0=00 a2=(-1,-0,-0) a3=(1,0,0)
					objects[00A9] = (0309): Face flags=51000000    u32_0=0000  u8_0=00 box=(-9.05,10.95,0.22,-9.05,14.95,0.22) key=0785 u32_1=0000 u32_2=0000
						edges[0000] = (09F8): Edge_6266D8CD flags=0000    u32_0=0000 points=[[-9.05,14.95,0.22],[-9.05,10.95,0.22]] u8_0=00 a2=(-1,-4.44089e-16,0) a3=(-1,-4.44089e-16,0)
					objects[00AA] = (030A): Face flags=52000000    u32_0=0000  u8_0=00 box=(-12.75,2.2,0.22,-12.45,2.35,0.22) key=0774 u32_1=0000 u32_2=0000
						edges[0000] = (09F9): Edge_6266D8CD flags=0000    u32_0=0000 points=[[-12.45,2.35,0.22],[-12.4786,2.26183,0.22],[-12.5536,2.20734,0.22],[-12.6464,2.20734,0.22],[-12.7214,2.26183,0.22],[-12.75,2.35,0.22]] u8_0=00 a2=(1,0,0) a3=(-1,0,0)
					objects[00AB] = (030B): Face flags=51000000    u32_0=0000  u8_0=00 box=(-12.75,2.35,0.22,-12.75,5.35,0.22) key=07AE u32_1=0000 u32_2=0000
						edges[0000] = (09FA): Edge_6266D8CD flags=0000    u32_0=0000 points=[[-12.75,2.35,0.22],[-12.75,5.35,0.22]] u8_0=00 a2=(1,0,0) a3=(1,0,0)
					objects[00AC] = (030C): Face flags=52000000    u32_0=0000  u8_0=00 box=(-12.75,5.35,0.22,-12.45,5.5,0.22) key=07B0 u32_1=0000 u32_2=0000
						edges[0000] = (09FB): Edge_6266D8CD flags=0000    u32_0=0000 points=[[-12.75,5.35,0.22],[-12.7214,5.43817,0.22],[-12.6464,5.49266,0.22],[-12.5536,5.49266,0.22],[-12.4786,5.43817,0.22],[-12.45,5.35,0.22]] u8_0=00 a2=(-1,-0,-0) a3=(1,0,0)
					objects[00AD] = (030D): Face flags=51000000    u32_0=0000  u8_0=00 box=(-12.45,2.35,0.22,-12.45,5.35,0.22) key=077E u32_1=0000 u32_2=0000
						edges[0000] = (09FC): Edge_6266D8CD flags=0000    u32_0=0000 points=[[-12.45,5.35,0.22],[-12.45,2.35,0.22]] u8_0=00 a2=(-1,5.92119e-16,0) a3=(-1,5.92119e-16,0)
					objects[00AE] = (030E): Face flags=52000000    u32_0=0000  u8_0=00 box=(-12.75,10.8,0.22,-12.45,10.95,0.22) key=076D u32_1=0000 u32_2=0000
						edges[0000] = (09FD): Edge_6266D8CD flags=0000    u32_0=0000 points=[[-12.45,10.95,0.22],[-12.4786,10.8618,0.22],[-12.5536,10.8073,0.22],[-12.6464,10.8073,0.22],[-12.7214,10.8618,0.22],[-12.75,10.95,0.22]] u8_0=00 a2=(1,0,0) a3=(-1,0,0)
					objects[00AF] = (030F): Face flags=51000000    u32_0=0000  u8_0=00 box=(-12.75,10.95,0.22,-12.75,13.95,0.22) key=07B3 u32_1=0000 u32_2=0000
						edges[0000] = (09FE): Edge_6266D8CD flags=0000    u32_0=0000 points=[[-12.75,10.95,0.22],[-12.75,13.95,0.22]] u8_0=00 a2=(1,0,0) a3=(1,0,0)
					objects[00B0] = (0310): Face flags=52000000    u32_0=0000  u8_0=00 box=(-12.75,13.95,0.22,-12.45,14.1,0.22) key=07B5 u32_1=0000 u32_2=0000
						edges[0000] = (09FF): Edge_6266D8CD flags=0000    u32_0=0000 points=[[-12.75,13.95,0.22],[-12.7214,14.0382,0.22],[-12.6464,14.0927,0.22],[-12.5536,14.0927,0.22],[-12.4786,14.0382,0.22],[-12.45,13.95,0.22]] u8_0=00 a2=(-1,-0,-0) a3=(1,0,0)
					objects[00B1] = (0311): Face flags=51000000    u32_0=0000  u8_0=00 box=(-12.45,10.95,0.22,-12.45,13.95,0.22) key=0777 u32_1=0000 u32_2=0000
						edges[0000] = (0A00): Edge_6266D8CD flags=0000    u32_0=0000 points=[[-12.45,13.95,0.22],[-12.45,10.95,0.22]] u8_0=00 a2=(-1,0,0) a3=(-1,0,0)
					objects[00B2] = (0312): Face flags=52000000    u32_0=0000  u8_0=00 box=(-14.45,10.8,0.22,-14.15,10.95,0.22) key=0766 u32_1=0000 u32_2=0000
						edges[0000] = (0A01): Edge_6266D8CD flags=0000    u32_0=0000 points=[[-14.15,10.95,0.22],[-14.1786,10.8618,0.22],[-14.2536,10.8073,0.22],[-14.3464,10.8073,0.22],[-14.4214,10.8618,0.22],[-14.45,10.95,0.22]] u8_0=00 a2=(1,0,0) a3=(-1,0,0)
					objects[00B3] = (0313): Face flags=51000000    u32_0=0000  u8_0=00 box=(-14.45,10.95,0.22,-14.45,13.95,0.22) key=07B8 u32_1=0000 u32_2=0000
						edges[0000] = (0A02): Edge_6266D8CD flags=0000    u32_0=0000 points=[[-14.45,10.95,0.22],[-14.45,13.95,0.22]] u8_0=00 a2=(1,0,0) a3=(1,0,0)
					objects[00B4] = (0314): Face flags=52000000    u32_0=0000  u8_0=00 box=(-14.45,13.95,0.22,-14.15,14.1,0.22) key=07BA u32_1=0000 u32_2=0000
						edges[0000] = (0A03): Edge_6266D8CD flags=0000    u32_0=0000 points=[[-14.45,13.95,0.22],[-14.4214,14.0382,0.22],[-14.3464,14.0927,0.22],[-14.2536,14.0927,0.22],[-14.1786,14.0382,0.22],[-14.15,13.95,0.22]] u8_0=00 a2=(-1,-0,-0) a3=(1,0,0)
					objects[00B5] = (0315): Face flags=51000000    u32_0=0000  u8_0=00 box=(-14.15,10.95,0.22,-14.15,13.95,0.22) key=0770 u32_1=0000 u32_2=0000
						edges[0000] = (0A04): Edge_6266D8CD flags=0000    u32_0=0000 points=[[-14.15,13.95,0.22],[-14.15,10.95,0.22]] u8_0=00 a2=(-1,0,0) a3=(-1,0,0)
					objects[00B6] = (0316): Face flags=52000000    u32_0=0000  u8_0=00 box=(-14.45,2.2,0.22,-14.15,2.35,0.22) key=075F u32_1=0000 u32_2=0000
						edges[0000] = (0A05): Edge_6266D8CD flags=0000    u32_0=0000 points=[[-14.15,2.35,0.22],[-14.1786,2.26183,0.22],[-14.2536,2.20734,0.22],[-14.3464,2.20734,0.22],[-14.4214,2.26183,0.22],[-14.45,2.35,0.22]] u8_0=00 a2=(1,0,0) a3=(-1,0,0)
					objects[00B7] = (0317): Face flags=51000000    u32_0=0000  u8_0=00 box=(-14.45,2.35,0.22,-14.45,5.35,0.22) key=07BD u32_1=0000 u32_2=0000
						edges[0000] = (0A06): Edge_6266D8CD flags=0000    u32_0=0000 points=[[-14.45,2.35,0.22],[-14.45,5.35,0.22]] u8_0=00 a2=(1,0,0) a3=(1,0,0)
					objects[00B8] = (0318): Face flags=52000000    u32_0=0000  u8_0=00 box=(-14.45,5.35,0.22,-14.15,5.5,0.22) key=07BF u32_1=0000 u32_2=0000
						edges[0000] = (0A07): Edge_6266D8CD flags=0000    u32_0=0000 points=[[-14.45,5.35,0.22],[-14.4214,5.43817,0.22],[-14.3464,5.49266,0.22],[-14.2536,5.49266,0.22],[-14.1786,5.43817,0.22],[-14.15,5.35,0.22]] u8_0=00 a2=(-1,-0,-0) a3=(1,0,0)
					objects[00B9] = (0319): Face flags=51000000    u32_0=0000  u8_0=00 box=(-14.15,2.35,0.22,-14.15,5.35,0.22) key=0769 u32_1=0000 u32_2=0000
						edges[0000] = (0A08): Edge_6266D8CD flags=0000    u32_0=0000 points=[[-14.15,5.35,0.22],[-14.15,2.35,0.22]] u8_0=00 a2=(-1,0,0) a3=(-1,0,0)
					objects[00BA] = (031A): Face flags=52000000    u32_0=0000  u8_0=00 box=(-11.05,10.8,0.22,-10.75,10.95,0.22) key=0758 u32_1=0000 u32_2=0000
						edges[0000] = (0A09): Edge_6266D8CD flags=0000    u32_0=0000 points=[[-10.75,10.95,0.22],[-10.7786,10.8618,0.22],[-10.8536,10.8073,0.22],[-10.9464,10.8073,0.22],[-11.0214,10.8618,0.22],[-11.05,10.95,0.22]] u8_0=00 a2=(1,0,0) a3=(-1,0,0)
					objects[00BB] = (031B): Face flags=51000000    u32_0=0000  u8_0=00 box=(-11.05,10.95,0.22,-11.05,14.95,0.22) key=07C2 u32_1=0000 u32_2=0000
						edges[0000] = (0A0A): Edge_6266D8CD flags=0000    u32_0=0000 points=[[-11.05,10.95,0.22],[-11.05,14.95,0.22]] u8_0=00 a2=(1,0,0) a3=(1,0,0)
					objects[00BC] = (031C): Face flags=52000000    u32_0=0000  u8_0=00 box=(-11.05,14.95,0.22,-10.75,15.1,0.22) key=07C4 u32_1=0000 u32_2=0000
						edges[0000] = (0A0B): Edge_6266D8CD flags=0000    u32_0=0000 points=[[-11.05,14.95,0.22],[-11.0214,15.0382,0.22],[-10.9464,15.0927,0.22],[-10.8536,15.0927,0.22],[-10.7786,15.0382,0.22],[-10.75,14.95,0.22]] u8_0=00 a2=(-1,-0,-0) a3=(1,0,0)
					objects[00BD] = (031D): Face flags=51000000    u32_0=0000  u8_0=00 box=(-10.75,10.95,0.22,-10.75,14.95,0.22) key=0762 u32_1=0000 u32_2=0000
						edges[0000] = (0A0C): Edge_6266D8CD flags=0000    u32_0=0000 points=[[-10.75,14.95,0.22],[-10.75,10.95,0.22]] u8_0=00 a2=(-1,4.44089e-16,0) a3=(-1,4.44089e-16,0)
					objects[00BE] = (031E): Face flags=52000000    u32_0=0000  u8_0=00 box=(-11.05,1.2,0.22,-10.75,1.35,0.22) key=0751 u32_1=0000 u32_2=0000
						edges[0000] = (0A0D): Edge_6266D8CD flags=0000    u32_0=0000 points=[[-10.75,1.35,0.22],[-10.7786,1.26183,0.22],[-10.8536,1.20734,0.22],[-10.9464,1.20734,0.22],[-11.0214,1.26183,0.22],[-11.05,1.35,0.22]] u8_0=00 a2=(1,0,0) a3=(-1,0,0)
					objects[00BF] = (031F): Face flags=51000000    u32_0=0000  u8_0=00 box=(-11.05,1.35,0.22,-11.05,5.35,0.22) key=07C7 u32_1=0000 u32_2=0000
						edges[0000] = (0A0E): Edge_6266D8CD flags=0000    u32_0=0000 points=[[-11.05,1.35,0.22],[-11.05,5.35,0.22]] u8_0=00 a2=(1,0,0) a3=(1,0,0)
					objects[00C0] = (0320): Face flags=52000000    u32_0=0000  u8_0=00 box=(-11.05,5.35,0.22,-10.75,5.5,0.22) key=07C9 u32_1=0000 u32_2=0000
						edges[0000] = (0A0F): Edge_6266D8CD flags=0000    u32_0=0000 points=[[-11.05,5.35,0.22],[-11.0214,5.43817,0.22],[-10.9464,5.49266,0.22],[-10.8536,5.49266,0.22],[-10.7786,5.43817,0.22],[-10.75,5.35,0.22]] u8_0=00 a2=(-1,-0,-0) a3=(1,0,0)
					objects[00C1] = (0321): Face flags=51000000    u32_0=0000  u8_0=00 box=(-10.75,1.35,0.22,-10.75,5.35,0.22) key=075B u32_1=0000 u32_2=0000
						edges[0000] = (0A10): Edge_6266D8CD flags=0000    u32_0=0000 points=[[-10.75,5.35,0.22],[-10.75,1.35,0.22]] u8_0=00 a2=(-1,0,0) a3=(-1,0,0)
					objects[00C2] = (0322): Face flags=52000000    u32_0=0000  u8_0=00 box=(-9.2,7.25,0.22,-9.05,7.55,0.22) key=074D u32_1=0000 u32_2=0000
						edges[0000] = (0A11): Edge_6266D8CD flags=0000    u32_0=0000 points=[[-9.2,7.55,0.22],[-9.11183,7.52135,0.22],[-9.05734,7.44635,0.22],[-9.05734,7.35365,0.22],[-9.11183,7.27865,0.22],[-9.2,7.25,0.22]] u8_0=00 a2=(-0,1,-0) a3=(-0,-1,0)
					objects[00C3] = (0323): Face flags=51000000    u32_0=0000  u8_0=00 box=(-17.2,7.25,0.22,-9.2,7.25,0.22) key=07CC u32_1=0000 u32_2=0000
						edges[0000] = (0A12): Edge_6266D8CD flags=0000    u32_0=0000 points=[[-9.2,7.25,0.22],[-17.2,7.25,0.22]] u8_0=00 a2=(0,1,-0) a3=(0,1,-0)
					objects[00C4] = (0324): Face flags=52000000    u32_0=0000  u8_0=00 box=(-17.35,7.25,0.22,-17.2,7.55,0.22) key=07CE u32_1=0000 u32_2=0000
						edges[0000] = (0A13): Edge_6266D8CD flags=0000    u32_0=0000 points=[[-17.2,7.25,0.22],[-17.2882,7.27865,0.22],[-17.3427,7.35365,0.22],[-17.3427,7.44635,0.22],[-17.2882,7.52135,0.22],[-17.2,7.55,0.22]] u8_0=00 a2=(0,-1,0) a3=(-0,1,0)
					objects[00C5] = (0325): Face flags=51000000    u32_0=0000  u8_0=00 box=(-17.2,7.55,0.22,-9.2,7.55,0.22) key=0754 u32_1=0000 u32_2=0000
						edges[0000] = (0A14): Edge_6266D8CD flags=0000    u32_0=0000 points=[[-17.2,7.55,0.22],[-9.2,7.55,0.22]] u8_0=00 a2=(0,-1,0) a3=(0,-1,0)
					objects[00C6] = (0326): Face flags=52000000    u32_0=0000  u8_0=00 box=(-24.05,11.05,0.22,-23.45,11.65,0.22) key=156B u32_1=0000 u32_2=0000
						edges[0000] = (0A15): Edge_6266D8CD flags=0000    u32_0=0000 points=[[-23.45,11.35,0.22],[-23.4976,11.5122,0.22],[-23.6254,11.6229,0.22],[-23.7927,11.6469,0.22],[-23.9465,11.5767,0.22],[-24.0378,11.4345,0.22],[-24.0378,11.2655,0.22],[-23.9465,11.1233,0.22],[-23.7927,11.0531,0.22],[-23.6254,11.0771,0.22],[-23.4976,11.1878,0.22],[-23.45,11.35,0.22]] u8_0=00 a2=(1,0,0) a3=(1,-0,0)
					objects[00C7] = (0327): Face flags=52000000    u32_0=0000  u8_0=00 box=(-21.4,9.8,0.22,-20.8,10.4,0.22) key=156C u32_1=0000 u32_2=0000
						edges[0000] = (0A16): Edge_6266D8CD flags=0000    u32_0=0000 points=[[-20.8,10.1,0.22],[-20.8476,10.2622,0.22],[-20.9754,10.3729,0.22],[-21.1427,10.3969,0.22],[-21.2965,10.3267,0.22],[-21.3878,10.1845,0.22],[-21.3878,10.0155,0.22],[-21.2965,9.87327,0.22],[-21.1427,9.80305,0.22],[-20.9754,9.82711,0.22],[-20.8476,9.93781,0.22],[-20.8,10.1,0.22]] u8_0=00 a2=(1,0,0) a3=(1,-0,0)
					objects[00C8] = (0328): Face flags=52000000    u32_0=0000  u8_0=00 box=(-23.1,5.9,0.22,-22.5,6.5,0.22) key=156D u32_1=0000 u32_2=0000
						edges[0000] = (0A17): Edge_6266D8CD flags=0000    u32_0=0000 points=[[-22.5,6.2,0.22],[-22.5476,6.36219,0.22],[-22.6754,6.47289,0.22],[-22.8427,6.49695,0.22],[-22.9965,6.42672,0.22],[-23.0878,6.28452,0.22],[-23.0878,6.11548,0.22],[-22.9965,5.97328,0.22],[-22.8427,5.90305,0.22],[-22.6754,5.92711,0.22],[-22.5476,6.03781,0.22],[-22.5,6.2,0.22]] u8_0=00 a2=(1,0,0) a3=(1,-0,0)
					objects[00C9] = (0329): Face flags=52000000    u32_0=0000  u8_0=00 box=(-24.05,4.65,0.22,-23.45,5.25,0.22) key=156E u32_1=0000 u32_2=0000
						edges[0000] = (0A18): Edge_6266D8CD flags=0000    u32_0=0000 points=[[-23.45,4.95,0.22],[-23.4976,5.11219,0.22],[-23.6254,5.22289,0.22],[-23.7927,5.24695,0.22],[-23.9465,5.17672,0.22],[-24.0378,5.03452,0.22],[-24.0378,4.86548,0.22],[-23.9465,4.72328,0.22],[-23.7927,4.65305,0.22],[-23.6254,4.67711,0.22],[-23.4976,4.78781,0.22],[-23.45,4.95,0.22]] u8_0=00 a2=(1,0,0) a3=(1,-0,0)
					objects[00CA] = (032A): Face flags=52000000    u32_0=0000  u8_0=00 box=(-7.89913,8.95,0.22,-7.3,9.55,0.22) key=156F u32_1=0000 u32_2=0000
						edges[0000] = (0A19): Edge_6266D8CD flags=0000    u32_0=0000 points=[[-7.89913,9.22717,0.22],[-7.83462,9.06304,0.22],[-7.68904,8.96352,0.22],[-7.51269,8.96299,0.22],[-7.36651,9.06164,0.22],[-7.30101,9.22537,0.22],[-7.33883,9.39762,0.22],[-7.4669,9.51886,0.22],[-7.64096,9.54719,0.22],[-7.80087,9.47283,0.22]] u8_0=00 a2=(-0.997101,-0.0760864,0) a3=(-0.669565,0.742753,0)
					objects[00CB] = (032B): Face flags=52000000    u32_0=0000  u8_0=00 box=(-8.4,9.15,0.22,-7.80087,9.75,0.22) key=1570 u32_1=0000 u32_2=0000
						edges[0000] = (0A1A): Edge_6266D8CD flags=0000    u32_0=0000 points=[[-7.80087,9.47283,0.22],[-7.86538,9.63696,0.22],[-8.01096,9.73648,0.22],[-8.18731,9.73701,0.22],[-8.33349,9.63836,0.22],[-8.39899,9.47463,0.22],[-8.36117,9.30238,0.22],[-8.2331,9.18114,0.22],[-8.05904,9.15281,0.22],[-7.89913,9.22717,0.22]] u8_0=00 a2=(0.997101,0.0760864,0) a3=(0.669565,-0.742753,0)
					objects[00CC] = (032C): Face flags=52000000    u32_0=0000  u8_0=00 box=(-5.9,8.85,0.22,-5.3,9.45,0.22) key=1571 u32_1=0000 u32_2=0000
						edges[0000] = (0A1B): Edge_6266D8CD flags=0000    u32_0=0000 points=[[-5.3,9.15,0.22],[-5.34762,9.31219,0.22],[-5.47538,9.42289,0.22],[-5.64269,9.44695,0.22],[-5.79646,9.37673,0.22],[-5.88785,9.23452,0.22],[-5.88785,9.06548,0.22],[-5.79646,8.92327,0.22],[-5.64269,8.85305,0.22],[-5.47538,8.87711,0.22],[-5.34762,8.98781,0.22],[-5.3,9.15,0.22]] u8_0=00 a2=(1,0,0) a3=(1,-0,0)
					objects[00CD] = (032D): Face flags=52000000    u32_0=0000  u8_0=00 box=(-8.4,6.55,0.22,-7.80087,7.15,0.22) key=1572 u32_1=0000 u32_2=0000
						edges[0000] = (0A1C): Edge_6266D8CD flags=0000    u32_0=0000 points=[[-7.89913,7.07283,0.22],[-8.05904,7.14719,0.22],[-8.2331,7.11886,0.22],[-8.36117,6.99762,0.22],[-8.39899,6.82537,0.22],[-8.33349,6.66163,0.22],[-8.18731,6.56299,0.22],[-8.01096,6.56352,0.22],[-7.86538,6.66304,0.22],[-7.80087,6.82717,0.22]] u8_0=00 a2=(0.669565,0.742753,0) a3=(0.997101,-0.0760864,0)
					objects[00CE] = (032E): Face flags=52000000    u32_0=0000  u8_0=00 box=(-7.89913,6.75,0.22,-7.3,7.35,0.22) key=1573 u32_1=0000 u32_2=0000
						edges[0000] = (0A1D): Edge_6266D8CD flags=0000    u32_0=0000 points=[[-7.80087,6.82717,0.22],[-7.64096,6.75281,0.22],[-7.4669,6.78114,0.22],[-7.33883,6.90238,0.22],[-7.30101,7.07463,0.22],[-7.36651,7.23837,0.22],[-7.51269,7.33701,0.22],[-7.68904,7.33648,0.22],[-7.83462,7.23696,0.22],[-7.89913,7.07283,0.22]] u8_0=00 a2=(-0.669565,-0.742753,0) a3=(-0.997101,0.0760864,0)
					objects[00CF] = (032F): Face flags=52000000    u32_0=0000  u8_0=00 box=(-5.9,6.85,0.22,-5.3,7.45,0.22) key=1574 u32_1=0000 u32_2=0000
						edges[0000] = (0A1E): Edge_6266D8CD flags=0000    u32_0=0000 points=[[-5.3,7.15,0.22],[-5.34762,7.31219,0.22],[-5.47538,7.42289,0.22],[-5.64269,7.44695,0.22],[-5.79646,7.37672,0.22],[-5.88785,7.23452,0.22],[-5.88785,7.06548,0.22],[-5.79646,6.92327,0.22],[-5.64269,6.85305,0.22],[-5.47538,6.87711,0.22],[-5.34762,6.98781,0.22],[-5.3,7.15,0.22]] u8_0=00 a2=(1,0,0) a3=(1,-0,0)
					objects[00D0] = (0330): Face flags=52000000    u32_0=0000  u8_0=00 box=(-1.1,7.85,0.22,-0.5,8.45,0.22) key=1575 u32_1=0000 u32_2=0000
						edges[0000] = (0A1F): Edge_6266D8CD flags=0000    u32_0=0000 points=[[-0.5,8.15,0.22],[-0.547624,8.31219,0.22],[-0.675376,8.42289,0.22],[-0.842694,8.44695,0.22],[-0.996458,8.37673,0.22],[-1.08785,8.23452,0.22],[-1.08785,8.06548,0.22],[-0.996458,7.92327,0.22],[-0.842694,7.85305,0.22],[-0.675376,7.87711,0.22],[-0.547624,7.98781,0.22],[-0.5,8.15,0.22]] u8_0=00 a2=(1,0,0) a3=(1,-0,0)
					objects[00D1] = (0331): Face flags=52000000    u32_0=0000  u8_0=00 box=(-2.7,12.35,0.22,-2.1,12.95,0.22) key=1576 u32_1=0000 u32_2=0000
						edges[0000] = (0A20): Edge_6266D8CD flags=0000    u32_0=0000 points=[[-2.1,12.65,0.22],[-2.14762,12.8122,0.22],[-2.27538,12.9229,0.22],[-2.44269,12.9469,0.22],[-2.59646,12.8767,0.22],[-2.68785,12.7345,0.22],[-2.68785,12.5655,0.22],[-2.59646,12.4233,0.22],[-2.44269,12.3531,0.22],[-2.27538,12.3771,0.22],[-2.14762,12.4878,0.22],[-2.1,12.65,0.22]] u8_0=00 a2=(1,0,0) a3=(1,-0,0)
					objects[00D2] = (0332): Face flags=52000000    u32_0=0000  u8_0=00 box=(-6.45,13.7,0.22,-5.85,14.3,0.22) key=1577 u32_1=0000 u32_2=0000
						edges[0000] = (0A21): Edge_6266D8CD flags=0000    u32_0=0000 points=[[-5.85,14,0.22],[-5.89762,14.1622,0.22],[-6.02538,14.2729,0.22],[-6.19269,14.2969,0.22],[-6.34646,14.2267,0.22],[-6.43785,14.0845,0.22],[-6.43785,13.9155,0.22],[-6.34646,13.7733,0.22],[-6.19269,13.7031,0.22],[-6.02538,13.7271,0.22],[-5.89762,13.8378,0.22],[-5.85,14,0.22]] u8_0=00 a2=(1,0,0) a3=(1,-0,0)
					objects[00D3] = (0333): Face flags=52000000    u32_0=0000  u8_0=00 box=(-8.15,15.2,0.22,-7.55,15.8,0.22) key=1578 u32_1=0000 u32_2=0000
						edges[0000] = (0A22): Edge_6266D8CD flags=0000    u32_0=0000 points=[[-7.55,15.5,0.22],[-7.59762,15.6622,0.22],[-7.72538,15.7729,0.22],[-7.89269,15.7969,0.22],[-8.04646,15.7267,0.22],[-8.13785,15.5845,0.22],[-8.13785,15.4155,0.22],[-8.04646,15.2733,0.22],[-7.89269,15.2031,0.22],[-7.72538,15.2271,0.22],[-7.59762,15.3378,0.22],[-7.55,15.5,0.22]] u8_0=00 a2=(1,0,0) a3=(1,-0,0)
					objects[00D4] = (0334): Face flags=52000000    u32_0=0000  u8_0=00 box=(-7.6,2,0.22,-7,2.6,0.22) key=1579 u32_1=0000 u32_2=0000
						edges[0000] = (0A23): Edge_6266D8CD flags=0000    u32_0=0000 points=[[-7,2.3,0.22],[-7.04762,2.46219,0.22],[-7.17538,2.57289,0.22],[-7.34269,2.59695,0.22],[-7.49646,2.52672,0.22],[-7.58785,2.38452,0.22],[-7.58785,2.21548,0.22],[-7.49646,2.07328,0.22],[-7.34269,2.00305,0.22],[-7.17538,2.02711,0.22],[-7.04762,2.13781,0.22],[-7,2.3,0.22]] u8_0=00 a2=(1,0,0) a3=(1,-0,0)
					objects[00D5] = (0335): Face flags=52000000    u32_0=0000  u8_0=00 box=(-7,0.5,0.22,-6.4,1.1,0.22) key=157A u32_1=0000 u32_2=0000
						edges[0000] = (0A24): Edge_6266D8CD flags=0000    u32_0=0000 points=[[-6.4,0.8,0.22],[-6.44762,0.962192,0.22],[-6.57538,1.07289,0.22],[-6.74269,1.09695,0.22],[-6.89646,1.02672,0.22],[-6.98785,0.88452,0.22],[-6.98785,0.71548,0.22],[-6.89646,0.573275,0.22],[-6.74269,0.503054,0.22],[-6.57538,0.52711,0.22],[-6.44762,0.637808,0.22],[-6.4,0.8,0.22]] u8_0=00 a2=(1,0,0) a3=(1,-0,0)
					objects[00D6] = (0336): Face flags=52000000    u32_0=0000  u8_0=00 box=(-5,3.35,0.22,-4.4,3.95,0.22) key=157B u32_1=0000 u32_2=0000
						edges[0000] = (0A25): Edge_6266D8CD flags=0000    u32_0=0000 points=[[-4.4,3.65,0.22],[-4.44762,3.81219,0.22],[-4.57538,3.92289,0.22],[-4.74269,3.94695,0.22],[-4.89646,3.87672,0.22],[-4.98785,3.73452,0.22],[-4.98785,3.56548,0.22],[-4.89646,3.42328,0.22],[-4.74269,3.35305,0.22],[-4.57538,3.37711,0.22],[-4.44762,3.48781,0.22],[-4.4,3.65,0.22]] u8_0=00 a2=(1,0,0) a3=(1,-0,0)
					objects[00D7] = (0337): Face flags=52000000    u32_0=0000  u8_0=00 box=(-1.6,3.35,0.22,-1,3.95,0.22) key=157C u32_1=0000 u32_2=0000
						edges[0000] = (0A26): Edge_6266D8CD flags=0000    u32_0=0000 points=[[-1,3.65,0.22],[-1.04762,3.81219,0.22],[-1.17538,3.92289,0.22],[-1.34269,3.94695,0.22],[-1.49646,3.87672,0.22],[-1.58785,3.73452,0.22],[-1.58785,3.56548,0.22],[-1.49646,3.42328,0.22],[-1.34269,3.35305,0.22],[-1.17538,3.37711,0.22],[-1.04762,3.48781,0.22],[-1,3.65,0.22]] u8_0=00 a2=(1,0,0) a3=(1,-0,0)
					objects[00D8] = (0338): Face flags=52000000    u32_0=0000  u8_0=00 box=(-19.45,4.5,0.22,-18.75,5.2,0.22) key=157D u32_1=0000 u32_2=0000
						edges[0000] = (0A27): Edge_6266D8CD flags=0000    u32_0=0000 points=[[-18.75,4.85,0.22],[-18.8056,5.03922,0.22],[-18.9546,5.16837,0.22],[-19.1498,5.19644,0.22],[-19.3292,5.11451,0.22],[-19.4358,4.94861,0.22],[-19.4358,4.75139,0.22],[-19.3292,4.58549,0.22],[-19.1498,4.50356,0.22],[-18.9546,4.53163,0.22],[-18.8056,4.66078,0.22],[-18.75,4.85,0.22]] u8_0=00 a2=(1,0,0) a3=(1,-0,0)
					objects[00D9] = (0339): Face flags=52000000    u32_0=0000  u8_0=00 box=(-22.05,11.25,0.07,-21.65,11.65,0.07) key=157E u32_1=0000 u32_2=0000
						edges[0000] = (0A28): Edge_6266D8CD flags=0000    u32_0=0000 points=[[-21.65,11.45,0.07],[-21.6968,11.5786,0.07],[-21.8153,11.647,0.07],[-21.95,11.6232,0.07],[-22.0379,11.5184,0.07],[-22.0379,11.3816,0.07],[-21.95,11.2768,0.07],[-21.8153,11.253,0.07],[-21.6968,11.3214,0.07],[-21.65,11.45,0.07]] u8_0=00 a2=(1,0,0) a3=(1,0,-0)
					objects[00DA] = (033A): Face flags=52000000    u32_0=0000  u8_0=00 box=(-19.3,4.65,0.07,-18.9,5.05,0.07) key=157F u32_1=0000 u32_2=0000
						edges[0000] = (0A29): Edge_6266D8CD flags=0000    u32_0=0000 points=[[-18.9,4.85,0.07],[-18.9468,4.97856,0.07],[-19.0653,5.04696,0.07],[-19.2,5.02321,0.07],[-19.2879,4.9184,0.07],[-19.2879,4.7816,0.07],[-19.2,4.6768,0.07],[-19.0653,4.65304,0.07],[-18.9468,4.72144,0.07],[-18.9,4.85,0.07]] u8_0=00 a2=(1,0,0) a3=(1,0,-0)
					objects[00DB] = (033B): Face flags=52000000    u32_0=0000  u8_0=00 box=(-22.05,4.65,0.07,-21.65,5.05,0.07) key=1580 u32_1=0000 u32_2=0000
						edges[0000] = (0A2A): Edge_6266D8CD flags=0000    u32_0=0000 points=[[-21.65,4.85,0.07],[-21.6968,4.97856,0.07],[-21.8153,5.04696,0.07],[-21.95,5.02321,0.07],[-22.0379,4.9184,0.07],[-22.0379,4.7816,0.07],[-21.95,4.6768,0.07],[-21.8153,4.65304,0.07],[-21.6968,4.72144,0.07],[-21.65,4.85,0.07]] u8_0=00 a2=(1,0,0) a3=(1,0,-0)
					objects[00DC] = (033C): Face flags=52000000    u32_0=0000  u8_0=00 box=(-1.45,3.5,0.07,-1.15,3.8,0.07) key=1581 u32_1=0000 u32_2=0000
						edges[0000] = (0A2B): Edge_6266D8CD flags=0000    u32_0=0000 points=[[-1.15,3.65,0.07],[-1.18509,3.74642,0.07],[-1.27395,3.79772,0.07],[-1.375,3.7799,0.07],[-1.44095,3.7013,0.07],[-1.44095,3.5987,0.07],[-1.375,3.5201,0.07],[-1.27395,3.50228,0.07],[-1.18509,3.55358,0.07],[-1.15,3.65,0.07]] u8_0=00 a2=(1,0,0) a3=(1,0,-0)
					objects[00DD] = (033D): Face flags=52000000    u32_0=0000  u8_0=00 box=(-2.55,3.5,0.07,-2.25,3.8,0.07) key=1582 u32_1=0000 u32_2=0000
						edges[0000] = (0A2C): Edge_6266D8CD flags=0000    u32_0=0000 points=[[-2.25,3.65,0.07],[-2.28509,3.74642,0.07],[-2.37395,3.79772,0.07],[-2.475,3.7799,0.07],[-2.54095,3.7013,0.07],[-2.54095,3.5987,0.07],[-2.475,3.5201,0.07],[-2.37395,3.50228,0.07],[-2.28509,3.55358,0.07],[-2.25,3.65,0.07]] u8_0=00 a2=(1,0,0) a3=(1,0,-0)
					objects[00DE] = (033E): Face flags=52000000    u32_0=0000  u8_0=00 box=(-4.85,3.5,0.07,-4.55,3.8,0.07) key=1583 u32_1=0000 u32_2=0000
						edges[0000] = (0A2D): Edge_6266D8CD flags=0000    u32_0=0000 points=[[-4.55,3.65,0.07],[-4.58509,3.74642,0.07],[-4.67395,3.79772,0.07],[-4.775,3.7799,0.07],[-4.84095,3.7013,0.07],[-4.84095,3.5987,0.07],[-4.775,3.5201,0.07],[-4.67395,3.50228,0.07],[-4.58509,3.55358,0.07],[-4.55,3.65,0.07]] u8_0=00 a2=(1,0,0) a3=(1,0,-0)
					objects[00DF] = (033F): Face flags=52000000    u32_0=0000  u8_0=00 box=(-8,0.65,0.07,-7.7,0.95,0.07) key=1584 u32_1=0000 u32_2=0000
						edges[0000] = (0A2E): Edge_6266D8CD flags=0000    u32_0=0000 points=[[-7.7,0.8,0.07],[-7.73509,0.896418,0.07],[-7.82395,0.947721,0.07],[-7.925,0.929904,0.07],[-7.99095,0.851303,0.07],[-7.99095,0.748697,0.07],[-7.925,0.670096,0.07],[-7.82395,0.652279,0.07],[-7.73509,0.703582,0.07],[-7.7,0.8,0.07]] u8_0=00 a2=(1,0,0) a3=(1,0,-0)
					objects[00E0] = (0340): Face flags=52000000    u32_0=0000  u8_0=00 box=(-6.85,0.65,0.07,-6.55,0.95,0.07) key=1585 u32_1=0000 u32_2=0000
						edges[0000] = (0A2F): Edge_6266D8CD flags=0000    u32_0=0000 points=[[-6.55,0.8,0.07],[-6.58509,0.896418,0.07],[-6.67395,0.947721,0.07],[-6.775,0.929904,0.07],[-6.84095,0.851303,0.07],[-6.84095,0.748697,0.07],[-6.775,0.670096,0.07],[-6.67395,0.652279,0.07],[-6.58509,0.703582,0.07],[-6.55,0.8,0.07]] u8_0=00 a2=(1,0,0) a3=(1,0,-0)
					objects[00E1] = (0341): Face flags=52000000    u32_0=0000  u8_0=00 box=(-6.3,2.15,0.07,-6,2.45,0.07) key=1586 u32_1=0000 u32_2=0000
						edges[0000] = (0A30): Edge_6266D8CD flags=0000    u32_0=0000 points=[[-6,2.3,0.07],[-6.03509,2.39642,0.07],[-6.12395,2.44772,0.07],[-6.225,2.4299,0.07],[-6.29095,2.3513,0.07],[-6.29095,2.2487,0.07],[-6.225,2.1701,0.07],[-6.12395,2.15228,0.07],[-6.03509,2.20358,0.07],[-6,2.3,0.07]] u8_0=00 a2=(1,0,0) a3=(1,0,-0)
					objects[00E2] = (0342): Face flags=52000000    u32_0=0000  u8_0=00 box=(-7.45,2.15,0.07,-7.15,2.45,0.07) key=1587 u32_1=0000 u32_2=0000
						edges[0000] = (0A31): Edge_6266D8CD flags=0000    u32_0=0000 points=[[-7.15,2.3,0.07],[-7.18509,2.39642,0.07],[-7.27395,2.44772,0.07],[-7.375,2.4299,0.07],[-7.44095,2.3513,0.07],[-7.44095,2.2487,0.07],[-7.375,2.1701,0.07],[-7.27395,2.15228,0.07],[-7.18509,2.20358,0.07],[-7.15,2.3,0.07]] u8_0=00 a2=(1,0,0) a3=(1,0,-0)
					objects[00E3] = (0343): Face flags=52000000    u32_0=0000  u8_0=00 box=(-6.85,15.35,0.07,-6.55,15.65,0.07) key=1588 u32_1=0000 u32_2=0000
						edges[0000] = (0A32): Edge_6266D8CD flags=0000    u32_0=0000 points=[[-6.55,15.5,0.07],[-6.58509,15.5964,0.07],[-6.67395,15.6477,0.07],[-6.775,15.6299,0.07],[-6.84095,15.5513,0.07],[-6.84095,15.4487,0.07],[-6.775,15.3701,0.07],[-6.67395,15.3523,0.07],[-6.58509,15.4036,0.07],[-6.55,15.5,0.07]] u8_0=00 a2=(1,0,0) a3=(1,0,-0)
					objects[00E4] = (0344): Face flags=52000000    u32_0=0000  u8_0=00 box=(-8,15.35,0.07,-7.7,15.65,0.07) key=1589 u32_1=0000 u32_2=0000
						edges[0000] = (0A33): Edge_6266D8CD flags=0000    u32_0=0000 points=[[-7.7,15.5,0.07],[-7.73509,15.5964,0.07],[-7.82395,15.6477,0.07],[-7.925,15.6299,0.07],[-7.99095,15.5513,0.07],[-7.99095,15.4487,0.07],[-7.925,15.3701,0.07],[-7.82395,15.3523,0.07],[-7.73509,15.4036,0.07],[-7.7,15.5,0.07]] u8_0=00 a2=(1,0,0) a3=(1,0,-0)
					objects[00E5] = (0345): Face flags=52000000    u32_0=0000  u8_0=00 box=(-7.45,13.85,0.07,-7.15,14.15,0.07) key=158A u32_1=0000 u32_2=0000
						edges[0000] = (0A34): Edge_6266D8CD flags=0000    u32_0=0000 points=[[-7.15,14,0.07],[-7.18509,14.0964,0.07],[-7.27395,14.1477,0.07],[-7.375,14.1299,0.07],[-7.44095,14.0513,0.07],[-7.44095,13.9487,0.07],[-7.375,13.8701,0.07],[-7.27395,13.8523,0.07],[-7.18509,13.9036,0.07],[-7.15,14,0.07]] u8_0=00 a2=(1,0,0) a3=(1,0,-0)
					objects[00E6] = (0346): Face flags=52000000    u32_0=0000  u8_0=00 box=(-6.3,13.85,0.07,-6,14.15,0.07) key=158B u32_1=0000 u32_2=0000
						edges[0000] = (0A35): Edge_6266D8CD flags=0000    u32_0=0000 points=[[-6,14,0.07],[-6.03509,14.0964,0.07],[-6.12395,14.1477,0.07],[-6.225,14.1299,0.07],[-6.29095,14.0513,0.07],[-6.29095,13.9487,0.07],[-6.225,13.8701,0.07],[-6.12395,13.8523,0.07],[-6.03509,13.9036,0.07],[-6,14,0.07]] u8_0=00 a2=(1,0,0) a3=(1,0,-0)
					objects[00E7] = (0347): Face flags=52000000    u32_0=0000  u8_0=00 box=(-4.85,12.5,0.07,-4.55,12.8,0.07) key=158C u32_1=0000 u32_2=0000
						edges[0000] = (0A36): Edge_6266D8CD flags=0000    u32_0=0000 points=[[-4.55,12.65,0.07],[-4.58509,12.7464,0.07],[-4.67395,12.7977,0.07],[-4.775,12.7799,0.07],[-4.84095,12.7013,0.07],[-4.84095,12.5987,0.07],[-4.775,12.5201,0.07],[-4.67395,12.5023,0.07],[-4.58509,12.5536,0.07],[-4.55,12.65,0.07]] u8_0=00 a2=(1,0,0) a3=(1,0,-0)
					objects[00E8] = (0348): Face flags=52000000    u32_0=0000  u8_0=00 box=(-2.55,12.5,0.07,-2.25,12.8,0.07) key=158D u32_1=0000 u32_2=0000
						edges[0000] = (0A37): Edge_6266D8CD flags=0000    u32_0=0000 points=[[-2.25,12.65,0.07],[-2.28509,12.7464,0.07],[-2.37395,12.7977,0.07],[-2.475,12.7799,0.07],[-2.54095,12.7013,0.07],[-2.54095,12.5987,0.07],[-2.475,12.5201,0.07],[-2.37395,12.5023,0.07],[-2.28509,12.5536,0.07],[-2.25,12.65,0.07]] u8_0=00 a2=(1,0,0) a3=(1,0,-0)
					objects[00E9] = (0349): Face flags=52000000    u32_0=0000  u8_0=00 box=(-1.45,12.5,0.07,-1.15,12.8,0.07) key=158E u32_1=0000 u32_2=0000
						edges[0000] = (0A38): Edge_6266D8CD flags=0000    u32_0=0000 points=[[-1.15,12.65,0.07],[-1.18509,12.7464,0.07],[-1.27395,12.7977,0.07],[-1.375,12.7799,0.07],[-1.44095,12.7013,0.07],[-1.44095,12.5987,0.07],[-1.375,12.5201,0.07],[-1.27395,12.5023,0.07],[-1.18509,12.5536,0.07],[-1.15,12.65,0.07]] u8_0=00 a2=(1,0,0) a3=(1,0,-0)
					objects[00EA] = (034A): Face flags=52000000    u32_0=0000  u8_0=00 box=(-0.95,8,0.07,-0.65,8.3,0.07) key=158F u32_1=0000 u32_2=0000
						edges[0000] = (0A39): Edge_6266D8CD flags=0000    u32_0=0000 points=[[-0.65,8.15,0.07],[-0.685093,8.24642,0.07],[-0.773953,8.29772,0.07],[-0.875,8.2799,0.07],[-0.940954,8.2013,0.07],[-0.940954,8.0987,0.07],[-0.875,8.0201,0.07],[-0.773953,8.00228,0.07],[-0.685093,8.05358,0.07],[-0.65,8.15,0.07]] u8_0=00 a2=(1,0,0) a3=(1,0,-0)
					objects[00EB] = (034B): Face flags=52000000    u32_0=0000  u8_0=00 box=(-1.65,8,0.07,-1.35,8.3,0.07) key=1590 u32_1=0000 u32_2=0000
						edges[0000] = (0A3A): Edge_6266D8CD flags=0000    u32_0=0000 points=[[-1.35,8.15,0.07],[-1.38509,8.24642,0.07],[-1.47395,8.29772,0.07],[-1.575,8.2799,0.07],[-1.64095,8.2013,0.07],[-1.64095,8.0987,0.07],[-1.575,8.0201,0.07],[-1.47395,8.00228,0.07],[-1.38509,8.05358,0.07],[-1.35,8.15,0.07]] u8_0=00 a2=(1,0,0) a3=(1,0,-0)
					objects[00EC] = (034C): Face flags=52000000    u32_0=0000  u8_0=00 box=(-5.75,7,0.07,-5.45,7.3,0.07) key=1591 u32_1=0000 u32_2=0000
						edges[0000] = (0A3B): Edge_6266D8CD flags=0000    u32_0=0000 points=[[-5.45,7.15,0.07],[-5.48509,7.24642,0.07],[-5.57395,7.29772,0.07],[-5.675,7.2799,0.07],[-5.74095,7.2013,0.07],[-5.74095,7.0987,0.07],[-5.675,7.0201,0.07],[-5.57395,7.00228,0.07],[-5.48509,7.05358,0.07],[-5.45,7.15,0.07]] u8_0=00 a2=(1,0,0) a3=(1,0,-0)
					objects[00ED] = (034D): Face flags=52000000    u32_0=0000  u8_0=00 box=(-8.25,6.7,0.07,-7.95,7,0.07) key=1592 u32_1=0000 u32_2=0000
						edges[0000] = (0A3C): Edge_6266D8CD flags=0000    u32_0=0000 points=[[-7.95,6.85,0.07],[-7.98509,6.94642,0.07],[-8.07395,6.99772,0.07],[-8.175,6.9799,0.07],[-8.24095,6.9013,0.07],[-8.24095,6.7987,0.07],[-8.175,6.7201,0.07],[-8.07395,6.70228,0.07],[-7.98509,6.75358,0.07],[-7.95,6.85,0.07]] u8_0=00 a2=(1,0,0) a3=(1,0,-0)
					objects[00EE] = (034E): Face flags=54000000    u32_0=0000  u8_0=00 box=(-7.89926,6.82704,0.189126,-7.80074,7.07296,0.220133) key=1593 u32_1=0000 u32_2=0000
						edges[0000] = (0A3D): Edge_6266D8CD flags=0000    u32_0=0000 points=[[-7.80087,6.82717,0.22],[-7.85,6.95,0.189258],[-7.89913,7.07283,0.22]] u8_0=00 a2=(0.149846,-0.374616,-0.914991) a3=(-0.149846,0.374616,-0.914991)
					objects[00EF] = (034F): Face flags=52000000    u32_0=0000  u8_0=00 box=(-7.75,6.9,0.07,-7.45,7.2,0.07) key=1594 u32_1=0000 u32_2=0000
						edges[0000] = (0A3E): Edge_6266D8CD flags=0000    u32_0=0000 points=[[-7.45,7.05,0.07],[-7.48509,7.14642,0.07],[-7.57395,7.19772,0.07],[-7.675,7.1799,0.07],[-7.74095,7.1013,0.07],[-7.74095,6.9987,0.07],[-7.675,6.9201,0.07],[-7.57395,6.90228,0.07],[-7.48509,6.95358,0.07],[-7.45,7.05,0.07]] u8_0=00 a2=(1,0,0) a3=(1,0,-0)
					objects[00F0] = (0350): Face flags=52000000    u32_0=0000  u8_0=00 box=(-5.75,9,0.07,-5.45,9.3,0.07) key=1595 u32_1=0000 u32_2=0000
						edges[0000] = (0A3F): Edge_6266D8CD flags=0000    u32_0=0000 points=[[-5.45,9.15,0.07],[-5.48509,9.24642,0.07],[-5.57395,9.29772,0.07],[-5.675,9.2799,0.07],[-5.74095,9.2013,0.07],[-5.74095,9.0987,0.07],[-5.675,9.0201,0.07],[-5.57395,9.00228,0.07],[-5.48509,9.05358,0.07],[-5.45,9.15,0.07]] u8_0=00 a2=(1,0,0) a3=(1,0,-0)
					objects[00F1] = (0351): Face flags=52000000    u32_0=0000  u8_0=00 box=(-7.75,9.1,0.07,-7.45,9.4,0.07) key=1596 u32_1=0000 u32_2=0000
						edges[0000] = (0A40): Edge_6266D8CD flags=0000    u32_0=0000 points=[[-7.45,9.25,0.07],[-7.48509,9.34642,0.07],[-7.57395,9.39772,0.07],[-7.675,9.3799,0.07],[-7.74095,9.3013,0.07],[-7.74095,9.1987,0.07],[-7.675,9.1201,0.07],[-7.57395,9.10228,0.07],[-7.48509,9.15358,0.07],[-7.45,9.25,0.07]] u8_0=00 a2=(1,0,0) a3=(1,0,-0)
					objects[00F2] = (0352): Face flags=54000000    u32_0=0000  u8_0=00 box=(-7.89926,9.22704,0.189126,-7.80074,9.47296,0.220133) key=1597 u32_1=0000 u32_2=0000
						edges[0000] = (0A41): Edge_6266D8CD flags=0000    u32_0=0000 points=[[-7.80087,9.47283,0.22],[-7.85,9.35,0.189258],[-7.89913,9.22717,0.22]] u8_0=00 a2=(0.149846,0.374616,-0.914991) a3=(-0.149846,-0.374616,-0.914991)
					objects[00F3] = (0353): Face flags=52000000    u32_0=0000  u8_0=00 box=(-8.25,9.3,0.07,-7.95,9.6,0.07) key=1598 u32_1=0000 u32_2=0000
						edges[0000] = (0A42): Edge_6266D8CD flags=0000    u32_0=0000 points=[[-7.95,9.45,0.07],[-7.98509,9.54642,0.07],[-8.07395,9.59772,0.07],[-8.175,9.5799,0.07],[-8.24095,9.5013,0.07],[-8.24095,9.3987,0.07],[-8.175,9.3201,0.07],[-8.07395,9.30228,0.07],[-7.98509,9.35358,0.07],[-7.95,9.45,0.07]] u8_0=00 a2=(1,0,0) a3=(1,0,-0)
					objects[00F4] = (0354): Face flags=52000000    u32_0=0000  u8_0=00 box=(-23.9,4.8,0.07,-23.6,5.1,0.07) key=1599 u32_1=0000 u32_2=0000
						edges[0000] = (0A43): Edge_6266D8CD flags=0000    u32_0=0000 points=[[-23.6,4.95,0.07],[-23.6351,5.04642,0.07],[-23.724,5.09772,0.07],[-23.825,5.0799,0.07],[-23.891,5.0013,0.07],[-23.891,4.8987,0.07],[-23.825,4.8201,0.07],[-23.724,4.80228,0.07],[-23.6351,4.85358,0.07],[-23.6,4.95,0.07]] u8_0=00 a2=(1,0,0) a3=(1,0,-0)
					objects[00F5] = (0355): Face flags=52000000    u32_0=0000  u8_0=00 box=(-21.25,6.05,0.07,-20.95,6.35,0.07) key=159A u32_1=0000 u32_2=0000
						edges[0000] = (0A44): Edge_6266D8CD flags=0000    u32_0=0000 points=[[-20.95,6.2,0.07],[-20.9851,6.29642,0.07],[-21.074,6.34772,0.07],[-21.175,6.3299,0.07],[-21.241,6.2513,0.07],[-21.241,6.1487,0.07],[-21.175,6.0701,0.07],[-21.074,6.05228,0.07],[-20.9851,6.10358,0.07],[-20.95,6.2,0.07]] u8_0=00 a2=(1,0,0) a3=(1,0,-0)
					objects[00F6] = (0356): Face flags=52000000    u32_0=0000  u8_0=00 box=(-22.95,6.05,0.07,-22.65,6.35,0.07) key=159B u32_1=0000 u32_2=0000
						edges[0000] = (0A45): Edge_6266D8CD flags=0000    u32_0=0000 points=[[-22.65,6.2,0.07],[-22.6851,6.29642,0.07],[-22.774,6.34772,0.07],[-22.875,6.3299,0.07],[-22.941,6.2513,0.07],[-22.941,6.1487,0.07],[-22.875,6.0701,0.07],[-22.774,6.05228,0.07],[-22.6851,6.10358,0.07],[-22.65,6.2,0.07]] u8_0=00 a2=(1,0,0) a3=(1,0,-0)
					objects[00F7] = (0357): Face flags=52000000    u32_0=0000  u8_0=00 box=(-23.9,8,0.07,-23.6,8.3,0.07) key=159C u32_1=0000 u32_2=0000
						edges[0000] = (0A46): Edge_6266D8CD flags=0000    u32_0=0000 points=[[-23.6,8.15,0.07],[-23.6351,8.24642,0.07],[-23.724,8.29772,0.07],[-23.825,8.2799,0.07],[-23.891,8.2013,0.07],[-23.891,8.0987,0.07],[-23.825,8.0201,0.07],[-23.724,8.00228,0.07],[-23.6351,8.05358,0.07],[-23.6,8.15,0.07]] u8_0=00 a2=(1,0,0) a3=(1,0,-0)
					objects[00F8] = (0358): Face flags=52000000    u32_0=0000  u8_0=00 box=(-21.25,9.95,0.07,-20.95,10.25,0.07) key=159D u32_1=0000 u32_2=0000
						edges[0000] = (0A47): Edge_6266D8CD flags=0000    u32_0=0000 points=[[-20.95,10.1,0.07],[-20.9851,10.1964,0.07],[-21.074,10.2477,0.07],[-21.175,10.2299,0.07],[-21.241,10.1513,0.07],[-21.241,10.0487,0.07],[-21.175,9.9701,0.07],[-21.074,9.95228,0.07],[-20.9851,10.0036,0.07],[-20.95,10.1,0.07]] u8_0=00 a2=(1,0,0) a3=(1,0,-0)
					objects[00F9] = (0359): Face flags=52000000    u32_0=0000  u8_0=00 box=(-22.95,9.95,0.07,-22.65,10.25,0.07) key=159E u32_1=0000 u32_2=0000
						edges[0000] = (0A48): Edge_6266D8CD flags=0000    u32_0=0000 points=[[-22.65,10.1,0.07],[-22.6851,10.1964,0.07],[-22.774,10.2477,0.07],[-22.875,10.2299,0.07],[-22.941,10.1513,0.07],[-22.941,10.0487,0.07],[-22.875,9.9701,0.07],[-22.774,9.95228,0.07],[-22.6851,10.0036,0.07],[-22.65,10.1,0.07]] u8_0=00 a2=(1,0,0) a3=(1,0,-0)
					objects[00FA] = (035A): Face flags=52000000    u32_0=0000  u8_0=00 box=(-23.9,11.2,0.07,-23.6,11.5,0.07) key=159F u32_1=0000 u32_2=0000
						edges[0000] = (0A49): Edge_6266D8CD flags=0000    u32_0=0000 points=[[-23.6,11.35,0.07],[-23.6351,11.4464,0.07],[-23.724,11.4977,0.07],[-23.825,11.4799,0.07],[-23.891,11.4013,0.07],[-23.891,11.2987,0.07],[-23.825,11.2201,0.07],[-23.724,11.2023,0.07],[-23.6351,11.2536,0.07],[-23.6,11.35,0.07]] u8_0=00 a2=(1,0,0) a3=(1,0,-0)
					objects[00FB] = (035B): Face flags=51000000    u32_0=0000  u8_0=00 box=(-17.2,7.55,0,-17.2,7.55,0.22) key=0755 u32_1=0000 u32_2=0000
						edges[0000] = (0A4A): Edge_6266D8CD flags=0000    u32_0=0000 points=[[-17.2,7.55,0.22],[-17.2,7.55,0]] u8_0=00 a2=(-1,-0,-0) a3=(-1,-0,-0)
					objects[00FC] = (035C): Face flags=51000000    u32_0=0000  u8_0=00 box=(-17.2,7.25,0,-17.2,7.25,0.22) key=07CB u32_1=0000 u32_2=0000
						edges[0000] = (0A4B): Edge_6266D8CD flags=0000    u32_0=0000 points=[[-17.2,7.25,0.22],[-17.2,7.25,0]] u8_0=00 a2=(1,-0,0) a3=(1,-0,0)
					objects[00FD] = (035D): Face flags=51000000    u32_0=0000  u8_0=00 box=(-9.2,7.25,0,-9.2,7.25,0.22) key=074C u32_1=0000 u32_2=0000
						edges[0000] = (0A4C): Edge_6266D8CD flags=0000    u32_0=0000 points=[[-9.2,7.25,0.22],[-9.2,7.25,0]] u8_0=00 a2=(1,-0,0) a3=(1,-0,0)
					objects[00FE] = (035E): Face flags=51000000    u32_0=0000  u8_0=00 box=(-9.2,7.55,0,-9.2,7.55,0.22) key=074E u32_1=0000 u32_2=0000
						edges[0000] = (0A4D): Edge_6266D8CD flags=0000    u32_0=0000 points=[[-9.2,7.55,0.22],[-9.2,7.55,0]] u8_0=00 a2=(-1,-0,-0) a3=(-1,-0,-0)
					objects[00FF] = (035F): Face flags=51000000    u32_0=0000  u8_0=00 box=(-10.75,5.35,0,-10.75,5.35,0.22) key=075C u32_1=0000 u32_2=0000
						edges[0000] = (0A4E): Edge_6266D8CD flags=0000    u32_0=0000 points=[[-10.75,5.35,0.22],[-10.75,5.35,0]] u8_0=00 a2=(0,1,0) a3=(0,1,0)
					objects[0100] = (0360): Face flags=51000000    u32_0=0000  u8_0=00 box=(-11.05,5.35,0,-11.05,5.35,0.22) key=07C6 u32_1=0000 u32_2=0000
						edges[0000] = (0A4F): Edge_6266D8CD flags=0000    u32_0=0000 points=[[-11.05,5.35,0.22],[-11.05,5.35,0]] u8_0=00 a2=(0,-1,0) a3=(0,-1,0)
					objects[0101] = (0361): Face flags=51000000    u32_0=0000  u8_0=00 box=(-11.05,1.35,0,-11.05,1.35,0.22) key=0750 u32_1=0000 u32_2=0000
						edges[0000] = (0A50): Edge_6266D8CD flags=0000    u32_0=0000 points=[[-11.05,1.35,0.22],[-11.05,1.35,0]] u8_0=00 a2=(0,-1,0) a3=(0,-1,0)
					objects[0102] = (0362): Face flags=51000000    u32_0=0000  u8_0=00 box=(-10.75,1.35,0,-10.75,1.35,0.22) key=0752 u32_1=0000 u32_2=0000
						edges[0000] = (0A51): Edge_6266D8CD flags=0000    u32_0=0000 points=[[-10.75,1.35,0.22],[-10.75,1.35,0]] u8_0=00 a2=(0,1,0) a3=(0,1,0)
					objects[0103] = (0363): Face flags=51000000    u32_0=0000  u8_0=00 box=(-10.75,14.95,0,-10.75,14.95,0.22) key=0763 u32_1=0000 u32_2=0000
						edges[0000] = (0A52): Edge_6266D8CD flags=0000    u32_0=0000 points=[[-10.75,14.95,0.22],[-10.75,14.95,0]] u8_0=00 a2=(0,1,0) a3=(0,1,0)
					objects[0104] = (0364): Face flags=51000000    u32_0=0000  u8_0=00 box=(-11.05,14.95,0,-11.05,14.95,0.22) key=07C1 u32_1=0000 u32_2=0000
						edges[0000] = (0A53): Edge_6266D8CD flags=0000    u32_0=0000 points=[[-11.05,14.95,0.22],[-11.05,14.95,0]] u8_0=00 a2=(0,-1,0) a3=(0,-1,0)
					objects[0105] = (0365): Face flags=51000000    u32_0=0000  u8_0=00 box=(-11.05,10.95,0,-11.05,10.95,0.22) key=0757 u32_1=0000 u32_2=0000
						edges[0000] = (0A54): Edge_6266D8CD flags=0000    u32_0=0000 points=[[-11.05,10.95,0.22],[-11.05,10.95,0]] u8_0=00 a2=(0,-1,0) a3=(0,-1,0)
					objects[0106] = (0366): Face flags=51000000    u32_0=0000  u8_0=00 box=(-10.75,10.95,0,-10.75,10.95,0.22) key=0759 u32_1=0000 u32_2=0000
						edges[0000] = (0A55): Edge_6266D8CD flags=0000    u32_0=0000 points=[[-10.75,10.95,0.22],[-10.75,10.95,0]] u8_0=00 a2=(0,1,0) a3=(0,1,0)
					objects[0107] = (0367): Face flags=51000000    u32_0=0000  u8_0=00 box=(-14.15,5.35,0,-14.15,5.35,0.22) key=076A u32_1=0000 u32_2=0000
						edges[0000] = (0A56): Edge_6266D8CD flags=0000    u32_0=0000 points=[[-14.15,5.35,0.22],[-14.15,5.35,0]] u8_0=00 a2=(0,1,0) a3=(0,1,0)
					objects[0108] = (0368): Face flags=51000000    u32_0=0000  u8_0=00 box=(-14.45,5.35,0,-14.45,5.35,0.22) key=07BC u32_1=0000 u32_2=0000
						edges[0000] = (0A57): Edge_6266D8CD flags=0000    u32_0=0000 points=[[-14.45,5.35,0.22],[-14.45,5.35,0]] u8_0=00 a2=(0,-1,0) a3=(0,-1,0)
					objects[0109] = (0369): Face flags=51000000    u32_0=0000  u8_0=00 box=(-14.45,2.35,0,-14.45,2.35,0.22) key=075E u32_1=0000 u32_2=0000
						edges[0000] = (0A58): Edge_6266D8CD flags=0000    u32_0=0000 points=[[-14.45,2.35,0.22],[-14.45,2.35,0]] u8_0=00 a2=(0,-1,0) a3=(0,-1,0)
					objects[010A] = (036A): Face flags=51000000    u32_0=0000  u8_0=00 box=(-14.15,2.35,0,-14.15,2.35,0.22) key=0760 u32_1=0000 u32_2=0000
						edges[0000] = (0A59): Edge_6266D8CD flags=0000    u32_0=0000 points=[[-14.15,2.35,0.22],[-14.15,2.35,0]] u8_0=00 a2=(0,1,0) a3=(0,1,0)
					objects[010B] = (036B): Face flags=51000000    u32_0=0000  u8_0=00 box=(-14.15,13.95,0,-14.15,13.95,0.22) key=0771 u32_1=0000 u32_2=0000
						edges[0000] = (0A5A): Edge_6266D8CD flags=0000    u32_0=0000 points=[[-14.15,13.95,0.22],[-14.15,13.95,0]] u8_0=00 a2=(0,1,0) a3=(0,1,0)
					objects[010C] = (036C): Face flags=51000000    u32_0=0000  u8_0=00 box=(-14.45,13.95,0,-14.45,13.95,0.22) key=07B7 u32_1=0000 u32_2=0000
						edges[0000] = (0A5B): Edge_6266D8CD flags=0000    u32_0=0000 points=[[-14.45,13.95,0.22],[-14.45,13.95,0]] u8_0=00 a2=(0,-1,0) a3=(0,-1,0)
					objects[010D] = (036D): Face flags=51000000    u32_0=0000  u8_0=00 box=(-14.45,10.95,0,-14.45,10.95,0.22) key=0765 u32_1=0000 u32_2=0000
						edges[0000] = (0A5C): Edge_6266D8CD flags=0000    u32_0=0000 points=[[-14.45,10.95,0.22],[-14.45,10.95,0]] u8_0=00 a2=(0,-1,0) a3=(0,-1,0)
					objects[010E] = (036E): Face flags=51000000    u32_0=0000  u8_0=00 box=(-14.15,10.95,0,-14.15,10.95,0.22) key=0767 u32_1=0000 u32_2=0000
						edges[0000] = (0A5D): Edge_6266D8CD flags=0000    u32_0=0000 points=[[-14.15,10.95,0.22],[-14.15,10.95,0]] u8_0=00 a2=(0,1,0) a3=(0,1,0)
					objects[010F] = (036F): Face flags=51000000    u32_0=0000  u8_0=00 box=(-12.45,13.95,0,-12.45,13.95,0.22) key=0778 u32_1=0000 u32_2=0000
						edges[0000] = (0A5E): Edge_6266D8CD flags=0000    u32_0=0000 points=[[-12.45,13.95,0.22],[-12.45,13.95,0]] u8_0=00 a2=(0,1,0) a3=(0,1,0)
					objects[0110] = (0370): Face flags=51000000    u32_0=0000  u8_0=00 box=(-12.75,13.95,0,-12.75,13.95,0.22) key=07B2 u32_1=0000 u32_2=0000
						edges[0000] = (0A5F): Edge_6266D8CD flags=0000    u32_0=0000 points=[[-12.75,13.95,0.22],[-12.75,13.95,0]] u8_0=00 a2=(0,-1,0) a3=(0,-1,0)
					objects[0111] = (0371): Face flags=51000000    u32_0=0000  u8_0=00 box=(-12.75,10.95,0,-12.75,10.95,0.22) key=076C u32_1=0000 u32_2=0000
						edges[0000] = (0A60): Edge_6266D8CD flags=0000    u32_0=0000 points=[[-12.75,10.95,0.22],[-12.75,10.95,0]] u8_0=00 a2=(0,-1,0) a3=(0,-1,0)
					objects[0112] = (0372): Face flags=51000000    u32_0=0000  u8_0=00 box=(-12.45,10.95,0,-12.45,10.95,0.22) key=076E u32_1=0000 u32_2=0000
						edges[0000] = (0A61): Edge_6266D8CD flags=0000    u32_0=0000 points=[[-12.45,10.95,0.22],[-12.45,10.95,0]] u8_0=00 a2=(0,1,0) a3=(0,1,0)
					objects[0113] = (0373): Face flags=51000000    u32_0=0000  u8_0=00 box=(-12.45,5.35,0,-12.45,5.35,0.22) key=077F u32_1=0000 u32_2=0000
						edges[0000] = (0A62): Edge_6266D8CD flags=0000    u32_0=0000 points=[[-12.45,5.35,0.22],[-12.45,5.35,0]] u8_0=00 a2=(0,1,0) a3=(0,1,0)
					objects[0114] = (0374): Face flags=51000000    u32_0=0000  u8_0=00 box=(-12.75,5.35,0,-12.75,5.35,0.22) key=07AD u32_1=0000 u32_2=0000
						edges[0000] = (0A63): Edge_6266D8CD flags=0000    u32_0=0000 points=[[-12.75,5.35,0.22],[-12.75,5.35,0]] u8_0=00 a2=(0,-1,0) a3=(0,-1,0)
					objects[0115] = (0375): Face flags=51000000    u32_0=0000  u8_0=00 box=(-12.75,2.35,0,-12.75,2.35,0.22) key=0773 u32_1=0000 u32_2=0000
						edges[0000] = (0A64): Edge_6266D8CD flags=0000    u32_0=0000 points=[[-12.75,2.35,0.22],[-12.75,2.35,0]] u8_0=00 a2=(0,-1,0) a3=(0,-1,0)
					objects[0116] = (0376): Face flags=51000000    u32_0=0000  u8_0=00 box=(-12.45,2.35,0,-12.45,2.35,0.22) key=0775 u32_1=0000 u32_2=0000
						edges[0000] = (0A65): Edge_6266D8CD flags=0000    u32_0=0000 points=[[-12.45,2.35,0.22],[-12.45,2.35,0]] u8_0=00 a2=(0,1,0) a3=(0,1,0)
					objects[0117] = (0377): Face flags=51000000    u32_0=0000  u8_0=00 box=(-9.05,14.95,0,-9.05,14.95,0.22) key=0786 u32_1=0000 u32_2=0000
						edges[0000] = (0A66): Edge_6266D8CD flags=0000    u32_0=0000 points=[[-9.05,14.95,0.22],[-9.05,14.95,0]] u8_0=00 a2=(0,1,0) a3=(0,1,0)
					objects[0118] = (0378): Face flags=51000000    u32_0=0000  u8_0=00 box=(-9.35,14.95,0,-9.35,14.95,0.22) key=07A8 u32_1=0000 u32_2=0000
						edges[0000] = (0A67): Edge_6266D8CD flags=0000    u32_0=0000 points=[[-9.35,14.95,0.22],[-9.35,14.95,0]] u8_0=00 a2=(0,-1,0) a3=(0,-1,0)
					objects[0119] = (0379): Face flags=51000000    u32_0=0000  u8_0=00 box=(-9.35,10.95,0,-9.35,10.95,0.22) key=077A u32_1=0000 u32_2=0000
						edges[0000] = (0A68): Edge_6266D8CD flags=0000    u32_0=0000 points=[[-9.35,10.95,0.22],[-9.35,10.95,0]] u8_0=00 a2=(0,-1,0) a3=(0,-1,0)
					objects[011A] = (037A): Face flags=51000000    u32_0=0000  u8_0=00 box=(-9.05,10.95,0,-9.05,10.95,0.22) key=077C u32_1=0000 u32_2=0000
						edges[0000] = (0A69): Edge_6266D8CD flags=0000    u32_0=0000 points=[[-9.05,10.95,0.22],[-9.05,10.95,0]] u8_0=00 a2=(0,1,0) a3=(0,1,0)
					objects[011B] = (037B): Face flags=51000000    u32_0=0000  u8_0=00 box=(-9.05,5.35,0,-9.05,5.35,0.22) key=078D u32_1=0000 u32_2=0000
						edges[0000] = (0A6A): Edge_6266D8CD flags=0000    u32_0=0000 points=[[-9.05,5.35,0.22],[-9.05,5.35,0]] u8_0=00 a2=(0,1,0) a3=(0,1,0)
					objects[011C] = (037C): Face flags=51000000    u32_0=0000  u8_0=00 box=(-9.35,5.35,0,-9.35,5.35,0.22) key=07A3 u32_1=0000 u32_2=0000
						edges[0000] = (0A6B): Edge_6266D8CD flags=0000    u32_0=0000 points=[[-9.35,5.35,0.22],[-9.35,5.35,0]] u8_0=00 a2=(0,-1,0) a3=(0,-1,0)
					objects[011D] = (037D): Face flags=51000000    u32_0=0000  u8_0=00 box=(-9.35,1.35,0,-9.35,1.35,0.22) key=0781 u32_1=0000 u32_2=0000
						edges[0000] = (0A6C): Edge_6266D8CD flags=0000    u32_0=0000 points=[[-9.35,1.35,0.22],[-9.35,1.35,0]] u8_0=00 a2=(0,-1,0) a3=(0,-1,0)
					objects[011E] = (037E): Face flags=51000000    u32_0=0000  u8_0=00 box=(-9.05,1.35,0,-9.05,1.35,0.22) key=0783 u32_1=0000 u32_2=0000
						edges[0000] = (0A6D): Edge_6266D8CD flags=0000    u32_0=0000 points=[[-9.05,1.35,0.22],[-9.05,1.35,0]] u8_0=00 a2=(0,1,0) a3=(0,1,0)
					objects[011F] = (037F): Face flags=51000000    u32_0=0000  u8_0=00 box=(-9.2,8.75,0,-9.2,8.75,0.22) key=0794 u32_1=0000 u32_2=0000
						edges[0000] = (0A6E): Edge_6266D8CD flags=0000    u32_0=0000 points=[[-9.2,8.75,0.22],[-9.2,8.75,0]] u8_0=00 a2=(1,-0,0) a3=(1,-0,0)
					objects[0120] = (0380): Face flags=51000000    u32_0=0000  u8_0=00 box=(-9.2,9.05,0,-9.2,9.05,0.22) key=079E u32_1=0000 u32_2=0000
						edges[0000] = (0A6F): Edge_6266D8CD flags=0000    u32_0=0000 points=[[-9.2,9.05,0.22],[-9.2,9.05,0]] u8_0=00 a2=(-1,-0,-0) a3=(-1,-0,-0)
					objects[0121] = (0381): Face flags=51000000    u32_0=0000  u8_0=00 box=(-17.2,9.05,0,-17.2,9.05,0.22) key=0788 u32_1=0000 u32_2=0000
						edges[0000] = (0A70): Edge_6266D8CD flags=0000    u32_0=0000 points=[[-17.2,9.05,0.22],[-17.2,9.05,0]] u8_0=00 a2=(-1,-0,-0) a3=(-1,-0,-0)
					objects[0122] = (0382): Face flags=51000000    u32_0=0000  u8_0=00 box=(-17.2,8.75,0,-17.2,8.75,0.22) key=078A u32_1=0000 u32_2=0000
						edges[0000] = (0A71): Edge_6266D8CD flags=0000    u32_0=0000 points=[[-17.2,8.75,0.22],[-17.2,8.75,0]] u8_0=00 a2=(1,-0,0) a3=(1,-0,0)
					objects[0123] = (0383): Face flags=51000000    u32_0=0000  u8_0=00 box=(-24.2,12.15,0,-24.2,12.15,0.22) key=013E u32_1=0000 u32_2=0000
						edges[0000] = (0A72): Edge_6266D8CD flags=0000    u32_0=0000 points=[[-24.2,12.15,0.22],[-24.2,12.15,0]] u8_0=00 a2=(1,-0,0) a3=(1,-0,0)
					objects[0124] = (0384): Face flags=51000000    u32_0=0000  u8_0=00 box=(-2.22045e-16,3.3,0,0,3.3,0.22) key=0141 u32_1=0000 u32_2=0000
						edges[0000] = (0A73): Edge_6266D8CD flags=0000    u32_0=0000 points=[[0,3.3,0.22],[0,3.3,0]] u8_0=00 a2=(-1,0,0) a3=(-1,0,0)
				objects[0002] = (0030): 3dObject flags=30000000    u32_0=0000 
					styles = (0385): ObjctStyles
			*shell = (002E): 3dObject
			*wire = (002F): 3dObject
			*ref4 = (0030): 3dObject
			ref5 = (0031): 5194E9A2 flags=0000    u32_0=0000  u8_0=00 a0=Vector (0.0, 0.0, 0.0) a1=Vector (0.0, 0.0, 0.0)
				*styles = (01DA): ObjctStyles
			ref6 = (0032): 5194E9A2 flags=0000    u32_0=0000  u8_0=00 a0=Vector (0.0, 0.0, 0.0) a1=Vector (0.0, 0.0, 0.0)
				*styles = (025F): ObjctStyles
			ref7 = (0033): 6A6931DCu32_0=0009 edges=[Circle:(-128.923,40,2.2), (0,0,-1), (0,10,0), 40, -3.14159, -1.88424,Line:(-166.974,27.6667,2.2)-(-166.974,27.6667,0),Circle:(-128.923,40,0), (0,-0,1), (0,10,0), 40, 1.88424, 3.14159,Line:(-128.923,0,0)-(-128.923,0,2.2),Line:(-128.923,0,0)-(-59.3827,0,0),Line:(-59.3827,0,2.2)-(-59.3827,0,0),Line:(-128.923,0,2.2)-(-59.3827,0,2.2),Circle:(-76,70.5,0), (0,0,1), (-10,0,0), 1.5, -3.14159, 3.14159,Circle:(-76,92.5,0), (0,0,1), (-10,0,0), 1.5, -3.14159, 3.14159,Circle:(-191,48.5,0), (0,0,1), (-10,0,0), 2, -3.14159, 3.14159,Circle:(-191,114.5,0), (0,0,1), (-10,0,0), 2, -3.14159, 3.14159,Circle:(-56,71.5,0), (0,0,1), (-10,0,0), 1.5, -3.14159, 3.14159,Circle:(-24,36.5,0), (0,0,1), (-10,0,0), 1.5, -3.14159, 3.14159,Circle:(-61.5,23,0), (0,0,1), (-10,0,0), 1.5, -3.14159, 3.14159,Circle:(-67,8,0), (0,0,1), (-10,0,0), 1.5, -3.14159, 3.14159,Circle:(-211,62,0), (0,0,1), (-10,0,0), 1.5, -3.14159, 3.14159,Circle:(-237.5,49.5,0), (0,0,1), (-10,0,0), 1.5, -3.14159, 3.14159,Circle:(-237.5,113.5,0), (0,0,1), (-10,0,0), 1.5, -3.14159, 3.14159,Circle:(-228,101,0), (0,0,1), (-10,0,0), 1.5, -3.14159, 3.14159,Circle:(-61.5,140,0), (0,0,1), (-10,0,0), 1.5, -3.14159, 3.14159,Circle:(-78.5,155,0), (0,0,1), (-10,0,0), 1.5, -3.14159, 3.14159,Circle:(-47,126.5,0), (0,0,1), (-10,0,0), 1.5, -3.14159, 3.14159,Circle:(-13,126.5,0), (0,0,1), (-10,0,0), 1.5, -3.14159, 3.14159,Circle:(-15,81.5,0), (0,0,1), (-10,0,0), 1.5, -3.14159, 3.14159,Circle:(-8,81.5,0), (0,0,1), (-10,0,0), 1.5, -3.14159, 3.14159,Circle:(-24,126.5,0), (0,0,1), (-10,0,0), 1.5, -3.14159, 3.14159,Circle:(-67,155,0), (0,0,1), (-10,0,0), 1.5, -3.14159, 3.14159,Circle:(-73,140,0), (0,0,1), (-10,0,0), 1.5, -3.14159, 3.14159,Circle:(-56,91.5,0), (0,0,1), (-10,0,0), 1.5, -3.14159, 3.14159,Circle:(-211,101,0), (0,0,1), (-10,0,0), 1.5, -3.14159, 3.14159,Circle:(-237.5,81.5,0), (0,0,1), (-10,0,0), 1.5, -3.14159, 3.14159,Circle:(-228,62,0), (0,0,1), (-10,0,0), 1.5, -3.14159, 3.14159,Circle:(-78.5,8,0), (0,0,1), (-10,0,0), 1.5, -3.14159, 3.14159,Circle:(-73,23,0), (0,0,1), (-10,0,0), 1.5, -3.14159, 3.14159,Circle:(-47,36.5,0), (0,0,1), (-10,0,0), 1.5, -3.14159, 3.14159,Circle:(-13,36.5,0), (0,0,1), (-10,0,0), 1.5, -3.14159, 3.14159,Circle:(-218.5,114.5,0), (0,0,1), (-10,0,0), 2, -3.14159, 3.14159,Circle:(-218.5,48.5,0), (0,0,1), (-10,0,0), 2, -3.14159, 3.14159,Circle:(-81,94.5,0), (0,0,1), (-10,0,0), 1.5, -3.14159, 3.14159,Circle:(-81,68.5,0), (0,0,1), (-10,0,0), 1.5, -3.14159, 3.14159,Circle:(-92,74,0), (0,0,1), (0,-10,0), 1.5, 0, 3.14159,Line:(-92,75.5,0)-(-172,75.5,0),Circle:(-172,74,0), (0,-0,1), (0,10,0), 1.5, 0, 3.14159,Line:(-172,72.5,0)-(-92,72.5,0),Circle:(-109,13.5,0), (0,0,1), (-10,0,0), 1.5, 0, 3.14159,Line:(-107.5,13.5,0)-(-107.5,53.5,0),Circle:(-109,53.5,0), (0,0,1), (10,0,0), 1.5, 0, 3.14159,Line:(-110.5,53.5,0)-(-110.5,13.5,0),Circle:(-109,109.5,0), (0,0,1), (-10,0,0), 1.5, 0, 3.14159,Line:(-107.5,109.5,0)-(-107.5,149.5,0),Circle:(-109,149.5,0), (0,0,1), (10,0,0), 1.5, 0, 3.14159,Line:(-110.5,149.5,0)-(-110.5,109.5,0),Circle:(-143,23.5,0), (0,0,1), (-10,0,0), 1.5, 0, 3.14159,Line:(-141.5,23.5,0)-(-141.5,53.5,0),Circle:(-143,53.5,0), (0,0,1), (10,0,0), 1.5, 0, 3.14159,Line:(-144.5,53.5,0)-(-144.5,23.5,0),Circle:(-143,109.5,0), (0,0,1), (-10,0,0), 1.5, 0, 3.14159,Line:(-141.5,109.5,0)-(-141.5,139.5,0),Circle:(-143,139.5,0), (0,0,1), (10,0,0), 1.5, 0, 3.14159,Line:(-144.5,139.5,0)-(-144.5,109.5,0),Circle:(-126,109.5,0), (0,0,1), (-10,0,0), 1.5, 0, 3.14159,Line:(-124.5,109.5,0)-(-124.5,139.5,0),Circle:(-126,139.5,0), (0,0,1), (10,0,0), 1.5, 0, 3.14159,Line:(-127.5,139.5,0)-(-127.5,109.5,0),Circle:(-126,23.5,0), (0,0,1), (-10,0,0), 1.5, 0, 3.14159,Line:(-124.5,23.5,0)-(-124.5,53.5,0),Circle:(-126,53.5,0), (0,0,1), (10,0,0), 1.5, 0, 3.14159,Line:(-127.5,53.5,0)-(-127.5,23.5,0),Circle:(-92,109.5,0), (0,0,1), (-10,1.18424e-13,0), 1.5, 0, 3.14159,Line:(-90.5,109.5,0)-(-90.5,149.5,0),Circle:(-92,149.5,0), (0,0,1), (10,0,0), 1.5, 0, 3.14159,Line:(-93.5,149.5,0)-(-93.5,109.5,0),Circle:(-92,13.5,0), (0,0,1), (-10,0,0), 1.5, 0, 3.14159,Line:(-90.5,13.5,0)-(-90.5,53.5,0),Circle:(-92,53.5,0), (0,0,1), (10,0,0), 1.5, 0, 3.14159,Line:(-93.5,53.5,0)-(-93.5,13.5,0),Circle:(-172,89,0), (0,0,1), (-0,-10,0), 1.5, -3.14159, 0,Line:(-172,87.5,0)-(-92,87.5,0),Circle:(-92,89,0), (0,-0,1), (0,10,0), 1.5, -3.14159, 0,Line:(-92,90.5,0)-(-172,90.5,0),Line:(-43,114.5,0)-(-43,48.5,0),Circle:(-38,48.5,0), (-0,0,-1), (-7.07107,-7.07107,0), 5, -0.785398, 0.785398,Line:(-38,43.5,0)-(-25,43.5,0),Circle:(-25,48.5,0), (0,-0,-1), (7.07107,-7.07107,0), 5, -0.785398, 0.785398,Line:(-20,48.5,0)-(-20,114.5,0),Circle:(-25,114.5,0), (0,0,-1), (7.07107,7.07107,0), 5, -0.785398, 0.785398,Line:(-25,119.5,0)-(-38,119.5,0),Circle:(-38,114.5,0), (-0,0,-1), (-7.07107,7.07107,0), 5, -0.785398, 0.785398,Circle:(-186,21.5,0), (0,0,-1), (7.07107,7.07107,0), 20, -0.785398, 0.471958,Line:(-186,41.5,0)-(-242,41.5,0),Line:(-242,121.5,0)-(-242,41.5,0),Line:(-242,121.5,0)-(-186,121.5,0),Circle:(-186,141.5,0), (0,-0,-1), (7.07107,-7.07107,0), 20, -0.471958, 0.785398,Circle:(-128.923,123,0), (0,0,1), (0,-10,0), 40, -3.14159, -1.88424,Line:(-59.3827,163,0)-(-128.923,163,0),Circle:(-59.3827,143,0), (0,0,1), (0,-10,0), 20, 1.7467, 3.14159,Circle:(-20,150,0), (-0,0,-1), (-7.07107,-7.07107,0), 20, -0.785398, 0.609492,Line:(-20,130,0)-(-7.10543e-15,130,0),Line:(0,33,0)-(-7.9602e-15,130,0),Line:(0,33,0)-(-20,33,0),Circle:(-20,13,0), (-0,0,-1), (-7.07107,7.07107,0), 20, -0.609492, 0.785398,Circle:(-59.3827,20,0), (0,-0,1), (0,10,0), 20, -3.14159, -1.7467,Line:(-166.974,135.333,0)-(-166.974,135.333,2.2),Circle:(-128.923,123,2.2), (-0,-0,-1), (0,-10,0), 40, 1.88424, 3.14159,Line:(-128.923,163,2.2)-(-128.923,163,0),Line:(-186,121.5,0)-(-186,121.5,2.2),Circle:(-186,141.5,2.2), (0,0,1), (7.07107,-7.07107,0), 20, -0.785398, 0.471958,Line:(-39.6914,16.5,0)-(-39.6914,16.5,2.2),Circle:(-59.3827,20,2.2), (0,0,-1), (0,10,0), 20, 1.7467, 3.14159,Line:(-20,33,0)-(-20,33,2.2),Circle:(-20,13,2.2), (0,0,1), (-7.07107,7.07107,0), 20, -0.785398, 0.609492,Circle:(-59.3827,143,2.2), (-0,-0,-1), (0,-10,0), 20, -3.14159, -1.7467,Line:(-39.6914,146.5,2.2)-(-39.6914,146.5,0),Line:(-59.3827,163,0)-(-59.3827,163,2.2),Circle:(-20,150,2.2), (0,0,1), (-7.07107,-7.07107,0), 20, -0.609492, 0.785398,Line:(-20,130,2.2)-(-20,130,0),Circle:(-186,21.5,2.2), (0,-0,1), (7.07107,7.07107,0), 20, -0.471958, 0.785398,Line:(-186,41.5,2.2)-(-186,41.5,0),Line:(-242,41.5,2.2)-(-186,41.5,2.2),Line:(-242,41.5,0)-(-242,41.5,2.2),Line:(0,130,2.2)-(-20,130,2.2),Line:(-7.9602e-15,130,0)-(0,130,2.2),Circle:(-38,48.5,2.2), (0,0,1), (-7.07107,-7.07107,0), 5, -0.785398, 0.785398,Line:(-38,43.5,2.2)-(-38,43.5,0),Line:(-43,48.5,0)-(-43,48.5,2.2),Line:(-25,43.5,2.2)-(-38,43.5,2.2),Line:(-25,43.5,0)-(-25,43.5,2.2),Circle:(-25,48.5,2.2), (0,0,1), (7.07107,-7.07107,0), 5, -0.785398, 0.785398,Line:(-20,48.5,2.2)-(-20,48.5,0),Line:(-20,114.5,2.2)-(-20,48.5,2.2),Line:(-20,114.5,0)-(-20,114.5,2.2),Circle:(-38,114.5,2.2), (0,0,1), (-7.07107,7.07107,0), 5, -0.785398, 0.785398,Line:(-43,114.5,2.2)-(-43,114.5,0),Line:(-38,119.5,0)-(-38,119.5,2.2),Line:(-43,48.5,2.2)-(-43,114.5,2.2),Circle:(-25,114.5,2.2), (0,-0,1), (7.07107,7.07107,0), 5, -0.785398, 0.785398,Line:(-25,119.5,2.2)-(-25,119.5,0),Line:(-38,119.5,2.2)-(-25,119.5,2.2),Circle:(-191,114.5,0.7), (-0,0,-1), (-10,0,0), 2, -3.14159, 3.14159,Circle:(-191,114.5,2.2), (0,0,1), (-10,0,0), 3.5, -3.14159, 3.14159,Line:(-20,33,2.2)-(0,33,2.2),Line:(0,33,2.2)-(0,130,2.2),Line:(-59.3827,163,2.2)-(-128.923,163,2.2),Line:(-186,121.5,2.2)-(-242,121.5,2.2),Line:(-242,121.5,2.2)-(-242,41.5,2.2),Circle:(-218.5,114.5,2.2), (0,0,1), (-10,0,0), 3.5, -3.14159, 3.14159,Circle:(-218.5,48.5,2.2), (0,0,1), (-10,0,0), 3.5, -3.14159, 3.14159,Circle:(-24,36.5,2.2), (0,0,1), (-10,0,0), 3, -3.14159, 3.14159,Circle:(-78.5,8,2.2), (0,0,1), (-10,0,0), 3, -3.14159, 3.14159,Circle:(-61.5,23,2.2), (0,0,1), (-10,0,0), 3, -3.14159, 3.14159,Circle:(-67,155,2.2), (0,0,1), (-10,0,0), 3, -3.14159, 3.14159,Circle:(-73,140,2.2), (0,0,1), (-10,0,0), 3, -3.14159, 3.14159,Circle:(-47,126.5,2.2), (0,0,1), (-10,0,0), 3, -3.14159, 3.14159,Circle:(-13,126.5,2.2), (0,0,1), (-10,0,0), 3, -3.14159, 3.14159,Circle:(-15,81.5,2.2), (0,0,1), (-10,0,0), 3, -3.14159, 3.14159,Circle:(-211,62,2.2), (0,0,1), (-10,0,0), 3, -3.14159, 3.14159,Circle:(-237.5,81.5,2.2), (0,0,1), (-10,0,0), 3, -3.14159, 3.14159,Circle:(-228,101,2.2), (0,0,1), (-10,0,0), 3, -3.14159, 3.14159,Circle:(-172,89,2.2), (-0,0,-1), (-0,-10,0), 1.5, 0, 3.14159,Line:(-172,90.5,2.2)-(-92,90.5,2.2),Circle:(-92,89,2.2), (0,0,-1), (0,10,0), 1.5, 0, 3.14159,Line:(-92,87.5,2.2)-(-172,87.5,2.2),Circle:(-92,13.5,2.2), (-0,0,-1), (-10,0,0), 1.5, -3.14159, 0,Line:(-93.5,13.5,2.2)-(-93.5,53.5,2.2),Circle:(-92,53.5,2.2), (0,0,-1), (10,0,0), 1.5, -3.14159, 0,Line:(-90.5,53.5,2.2)-(-90.5,13.5,2.2),Circle:(-92,109.5,2.2), (-0,0,-1), (-10,1.18424e-13,0), 1.5, -3.14159, 0,Line:(-93.5,109.5,2.2)-(-93.5,149.5,2.2),Circle:(-92,149.5,2.2), (0,0,-1), (10,0,0), 1.5, -3.14159, 0,Line:(-90.5,149.5,2.2)-(-90.5,109.5,2.2),Circle:(-126,23.5,2.2), (-0,0,-1), (-10,0,0), 1.5, -3.14159, 0,Line:(-127.5,23.5,2.2)-(-127.5,53.5,2.2),Circle:(-126,53.5,2.2), (0,0,-1), (10,0,0), 1.5, -3.14159, 0,Line:(-124.5,53.5,2.2)-(-124.5,23.5,2.2),Circle:(-126,109.5,2.2), (-0,0,-1), (-10,0,0), 1.5, -3.14159, 0,Line:(-127.5,109.5,2.2)-(-127.5,139.5,2.2),Circle:(-126,139.5,2.2), (0,0,-1), (10,0,0), 1.5, -3.14159, 0,Line:(-124.5,139.5,2.2)-(-124.5,109.5,2.2),Circle:(-143,109.5,2.2), (-0,0,-1), (-10,0,0), 1.5, -3.14159, 0,Line:(-144.5,109.5,2.2)-(-144.5,139.5,2.2),Circle:(-143,139.5,2.2), (0,0,-1), (10,0,0), 1.5, -3.14159, 0,Line:(-141.5,139.5,2.2)-(-141.5,109.5,2.2),Circle:(-143,23.5,2.2), (-0,0,-1), (-10,0,0), 1.5, -3.14159, 0,Line:(-144.5,23.5,2.2)-(-144.5,53.5,2.2),Circle:(-143,53.5,2.2), (0,0,-1), (10,0,0), 1.5, -3.14159, 0,Line:(-141.5,53.5,2.2)-(-141.5,23.5,2.2),Circle:(-109,109.5,2.2), (-0,0,-1), (-10,0,0), 1.5, -3.14159, 0,Line:(-110.5,109.5,2.2)-(-110.5,149.5,2.2),Circle:(-109,149.5,2.2), (0,0,-1), (10,0,0), 1.5, -3.14159, 0,Line:(-107.5,149.5,2.2)-(-107.5,109.5,2.2),Circle:(-109,13.5,2.2), (-0,0,-1), (-10,0,0), 1.5, -3.14159, 0,Line:(-110.5,13.5,2.2)-(-110.5,53.5,2.2),Circle:(-109,53.5,2.2), (0,0,-1), (10,0,0), 1.5, -3.14159, 0,Line:(-107.5,53.5,2.2)-(-107.5,13.5,2.2),Circle:(-92,74,2.2), (-0,-0,-1), (0,-10,0), 1.5, -3.14159, 0,Line:(-92,72.5,2.2)-(-172,72.5,2.2),Circle:(-172,74,2.2), (0,0,-1), (0,10,0), 1.5, -3.14159, 0,Line:(-172,75.5,2.2)-(-92,75.5,2.2),Circle:(-237.5,113.5,2.2), (0,0,1), (-10,0,0), 3, -3.14159, 3.14159,Circle:(-211,101,2.2), (0,0,1), (-10,0,0), 3, -3.14159, 3.14159,Circle:(-228,62,2.2), (0,0,1), (-10,0,0), 3, -3.14159, 3.14159,Circle:(-237.5,49.5,2.2), (0,0,1), (-10,0,0), 3, -3.14159, 3.14159,Circle:(-76,92.5,2.2), (0,0,1), (-10,0,0), 3, 0.07616, 5.44601,Circle:(-81,94.5,2.2), (0,0,1), (-10,0,0), 3, -3.06543, 2.30442,Circle:(-56,91.5,2.2), (0,0,1), (-10,0,0), 3, -3.14159, 3.14159,Circle:(-81,68.5,2.2), (0,0,1), (-10,0,0), 3, -2.30442, 3.06543,Circle:(-76,70.5,2.2), (0,0,1), (-10,0,0), 3, 0.837173, 6.20703,Circle:(-56,71.5,2.2), (0,0,1), (-10,0,0), 3, -3.14159, 3.14159,Circle:(-8,81.5,2.2), (0,0,1), (-10,0,0), 3, -3.14159, 3.14159,Circle:(-24,126.5,2.2), (0,0,1), (-10,0,0), 3, -3.14159, 3.14159,Circle:(-61.5,140,2.2), (0,0,1), (-10,0,0), 3, -3.14159, 3.14159,Circle:(-78.5,155,2.2), (0,0,1), (-10,0,0), 3, -3.14159, 3.14159,Circle:(-73,23,2.2), (0,0,1), (-10,0,0), 3, -3.14159, 3.14159,Circle:(-67,8,2.2), (0,0,1), (-10,0,0), 3, -3.14159, 3.14159,Circle:(-47,36.5,2.2), (0,0,1), (-10,0,0), 3, -3.14159, 3.14159,Circle:(-13,36.5,2.2), (0,0,1), (-10,0,0), 3, -3.14159, 3.14159,Circle:(-191,48.5,2.2), (0,0,1), (-10,0,0), 3.5, -3.14159, 3.14159,Circle:(-218.5,114.5,0.7), (-0,0,-1), (-10,0,0), 2, -3.14159, 3.14159,Circle:(-191,48.5,0.7), (-0,0,-1), (-10,0,0), 2, -3.14159, 3.14159,Circle:(-218.5,48.5,0.7), (-0,0,-1), (-10,0,0), 2, -3.14159, 3.14159,Circle:(-13,36.5,0.7), (-0,0,-1), (-10,0,0), 1.5, -3.14159, 3.14159,Circle:(-24,36.5,0.7), (-0,0,-1), (-10,0,0), 1.5, -3.14159, 3.14159,Circle:(-47,36.5,0.7), (-0,0,-1), (-10,0,0), 1.5, -3.14159, 3.14159,Circle:(-78.5,8,0.7), (-0,0,-1), (-10,0,0), 1.5, -3.14159, 3.14159,Circle:(-67,8,0.7), (-0,0,-1), (-10,0,0), 1.5, -3.14159, 3.14159,Circle:(-61.5,23,0.7), (-0,0,-1), (-10,0,0), 1.5, -3.14159, 3.14159,Circle:(-73,23,0.7), (-0,0,-1), (-10,0,0), 1.5, -3.14159, 3.14159,Circle:(-67,155,0.7), (-0,0,-1), (-10,0,0), 1.5, -3.14159, 3.14159,Circle:(-78.5,155,0.7), (-0,0,-1), (-10,0,0), 1.5, -3.14159, 3.14159,Circle:(-73,140,0.7), (-0,0,-1), (-10,0,0), 1.5, -3.14159, 3.14159,Circle:(-61.5,140,0.7), (-0,0,-1), (-10,0,0), 1.5, -3.14159, 3.14159,Circle:(-47,126.5,0.7), (-0,0,-1), (-10,0,0), 1.5, -3.14159, 3.14159,Circle:(-24,126.5,0.7), (-0,0,-1), (-10,0,0), 1.5, -3.14159, 3.14159,Circle:(-13,126.5,0.7), (-0,0,-1), (-10,0,0), 1.5, -3.14159, 3.14159,Circle:(-8,81.5,0.7), (-0,0,-1), (-10,0,0), 1.5, -3.14159, 3.14159,Circle:(-15,81.5,0.7), (-0,0,-1), (-10,0,0), 1.5, -3.14159, 3.14159,Circle:(-56,71.5,0.7), (-0,0,-1), (-10,0,0), 1.5, -3.14159, 3.14159,Circle:(-81,68.5,0.7), (-0,0,-1), (-10,0,0), 1.5, -3.14159, 3.14159,Circle:(-76,70.5,0.7), (-0,0,-1), (-10,0,0), 1.5, -3.14159, 3.14159,Circle:(-56,91.5,0.7), (-0,0,-1), (-10,0,0), 1.5, -3.14159, 3.14159,Circle:(-76,92.5,0.7), (-0,0,-1), (-10,0,0), 1.5, -3.14159, 3.14159,Circle:(-81,94.5,0.7), (-0,0,-1), (-10,0,0), 1.5, -3.14159, 3.14159,Circle:(-237.5,49.5,0.7), (-0,0,-1), (-10,0,0), 1.5, -3.14159, 3.14159,Circle:(-211,62,0.7), (-0,0,-1), (-10,0,0), 1.5, -3.14159, 3.14159,Circle:(-228,62,0.7), (-0,0,-1), (-10,0,0), 1.5, -3.14159, 3.14159,Circle:(-237.5,81.5,0.7), (-0,0,-1), (-10,0,0), 1.5, -3.14159, 3.14159,Circle:(-211,101,0.7), (-0,0,-1), (-10,0,0), 1.5, -3.14159, 3.14159,Circle:(-228,101,0.7), (-0,0,-1), (-10,0,0), 1.5, -3.14159, 3.14159,Circle:(-237.5,113.5,0.7), (-0,0,-1), (-10,0,0), 1.5, -3.14159, 3.14159,Line:(-172,75.5,2.2)-(-172,75.5,0),Line:(-172,72.5,2.2)-(-172,72.5,0),Line:(-92,72.5,2.2)-(-92,72.5,0),Line:(-92,75.5,2.2)-(-92,75.5,0),Line:(-107.5,53.5,2.2)-(-107.5,53.5,0),Line:(-110.5,53.5,2.2)-(-110.5,53.5,0),Line:(-110.5,13.5,2.2)-(-110.5,13.5,0),Line:(-107.5,13.5,2.2)-(-107.5,13.5,0),Line:(-107.5,149.5,2.2)-(-107.5,149.5,0),Line:(-110.5,149.5,2.2)-(-110.5,149.5,0),Line:(-110.5,109.5,2.2)-(-110.5,109.5,0),Line:(-107.5,109.5,2.2)-(-107.5,109.5,0),Line:(-141.5,53.5,2.2)-(-141.5,53.5,0),Line:(-144.5,53.5,2.2)-(-144.5,53.5,0),Line:(-144.5,23.5,2.2)-(-144.5,23.5,0),Line:(-141.5,23.5,2.2)-(-141.5,23.5,0),Line:(-141.5,139.5,2.2)-(-141.5,139.5,0),Line:(-144.5,139.5,2.2)-(-144.5,139.5,0),Line:(-144.5,109.5,2.2)-(-144.5,109.5,0),Line:(-141.5,109.5,2.2)-(-141.5,109.5,0),Line:(-124.5,139.5,2.2)-(-124.5,139.5,0),Line:(-127.5,139.5,2.2)-(-127.5,139.5,0),Line:(-127.5,109.5,2.2)-(-127.5,109.5,0),Line:(-124.5,109.5,2.2)-(-124.5,109.5,0),Line:(-124.5,53.5,2.2)-(-124.5,53.5,0),Line:(-127.5,53.5,2.2)-(-127.5,53.5,0),Line:(-127.5,23.5,2.2)-(-127.5,23.5,0),Line:(-124.5,23.5,2.2)-(-124.5,23.5,0),Line:(-90.5,149.5,2.2)-(-90.5,149.5,0),Line:(-93.5,149.5,2.2)-(-93.5,149.5,0),Line:(-93.5,109.5,2.2)-(-93.5,109.5,0),Line:(-90.5,109.5,2.2)-(-90.5,109.5,0),Line:(-90.5,53.5,2.2)-(-90.5,53.5,0),Line:(-93.5,53.5,2.2)-(-93.5,53.5,0),Line:(-93.5,13.5,2.2)-(-93.5,13.5,0),Line:(-90.5,13.5,2.2)-(-90.5,13.5,0),Line:(-92,87.5,2.2)-(-92,87.5,0),Line:(-92,90.5,2.2)-(-92,90.5,0),Line:(-172,90.5,2.2)-(-172,90.5,0),Line:(-172,87.5,2.2)-(-172,87.5,0),Line:(-242,121.5,2.2)-(-242,121.5,0),Line:(0,33,2.2)-(0,33,0)] points=[[[-7.80087,6.82717,0.22],[-7.80456,6.83639,0.215757],[-7.80829,6.84574,0.211735],[-7.81209,6.85523,0.207955],[-7.81595,6.86489,0.204433],[-7.81989,6.87471,0.201185],[-7.82389,6.88473,0.198248],[-7.82799,6.89497,0.195659],[-7.83217,6.90543,0.193456],[-7.83646,6.91615,0.191676],[-7.84085,6.92713,0.190358],[-7.84536,6.93841,0.189539],[-7.85,6.95,0.189258],[-7.85464,6.96159,0.189539],[-7.85915,6.97287,0.190358],[-7.86354,6.98385,0.191676],[-7.86783,6.99457,0.193456],[-7.87201,7.00503,0.195659],[-7.87611,7.01527,0.198248],[-7.88011,7.02529,0.201185],[-7.88405,7.03511,0.204433],[-7.88791,7.04477,0.207955],[-7.89171,7.05426,0.211735],[-7.89544,7.06361,0.215757],[-7.89913,7.07283,0.22]],[[-7.80087,9.47283,0.22],[-7.80456,9.46361,0.215757],[-7.80829,9.45426,0.211735],[-7.81209,9.44477,0.207955],[-7.81595,9.43511,0.204433],[-7.81989,9.42529,0.201185],[-7.82389,9.41527,0.198248],[-7.82799,9.40503,0.195659],[-7.83217,9.39457,0.193456],[-7.83646,9.38385,0.191676],[-7.84085,9.37287,0.190358],[-7.84536,9.36159,0.189539],[-7.85,9.35,0.189258],[-7.85464,9.33841,0.189539],[-7.85915,9.32713,0.190358],[-7.86354,9.31615,0.191676],[-7.86783,9.30543,0.193456],[-7.87201,9.29497,0.195659],[-7.87611,9.28473,0.198248],[-7.88011,9.27471,0.201185],[-7.88405,9.26489,0.204433],[-7.88791,9.25523,0.207955],[-7.89171,9.24574,0.211735],[-7.89544,9.23639,0.215757],[-7.89913,9.22717,0.22]]] p1=Vector (-24.200000010000004, -1e-08, -1e-08) p2=Vector (1.0000000000000002e-08, 16.30000001, 0.22000001000000002)
		items[0008] = (000D): 0DE8E459 u32_0=0000  u8_0=01   u32_1=0001 a3=Vector (-12.099999999999998, 8.15, 0.11000000000000003) u32_2=0002
			attrs = (0034): Attributesu32_0=0000 u8_0=00 
				attributes[0000] = (0386): Attr_0270FFC7u32_0=0001 u8_0=00 u32_1=0000  u8_1=00 u8_2=00
			lst0[0000] = (0035): 3DA2C291 u32_0=0000  u8_0=01    u32_1=0000 a2=(21,84,DE,7B)
				attrs = (0387): Attributesu32_0=0000 u8_0=00 
					attributes[0000] = (0A74): Attr_189725D1u32_0=FFFFFFFF u8_0=00 u32_1=0000  u8_1=01 u16_0=000
				ref_1 = (0388): 3dObject flags=0000    u32_0=0000 
					styles = (0A75): ObjctStyles
						styles[0000] = (0DC0): Style_7AE0E1A3u32_0=0001 a0=Vector (0.0, 0.1, 0.0)
						styles[0001] = (0DC1): Style_B32BF6A5u32_0=0005 u16_0=032
						styles[0002] = (0DC2): Style_B32BF6A7u32_0=0001 f64_0=50 vec=Vector (0.0, 0.0, 0.0) f64_1=1 u32_1=0000
			lst0[0001] = (0036): 6C8A5C53 u32_0=0000  u8_0=01    u32_1=0002 a4=(0,0,0,2,2,0) transformation= transformation={a0=|+000|0+00|00+0|000+| m=[[1, 0, 0, 0],[0, 1, 0, 0],[0, 0, 1, 0],[0, 0, 0, 10]]}
				attrs = (0389): Attributesu32_0=0000 u8_0=00 
					attributes[0000] = (0A76): Attr_189725D1u32_0=FFFFFFFF u8_0=00 u32_1=0000  u8_1=01 u16_0=000
				ref_1 = (038A): 3dObject flags=0000    u32_0=0000 
					styles = (0A77): ObjctStyles
						styles[0000] = (0DC3): Style_7AE0E1A3u32_0=0001 a0=Vector (0.0, 0.1, 0.0)
						styles[0001] = (0DC4): Style_B32BF6A5u32_0=0003 u16_0=014
						styles[0002] = (0DC5): Style_B32BF6A7u32_0=0001 f64_0=50 vec=Vector (0.0, 0.0, 0.0) f64_1=1 u32_1=0000
			lst0[0002] = (0037): 6C8A5C53 u32_0=0000  u8_0=01    u32_1=0004 a4=(0,0,0,2,2,0) transformation= transformation={a0=|00+0|0+00|+000|000+| m=[[0, 0, 1, 0],[0, 1, 0, 0],[1, 0, 0, 0],[0, 0, 0, 10]]}
				attrs = (038B): Attributesu32_0=0000 u8_0=00 
					attributes[0000] = (0A78): Attr_189725D1u32_0=FFFFFFFF u8_0=00 u32_1=0000  u8_1=01 u16_0=000
				ref_1 = (038C): 3dObject flags=0000    u32_0=0000 
					styles = (0A79): ObjctStyles
						styles[0000] = (0DC6): Style_7AE0E1A3u32_0=0001 a0=Vector (0.0, 0.1, 0.0)
						styles[0001] = (0DC7): Style_B32BF6A5u32_0=0003 u16_0=014
						styles[0002] = (0DC8): Style_B32BF6A7u32_0=0001 f64_0=50 vec=Vector (0.0, 0.0, 0.0) f64_1=1 u32_1=0000
			lst0[0003] = (0038): 6C8A5C53 u32_0=0000  u8_0=01    u32_1=0008 a4=(0,0,0,2,2,0) transformation= transformation={a0=|+000|00+0|0+00|000+| m=[[1, 0, 0, 0],[0, 0, 1, 0],[0, 1, 0, 0],[0, 0, 0, 10]]}
				attrs = (038D): Attributesu32_0=0000 u8_0=00 
					attributes[0000] = (0A7A): Attr_189725D1u32_0=FFFFFFFF u8_0=00 u32_1=0000  u8_1=01 u16_0=000
				ref_1 = (038E): 3dObject flags=0000    u32_0=0000 
					styles = (0A7B): ObjctStyles
						styles[0000] = (0DC9): Style_7AE0E1A3u32_0=0001 a0=Vector (0.0, 0.1, 0.0)
						styles[0001] = (0DCA): Style_B32BF6A5u32_0=0003 u16_0=014
						styles[0002] = (0DCB): Style_B32BF6A7u32_0=0001 f64_0=50 vec=Vector (0.0, 0.0, 0.0) f64_1=1 u32_1=0000
			object3D = (0039): 3dObject flags=0000    u32_0=0000 
				styles = (038F): ObjctStyles
					styles[0000] = (0A7C): Style_7AE0E1A3u32_0=0001 a0=Vector (0.0, 0.1, 0.0)
					styles[0001] = (0A7D): Style_B32BF6A7u32_0=0001 f64_0=50 vec=Vector (0.0, 0.0, 0.0) f64_1=1 u32_1=0000
					styles[0002] = (0A7E): Style_B32BF6ABu32_0=0001 u8_0=00
					styles[0003] = (0A7F): Style_LineColoru32_0=0002 Color.c0=#00000000 Color.diffuse=#FFFFFF7F Color.c1=#FFFFFF7F Color.c2=#FFFFFFFF Color.c3=#000000FF Color.f=20 u8_0=00
		items[0009] = (000E): Sketch2D u32_0=0002  u8_0=01   u8_1=01 index=000A transformation= transformation={a0=|+000|0+00|00+0|000+| m=[[1, 0, 0, 0],[0, 1, 0, 0],[0, 0, 1, 0],[0, 0, 0, 10]]}   u8_2=01  S32_0=0 s32_1=14
			attrs = (003A): Attributesu32_0=0000 u8_0=00 
				attributes[0000] = (0390): Attr_0244393Cu32_0=0000 u8_0=00 u32_1=000A
				attributes[0001] = (0391): Attr_189725D1u32_0=0004 u8_0=00 u32_1=0000  u8_1=00 u16_0=000
			obj = (003B): 3dObject flags=0000    u32_0=0000 
				styles = (0392): ObjctStyles
					styles[0000] = (0A80): Style_8F0B160Cu32_0=0001 a0=(001,000,3F80,001,FFFF,000,000,000,000,000) u8_0=00 a1=(3F80,000,000) a2=(000,000,00F,000) u32_1=0002
					styles[0001] = (0A81): Style_8F0B160Bu32_0=0001 Color.c0=#00000000 Color.diffuse=#333333FF Color.c1=#CCCCCCFF Color.c2=#FFFFFFFF Color.c3=#000000FF Color.f=20 u8_0=01 a11=(010,000,000,000,000,000,000,000,000,000)
					styles[0002] = (0A82): Style_B32BF6A5u32_0=0001 u16_0=003
				objects[0000] = (0043): Line3D flags=0019    u32_0=0000 pos=Vector (-24.200000000000003, 0.0, 0.0) dir=Vector (-24.200000000000003, 16.3, 0.0)
					styles = (03A2): ObjctStyles
						*styles[0000] = (0A87): Style_8F0B160B
					numRef = (03A3): IndexDef_1 index=0012 u8_1=00
				objects[0001] = (0042): Line3D flags=0018    u32_0=0000 pos=Vector (0.0, 0.0, 0.0) dir=Vector (-24.200000000000003, 0.0, 0.0)
					styles = (03A0): ObjctStyles
						*styles[0000] = (0A87): Style_8F0B160B
					numRef = (03A1): IndexDef_1 index=0011 u8_1=00
				objects[0002] = (0041): Line3D flags=0017    u32_0=0000 pos=Vector (-9.980871413050928e-16, 16.3, 0.0) dir=Vector (0.0, 0.0, 0.0)
					styles = (039E): ObjctStyles
						*styles[0000] = (0A87): Style_8F0B160B
					numRef = (039F): IndexDef_1 index=0010 u8_1=00
				objects[0003] = (0040): Line3D flags=0016    u32_0=0000 pos=Vector (-24.200000000000003, 16.3, 0.0) dir=Vector (-9.980871413050928e-16, 16.3, 0.0)
					styles = (039C): ObjctStyles
						*styles[0000] = (0A87): Style_8F0B160B
					numRef = (039D): IndexDef_1 index=000F u8_1=00
				objects[0004] = (003F): Point3D flags=0015    u32_0=0000 pos=Vector (-24.200000000000003, 0.0, 0.0) f32_0=4 s32_0=-1 u16_0=000
					styles = (039A): ObjctStyles
						*styles[0000] = (0A84): Style_Visibility
						*styles[0001] = (0A87): Style_8F0B160B
					numRef = (039B): IndexDef_2 index=000E
				objects[0005] = (003E): Point3D flags=0014    u32_0=0000 pos=Vector (-9.980871413050928e-16, 16.3, 0.0) f32_0=4 s32_0=-1 u16_0=000
					styles = (0398): ObjctStyles
						*styles[0000] = (0A84): Style_Visibility
						*styles[0001] = (0A87): Style_8F0B160B
					numRef = (0399): IndexDef_2 index=000D
				objects[0006] = (003D): Point3D flags=0013    u32_0=0000 pos=Vector (-24.200000000000003, 16.3, 0.0) f32_0=4 s32_0=-1 u16_0=000
					styles = (0396): ObjctStyles
						*styles[0000] = (0A84): Style_Visibility
						styles[0001] = (0A87): Style_8F0B160Bu32_0=0001 Color.c0=#00000000 Color.diffuse=#333333FF Color.c1=#CCCCCCFF Color.c2=#FFFFFFFF Color.c3=#000000FF Color.f=20 u8_0=01 a11=(011,000,000,000,000,000,000,000,000,000)
					numRef = (0397): IndexDef_2 index=000C
				objects[0007] = (003C): Point3D flags=0010    u32_0=0000 pos=Vector (0.0, 0.0, 0.0) f32_0=4 s32_0=-1 u16_0=000
					styles = (0394): ObjctStyles
						styles[0000] = (0A84): Style_Visibilityu32_0=0001 visible=False
						styles[0001] = (0A85): Style_B32BF6A5u32_0=0001 u16_0=002
						styles[0002] = (0A86): Style_8F0B160Bu32_0=0001 Color.c0=#00000000 Color.diffuse=#333333FF Color.c1=#CCCCCCFF Color.c2=#FFFFFFFF Color.c3=#000000FF Color.f=20 u8_0=01 a11=(02C,000,000,000,000,000,000,000,000,000)
					numRef = (0395): IndexDef_2 index=000B
				objects[0008] = (0393): 3dObject flags=0001    u32_0=0000 
					styles = (0A83): ObjctStyles
					objects[0000] = (0044): DimensioningLength flags=0000    u32_0=0000  u8_0=00 u32_1=0001 index=0013 u8_1=01
						styles = (03A4): ObjctStyles
							styles[0000] = (0A88): Style_8F0B160Bu32_0=0001 Color.c0=#00000000 Color.diffuse=#333333FF Color.c1=#CCCCCCFF Color.c2=#FFFFFFFF Color.c3=#000000FF Color.f=20 u8_0=01 a11=(016,000,000,000,000,000,000,000,000,000)
							styles[0001] = (0A89): Style_8F0B160Cu32_0=0001 a0=(001,000,3F80,001,FFFF,000,000,000,000,000) u8_0=00 a1=(3F80,000,000) a2=(000,000,00F,000) u32_1=0001
							styles[0002] = (0A8A): Style_7AE0E1A3u32_0=0001 a0=Vector (0.0, 0.1, 0.0)
						numRef = (03A5): RefByKey_1 key=0013
						*parent = (0393): 3dObject
						lst0[0000] = (03A6): 3dObject flags=0000    u32_0=0000 
							styles = (0A8B): ObjctStyles
								styles[0000] = (0DCC): Style_C29D5C11u32_0=0001 a0=Vector (-7.960526315789473, 17.57368417512379, 0.0)
								styles[0001] = (0DCD): Style_B32BF6A7u32_0=0001 f64_0=30 vec=Vector (-7.960526315789473, 17.57368417512379, 0.0) f64_1=1 u32_1=0000
							*numRef = (03A5): RefByKey_1
							objects[0000] = (0A8C): Text3D '242' flags=0000    u32_0=0001 vec=Vector (-8.298208682160627, 17.420523707379918, 0.0) a0=Vector (1.0, 0.0, 0.0) a1=(009,A7F9,000) b_0=False
								*numRef = (03A5): RefByKey_1
						lst0[0001] = (03A7): 3dObject flags=0000    u32_0=0000 
							styles = (0A8D): ObjctStyles
								styles[0000] = (0DCE): Style_B32BF6A7u32_0=0001 f64_0=50 vec=Vector (-24.200000000000003, 17.57368417512379, 0.0) f64_1=1 u32_1=0000
							*numRef = (03A5): RefByKey_1
							objects[0000] = (0A8E): Line3D flags=0000    u32_0=0000 pos=Vector (-23.950000000000003, 17.623684175123792, 0.0) dir=Vector (-24.200000000000003, 17.57368417512379, 0.0)
								*numRef = (03A5): RefByKey_1
							objects[0001] = (0A8F): Line3D flags=0000    u32_0=0000 pos=Vector (-24.200000000000003, 17.57368417512379, 0.0) dir=Vector (-23.950000000000003, 17.52368417512379, 0.0)
								*numRef = (03A5): RefByKey_1
							objects[0002] = (0A90): Line3D flags=0000    u32_0=0000 pos=Vector (-23.950000000000003, 17.52368417512379, 0.0) dir=Vector (-23.950000000000003, 17.623684175123792, 0.0)
								*numRef = (03A5): RefByKey_1
						lst0[0002] = (03A8): 3dObject flags=0000    u32_0=0000 
							styles = (0A91): ObjctStyles
								styles[0000] = (0DCF): Style_B32BF6A7u32_0=0001 f64_0=50 vec=Vector (-1.7763568394002505e-15, 17.57368417512379, 0.0) f64_1=1 u32_1=0000
							*numRef = (03A5): RefByKey_1
							objects[0000] = (0A92): Line3D flags=0000    u32_0=0000 pos=Vector (-0.2500000000000018, 17.52368417512379, 0.0) dir=Vector (-1.7763568394002505e-15, 17.57368417512379, 0.0)
								*numRef = (03A5): RefByKey_1
							objects[0001] = (0A93): Line3D flags=0000    u32_0=0000 pos=Vector (-1.7763568394002505e-15, 17.57368417512379, 0.0) dir=Vector (-0.2500000000000018, 17.623684175123792, 0.0)
								*numRef = (03A5): RefByKey_1
							objects[0002] = (0A94): Line3D flags=0000    u32_0=0000 pos=Vector (-0.2500000000000018, 17.623684175123792, 0.0) dir=Vector (-0.2500000000000018, 17.52368417512379, 0.0)
								*numRef = (03A5): RefByKey_1
						lst0[0003] = (03A9): Line3D flags=0004    u32_0=0000 pos=Vector (-24.200000000000003, 17.57368417512379, 0.0) dir=Vector (-1.7763568394002505e-15, 17.57368417512379, 0.0)
							*numRef = (03A5): RefByKey_1
						lst0[0004] = (03AA): Line3D flags=0007    u32_0=0000 pos=Vector (-9.980871413050928e-16, 16.413722967103848, 0.0) dir=Vector (-9.980871413050928e-16, 18.028576043539186, 0.0)
							*numRef = (03A5): RefByKey_1
						lst0[0005] = (03AB): Line3D flags=0006    u32_0=0000 pos=Vector (-24.200000000000003, 16.413722967103848, 0.0) dir=Vector (-24.200000000000003, 18.028576043539186, 0.0)
							*numRef = (03A5): RefByKey_1
					objects[0001] = (0045): DimensioningLength flags=0000    u32_0=0000  u8_0=00 u32_1=0001 index=0014 u8_1=01
						styles = (03AC): ObjctStyles
							*styles[0000] = (0A88): Style_8F0B160B
							*styles[0001] = (0A89): Style_8F0B160C
							styles[0002] = (0A95): Style_7AE0E1A3u32_0=0001 a0=Vector (0.0, 0.1, 0.0)
						numRef = (03AD): RefByKey_1 key=0014
						*parent = (0393): 3dObject
						lst0[0000] = (03AE): 3dObject flags=0000    u32_0=0000 
							styles = (0A96): ObjctStyles
								styles[0000] = (0DD0): Style_C29D5C11u32_0=0001 a0=Vector (1.2479522855037597, 12.375217191701292, 0.0)
								styles[0001] = (0DD1): Style_B32BF6A7u32_0=0001 f64_0=30 vec=Vector (1.2479522855037597, 12.375217191701292, 0.0) f64_1=1 u32_1=0000
							*numRef = (03AD): RefByKey_1
							objects[0000] = (0A97): Text3D '163' flags=0000    u32_0=0001 vec=Vector (0.9102699191326049, 12.225217178057417, 0.0) a0=Vector (1.0, 0.0, 0.0) a1=(009,A7F9,000) b_0=False
								*numRef = (03AD): RefByKey_1
						lst0[0001] = (03AF): 3dObject flags=0000    u32_0=0000 
							styles = (0A98): ObjctStyles
								styles[0000] = (0DD2): Style_B32BF6A7u32_0=0001 f64_0=50 vec=Vector (1.2479522855037597, 16.3, 0.0) f64_1=1 u32_1=0000
							*numRef = (03AD): RefByKey_1
							objects[0000] = (0A99): Line3D flags=0000    u32_0=0000 pos=Vector (1.2979522855037597, 16.05, 0.0) dir=Vector (1.2479522855037597, 16.3, 0.0)
								*numRef = (03AD): RefByKey_1
							objects[0001] = (0A9A): Line3D flags=0000    u32_0=0000 pos=Vector (1.2479522855037597, 16.3, 0.0) dir=Vector (1.1979522855037597, 16.05, 0.0)
								*numRef = (03AD): RefByKey_1
							objects[0002] = (0A9B): Line3D flags=0000    u32_0=0000 pos=Vector (1.1979522855037597, 16.05, 0.0) dir=Vector (1.2979522855037597, 16.05, 0.0)
								*numRef = (03AD): RefByKey_1
						lst0[0002] = (03B0): 3dObject flags=0000    u32_0=0000 
							styles = (0A9C): ObjctStyles
								styles[0000] = (0DD3): Style_B32BF6A7u32_0=0001 f64_0=50 vec=Vector (1.2479522855037597, 0.0, 0.0) f64_1=1 u32_1=0000
							*numRef = (03AD): RefByKey_1
							objects[0000] = (0A9D): Line3D flags=0000    u32_0=0000 pos=Vector (1.1979522855037597, 0.25, 0.0) dir=Vector (1.2479522855037597, 0.0, 0.0)
								*numRef = (03AD): RefByKey_1
							objects[0001] = (0A9E): Line3D flags=0000    u32_0=0000 pos=Vector (1.2479522855037597, 0.0, 0.0) dir=Vector (1.2979522855037597, 0.25, 0.0)
								*numRef = (03AD): RefByKey_1
							objects[0002] = (0A9F): Line3D flags=0000    u32_0=0000 pos=Vector (1.2979522855037597, 0.25, 0.0) dir=Vector (1.1979522855037597, 0.25, 0.0)
								*numRef = (03AD): RefByKey_1
						lst0[0003] = (03B1): Line3D flags=0004    u32_0=0000 pos=Vector (1.2479522855037597, 16.3, 0.0) dir=Vector (1.2479522855037597, 0.0, 0.0)
							*numRef = (03AD): RefByKey_1
						lst0[0004] = (03B2): Line3D flags=0007    u32_0=0000 pos=Vector (0.05839682095585954, 0.0, 0.0) dir=Vector (1.4815395693271978, 0.0, 0.0)
							*numRef = (03AD): RefByKey_1
						lst0[0005] = (03B3): Line3D flags=0006    u32_0=0000 pos=Vector (0.05839682095585854, 16.3, 0.0) dir=Vector (1.4815395693271978, 16.3, 0.0)
							*numRef = (03AD): RefByKey_1
			*lst1[000B] = (003C): Point3D - (0,0,0)
			*lst1[000C] = (003D): Point3D - (-24.2,16.3,0)
			*lst1[000D] = (003E): Point3D - (-9.98087e-16,16.3,0)
			*lst1[000E] = (003F): Point3D - (-24.2,0,0)
			*lst1[000F] = (0040): Line3D (-24.2,16.3,0)-(-24.2,32.6,0)
			*lst1[0010] = (0041): Line3D (-9.98087e-16,16.3,0)-(-9.98087e-16,16.3,0)
			*lst1[0011] = (0042): Line3D (0,0,0)-(-24.2,0,0)
			*lst1[0012] = (0043): Line3D (-24.2,0,0)-(-48.4,16.3,0)
			*lst2[0013] = (0044): DimensioningLength
			*lst2[0014] = (0045): DimensioningLength
		items[000A] = (000F): Sketch2D u32_0=0002  u8_0=01   u8_1=01 index=0015 transformation= transformation={a0=|+000|0+00|00+x|000+| m=[[1, 0, 0, 0],[0, 1, 0, 0],[0, 0, 1, 2.2],[0, 0, 0, 10]]}   u8_2=01  S32_0=0 s32_1=79
			attrs = (0046): Attributesu32_0=0000 u8_0=00 
				attributes[0000] = (03B4): Attr_0244393Cu32_0=0000 u8_0=00 u32_1=0015
				attributes[0001] = (03B5): Attr_189725D1u32_0=0004 u8_0=00 u32_1=0000  u8_1=00 u16_0=000
			obj = (0047): 3dObject flags=0000    u32_0=0004 
				styles = (03B6): ObjctStyles
					styles[0000] = (0AA0): Style_8F0B160Cu32_0=0001 a0=(001,000,3F80,001,FFFF,000,000,000,000,000) u8_0=00 a1=(3F80,000,000) a2=(000,000,00F,000) u32_1=0002
					styles[0001] = (0AA1): Style_8F0B160Bu32_0=0001 Color.c0=#00000000 Color.diffuse=#333333FF Color.c1=#CCCCCCFF Color.c2=#FFFFFFFF Color.c3=#000000FF Color.f=20 u8_0=01 a11=(010,000,000,000,000,000,000,000,000,000)
					styles[0002] = (0AA2): Style_B32BF6A5u32_0=0001 u16_0=003
				objects[0000] = (0068): Line3D flags=00A8    u32_0=0000 pos=Vector (-24.200000000000003, 4.15, 0.0) dir=Vector (-24.200000000000003, -1.7763568394002505e-15, 0.0)
					styles = (03F8): ObjctStyles
						*styles[0000] = (0AA7): Style_8F0B160B
					numRef = (03F9): IndexDef_1 index=0036 u8_1=00
				objects[0001] = (0067): Line3D flags=00A7    u32_0=0000 pos=Vector (-16.6, 4.15, 0.0) dir=Vector (-24.200000000000003, 4.15, 0.0)
					styles = (03F6): ObjctStyles
						*styles[0000] = (0AA7): Style_8F0B160B
					numRef = (03F7): IndexDef_1 index=0035 u8_1=00
				objects[0002] = (0066): Line3D flags=00A6    u32_0=0000 pos=Vector (-16.6, -1.7763568394002505e-15, 0.0) dir=Vector (-16.6, 4.15, 0.0)
					styles = (03F4): ObjctStyles
						*styles[0000] = (0AA7): Style_8F0B160B
					numRef = (03F5): IndexDef_1 index=0034 u8_1=00
				objects[0003] = (0065): Line3D flags=00A5    u32_0=0000 pos=Vector (-24.200000000000003, -1.7763568394002505e-15, 0.0) dir=Vector (-16.6, -1.7763568394002505e-15, 0.0)
					styles = (03F2): ObjctStyles
						*styles[0000] = (0AA7): Style_8F0B160B
					numRef = (03F3): IndexDef_1 index=0033 u8_1=00
				objects[0004] = (0064): Point3D flags=00A4    u32_0=0000 pos=Vector (-24.200000000000003, 4.15, 0.0) f32_0=4 s32_0=-1 u16_0=000
					styles = (03F0): ObjctStyles
						*styles[0000] = (0AA4): Style_Visibility
						*styles[0001] = (0AA7): Style_8F0B160B
					numRef = (03F1): IndexDef_2 index=0032
				objects[0005] = (0063): Point3D flags=00A3    u32_0=0000 pos=Vector (-16.6, -1.7763568394002505e-15, 0.0) f32_0=4 s32_0=-1 u16_0=000
					styles = (03EE): ObjctStyles
						*styles[0000] = (0AA4): Style_Visibility
						*styles[0001] = (0AA7): Style_8F0B160B
					numRef = (03EF): IndexDef_2 index=0031
				objects[0006] = (0062): Point3D flags=00A1    u32_0=0000 pos=Vector (-16.6, 4.15, 0.0) f32_0=4 s32_0=-1 u16_0=000
					styles = (03EC): ObjctStyles
						*styles[0000] = (0AA4): Style_Visibility
						*styles[0001] = (0AA7): Style_8F0B160B
					numRef = (03ED): IndexDef_2 index=0030
				objects[0007] = (0061): Point3D flags=009E    u32_0=0000 pos=Vector (-24.200000000000003, -1.7763568394002505e-15, 0.0) f32_0=4 s32_0=-1 u16_0=000
					styles = (03EA): ObjctStyles
						*styles[0000] = (0AA4): Style_Visibility
						*styles[0001] = (0AA7): Style_8F0B160B
					numRef = (03EB): IndexDef_2 index=002F
				objects[0008] = (0060): Line3D flags=0090    u32_0=0000 pos=Vector (-24.200000000000003, 12.15, 0.0) dir=Vector (-24.200000000000003, 16.3, 0.0)
					styles = (03E8): ObjctStyles
						*styles[0000] = (0AA7): Style_8F0B160B
					numRef = (03E9): IndexDef_1 index=002E u8_1=00
				objects[0009] = (005F): Line3D flags=008F    u32_0=0000 pos=Vector (-16.6, 12.149999999999999, 0.0) dir=Vector (-24.200000000000003, 12.15, 0.0)
					styles = (03E6): ObjctStyles
						*styles[0000] = (0AA7): Style_8F0B160B
					numRef = (03E7): IndexDef_1 index=002D u8_1=00
				objects[000A] = (005E): Line3D flags=008E    u32_0=0000 pos=Vector (-16.6, 16.3, 0.0) dir=Vector (-16.6, 12.149999999999999, 0.0)
					styles = (03E4): ObjctStyles
						*styles[0000] = (0AA7): Style_8F0B160B
					numRef = (03E5): IndexDef_1 index=002C u8_1=00
				objects[000B] = (005D): Line3D flags=008D    u32_0=0000 pos=Vector (-24.200000000000003, 16.3, 0.0) dir=Vector (-16.6, 16.3, 0.0)
					styles = (03E2): ObjctStyles
						*styles[0000] = (0AA7): Style_8F0B160B
					numRef = (03E3): IndexDef_1 index=002B u8_1=00
				objects[000C] = (005C): Point3D flags=008C    u32_0=0000 pos=Vector (-24.200000000000003, 12.15, 0.0) f32_0=4 s32_0=-1 u16_0=000
					styles = (03E0): ObjctStyles
						*styles[0000] = (0AA4): Style_Visibility
						*styles[0001] = (0AA7): Style_8F0B160B
					numRef = (03E1): IndexDef_2 index=002A
				objects[000D] = (005B): Point3D flags=008B    u32_0=0000 pos=Vector (-16.6, 16.3, 0.0) f32_0=4 s32_0=-1 u16_0=000
					styles = (03DE): ObjctStyles
						*styles[0000] = (0AA4): Style_Visibility
						*styles[0001] = (0AA7): Style_8F0B160B
					numRef = (03DF): IndexDef_2 index=0029
				objects[000E] = (005A): Point3D flags=008A    u32_0=0000 pos=Vector (-16.6, 12.149999999999999, 0.0) f32_0=4 s32_0=-1 u16_0=000
					styles = (03DC): ObjctStyles
						*styles[0000] = (0AA4): Style_Visibility
						*styles[0001] = (0AA7): Style_8F0B160B
					numRef = (03DD): IndexDef_2 index=0028
				objects[000F] = (0059): Line3D flags=007D    u32_0=0000 pos=Vector (0.0, 13.0, 0.0) dir=Vector (-9.980871413050928e-16, 16.3, 0.0)
					styles = (03DA): ObjctStyles
						*styles[0000] = (0AA7): Style_8F0B160B
					numRef = (03DB): IndexDef_1 index=0027 u8_1=00
				objects[0010] = (0058): Line3D flags=007C    u32_0=0000 pos=Vector (-4.0, 13.0, 0.0) dir=Vector (0.0, 13.0, 0.0)
					styles = (03D8): ObjctStyles
						*styles[0000] = (0AA7): Style_8F0B160B
					numRef = (03D9): IndexDef_1 index=0026 u8_1=00
				objects[0011] = (0057): Line3D flags=007B    u32_0=0000 pos=Vector (-4.0, 16.3, 0.0) dir=Vector (-4.0, 13.0, 0.0)
					styles = (03D6): ObjctStyles
						*styles[0000] = (0AA7): Style_8F0B160B
					numRef = (03D7): IndexDef_1 index=0025 u8_1=00
				objects[0012] = (0056): Line3D flags=007A    u32_0=0000 pos=Vector (-9.980871413050928e-16, 16.3, 0.0) dir=Vector (-4.0, 16.3, 0.0)
					styles = (03D4): ObjctStyles
						*styles[0000] = (0AA7): Style_8F0B160B
					numRef = (03D5): IndexDef_1 index=0024 u8_1=00
				objects[0013] = (0055): Point3D flags=0079    u32_0=0000 pos=Vector (0.0, 13.0, 0.0) f32_0=4 s32_0=-1 u16_0=000
					styles = (03D2): ObjctStyles
						*styles[0000] = (0AA4): Style_Visibility
						*styles[0001] = (0AA7): Style_8F0B160B
					numRef = (03D3): IndexDef_2 index=0023
				objects[0014] = (0054): Point3D flags=0078    u32_0=0000 pos=Vector (-4.0, 16.3, 0.0) f32_0=4 s32_0=-1 u16_0=000
					styles = (03D0): ObjctStyles
						*styles[0000] = (0AA4): Style_Visibility
						*styles[0001] = (0AA7): Style_8F0B160B
					numRef = (03D1): IndexDef_2 index=0022
				objects[0015] = (0053): Point3D flags=0076    u32_0=0000 pos=Vector (-4.0, 13.0, 0.0) f32_0=4 s32_0=-1 u16_0=000
					styles = (03CE): ObjctStyles
						*styles[0000] = (0AA4): Style_Visibility
						*styles[0001] = (0AA7): Style_8F0B160B
					numRef = (03CF): IndexDef_2 index=0021
				objects[0016] = (0052): Line3D flags=0072    u32_0=0000 pos=Vector (-9.980871413050928e-16, 16.3, 0.0) dir=Vector (-24.200000000000003, 16.3, 0.0)
					styles = (03CC): ObjctStyles
						*styles[0000] = (0AA5): Style_B32BF6A5
						*styles[0001] = (0AA6): Style_8F0B160B
					numRef = (03CD): IndexDef_1 index=0020 u8_1=00
				objects[0017] = (0051): Point3D flags=006E    u32_0=0000 pos=Vector (-24.200000000000003, 16.3, 0.0) f32_0=4 s32_0=-1 u16_0=000
					styles = (03CA): ObjctStyles
						*styles[0000] = (0AA4): Style_Visibility
						*styles[0001] = (0AA5): Style_B32BF6A5
						*styles[0002] = (0AA6): Style_8F0B160B
					numRef = (03CB): IndexDef_2 index=001F
				objects[0018] = (0050): Point3D flags=006A    u32_0=0000 pos=Vector (-9.980871413050928e-16, 16.3, 0.0) f32_0=4 s32_0=-1 u16_0=000
					styles = (03C8): ObjctStyles
						*styles[0000] = (0AA4): Style_Visibility
						*styles[0001] = (0AA5): Style_B32BF6A5
						*styles[0002] = (0AA6): Style_8F0B160B
					numRef = (03C9): IndexDef_2 index=001E
				objects[0019] = (004F): Line3D flags=005C    u32_0=0000 pos=Vector (0.0, 3.3, 0.0) dir=Vector (0.0, 0.0, 0.0)
					styles = (03C6): ObjctStyles
						*styles[0000] = (0AA7): Style_8F0B160B
					numRef = (03C7): IndexDef_1 index=001D u8_1=00
				objects[001A] = (004E): Line3D flags=005B    u32_0=0000 pos=Vector (-4.0, 3.2999999999999994, 0.0) dir=Vector (0.0, 3.3, 0.0)
					styles = (03C4): ObjctStyles
						*styles[0000] = (0AA7): Style_8F0B160B
					numRef = (03C5): IndexDef_1 index=001C u8_1=00
				objects[001B] = (004D): Line3D flags=005A    u32_0=0000 pos=Vector (-4.0, -1.7763568394002505e-15, 0.0) dir=Vector (-4.0, 3.2999999999999994, 0.0)
					styles = (03C2): ObjctStyles
						*styles[0000] = (0AA7): Style_8F0B160B
					numRef = (03C3): IndexDef_1 index=001B u8_1=00
				objects[001C] = (004C): Line3D flags=0059    u32_0=0000 pos=Vector (0.0, 0.0, 0.0) dir=Vector (-4.0, -1.7763568394002505e-15, 0.0)
					styles = (03C0): ObjctStyles
						*styles[0000] = (0AA7): Style_8F0B160B
					numRef = (03C1): IndexDef_1 index=001A u8_1=00
				objects[001D] = (004B): Point3D flags=0058    u32_0=0000 pos=Vector (0.0, 3.3, 0.0) f32_0=4 s32_0=-1 u16_0=000
					styles = (03BE): ObjctStyles
						*styles[0000] = (0AA4): Style_Visibility
						*styles[0001] = (0AA7): Style_8F0B160B
					numRef = (03BF): IndexDef_2 index=0019
				objects[001E] = (004A): Point3D flags=0057    u32_0=0000 pos=Vector (-4.0, -1.7763568394002505e-15, 0.0) f32_0=4 s32_0=-1 u16_0=000
					styles = (03BC): ObjctStyles
						*styles[0000] = (0AA4): Style_Visibility
						*styles[0001] = (0AA7): Style_8F0B160B
					numRef = (03BD): IndexDef_2 index=0018
				objects[001F] = (0049): Point3D flags=0056    u32_0=0000 pos=Vector (-4.0, 3.2999999999999994, 0.0) f32_0=4 s32_0=-1 u16_0=000
					styles = (03BA): ObjctStyles
						*styles[0000] = (0AA4): Style_Visibility
						styles[0001] = (0AA7): Style_8F0B160Bu32_0=0001 Color.c0=#00000000 Color.diffuse=#333333FF Color.c1=#CCCCCCFF Color.c2=#FFFFFFFF Color.c3=#000000FF Color.f=20 u8_0=01 a11=(011,000,000,000,000,000,000,000,000,000)
					numRef = (03BB): IndexDef_2 index=0017
				objects[0020] = (0048): Point3D flags=0054    u32_0=0000 pos=Vector (0.0, 0.0, 0.0) f32_0=4 s32_0=-1 u16_0=000
					styles = (03B8): ObjctStyles
						styles[0000] = (0AA4): Style_Visibilityu32_0=0001 visible=False
						styles[0001] = (0AA5): Style_B32BF6A5u32_0=0001 u16_0=002
						styles[0002] = (0AA6): Style_8F0B160Bu32_0=0001 Color.c0=#00000000 Color.diffuse=#333333FF Color.c1=#CCCCCCFF Color.c2=#FFFFFFFF Color.c3=#000000FF Color.f=20 u8_0=01 a11=(02C,000,000,000,000,000,000,000,000,000)
					numRef = (03B9): IndexDef_2 index=0016
				objects[0021] = (03B7): 3dObject flags=0001    u32_0=0000 
					styles = (0AA3): ObjctStyles
					objects[0000] = (0069): DimensioningLength flags=0000    u32_0=0000  u8_0=00 u32_1=0001 index=0037 u8_1=01
						styles = (03FA): ObjctStyles
							styles[0000] = (0AA8): Style_8F0B160Bu32_0=0001 Color.c0=#00000000 Color.diffuse=#333333FF Color.c1=#CCCCCCFF Color.c2=#FFFFFFFF Color.c3=#000000FF Color.f=20 u8_0=01 a11=(016,000,000,000,000,000,000,000,000,000)
							styles[0001] = (0AA9): Style_8F0B160Cu32_0=0001 a0=(001,000,3F80,001,FFFF,000,000,000,000,000) u8_0=00 a1=(3F80,000,000) a2=(000,000,00F,000) u32_1=0001
							styles[0002] = (0AAA): Style_7AE0E1A3u32_0=0001 a0=Vector (0.0, 0.1, 0.0)
						numRef = (03FB): RefByKey_1 key=0037
						*parent = (03B7): 3dObject
						lst0[0000] = (03FC): 3dObject flags=0000    u32_0=0000 
							styles = (0AAB): ObjctStyles
								styles[0000] = (0DD4): Style_C29D5C11u32_0=0001 a0=Vector (2.456691144665734, 3.6576036866359463, 0.0)
								styles[0001] = (0DD5): Style_B32BF6A7u32_0=0001 f64_0=30 vec=Vector (2.456691144665734, 3.6576036866359463, 0.0) f64_1=1 u32_1=0000
							*numRef = (03FB): RefByKey_1
							objects[0000] = (0AAC): Text3D '97' flags=0000    u32_0=0001 vec=Vector (2.2315695720520177, 3.5074821246858736, 0.0) a0=Vector (1.0, 0.0, 0.0) a1=(009,A7F9,000) b_0=False
								*numRef = (03FB): RefByKey_1
						lst0[0001] = (03FD): 3dObject flags=0000    u32_0=0000 
							styles = (0AAD): ObjctStyles
								styles[0000] = (0DD6): Style_B32BF6A7u32_0=0001 f64_0=50 vec=Vector (2.456691144665734, 3.3000000000000007, 0.0) f64_1=1 u32_1=0000
							*numRef = (03FB): RefByKey_1
							objects[0000] = (0AAE): Line3D flags=0000    u32_0=0000 pos=Vector (2.406691144665734, 3.5500000000000007, 0.0) dir=Vector (2.456691144665734, 3.3000000000000007, 0.0)
								*numRef = (03FB): RefByKey_1
							objects[0001] = (0AAF): Line3D flags=0000    u32_0=0000 pos=Vector (2.456691144665734, 3.3000000000000007, 0.0) dir=Vector (2.5066911446657336, 3.5500000000000007, 0.0)
								*numRef = (03FB): RefByKey_1
							objects[0002] = (0AB0): Line3D flags=0000    u32_0=0000 pos=Vector (2.5066911446657336, 3.5500000000000007, 0.0) dir=Vector (2.406691144665734, 3.5500000000000007, 0.0)
								*numRef = (03FB): RefByKey_1
						lst0[0002] = (03FE): 3dObject flags=0000    u32_0=0000 
							styles = (0AB1): ObjctStyles
								styles[0000] = (0DD7): Style_B32BF6A7u32_0=0001 f64_0=50 vec=Vector (2.456691144665734, 13.0, 0.0) f64_1=1 u32_1=0000
							*numRef = (03FB): RefByKey_1
							objects[0000] = (0AB2): Line3D flags=0000    u32_0=0000 pos=Vector (2.5066911446657336, 12.75, 0.0) dir=Vector (2.456691144665734, 13.0, 0.0)
								*numRef = (03FB): RefByKey_1
							objects[0001] = (0AB3): Line3D flags=0000    u32_0=0000 pos=Vector (2.456691144665734, 13.0, 0.0) dir=Vector (2.406691144665734, 12.75, 0.0)
								*numRef = (03FB): RefByKey_1
							objects[0002] = (0AB4): Line3D flags=0000    u32_0=0000 pos=Vector (2.406691144665734, 12.75, 0.0) dir=Vector (2.5066911446657336, 12.75, 0.0)
								*numRef = (03FB): RefByKey_1
						lst0[0003] = (03FF): Line3D flags=0004    u32_0=0000 pos=Vector (2.456691144665734, 3.3000000000000007, 0.0) dir=Vector (2.456691144665734, 13.0, 0.0)
							*numRef = (03FB): RefByKey_1
						lst0[0004] = (0400): Line3D flags=0007    u32_0=0000 pos=Vector (0.12787991817578886, 13.0, 0.0) dir=Vector (2.968210817368889, 13.0, 0.0)
							*numRef = (03FB): RefByKey_1
						lst0[0005] = (0401): Line3D flags=0006    u32_0=0000 pos=Vector (0.12787991817578886, 3.3, 0.0) dir=Vector (2.968210817368889, 3.3, 0.0)
							*numRef = (03FB): RefByKey_1
					objects[0001] = (006A): DimensioningLength flags=0000    u32_0=0000  u8_0=00 u32_1=0001 index=0038 u8_1=01
						styles = (0402): ObjctStyles
							*styles[0000] = (0AA8): Style_8F0B160B
							*styles[0001] = (0AA9): Style_8F0B160C
							styles[0002] = (0AB5): Style_7AE0E1A3u32_0=0001 a0=Vector (0.0, 0.1, 0.0)
						numRef = (0403): RefByKey_1 key=0038
						*parent = (03B7): 3dObject
						lst0[0000] = (0404): 3dObject flags=0000    u32_0=0000 
							styles = (0AB6): ObjctStyles
								styles[0000] = (0DD8): Style_C29D5C11u32_0=0001 a0=Vector (-26.354259121020796, 5.116576386928894, 0.0)
								styles[0001] = (0DD9): Style_B32BF6A7u32_0=0001 f64_0=30 vec=Vector (-26.354259121020796, 5.116576386928894, 0.0) f64_1=1 u32_1=0000
							*numRef = (0403): RefByKey_1
							objects[0000] = (0AB7): Text3D '80' flags=0000    u32_0=0001 vec=Vector (-26.579380693634512, 4.966576372586526, 0.0) a0=Vector (1.0, 0.0, 0.0) a1=(009,A7F9,000) b_0=False
								*numRef = (0403): RefByKey_1
						lst0[0001] = (0405): 3dObject flags=0000    u32_0=0000 
							styles = (0AB8): ObjctStyles
								styles[0000] = (0DDA): Style_B32BF6A7u32_0=0001 f64_0=50 vec=Vector (-26.354259121020796, 4.15, 0.0) f64_1=1 u32_1=0000
							*numRef = (0403): RefByKey_1
							objects[0000] = (0AB9): Line3D flags=0000    u32_0=0000 pos=Vector (-26.404259121020797, 4.4, 0.0) dir=Vector (-26.354259121020796, 4.15, 0.0)
								*numRef = (0403): RefByKey_1
							objects[0001] = (0ABA): Line3D flags=0000    u32_0=0000 pos=Vector (-26.354259121020796, 4.15, 0.0) dir=Vector (-26.304259121020795, 4.4, 0.0)
								*numRef = (0403): RefByKey_1
							objects[0002] = (0ABB): Line3D flags=0000    u32_0=0000 pos=Vector (-26.304259121020795, 4.4, 0.0) dir=Vector (-26.404259121020797, 4.4, 0.0)
								*numRef = (0403): RefByKey_1
						lst0[0002] = (0406): 3dObject flags=0000    u32_0=0000 
							styles = (0ABC): ObjctStyles
								styles[0000] = (0DDB): Style_B32BF6A7u32_0=0001 f64_0=50 vec=Vector (-26.354259121020796, 12.15, 0.0) f64_1=1 u32_1=0000
							*numRef = (0403): RefByKey_1
							objects[0000] = (0ABD): Line3D flags=0000    u32_0=0000 pos=Vector (-26.304259121020795, 11.9, 0.0) dir=Vector (-26.354259121020796, 12.15, 0.0)
								*numRef = (0403): RefByKey_1
							objects[0001] = (0ABE): Line3D flags=0000    u32_0=0000 pos=Vector (-26.354259121020796, 12.15, 0.0) dir=Vector (-26.404259121020797, 11.9, 0.0)
								*numRef = (0403): RefByKey_1
							objects[0002] = (0ABF): Line3D flags=0000    u32_0=0000 pos=Vector (-26.404259121020797, 11.9, 0.0) dir=Vector (-26.304259121020795, 11.9, 0.0)
								*numRef = (0403): RefByKey_1
						lst0[0003] = (0407): Line3D flags=0004    u32_0=0000 pos=Vector (-26.354259121020796, 4.15, 0.0) dir=Vector (-26.354259121020796, 12.15, 0.0)
							*numRef = (0403): RefByKey_1
						lst0[0004] = (0408): Line3D flags=0007    u32_0=0000 pos=Vector (-24.380209057515362, 12.15, 0.0) dir=Vector (-27.07509535108223, 12.15, 0.0)
							*numRef = (0403): RefByKey_1
						lst0[0005] = (0409): Line3D flags=0006    u32_0=0000 pos=Vector (-24.380209057515362, 4.15, 0.0) dir=Vector (-27.07509535108223, 4.15, 0.0)
							*numRef = (0403): RefByKey_1
					objects[0002] = (006B): DimensioningLength flags=0000    u32_0=0000  u8_0=00 u32_1=0001 index=0039 u8_1=01
						styles = (040A): ObjctStyles
							*styles[0000] = (0AA8): Style_8F0B160B
							*styles[0001] = (0AA9): Style_8F0B160C
							styles[0002] = (0AC0): Style_7AE0E1A3u32_0=0001 a0=Vector (0.0, 0.1, 0.0)
						numRef = (040B): RefByKey_1 key=0039
						*parent = (03B7): 3dObject
						lst0[0000] = (040C): 3dObject flags=0000    u32_0=0000 
							styles = (0AC1): ObjctStyles
								styles[0000] = (0DDC): Style_C29D5C11u32_0=0001 a0=Vector (-21.165674614763805, -2.3475110256519836, 0.0)
								styles[0001] = (0DDD): Style_B32BF6A7u32_0=0001 f64_0=30 vec=Vector (-21.165674614763805, -2.3475110256519836, 0.0) f64_1=1 u32_1=0000
							*numRef = (040B): RefByKey_1
							objects[0000] = (0AC2): Text3D '76' flags=0000    u32_0=0001 vec=Vector (-21.39079618737752, -2.4971463631779622, 0.0) a0=Vector (1.0, 0.0, 0.0) a1=(009,A7F9,000) b_0=False
								*numRef = (040B): RefByKey_1
						lst0[0001] = (040D): 3dObject flags=0000    u32_0=0000 
							styles = (0AC3): ObjctStyles
								styles[0000] = (0DDE): Style_B32BF6A7u32_0=0001 f64_0=50 vec=Vector (-16.6, -2.3475110256519836, 0.0) f64_1=1 u32_1=0000
							*numRef = (040B): RefByKey_1
							objects[0000] = (0AC4): Line3D flags=0000    u32_0=0000 pos=Vector (-16.85, -2.3975110256519834, 0.0) dir=Vector (-16.6, -2.3475110256519836, 0.0)
								*numRef = (040B): RefByKey_1
							objects[0001] = (0AC5): Line3D flags=0000    u32_0=0000 pos=Vector (-16.6, -2.3475110256519836, 0.0) dir=Vector (-16.85, -2.2975110256519837, 0.0)
								*numRef = (040B): RefByKey_1
							objects[0002] = (0AC6): Line3D flags=0000    u32_0=0000 pos=Vector (-16.85, -2.2975110256519837, 0.0) dir=Vector (-16.85, -2.3975110256519834, 0.0)
								*numRef = (040B): RefByKey_1
						lst0[0002] = (040E): 3dObject flags=0000    u32_0=0000 
							styles = (0AC7): ObjctStyles
								styles[0000] = (0DDF): Style_B32BF6A7u32_0=0001 f64_0=50 vec=Vector (-24.200000000000003, -2.3475110256519836, 0.0) f64_1=1 u32_1=0000
							*numRef = (040B): RefByKey_1
							objects[0000] = (0AC8): Line3D flags=0000    u32_0=0000 pos=Vector (-23.950000000000003, -2.2975110256519837, 0.0) dir=Vector (-24.200000000000003, -2.3475110256519836, 0.0)
								*numRef = (040B): RefByKey_1
							objects[0001] = (0AC9): Line3D flags=0000    u32_0=0000 pos=Vector (-24.200000000000003, -2.3475110256519836, 0.0) dir=Vector (-23.950000000000003, -2.3975110256519834, 0.0)
								*numRef = (040B): RefByKey_1
							objects[0002] = (0ACA): Line3D flags=0000    u32_0=0000 pos=Vector (-23.950000000000003, -2.3975110256519834, 0.0) dir=Vector (-23.950000000000003, -2.2975110256519837, 0.0)
								*numRef = (040B): RefByKey_1
						lst0[0003] = (040F): Line3D flags=0004    u32_0=0000 pos=Vector (-16.6, -2.3475110256519836, 0.0) dir=Vector (-24.200000000000003, -2.3475110256519836, 0.0)
							*numRef = (040B): RefByKey_1
						lst0[0004] = (0410): Line3D flags=0006    u32_0=0000 pos=Vector (-16.6, 4.014202164876593, 0.0) dir=Vector (-16.6, -2.8907023661456117, 0.0)
							*numRef = (040B): RefByKey_1
						lst0[0005] = (0411): Line3D flags=0007    u32_0=0000 pos=Vector (-24.200000000000003, 4.014202164876593, 0.0) dir=Vector (-24.200000000000003, -2.8907023661456117, 0.0)
							*numRef = (040B): RefByKey_1
					objects[0003] = (006C): DimensioningLength flags=0000    u32_0=0000  u8_0=00 u32_1=0001 index=003A u8_1=01
						styles = (0412): ObjctStyles
							*styles[0000] = (0AA8): Style_8F0B160B
							*styles[0001] = (0AA9): Style_8F0B160C
							styles[0002] = (0ACB): Style_7AE0E1A3u32_0=0001 a0=Vector (0.0, 0.1, 0.0)
						numRef = (0413): RefByKey_1 key=003A
						*parent = (03B7): 3dObject
						lst0[0000] = (0414): 3dObject flags=0000    u32_0=0000 
							styles = (0ACC): ObjctStyles
								styles[0000] = (0DE0): Style_C29D5C11u32_0=0001 a0=Vector (-1.5897185489090675, -0.5607179582487745, 0.0)
								styles[0001] = (0DE1): Style_B32BF6A7u32_0=0001 f64_0=30 vec=Vector (-1.5897185489090675, -0.5607179582487745, 0.0) f64_1=1 u32_1=0000
							*numRef = (0413): RefByKey_1
							objects[0000] = (0ACD): Text3D '40' flags=0000    u32_0=0001 vec=Vector (-1.8148401215227836, -0.7105964082196308, 0.0) a0=Vector (1.0, 0.0, 0.0) a1=(009,A7F9,000) b_0=False
								*numRef = (0413): RefByKey_1
						lst0[0001] = (0415): 3dObject flags=0000    u32_0=0000 
							styles = (0ACE): ObjctStyles
								styles[0000] = (0DE2): Style_B32BF6A7u32_0=0001 f64_0=50 vec=Vector (-4.0, -0.5607179582487745, 0.0) f64_1=1 u32_1=0000
							*numRef = (0413): RefByKey_1
							objects[0000] = (0ACF): Line3D flags=0000    u32_0=0000 pos=Vector (-3.75, -0.5107179582487744, 0.0) dir=Vector (-4.0, -0.5607179582487745, 0.0)
								*numRef = (0413): RefByKey_1
							objects[0001] = (0AD0): Line3D flags=0000    u32_0=0000 pos=Vector (-4.0, -0.5607179582487745, 0.0) dir=Vector (-3.75, -0.6107179582487745, 0.0)
								*numRef = (0413): RefByKey_1
							objects[0002] = (0AD1): Line3D flags=0000    u32_0=0000 pos=Vector (-3.75, -0.6107179582487745, 0.0) dir=Vector (-3.75, -0.5107179582487744, 0.0)
								*numRef = (0413): RefByKey_1
						lst0[0002] = (0416): 3dObject flags=0000    u32_0=0000 
							styles = (0AD2): ObjctStyles
								styles[0000] = (0DE3): Style_B32BF6A7u32_0=0001 f64_0=50 vec=Vector (0.0, -0.5607179582487745, 0.0) f64_1=1 u32_1=0000
							*numRef = (0413): RefByKey_1
							objects[0000] = (0AD3): Line3D flags=0000    u32_0=0000 pos=Vector (-0.25, -0.6107179582487745, 0.0) dir=Vector (0.0, -0.5607179582487745, 0.0)
								*numRef = (0413): RefByKey_1
							objects[0001] = (0AD4): Line3D flags=0000    u32_0=0000 pos=Vector (0.0, -0.5607179582487745, 0.0) dir=Vector (-0.25, -0.5107179582487744, 0.0)
								*numRef = (0413): RefByKey_1
							objects[0002] = (0AD5): Line3D flags=0000    u32_0=0000 pos=Vector (-0.25, -0.5107179582487744, 0.0) dir=Vector (-0.25, -0.6107179582487745, 0.0)
								*numRef = (0413): RefByKey_1
						lst0[0003] = (0417): Line3D flags=0004    u32_0=0000 pos=Vector (-4.0, -0.5607179582487745, 0.0) dir=Vector (0.0, -0.5607179582487745, 0.0)
							*numRef = (0413): RefByKey_1
						lst0[0004] = (0418): Line3D flags=0006    u32_0=0000 pos=Vector (-4.0, 3.221643430549052, 0.0) dir=Vector (-4.0, -0.874144236052564, 0.0)
							*numRef = (0413): RefByKey_1
						lst0[0005] = (0419): Line3D flags=0007    u32_0=0000 pos=Vector (0.0, 3.2216434305490522, 0.0) dir=Vector (0.0, -0.8741442360525644, 0.0)
							*numRef = (0413): RefByKey_1
			*lst1[0016] = (0048): Point3D - (0,0,0)
			*lst1[0017] = (0049): Point3D - (-4,3.3,0)
			*lst1[0018] = (004A): Point3D - (-4,-1.77636e-15,0)
			*lst1[0019] = (004B): Point3D - (0,3.3,0)
			*lst1[001A] = (004C): Line3D (0,0,0)-(-4,-1.77636e-15,0)
			*lst1[001B] = (004D): Line3D (-4,-1.77636e-15,0)-(-8,3.3,0)
			*lst1[001C] = (004E): Line3D (-4,3.3,0)-(-4,6.6,0)
			*lst1[001D] = (004F): Line3D (0,3.3,0)-(0,3.3,0)
			*lst1[001E] = (0050): Point3D - (-9.98087e-16,16.3,0)
			*lst1[001F] = (0051): Point3D - (-24.2,16.3,0)
			*lst1[0020] = (0052): Line3D (-9.98087e-16,16.3,0)-(-24.2,32.6,0)
			*lst1[0021] = (0053): Point3D - (-4,13,0)
			*lst1[0022] = (0054): Point3D - (-4,16.3,0)
			*lst1[0023] = (0055): Point3D - (0,13,0)
			*lst1[0024] = (0056): Line3D (-9.98087e-16,16.3,0)-(-4,32.6,0)
			*lst1[0025] = (0057): Line3D (-4,16.3,0)-(-8,29.3,0)
			*lst1[0026] = (0058): Line3D (-4,13,0)-(-4,26,0)
			*lst1[0027] = (0059): Line3D (0,13,0)-(-9.98087e-16,29.3,0)
			*lst1[0028] = (005A): Point3D - (-16.6,12.15,0)
			*lst1[0029] = (005B): Point3D - (-16.6,16.3,0)
			*lst1[002A] = (005C): Point3D - (-24.2,12.15,0)
			*lst1[002B] = (005D): Line3D (-24.2,16.3,0)-(-40.8,32.6,0)
			*lst1[002C] = (005E): Line3D (-16.6,16.3,0)-(-33.2,28.45,0)
			*lst1[002D] = (005F): Line3D (-16.6,12.15,0)-(-40.8,24.3,0)
			*lst1[002E] = (0060): Line3D (-24.2,12.15,0)-(-48.4,28.45,0)
			*lst1[002F] = (0061): Point3D - (-24.2,-1.77636e-15,0)
			*lst1[0030] = (0062): Point3D - (-16.6,4.15,0)
			*lst1[0031] = (0063): Point3D - (-16.6,-1.77636e-15,0)
			*lst1[0032] = (0064): Point3D - (-24.2,4.15,0)
			*lst1[0033] = (0065): Line3D (-24.2,-1.77636e-15,0)-(-40.8,-3.55271e-15,0)
			*lst1[0034] = (0066): Line3D (-16.6,-1.77636e-15,0)-(-33.2,4.15,0)
			*lst1[0035] = (0067): Line3D (-16.6,4.15,0)-(-40.8,8.3,0)
			*lst1[0036] = (0068): Line3D (-24.2,4.15,0)-(-48.4,4.15,0)
			*lst2[0037] = (0069): DimensioningLength
			*lst2[0038] = (006A): DimensioningLength
			*lst2[0039] = (006B): DimensioningLength
			*lst2[003A] = (006C): DimensioningLength
		items[000B] = (0010): Sketch2D u32_0=0002  u8_0=01   u8_1=01 index=003B transformation= transformation={a0=|+000|0+00|00+x|000+| m=[[1, 0, 0, 0],[0, 1, 0, 0],[0, 0, 1, 2.2],[0, 0, 0, 10]]}   u8_2=01  S32_0=0 s32_1=253
			attrs = (006D): Attributesu32_0=0000 u8_0=00 
				attributes[0000] = (041A): Attr_0244393Cu32_0=0000 u8_0=00 u32_1=003B
				attributes[0001] = (041B): Attr_189725D1u32_0=0004 u8_0=00 u32_1=0000  u8_1=00 u16_0=000
			obj = (006E): 3dObject flags=0000    u32_0=0004 
				styles = (041C): ObjctStyles
					styles[0000] = (0AD6): Style_8F0B160Cu32_0=0001 a0=(001,000,3F80,001,FFFF,000,000,000,000,000) u8_0=00 a1=(3F80,000,000) a2=(000,000,00F,000) u32_1=0002
					styles[0001] = (0AD7): Style_8F0B160Bu32_0=0001 Color.c0=#00000000 Color.diffuse=#333333FF Color.c1=#CCCCCCFF Color.c2=#FFFFFFFF Color.c3=#000000FF Color.f=20 u8_0=01 a11=(010,000,000,000,000,000,000,000,000,000)
					styles[0002] = (0AD8): Style_B32BF6A5u32_0=0001 u16_0=003
				objects[0000] = (0072): Line3D flags=02EC    u32_0=0000 pos=Vector (-24.660333877678042, 8.15, 0.0) dir=Vector (1.1794730940301683, 8.15, 0.0)
					styles = (0424): ObjctStyles
						*styles[0000] = (0ADA): Style_8F0B160B
					numRef = (0425): IndexDef_1 index=003F u8_1=00
				objects[0001] = (0071): Point3D flags=02EB    u32_0=0000 pos=Vector (1.1794730940301683, 8.15, 0.0) f32_0=4 s32_0=-1 u16_0=000
					styles = (0422): ObjctStyles
						*styles[0000] = (0ADB): Style_Visibility
					numRef = (0423): IndexDef_2 index=003E
				objects[0002] = (0070): Point3D flags=02EA    u32_0=0000 pos=Vector (-24.660333877678042, 8.15, 0.0) f32_0=4 s32_0=-1 u16_0=000
					styles = (0420): ObjctStyles
						styles[0000] = (0ADB): Style_Visibilityu32_0=0001 visible=False
					numRef = (0421): IndexDef_2 index=003D
				objects[0003] = (006F): Point3D flags=02D6    u32_0=0000 pos=Vector (-9.050000000000002, 8.9, 0.0) f32_0=4 s32_0=-1 u16_0=000
					styles = (041E): ObjctStyles
						styles[0000] = (0ADA): Style_8F0B160Bu32_0=0001 Color.c0=#00000000 Color.diffuse=#333333FF Color.c1=#CCCCCCFF Color.c2=#FFFFFFFF Color.c3=#000000FF Color.f=20 u8_0=01 a11=(011,000,000,000,000,000,000,000,000,000)
					numRef = (041F): IndexDef_2 index=003C
				objects[0004] = (00C0): Point3D flags=029D    u32_0=0000 pos=Vector (-14.300000000000002, 3.8500000000000005, 0.0) f32_0=4 s32_0=-1 u16_0=000
					styles = (04C0): ObjctStyles
						*styles[0000] = (0ADA): Style_8F0B160B
					numRef = (04C1): IndexDef_2 index=008D
				objects[0005] = (00BF): Arc3D flags=0290    u32_0=0000 center=Vector (-14.300000000000002, 2.3500000000000005, 1.0) f64_0=0 r=0.15 startAngle=180Â° sweepAngle=360Â°
					styles = (04BE): ObjctStyles
						*styles[0000] = (0ADA): Style_8F0B160B
					numRef = (04BF): IndexDef_1 index=008C u8_1=00
				objects[0006] = (00BE): Arc3D flags=028F    u32_0=0000 center=Vector (-14.300000000000002, 5.3500000000000005, 1.0) f64_0=0 r=0.15 startAngle=0Â° sweepAngle=180Â°
					styles = (04BC): ObjctStyles
						*styles[0000] = (0ADA): Style_8F0B160B
					numRef = (04BD): IndexDef_1 index=008B u8_1=00
				objects[0007] = (00BD): Line3D flags=0289    u32_0=0000 pos=Vector (-14.150000000000002, 2.3500000000000005, 0.0) dir=Vector (-14.150000000000002, 5.3500000000000005, 0.0)
					styles = (04BA): ObjctStyles
						*styles[0000] = (0ADA): Style_8F0B160B
					numRef = (04BB): IndexDef_1 index=008A u8_1=00
				objects[0008] = (00BC): Line3D flags=0288    u32_0=0000 pos=Vector (-14.450000000000001, 5.3500000000000005, 0.0) dir=Vector (-14.450000000000001, 2.3500000000000005, 0.0)
					styles = (04B8): ObjctStyles
						*styles[0000] = (0ADA): Style_8F0B160B
					numRef = (04B9): IndexDef_1 index=0089 u8_1=00
				objects[0009] = (00BB): Line3D flags=0284    u32_0=0000 pos=Vector (-14.300000000000002, 5.3500000000000005, 0.0) dir=Vector (-14.300000000000002, 2.3500000000000005, 0.0)
					styles = (04B6): ObjctStyles
						*styles[0000] = (0ADC): Style_8F0B160C
						*styles[0001] = (0ADD): Style_8F0B160B
					numRef = (04B7): IndexDef_1 index=0088 u8_1=00
				objects[000A] = (00BA): Point3D flags=0283    u32_0=0000 pos=Vector (-14.300000000000002, 2.3500000000000005, 0.0) f32_0=4 s32_0=-1 u16_0=000
					styles = (04B4): ObjctStyles
						*styles[0000] = (0ADB): Style_Visibility
						*styles[0001] = (0ADA): Style_8F0B160B
					numRef = (04B5): IndexDef_2 index=0087
				objects[000B] = (00B9): Point3D flags=0281    u32_0=0000 pos=Vector (-14.300000000000002, 5.3500000000000005, 0.0) f32_0=4 s32_0=-1 u16_0=000
					styles = (04B2): ObjctStyles
						*styles[0000] = (0ADB): Style_Visibility
						*styles[0001] = (0ADA): Style_8F0B160B
					numRef = (04B3): IndexDef_2 index=0086
				objects[000C] = (00B8): Point3D flags=0280    u32_0=0000 pos=Vector (-14.150000000000002, 5.3500000000000005, 0.0) f32_0=4 s32_0=-1 u16_0=000
					styles = (04B0): ObjctStyles
						*styles[0000] = (0ADB): Style_Visibility
						*styles[0001] = (0ADA): Style_8F0B160B
					numRef = (04B1): IndexDef_2 index=0085
				objects[000D] = (00B7): Point3D flags=027F    u32_0=0000 pos=Vector (-14.150000000000002, 2.3500000000000005, 0.0) f32_0=4 s32_0=-1 u16_0=000
					styles = (04AE): ObjctStyles
						*styles[0000] = (0ADB): Style_Visibility
						*styles[0001] = (0ADA): Style_8F0B160B
					numRef = (04AF): IndexDef_2 index=0084
				objects[000E] = (00B6): Point3D flags=027E    u32_0=0000 pos=Vector (-14.450000000000001, 2.3500000000000005, 0.0) f32_0=4 s32_0=-1 u16_0=000
					styles = (04AC): ObjctStyles
						*styles[0000] = (0ADB): Style_Visibility
						*styles[0001] = (0ADA): Style_8F0B160B
					numRef = (04AD): IndexDef_2 index=0083
				objects[000F] = (00B5): Point3D flags=027D    u32_0=0000 pos=Vector (-14.450000000000001, 5.3500000000000005, 0.0) f32_0=4 s32_0=-1 u16_0=000
					styles = (04AA): ObjctStyles
						*styles[0000] = (0ADB): Style_Visibility
						*styles[0001] = (0ADA): Style_8F0B160B
					numRef = (04AB): IndexDef_2 index=0082
				objects[0010] = (00B4): Point3D flags=027B    u32_0=0000 pos=Vector (-12.600000000000001, 3.8500000000000005, 0.0) f32_0=4 s32_0=-1 u16_0=000
					styles = (04A8): ObjctStyles
						*styles[0000] = (0ADA): Style_8F0B160B
					numRef = (04A9): IndexDef_2 index=0081
				objects[0011] = (00B3): Arc3D flags=026E    u32_0=0000 center=Vector (-12.600000000000001, 2.3500000000000005, 1.0) f64_0=0 r=0.15 startAngle=180Â° sweepAngle=360Â°
					styles = (04A6): ObjctStyles
						*styles[0000] = (0ADA): Style_8F0B160B
					numRef = (04A7): IndexDef_1 index=0080 u8_1=00
				objects[0012] = (00B2): Arc3D flags=026D    u32_0=0000 center=Vector (-12.600000000000001, 5.35, 1.0) f64_0=0 r=0.15 startAngle=0Â° sweepAngle=180Â°
					styles = (04A4): ObjctStyles
						*styles[0000] = (0ADA): Style_8F0B160B
					numRef = (04A5): IndexDef_1 index=007F u8_1=00
				objects[0013] = (00B1): Line3D flags=0267    u32_0=0000 pos=Vector (-12.450000000000003, 2.3500000000000005, 0.0) dir=Vector (-12.450000000000001, 5.35, 0.0)
					styles = (04A2): ObjctStyles
						*styles[0000] = (0ADA): Style_8F0B160B
					numRef = (04A3): IndexDef_1 index=007E u8_1=00
				objects[0014] = (00B0): Line3D flags=0266    u32_0=0000 pos=Vector (-12.750000000000002, 5.35, 0.0) dir=Vector (-12.750000000000002, 2.3500000000000005, 0.0)
					styles = (04A0): ObjctStyles
						*styles[0000] = (0ADA): Style_8F0B160B
					numRef = (04A1): IndexDef_1 index=007D u8_1=00
				objects[0015] = (00AF): Line3D flags=0262    u32_0=0000 pos=Vector (-12.600000000000001, 5.35, 0.0) dir=Vector (-12.600000000000001, 2.3500000000000005, 0.0)
					styles = (049E): ObjctStyles
						*styles[0000] = (0ADC): Style_8F0B160C
						*styles[0001] = (0ADD): Style_8F0B160B
					numRef = (049F): IndexDef_1 index=007C u8_1=00
				objects[0016] = (00AE): Point3D flags=0261    u32_0=0000 pos=Vector (-12.600000000000001, 2.3500000000000005, 0.0) f32_0=4 s32_0=-1 u16_0=000
					styles = (049C): ObjctStyles
						*styles[0000] = (0ADB): Style_Visibility
						*styles[0001] = (0ADA): Style_8F0B160B
					numRef = (049D): IndexDef_2 index=007B
				objects[0017] = (00AD): Point3D flags=025F    u32_0=0000 pos=Vector (-12.600000000000001, 5.35, 0.0) f32_0=4 s32_0=-1 u16_0=000
					styles = (049A): ObjctStyles
						*styles[0000] = (0ADB): Style_Visibility
						*styles[0001] = (0ADA): Style_8F0B160B
					numRef = (049B): IndexDef_2 index=007A
				objects[0018] = (00AC): Point3D flags=025E    u32_0=0000 pos=Vector (-12.450000000000001, 5.35, 0.0) f32_0=4 s32_0=-1 u16_0=000
					styles = (0498): ObjctStyles
						*styles[0000] = (0ADB): Style_Visibility
						*styles[0001] = (0ADA): Style_8F0B160B
					numRef = (0499): IndexDef_2 index=0079
				objects[0019] = (00AB): Point3D flags=025D    u32_0=0000 pos=Vector (-12.450000000000003, 2.3500000000000005, 0.0) f32_0=4 s32_0=-1 u16_0=000
					styles = (0496): ObjctStyles
						*styles[0000] = (0ADB): Style_Visibility
						*styles[0001] = (0ADA): Style_8F0B160B
					numRef = (0497): IndexDef_2 index=0078
				objects[001A] = (00AA): Point3D flags=025C    u32_0=0000 pos=Vector (-12.750000000000002, 2.3500000000000005, 0.0) f32_0=4 s32_0=-1 u16_0=000
					styles = (0494): ObjctStyles
						*styles[0000] = (0ADB): Style_Visibility
						*styles[0001] = (0ADA): Style_8F0B160B
					numRef = (0495): IndexDef_2 index=0077
				objects[001B] = (00A9): Point3D flags=025B    u32_0=0000 pos=Vector (-12.750000000000002, 5.35, 0.0) f32_0=4 s32_0=-1 u16_0=000
					styles = (0492): ObjctStyles
						*styles[0000] = (0ADB): Style_Visibility
						*styles[0001] = (0ADA): Style_8F0B160B
					numRef = (0493): IndexDef_2 index=0076
				objects[001C] = (00A8): Point3D flags=0259    u32_0=0000 pos=Vector (-10.900000000000002, 3.3500000000000005, 0.0) f32_0=4 s32_0=-1 u16_0=000
					styles = (0490): ObjctStyles
						*styles[0000] = (0ADA): Style_8F0B160B
					numRef = (0491): IndexDef_2 index=0075
				objects[001D] = (00A7): Arc3D flags=024C    u32_0=0000 center=Vector (-10.900000000000002, 1.3500000000000005, 1.0) f64_0=0 r=0.15 startAngle=180Â° sweepAngle=360Â°
					styles = (048E): ObjctStyles
						*styles[0000] = (0ADA): Style_8F0B160B
					numRef = (048F): IndexDef_1 index=0074 u8_1=00
				objects[001E] = (00A6): Arc3D flags=024B    u32_0=0000 center=Vector (-10.900000000000002, 5.35, 1.0) f64_0=0 r=0.15 startAngle=0Â° sweepAngle=180Â°
					styles = (048C): ObjctStyles
						*styles[0000] = (0ADA): Style_8F0B160B
					numRef = (048D): IndexDef_1 index=0073 u8_1=00
				objects[001F] = (00A5): Line3D flags=0245    u32_0=0000 pos=Vector (-10.75, 1.3500000000000005, 0.0) dir=Vector (-10.75, 5.35, 0.0)
					styles = (048A): ObjctStyles
						*styles[0000] = (0ADA): Style_8F0B160B
					numRef = (048B): IndexDef_1 index=0072 u8_1=00
				objects[0020] = (00A4): Line3D flags=0244    u32_0=0000 pos=Vector (-11.05, 5.35, 0.0) dir=Vector (-11.05, 1.3500000000000005, 0.0)
					styles = (0488): ObjctStyles
						*styles[0000] = (0ADA): Style_8F0B160B
					numRef = (0489): IndexDef_1 index=0071 u8_1=00
				objects[0021] = (00A3): Line3D flags=0240    u32_0=0000 pos=Vector (-10.900000000000002, 5.35, 0.0) dir=Vector (-10.900000000000002, 1.3500000000000005, 0.0)
					styles = (0486): ObjctStyles
						*styles[0000] = (0ADC): Style_8F0B160C
						*styles[0001] = (0ADD): Style_8F0B160B
					numRef = (0487): IndexDef_1 index=0070 u8_1=00
				objects[0022] = (00A2): Point3D flags=023F    u32_0=0000 pos=Vector (-10.900000000000002, 1.3500000000000005, 0.0) f32_0=4 s32_0=-1 u16_0=000
					styles = (0484): ObjctStyles
						*styles[0000] = (0ADB): Style_Visibility
						*styles[0001] = (0ADA): Style_8F0B160B
					numRef = (0485): IndexDef_2 index=006F
				objects[0023] = (00A1): Point3D flags=023D    u32_0=0000 pos=Vector (-10.900000000000002, 5.35, 0.0) f32_0=4 s32_0=-1 u16_0=000
					styles = (0482): ObjctStyles
						*styles[0000] = (0ADB): Style_Visibility
						*styles[0001] = (0ADA): Style_8F0B160B
					numRef = (0483): IndexDef_2 index=006E
				objects[0024] = (00A0): Point3D flags=023C    u32_0=0000 pos=Vector (-10.75, 5.35, 0.0) f32_0=4 s32_0=-1 u16_0=000
					styles = (0480): ObjctStyles
						*styles[0000] = (0ADB): Style_Visibility
						*styles[0001] = (0ADA): Style_8F0B160B
					numRef = (0481): IndexDef_2 index=006D
				objects[0025] = (009F): Point3D flags=023B    u32_0=0000 pos=Vector (-10.75, 1.3500000000000005, 0.0) f32_0=4 s32_0=-1 u16_0=000
					styles = (047E): ObjctStyles
						*styles[0000] = (0ADB): Style_Visibility
						*styles[0001] = (0ADA): Style_8F0B160B
					numRef = (047F): IndexDef_2 index=006C
				objects[0026] = (009E): Point3D flags=023A    u32_0=0000 pos=Vector (-11.05, 1.3500000000000005, 0.0) f32_0=4 s32_0=-1 u16_0=000
					styles = (047C): ObjctStyles
						*styles[0000] = (0ADB): Style_Visibility
						*styles[0001] = (0ADA): Style_8F0B160B
					numRef = (047D): IndexDef_2 index=006B
				objects[0027] = (009D): Point3D flags=0239    u32_0=0000 pos=Vector (-11.05, 5.35, 0.0) f32_0=4 s32_0=-1 u16_0=000
					styles = (047A): ObjctStyles
						*styles[0000] = (0ADB): Style_Visibility
						*styles[0001] = (0ADA): Style_8F0B160B
					numRef = (047B): IndexDef_2 index=006A
				objects[0028] = (009C): Point3D flags=0237    u32_0=0000 pos=Vector (-9.200000000000001, 3.3500000000000005, 0.0) f32_0=4 s32_0=-1 u16_0=000
					styles = (0478): ObjctStyles
						*styles[0000] = (0ADA): Style_8F0B160B
					numRef = (0479): IndexDef_2 index=0069
				objects[0029] = (009B): Arc3D flags=022A    u32_0=0000 center=Vector (-9.200000000000001, 1.3500000000000005, 1.0) f64_0=0 r=0.15 startAngle=180Â° sweepAngle=360Â°
					styles = (0476): ObjctStyles
						*styles[0000] = (0ADA): Style_8F0B160B
					numRef = (0477): IndexDef_1 index=0068 u8_1=00
				objects[002A] = (009A): Arc3D flags=0229    u32_0=0000 center=Vector (-9.200000000000001, 5.35, 1.0) f64_0=0 r=0.15 startAngle=0Â° sweepAngle=180Â°
					styles = (0474): ObjctStyles
						*styles[0000] = (0ADA): Style_8F0B160B
					numRef = (0475): IndexDef_1 index=0067 u8_1=00
				objects[002B] = (0099): Line3D flags=0223    u32_0=0000 pos=Vector (-9.05, 1.3500000000000005, 0.0) dir=Vector (-9.05, 5.35, 0.0)
					styles = (0472): ObjctStyles
						*styles[0000] = (0ADA): Style_8F0B160B
					numRef = (0473): IndexDef_1 index=0066 u8_1=00
				objects[002C] = (0098): Line3D flags=0222    u32_0=0000 pos=Vector (-9.350000000000001, 5.35, 0.0) dir=Vector (-9.350000000000001, 1.3500000000000005, 0.0)
					styles = (0470): ObjctStyles
						*styles[0000] = (0ADA): Style_8F0B160B
					numRef = (0471): IndexDef_1 index=0065 u8_1=00
				objects[002D] = (0097): Line3D flags=021E    u32_0=0000 pos=Vector (-9.200000000000001, 5.35, 0.0) dir=Vector (-9.200000000000001, 1.3500000000000005, 0.0)
					styles = (046E): ObjctStyles
						*styles[0000] = (0ADC): Style_8F0B160C
						*styles[0001] = (0ADD): Style_8F0B160B
					numRef = (046F): IndexDef_1 index=0064 u8_1=00
				objects[002E] = (0096): Point3D flags=021D    u32_0=0000 pos=Vector (-9.200000000000001, 1.3500000000000005, 0.0) f32_0=4 s32_0=-1 u16_0=000
					styles = (046C): ObjctStyles
						*styles[0000] = (0ADB): Style_Visibility
						*styles[0001] = (0ADA): Style_8F0B160B
					numRef = (046D): IndexDef_2 index=0063
				objects[002F] = (0095): Point3D flags=021B    u32_0=0000 pos=Vector (-9.200000000000001, 5.35, 0.0) f32_0=4 s32_0=-1 u16_0=000
					styles = (046A): ObjctStyles
						*styles[0000] = (0ADB): Style_Visibility
						*styles[0001] = (0ADA): Style_8F0B160B
					numRef = (046B): IndexDef_2 index=0062
				objects[0030] = (0094): Point3D flags=021A    u32_0=0000 pos=Vector (-9.05, 5.35, 0.0) f32_0=4 s32_0=-1 u16_0=000
					styles = (0468): ObjctStyles
						*styles[0000] = (0ADB): Style_Visibility
						*styles[0001] = (0ADA): Style_8F0B160B
					numRef = (0469): IndexDef_2 index=0061
				objects[0031] = (0093): Point3D flags=0219    u32_0=0000 pos=Vector (-9.05, 1.3500000000000005, 0.0) f32_0=4 s32_0=-1 u16_0=000
					styles = (0466): ObjctStyles
						*styles[0000] = (0ADB): Style_Visibility
						*styles[0001] = (0ADA): Style_8F0B160B
					numRef = (0467): IndexDef_2 index=0060
				objects[0032] = (0092): Point3D flags=0218    u32_0=0000 pos=Vector (-9.350000000000001, 1.3500000000000005, 0.0) f32_0=4 s32_0=-1 u16_0=000
					styles = (0464): ObjctStyles
						*styles[0000] = (0ADB): Style_Visibility
						*styles[0001] = (0ADA): Style_8F0B160B
					numRef = (0465): IndexDef_2 index=005F
				objects[0033] = (0091): Point3D flags=0217    u32_0=0000 pos=Vector (-9.350000000000001, 5.35, 0.0) f32_0=4 s32_0=-1 u16_0=000
					styles = (0462): ObjctStyles
						*styles[0000] = (0ADB): Style_Visibility
						*styles[0001] = (0ADA): Style_8F0B160B
					numRef = (0463): IndexDef_2 index=005E
				objects[0034] = (0090): Point3D flags=0215    u32_0=0000 pos=Vector (-13.200000000000001, 7.4, 0.0) f32_0=4 s32_0=-1 u16_0=000
					styles = (0460): ObjctStyles
						*styles[0000] = (0ADA): Style_8F0B160B
					numRef = (0461): IndexDef_2 index=005D
				objects[0035] = (008F): Arc3D flags=0208    u32_0=0000 center=Vector (-9.200000000000001, 7.4, 1.0) f64_0=0 r=0.15 startAngle=270Â° sweepAngle=450Â°
					styles = (045E): ObjctStyles
						*styles[0000] = (0ADA): Style_8F0B160B
					numRef = (045F): IndexDef_1 index=005C u8_1=00
				objects[0036] = (008E): Arc3D flags=0207    u32_0=0000 center=Vector (-17.2, 7.3999999999999995, 1.0) f64_0=0 r=0.15 startAngle=90Â° sweepAngle=270Â°
					styles = (045C): ObjctStyles
						*styles[0000] = (0ADA): Style_8F0B160B
					numRef = (045D): IndexDef_1 index=005B u8_1=00
				objects[0037] = (008D): Line3D flags=0201    u32_0=0000 pos=Vector (-9.200000000000001, 7.550000000000001, 0.0) dir=Vector (-17.2, 7.550000000000001, 0.0)
					styles = (045A): ObjctStyles
						*styles[0000] = (0ADA): Style_8F0B160B
					numRef = (045B): IndexDef_1 index=005A u8_1=00
				objects[0038] = (008C): Line3D flags=0200    u32_0=0000 pos=Vector (-17.2, 7.25, 0.0) dir=Vector (-9.200000000000001, 7.25, 0.0)
					styles = (0458): ObjctStyles
						*styles[0000] = (0ADA): Style_8F0B160B
					numRef = (0459): IndexDef_1 index=0059 u8_1=00
				objects[0039] = (008B): Line3D flags=01FC    u32_0=0000 pos=Vector (-17.2, 7.3999999999999995, 0.0) dir=Vector (-9.200000000000001, 7.4, 0.0)
					styles = (0456): ObjctStyles
						*styles[0000] = (0ADC): Style_8F0B160C
						*styles[0001] = (0ADD): Style_8F0B160B
					numRef = (0457): IndexDef_1 index=0058 u8_1=00
				objects[003A] = (008A): Point3D flags=01FB    u32_0=0000 pos=Vector (-9.200000000000001, 7.4, 0.0) f32_0=4 s32_0=-1 u16_0=000
					styles = (0454): ObjctStyles
						*styles[0000] = (0ADB): Style_Visibility
						*styles[0001] = (0ADA): Style_8F0B160B
					numRef = (0455): IndexDef_2 index=0057
				objects[003B] = (0089): Point3D flags=01FA    u32_0=0000 pos=Vector (-17.2, 7.3999999999999995, 0.0) f32_0=4 s32_0=-1 u16_0=000
					styles = (0452): ObjctStyles
						*styles[0000] = (0ADB): Style_Visibility
						*styles[0001] = (0ADA): Style_8F0B160B
					numRef = (0453): IndexDef_2 index=0056
				objects[003C] = (0088): Point3D flags=01F9    u32_0=0000 pos=Vector (-17.2, 7.550000000000001, 0.0) f32_0=4 s32_0=-1 u16_0=000
					styles = (0450): ObjctStyles
						*styles[0000] = (0ADB): Style_Visibility
						*styles[0001] = (0ADA): Style_8F0B160B
					numRef = (0451): IndexDef_2 index=0055
				objects[003D] = (0087): Point3D flags=01F8    u32_0=0000 pos=Vector (-9.200000000000001, 7.550000000000001, 0.0) f32_0=4 s32_0=-1 u16_0=000
					styles = (044E): ObjctStyles
						*styles[0000] = (0ADB): Style_Visibility
						*styles[0001] = (0ADA): Style_8F0B160B
					numRef = (044F): IndexDef_2 index=0054
				objects[003E] = (0086): Point3D flags=01F7    u32_0=0000 pos=Vector (-9.200000000000001, 7.25, 0.0) f32_0=4 s32_0=-1 u16_0=000
					styles = (044C): ObjctStyles
						*styles[0000] = (0ADB): Style_Visibility
						*styles[0001] = (0ADA): Style_8F0B160B
					numRef = (044D): IndexDef_2 index=0053
				objects[003F] = (0085): Point3D flags=01F6    u32_0=0000 pos=Vector (-17.2, 7.25, 0.0) f32_0=4 s32_0=-1 u16_0=000
					styles = (044A): ObjctStyles
						*styles[0000] = (0ADB): Style_Visibility
						*styles[0001] = (0ADA): Style_8F0B160B
					numRef = (044B): IndexDef_2 index=0052
				objects[0040] = (0084): Point3D flags=01F4    u32_0=0000 pos=Vector (-13.200000000000001, 8.9, 0.0) f32_0=4 s32_0=-1 u16_0=000
					styles = (0448): ObjctStyles
						*styles[0000] = (0ADA): Style_8F0B160B
					numRef = (0449): IndexDef_2 index=0051
				objects[0041] = (0083): Arc3D flags=01E7    u32_0=0000 center=Vector (-9.200000000000001, 8.9, 1.0) f64_0=0 r=0.15 startAngle=270Â° sweepAngle=450Â°
					styles = (0446): ObjctStyles
						*styles[0000] = (0ADA): Style_8F0B160B
					numRef = (0447): IndexDef_1 index=0050 u8_1=00
				objects[0042] = (0082): Arc3D flags=01E6    u32_0=0000 center=Vector (-17.2, 8.9, 1.0) f64_0=0 r=0.15 startAngle=90Â° sweepAngle=270Â°
					styles = (0444): ObjctStyles
						*styles[0000] = (0ADA): Style_8F0B160B
					numRef = (0445): IndexDef_1 index=004F u8_1=00
				objects[0043] = (0081): Line3D flags=01E0    u32_0=0000 pos=Vector (-9.200000000000001, 8.75, 0.0) dir=Vector (-17.2, 8.75, 0.0)
					styles = (0442): ObjctStyles
						*styles[0000] = (0ADA): Style_8F0B160B
					numRef = (0443): IndexDef_1 index=004E u8_1=00
				objects[0044] = (0080): Line3D flags=01DF    u32_0=0000 pos=Vector (-17.2, 9.05, 0.0) dir=Vector (-9.200000000000001, 9.05, 0.0)
					styles = (0440): ObjctStyles
						*styles[0000] = (0ADA): Style_8F0B160B
					numRef = (0441): IndexDef_1 index=004D u8_1=00
				objects[0045] = (007F): Line3D flags=01DB    u32_0=0000 pos=Vector (-17.2, 8.9, 0.0) dir=Vector (-9.200000000000001, 8.9, 0.0)
					styles = (043E): ObjctStyles
						*styles[0000] = (0ADC): Style_8F0B160C
						*styles[0001] = (0ADD): Style_8F0B160B
					numRef = (043F): IndexDef_1 index=004C u8_1=00
				objects[0046] = (007E): Point3D flags=01DA    u32_0=0000 pos=Vector (-9.200000000000001, 8.9, 0.0) f32_0=4 s32_0=-1 u16_0=000
					styles = (043C): ObjctStyles
						*styles[0000] = (0ADB): Style_Visibility
						*styles[0001] = (0ADA): Style_8F0B160B
					numRef = (043D): IndexDef_2 index=004B
				objects[0047] = (007D): Point3D flags=01D9    u32_0=0000 pos=Vector (-17.2, 8.9, 0.0) f32_0=4 s32_0=-1 u16_0=000
					styles = (043A): ObjctStyles
						*styles[0000] = (0ADB): Style_Visibility
						*styles[0001] = (0ADA): Style_8F0B160B
					numRef = (043B): IndexDef_2 index=004A
				objects[0048] = (007C): Point3D flags=01D8    u32_0=0000 pos=Vector (-17.2, 8.75, 0.0) f32_0=4 s32_0=-1 u16_0=000
					styles = (0438): ObjctStyles
						*styles[0000] = (0ADB): Style_Visibility
						*styles[0001] = (0ADA): Style_8F0B160B
					numRef = (0439): IndexDef_2 index=0049
				objects[0049] = (007B): Point3D flags=01D7    u32_0=0000 pos=Vector (-9.200000000000001, 8.75, 0.0) f32_0=4 s32_0=-1 u16_0=000
					styles = (0436): ObjctStyles
						*styles[0000] = (0ADB): Style_Visibility
						*styles[0001] = (0ADA): Style_8F0B160B
					numRef = (0437): IndexDef_2 index=0048
				objects[004A] = (007A): Point3D flags=01D6    u32_0=0000 pos=Vector (-9.200000000000001, 9.05, 0.0) f32_0=4 s32_0=-1 u16_0=000
					styles = (0434): ObjctStyles
						*styles[0000] = (0ADB): Style_Visibility
						*styles[0001] = (0ADA): Style_8F0B160B
					numRef = (0435): IndexDef_2 index=0047
				objects[004B] = (0079): Point3D flags=01D5    u32_0=0000 pos=Vector (-17.2, 9.05, 0.0) f32_0=4 s32_0=-1 u16_0=000
					styles = (0432): ObjctStyles
						*styles[0000] = (0ADB): Style_Visibility
						*styles[0001] = (0ADA): Style_8F0B160B
					numRef = (0433): IndexDef_2 index=0046
				objects[004C] = (0078): Point3D flags=01D3    u32_0=0000 pos=Vector (-14.3, 12.450000000000001, 0.0) f32_0=4 s32_0=-1 u16_0=000
					styles = (0430): ObjctStyles
						*styles[0000] = (0ADA): Style_8F0B160B
					numRef = (0431): IndexDef_2 index=0045
				objects[004D] = (0077): Arc3D flags=01C6    u32_0=0000 center=Vector (-14.3, 10.950000000000001, 1.0) f64_0=0 r=0.15 startAngle=180Â° sweepAngle=360Â°
					styles = (042E): ObjctStyles
						*styles[0000] = (0ADA): Style_8F0B160B
					numRef = (042F): IndexDef_1 index=0044 u8_1=00
				objects[004E] = (0076): Arc3D flags=01C5    u32_0=0000 center=Vector (-14.3, 13.950000000000001, 1.0) f64_0=0 r=0.15 startAngle=0Â° sweepAngle=180Â°
					styles = (042C): ObjctStyles
						*styles[0000] = (0ADA): Style_8F0B160B
					numRef = (042D): IndexDef_1 index=0043 u8_1=00
				objects[004F] = (0075): Line3D flags=01BF    u32_0=0000 pos=Vector (-14.150000000000004, 10.950000000000001, 0.0) dir=Vector (-14.150000000000004, 13.950000000000001, 0.0)
					styles = (042A): ObjctStyles
						*styles[0000] = (0ADA): Style_8F0B160B
					numRef = (042B): IndexDef_1 index=0042 u8_1=00
				objects[0050] = (0074): Line3D flags=01BE    u32_0=0000 pos=Vector (-14.450000000000001, 13.950000000000001, 0.0) dir=Vector (-14.450000000000001, 10.950000000000001, 0.0)
					styles = (0428): ObjctStyles
						*styles[0000] = (0ADA): Style_8F0B160B
					numRef = (0429): IndexDef_1 index=0041 u8_1=00
				objects[0051] = (0073): Line3D flags=01BA    u32_0=0000 pos=Vector (-14.3, 13.950000000000001, 0.0) dir=Vector (-14.3, 10.950000000000001, 0.0)
					styles = (0426): ObjctStyles
						styles[0000] = (0ADC): Style_8F0B160Cu32_0=0001 a0=(000,000,3F80,003,AAAA,000,000,000,000,000) u8_0=00 a1=(3F80,000,000) a2=(000,000,00F,000) u32_1=0001
						styles[0001] = (0ADD): Style_8F0B160Bu32_0=0001 Color.c0=#00000000 Color.diffuse=#333333FF Color.c1=#CCCCCCFF Color.c2=#FFFFFFFF Color.c3=#000000FF Color.f=20 u8_0=01 a11=(014,000,000,000,000,000,000,000,000,000)
					numRef = (0427): IndexDef_1 index=0040 u8_1=00
				objects[0052] = (00F8): Point3D flags=01B9    u32_0=0000 pos=Vector (-14.3, 10.950000000000001, 0.0) f32_0=4 s32_0=-1 u16_0=000
					styles = (0530): ObjctStyles
						*styles[0000] = (0ADB): Style_Visibility
						*styles[0001] = (0ADA): Style_8F0B160B
					numRef = (0531): IndexDef_2 index=00C5
				objects[0053] = (00F7): Point3D flags=01B8    u32_0=0000 pos=Vector (-14.3, 13.950000000000001, 0.0) f32_0=4 s32_0=-1 u16_0=000
					styles = (052E): ObjctStyles
						*styles[0000] = (0ADB): Style_Visibility
						*styles[0001] = (0ADA): Style_8F0B160B
					numRef = (052F): IndexDef_2 index=00C4
				objects[0054] = (00F6): Point3D flags=01B7    u32_0=0000 pos=Vector (-14.150000000000004, 13.950000000000001, 0.0) f32_0=4 s32_0=-1 u16_0=000
					styles = (052C): ObjctStyles
						*styles[0000] = (0ADB): Style_Visibility
						*styles[0001] = (0ADA): Style_8F0B160B
					numRef = (052D): IndexDef_2 index=00C3
				objects[0055] = (00F5): Point3D flags=01B6    u32_0=0000 pos=Vector (-14.150000000000004, 10.950000000000001, 0.0) f32_0=4 s32_0=-1 u16_0=000
					styles = (052A): ObjctStyles
						*styles[0000] = (0ADB): Style_Visibility
						*styles[0001] = (0ADA): Style_8F0B160B
					numRef = (052B): IndexDef_2 index=00C2
				objects[0056] = (00F4): Point3D flags=01B5    u32_0=0000 pos=Vector (-14.450000000000001, 10.950000000000001, 0.0) f32_0=4 s32_0=-1 u16_0=000
					styles = (0528): ObjctStyles
						*styles[0000] = (0ADB): Style_Visibility
						*styles[0001] = (0ADA): Style_8F0B160B
					numRef = (0529): IndexDef_2 index=00C1
				objects[0057] = (00F3): Point3D flags=01B4    u32_0=0000 pos=Vector (-14.450000000000001, 13.950000000000001, 0.0) f32_0=4 s32_0=-1 u16_0=000
					styles = (0526): ObjctStyles
						*styles[0000] = (0ADB): Style_Visibility
						*styles[0001] = (0ADA): Style_8F0B160B
					numRef = (0527): IndexDef_2 index=00C0
				objects[0058] = (00F2): Point3D flags=01B2    u32_0=0000 pos=Vector (-12.600000000000001, 12.450000000000001, 0.0) f32_0=4 s32_0=-1 u16_0=000
					styles = (0524): ObjctStyles
						*styles[0000] = (0ADA): Style_8F0B160B
					numRef = (0525): IndexDef_2 index=00BF
				objects[0059] = (00F1): Arc3D flags=01A5    u32_0=0000 center=Vector (-12.600000000000001, 10.950000000000001, 1.0) f64_0=0 r=0.15 startAngle=180Â° sweepAngle=360Â°
					styles = (0522): ObjctStyles
						*styles[0000] = (0ADA): Style_8F0B160B
					numRef = (0523): IndexDef_1 index=00BE u8_1=00
				objects[005A] = (00F0): Arc3D flags=01A4    u32_0=0000 center=Vector (-12.600000000000001, 13.950000000000001, 1.0) f64_0=0 r=0.15 startAngle=0Â° sweepAngle=180Â°
					styles = (0520): ObjctStyles
						*styles[0000] = (0ADA): Style_8F0B160B
					numRef = (0521): IndexDef_1 index=00BD u8_1=00
				objects[005B] = (00EF): Line3D flags=019E    u32_0=0000 pos=Vector (-12.450000000000001, 10.950000000000001, 0.0) dir=Vector (-12.450000000000001, 13.950000000000001, 0.0)
					styles = (051E): ObjctStyles
						*styles[0000] = (0ADA): Style_8F0B160B
					numRef = (051F): IndexDef_1 index=00BC u8_1=00
				objects[005C] = (00EE): Line3D flags=019D    u32_0=0000 pos=Vector (-12.750000000000002, 13.950000000000001, 0.0) dir=Vector (-12.750000000000002, 10.950000000000001, 0.0)
					styles = (051C): ObjctStyles
						*styles[0000] = (0ADA): Style_8F0B160B
					numRef = (051D): IndexDef_1 index=00BB u8_1=00
				objects[005D] = (00ED): Line3D flags=0199    u32_0=0000 pos=Vector (-12.600000000000001, 13.950000000000001, 0.0) dir=Vector (-12.600000000000001, 10.950000000000001, 0.0)
					styles = (051A): ObjctStyles
						*styles[0000] = (0ADC): Style_8F0B160C
						*styles[0001] = (0ADD): Style_8F0B160B
					numRef = (051B): IndexDef_1 index=00BA u8_1=00
				objects[005E] = (00EC): Point3D flags=0198    u32_0=0000 pos=Vector (-12.600000000000001, 10.950000000000001, 0.0) f32_0=4 s32_0=-1 u16_0=000
					styles = (0518): ObjctStyles
						*styles[0000] = (0ADB): Style_Visibility
						*styles[0001] = (0ADA): Style_8F0B160B
					numRef = (0519): IndexDef_2 index=00B9
				objects[005F] = (00EB): Point3D flags=0197    u32_0=0000 pos=Vector (-12.600000000000001, 13.950000000000001, 0.0) f32_0=4 s32_0=-1 u16_0=000
					styles = (0516): ObjctStyles
						*styles[0000] = (0ADB): Style_Visibility
						*styles[0001] = (0ADA): Style_8F0B160B
					numRef = (0517): IndexDef_2 index=00B8
				objects[0060] = (00EA): Point3D flags=0196    u32_0=0000 pos=Vector (-12.450000000000001, 13.950000000000001, 0.0) f32_0=4 s32_0=-1 u16_0=000
					styles = (0514): ObjctStyles
						*styles[0000] = (0ADB): Style_Visibility
						*styles[0001] = (0ADA): Style_8F0B160B
					numRef = (0515): IndexDef_2 index=00B7
				objects[0061] = (00E9): Point3D flags=0195    u32_0=0000 pos=Vector (-12.450000000000001, 10.950000000000001, 0.0) f32_0=4 s32_0=-1 u16_0=000
					styles = (0512): ObjctStyles
						*styles[0000] = (0ADB): Style_Visibility
						*styles[0001] = (0ADA): Style_8F0B160B
					numRef = (0513): IndexDef_2 index=00B6
				objects[0062] = (00E8): Point3D flags=0194    u32_0=0000 pos=Vector (-12.750000000000002, 10.950000000000001, 0.0) f32_0=4 s32_0=-1 u16_0=000
					styles = (0510): ObjctStyles
						*styles[0000] = (0ADB): Style_Visibility
						*styles[0001] = (0ADA): Style_8F0B160B
					numRef = (0511): IndexDef_2 index=00B5
				objects[0063] = (00E7): Point3D flags=0193    u32_0=0000 pos=Vector (-12.750000000000002, 13.950000000000001, 0.0) f32_0=4 s32_0=-1 u16_0=000
					styles = (050E): ObjctStyles
						*styles[0000] = (0ADB): Style_Visibility
						*styles[0001] = (0ADA): Style_8F0B160B
					numRef = (050F): IndexDef_2 index=00B4
				objects[0064] = (00E6): Point3D flags=0191    u32_0=0000 pos=Vector (-10.9, 12.95, 0.0) f32_0=4 s32_0=-1 u16_0=000
					styles = (050C): ObjctStyles
						*styles[0000] = (0ADA): Style_8F0B160B
					numRef = (050D): IndexDef_2 index=00B3
				objects[0065] = (00E5): Arc3D flags=0184    u32_0=0000 center=Vector (-10.9, 10.950000000000001, 1.0) f64_0=0 r=0.15 startAngle=180Â° sweepAngle=360Â°
					styles = (050A): ObjctStyles
						*styles[0000] = (0ADA): Style_8F0B160B
					numRef = (050B): IndexDef_1 index=00B2 u8_1=00
				objects[0066] = (00E4): Arc3D flags=0183    u32_0=0000 center=Vector (-10.9, 14.95, 1.0) f64_0=0 r=0.15 startAngle=0Â° sweepAngle=180Â°
					styles = (0508): ObjctStyles
						*styles[0000] = (0ADA): Style_8F0B160B
					numRef = (0509): IndexDef_1 index=00B1 u8_1=00
				objects[0067] = (00E3): Line3D flags=017D    u32_0=0000 pos=Vector (-10.750000000000002, 10.950000000000001, 0.0) dir=Vector (-10.75, 14.95, 0.0)
					styles = (0506): ObjctStyles
						*styles[0000] = (0ADA): Style_8F0B160B
					numRef = (0507): IndexDef_1 index=00B0 u8_1=00
				objects[0068] = (00E2): Line3D flags=017C    u32_0=0000 pos=Vector (-11.05, 14.95, 0.0) dir=Vector (-11.05, 10.950000000000001, 0.0)
					styles = (0504): ObjctStyles
						*styles[0000] = (0ADA): Style_8F0B160B
					numRef = (0505): IndexDef_1 index=00AF u8_1=00
				objects[0069] = (00E1): Line3D flags=0178    u32_0=0000 pos=Vector (-10.9, 14.95, 0.0) dir=Vector (-10.9, 10.950000000000001, 0.0)
					styles = (0502): ObjctStyles
						*styles[0000] = (0ADC): Style_8F0B160C
						*styles[0001] = (0ADD): Style_8F0B160B
					numRef = (0503): IndexDef_1 index=00AE u8_1=00
				objects[006A] = (00E0): Point3D flags=0177    u32_0=0000 pos=Vector (-10.9, 10.950000000000001, 0.0) f32_0=4 s32_0=-1 u16_0=000
					styles = (0500): ObjctStyles
						*styles[0000] = (0ADB): Style_Visibility
						*styles[0001] = (0ADA): Style_8F0B160B
					numRef = (0501): IndexDef_2 index=00AD
				objects[006B] = (00DF): Point3D flags=0176    u32_0=0000 pos=Vector (-10.9, 14.95, 0.0) f32_0=4 s32_0=-1 u16_0=000
					styles = (04FE): ObjctStyles
						*styles[0000] = (0ADB): Style_Visibility
						*styles[0001] = (0ADA): Style_8F0B160B
					numRef = (04FF): IndexDef_2 index=00AC
				objects[006C] = (00DE): Point3D flags=0175    u32_0=0000 pos=Vector (-10.75, 14.95, 0.0) f32_0=4 s32_0=-1 u16_0=000
					styles = (04FC): ObjctStyles
						*styles[0000] = (0ADB): Style_Visibility
						*styles[0001] = (0ADA): Style_8F0B160B
					numRef = (04FD): IndexDef_2 index=00AB
				objects[006D] = (00DD): Point3D flags=0174    u32_0=0000 pos=Vector (-10.750000000000002, 10.950000000000001, 0.0) f32_0=4 s32_0=-1 u16_0=000
					styles = (04FA): ObjctStyles
						*styles[0000] = (0ADB): Style_Visibility
						*styles[0001] = (0ADA): Style_8F0B160B
					numRef = (04FB): IndexDef_2 index=00AA
				objects[006E] = (00DC): Point3D flags=0173    u32_0=0000 pos=Vector (-11.05, 10.950000000000001, 0.0) f32_0=4 s32_0=-1 u16_0=000
					styles = (04F8): ObjctStyles
						*styles[0000] = (0ADB): Style_Visibility
						*styles[0001] = (0ADA): Style_8F0B160B
					numRef = (04F9): IndexDef_2 index=00A9
				objects[006F] = (00DB): Point3D flags=0172    u32_0=0000 pos=Vector (-11.05, 14.95, 0.0) f32_0=4 s32_0=-1 u16_0=000
					styles = (04F6): ObjctStyles
						*styles[0000] = (0ADB): Style_Visibility
						*styles[0001] = (0ADA): Style_8F0B160B
					numRef = (04F7): IndexDef_2 index=00A8
				objects[0070] = (00DA): Point3D flags=016F    u32_0=0000 pos=Vector (-9.200000000000001, 12.95, 0.0) f32_0=4 s32_0=-1 u16_0=000
					styles = (04F4): ObjctStyles
						*styles[0000] = (0ADA): Style_8F0B160B
					numRef = (04F5): IndexDef_2 index=00A7
				objects[0071] = (00D9): Arc3D flags=0162    u32_0=0000 center=Vector (-9.200000000000001, 10.95, 1.0) f64_0=0 r=0.15 startAngle=180Â° sweepAngle=360Â°
					styles = (04F2): ObjctStyles
						*styles[0000] = (0ADA): Style_8F0B160B
					numRef = (04F3): IndexDef_1 index=00A6 u8_1=00
				objects[0072] = (00D8): Arc3D flags=0161    u32_0=0000 center=Vector (-9.200000000000001, 14.95, 1.0) f64_0=0 r=0.15 startAngle=0Â° sweepAngle=180Â°
					styles = (04F0): ObjctStyles
						*styles[0000] = (0ADA): Style_8F0B160B
					numRef = (04F1): IndexDef_1 index=00A5 u8_1=00
				objects[0073] = (00D7): Line3D flags=015B    u32_0=0000 pos=Vector (-9.05, 10.950000000000001, 0.0) dir=Vector (-9.050000000000002, 14.95, 0.0)
					styles = (04EE): ObjctStyles
						*styles[0000] = (0ADA): Style_8F0B160B
					numRef = (04EF): IndexDef_1 index=00A4 u8_1=00
				objects[0074] = (00D6): Line3D flags=015A    u32_0=0000 pos=Vector (-9.350000000000001, 14.95, 0.0) dir=Vector (-9.350000000000001, 10.950000000000001, 0.0)
					styles = (04EC): ObjctStyles
						*styles[0000] = (0ADA): Style_8F0B160B
					numRef = (04ED): IndexDef_1 index=00A3 u8_1=00
				objects[0075] = (00D5): Line3D flags=0156    u32_0=0000 pos=Vector (-9.200000000000001, 14.95, 0.0) dir=Vector (-9.200000000000001, 10.95, 0.0)
					styles = (04EA): ObjctStyles
						*styles[0000] = (0ADC): Style_8F0B160C
						*styles[0001] = (0ADD): Style_8F0B160B
					numRef = (04EB): IndexDef_1 index=00A2 u8_1=00
				objects[0076] = (00D4): Point3D flags=0155    u32_0=0000 pos=Vector (-9.200000000000001, 10.95, 0.0) f32_0=4 s32_0=-1 u16_0=000
					styles = (04E8): ObjctStyles
						*styles[0000] = (0ADB): Style_Visibility
						*styles[0001] = (0ADA): Style_8F0B160B
					numRef = (04E9): IndexDef_2 index=00A1
				objects[0077] = (00D3): Point3D flags=0154    u32_0=0000 pos=Vector (-9.200000000000001, 14.95, 0.0) f32_0=4 s32_0=-1 u16_0=000
					styles = (04E6): ObjctStyles
						*styles[0000] = (0ADB): Style_Visibility
						*styles[0001] = (0ADA): Style_8F0B160B
					numRef = (04E7): IndexDef_2 index=00A0
				objects[0078] = (00D2): Point3D flags=0153    u32_0=0000 pos=Vector (-9.050000000000002, 14.95, 0.0) f32_0=4 s32_0=-1 u16_0=000
					styles = (04E4): ObjctStyles
						*styles[0000] = (0ADB): Style_Visibility
						*styles[0001] = (0ADA): Style_8F0B160B
					numRef = (04E5): IndexDef_2 index=009F
				objects[0079] = (00D1): Point3D flags=0152    u32_0=0000 pos=Vector (-9.05, 10.950000000000001, 0.0) f32_0=4 s32_0=-1 u16_0=000
					styles = (04E2): ObjctStyles
						*styles[0000] = (0ADB): Style_Visibility
						*styles[0001] = (0ADA): Style_8F0B160B
					numRef = (04E3): IndexDef_2 index=009E
				objects[007A] = (00D0): Point3D flags=0151    u32_0=0000 pos=Vector (-9.350000000000001, 10.950000000000001, 0.0) f32_0=4 s32_0=-1 u16_0=000
					styles = (04E0): ObjctStyles
						*styles[0000] = (0ADB): Style_Visibility
						*styles[0001] = (0ADA): Style_8F0B160B
					numRef = (04E1): IndexDef_2 index=009D
				objects[007B] = (00CF): Point3D flags=0150    u32_0=0000 pos=Vector (-9.350000000000001, 14.95, 0.0) f32_0=4 s32_0=-1 u16_0=000
					styles = (04DE): ObjctStyles
						*styles[0000] = (0ADB): Style_Visibility
						*styles[0001] = (0ADA): Style_8F0B160B
					numRef = (04DF): IndexDef_2 index=009C
				objects[007C] = (00CE): Line3D flags=0140    u32_0=0000 pos=Vector (0.0, 13.0, 0.0) dir=Vector (-4.0, 13.0, 0.0)
					styles = (04DC): ObjctStyles
						*styles[0000] = (0ADE): Style_B32BF6A5
						*styles[0001] = (0ADF): Style_8F0B160B
					numRef = (04DD): IndexDef_1 index=009B u8_1=00
				objects[007D] = (00CD): Point3D flags=013C    u32_0=0000 pos=Vector (-4.0, 13.0, 0.0) f32_0=4 s32_0=-1 u16_0=000
					styles = (04DA): ObjctStyles
						*styles[0000] = (0ADB): Style_Visibility
						*styles[0001] = (0ADE): Style_B32BF6A5
						*styles[0002] = (0ADF): Style_8F0B160B
					numRef = (04DB): IndexDef_2 index=009A
				objects[007E] = (00CC): Line3D flags=0136    u32_0=0000 pos=Vector (0.0, 3.3, 0.0) dir=Vector (0.0, 13.0, 0.0)
					styles = (04D8): ObjctStyles
						*styles[0000] = (0ADE): Style_B32BF6A5
						*styles[0001] = (0ADF): Style_8F0B160B
					numRef = (04D9): IndexDef_1 index=0099 u8_1=00
				objects[007F] = (00CB): Point3D flags=0132    u32_0=0000 pos=Vector (0.0, 13.0, 0.0) f32_0=4 s32_0=-1 u16_0=000
					styles = (04D6): ObjctStyles
						*styles[0000] = (0ADB): Style_Visibility
						*styles[0001] = (0ADE): Style_B32BF6A5
						*styles[0002] = (0ADF): Style_8F0B160B
					numRef = (04D7): IndexDef_2 index=0098
				objects[0080] = (00CA): Point3D flags=012E    u32_0=0000 pos=Vector (0.0, 3.3, 0.0) f32_0=4 s32_0=-1 u16_0=000
					styles = (04D4): ObjctStyles
						*styles[0000] = (0ADB): Style_Visibility
						*styles[0001] = (0ADE): Style_B32BF6A5
						*styles[0002] = (0ADF): Style_8F0B160B
					numRef = (04D5): IndexDef_2 index=0097
				objects[0081] = (00C9): Line3D flags=010B    u32_0=0000 pos=Vector (-4.299999999999999, 4.3500000000000005, 0.0) dir=Vector (-4.300000000000001, 11.950000000000001, 0.0)
					styles = (04D2): ObjctStyles
						*styles[0000] = (0ADA): Style_8F0B160B
					numRef = (04D3): IndexDef_1 index=0096 u8_1=00
				objects[0082] = (00C8): Line3D flags=010A    u32_0=0000 pos=Vector (-1.999999999999999, 4.3500000000000005, 0.0) dir=Vector (-4.299999999999999, 4.3500000000000005, 0.0)
					styles = (04D0): ObjctStyles
						*styles[0000] = (0ADA): Style_8F0B160B
					numRef = (04D1): IndexDef_1 index=0095 u8_1=00
				objects[0083] = (00C7): Line3D flags=0109    u32_0=0000 pos=Vector (-2.0000000000000004, 11.950000000000001, 0.0) dir=Vector (-1.999999999999999, 4.3500000000000005, 0.0)
					styles = (04CE): ObjctStyles
						*styles[0000] = (0ADA): Style_8F0B160B
					numRef = (04CF): IndexDef_1 index=0094 u8_1=00
				objects[0084] = (00C6): Line3D flags=0108    u32_0=0000 pos=Vector (-4.300000000000001, 11.950000000000001, 0.0) dir=Vector (-2.0000000000000004, 11.950000000000001, 0.0)
					styles = (04CC): ObjctStyles
						*styles[0000] = (0ADA): Style_8F0B160B
					numRef = (04CD): IndexDef_1 index=0093 u8_1=00
				objects[0085] = (00C5): Point3D flags=0107    u32_0=0000 pos=Vector (-4.299999999999999, 4.3500000000000005, 0.0) f32_0=4 s32_0=-1 u16_0=000
					styles = (04CA): ObjctStyles
						*styles[0000] = (0ADB): Style_Visibility
						*styles[0001] = (0ADA): Style_8F0B160B
					numRef = (04CB): IndexDef_2 index=0092
				objects[0086] = (00C4): Point3D flags=0106    u32_0=0000 pos=Vector (-2.0000000000000004, 11.950000000000001, 0.0) f32_0=4 s32_0=-1 u16_0=000
					styles = (04C8): ObjctStyles
						*styles[0000] = (0ADB): Style_Visibility
						*styles[0001] = (0ADA): Style_8F0B160B
					numRef = (04C9): IndexDef_2 index=0091
				objects[0087] = (00C3): Point3D flags=0105    u32_0=0000 pos=Vector (-1.999999999999999, 4.3500000000000005, 0.0) f32_0=4 s32_0=-1 u16_0=000
					styles = (04C6): ObjctStyles
						*styles[0000] = (0ADB): Style_Visibility
						*styles[0001] = (0ADA): Style_8F0B160B
					numRef = (04C7): IndexDef_2 index=0090
				objects[0088] = (00C2): Point3D flags=0104    u32_0=0000 pos=Vector (-4.300000000000001, 11.950000000000001, 0.0) f32_0=4 s32_0=-1 u16_0=000
					styles = (04C4): ObjctStyles
						*styles[0000] = (0ADB): Style_Visibility
						*styles[0001] = (0ADA): Style_8F0B160B
					numRef = (04C5): IndexDef_2 index=008F
				objects[0089] = (00C1): Point3D flags=0102    u32_0=0000 pos=Vector (0.0, 0.0, 0.0) f32_0=4 s32_0=-1 u16_0=000
					styles = (04C2): ObjctStyles
						styles[0000] = (0ADE): Style_B32BF6A5u32_0=0001 u16_0=002
						styles[0001] = (0ADF): Style_8F0B160Bu32_0=0001 Color.c0=#00000000 Color.diffuse=#333333FF Color.c1=#CCCCCCFF Color.c2=#FFFFFFFF Color.c3=#000000FF Color.f=20 u8_0=01 a11=(02C,000,000,000,000,000,000,000,000,000)
					numRef = (04C3): IndexDef_2 index=008E
				objects[008A] = (041D): 3dObject flags=0001    u32_0=0000 
					styles = (0AD9): ObjctStyles
					objects[0000] = (010F): DimensioningLength flags=0000    u32_0=0000  u8_0=00 u32_1=0001 index=00DC u8_1=01
						styles = (05FA): ObjctStyles
							*styles[0000] = (0AE0): Style_8F0B160B
							*styles[0001] = (0AE1): Style_8F0B160C
							styles[0002] = (0BD4): Style_7AE0E1A3u32_0=0001 a0=Vector (0.0, 0.1, 0.0)
						numRef = (05FB): RefByKey_1 key=00DC
						*parent = (041D): 3dObject
						lst0[0000] = (05FC): 3dObject flags=0000    u32_0=0000 
							styles = (0BD5): ObjctStyles
								styles[0000] = (0E3C): Style_C29D5C11u32_0=0001 a0=Vector (-2.9808823529411757, -2.0764708658975266, 0.0)
								styles[0001] = (0E3D): Style_B32BF6A7u32_0=0001 f64_0=30 vec=Vector (-2.9808823529411757, -2.0764708658975266, 0.0) f64_1=1 u32_1=0000
							*numRef = (05FB): RefByKey_1
							objects[0000] = (0BD6): Text3D '23' flags=0000    u32_0=0001 vec=Vector (-3.2060039255548918, -2.2264708795414023, 0.0) a0=Vector (1.0, 0.0, 0.0) a1=(009,A7F9,000) b_0=False
								*numRef = (05FB): RefByKey_1
						lst0[0001] = (05FD): 3dObject flags=0000    u32_0=0000 
							styles = (0BD7): ObjctStyles
								styles[0000] = (0E3E): Style_B32BF6A7u32_0=0001 f64_0=50 vec=Vector (-1.999999999999999, -2.0764708658975266, 0.0) f64_1=1 u32_1=0000
							*numRef = (05FB): RefByKey_1
							objects[0000] = (0BD8): Line3D flags=0000    u32_0=0000 pos=Vector (-2.249999999999999, -2.1264708658975264, 0.0) dir=Vector (-1.999999999999999, -2.0764708658975266, 0.0)
								*numRef = (05FB): RefByKey_1
							objects[0001] = (0BD9): Line3D flags=0000    u32_0=0000 pos=Vector (-1.999999999999999, -2.0764708658975266, 0.0) dir=Vector (-2.249999999999999, -2.026470865897527, 0.0)
								*numRef = (05FB): RefByKey_1
							objects[0002] = (0BDA): Line3D flags=0000    u32_0=0000 pos=Vector (-2.249999999999999, -2.026470865897527, 0.0) dir=Vector (-2.249999999999999, -2.1264708658975264, 0.0)
								*numRef = (05FB): RefByKey_1
						lst0[0002] = (05FE): 3dObject flags=0000    u32_0=0000 
							styles = (0BDB): ObjctStyles
								styles[0000] = (0E3F): Style_B32BF6A7u32_0=0001 f64_0=50 vec=Vector (-4.299999999999999, -2.0764708658975266, 0.0) f64_1=1 u32_1=0000
							*numRef = (05FB): RefByKey_1
							objects[0000] = (0BDC): Line3D flags=0000    u32_0=0000 pos=Vector (-4.049999999999999, -2.026470865897527, 0.0) dir=Vector (-4.299999999999999, -2.0764708658975266, 0.0)
								*numRef = (05FB): RefByKey_1
							objects[0001] = (0BDD): Line3D flags=0000    u32_0=0000 pos=Vector (-4.299999999999999, -2.0764708658975266, 0.0) dir=Vector (-4.049999999999999, -2.1264708658975264, 0.0)
								*numRef = (05FB): RefByKey_1
							objects[0002] = (0BDE): Line3D flags=0000    u32_0=0000 pos=Vector (-4.049999999999999, -2.1264708658975264, 0.0) dir=Vector (-4.049999999999999, -2.026470865897527, 0.0)
								*numRef = (05FB): RefByKey_1
						lst0[0003] = (05FF): Line3D flags=0004    u32_0=0000 pos=Vector (-1.999999999999999, -2.0764708658975266, 0.0) dir=Vector (-4.299999999999999, -2.0764708658975266, 0.0)
							*numRef = (05FB): RefByKey_1
						lst0[0004] = (0600): Line3D flags=0006    u32_0=0000 pos=Vector (-1.999999999999999, 4.253360354012807, 0.0) dir=Vector (-1.999999999999999, -2.4630294498463003, 0.0)
							*numRef = (05FB): RefByKey_1
						lst0[0005] = (0601): Line3D flags=0007    u32_0=0000 pos=Vector (-4.299999999999999, 4.253360354012807, 0.0) dir=Vector (-4.299999999999999, -2.4630294498463003, 0.0)
							*numRef = (05FB): RefByKey_1
					objects[0001] = (0110): DimensioningLength flags=0000    u32_0=0000  u8_0=00 u32_1=0001 index=00DD u8_1=01
						styles = (0602): ObjctStyles
							*styles[0000] = (0AE0): Style_8F0B160B
							*styles[0001] = (0AE1): Style_8F0B160C
							styles[0002] = (0BDF): Style_7AE0E1A3u32_0=0001 a0=Vector (0.0, 0.1, 0.0)
						numRef = (0603): RefByKey_1 key=00DD
						*parent = (041D): 3dObject
						lst0[0000] = (0604): 3dObject flags=0000    u32_0=0000 
							styles = (0BE0): ObjctStyles
								styles[0000] = (0E40): Style_C29D5C11u32_0=0001 a0=Vector (0.3146851891284763, 9.914931628689601, 0.0)
								styles[0001] = (0E41): Style_B32BF6A7u32_0=0001 f64_0=30 vec=Vector (0.3146851891284763, 9.914931628689601, 0.0) f64_1=1 u32_1=0000
							*numRef = (0603): RefByKey_1
							objects[0000] = (0BE1): Text3D '76' flags=0000    u32_0=0001 vec=Vector (0.08956361651476019, 9.765296291163622, 0.0) a0=Vector (1.0, 0.0, 0.0) a1=(009,A7F9,000) b_0=False
								*numRef = (0603): RefByKey_1
						lst0[0001] = (0605): 3dObject flags=0000    u32_0=0000 
							styles = (0BE2): ObjctStyles
								styles[0000] = (0E42): Style_B32BF6A7u32_0=0001 f64_0=50 vec=Vector (0.3146851891284763, 11.950000000000001, 0.0) f64_1=1 u32_1=0000
							*numRef = (0603): RefByKey_1
							objects[0000] = (0BE3): Line3D flags=0000    u32_0=0000 pos=Vector (0.3646851891284763, 11.700000000000001, 0.0) dir=Vector (0.3146851891284763, 11.950000000000001, 0.0)
								*numRef = (0603): RefByKey_1
							objects[0001] = (0BE4): Line3D flags=0000    u32_0=0000 pos=Vector (0.3146851891284763, 11.950000000000001, 0.0) dir=Vector (0.26468518912847633, 11.700000000000001, 0.0)
								*numRef = (0603): RefByKey_1
							objects[0002] = (0BE5): Line3D flags=0000    u32_0=0000 pos=Vector (0.26468518912847633, 11.700000000000001, 0.0) dir=Vector (0.3646851891284763, 11.700000000000001, 0.0)
								*numRef = (0603): RefByKey_1
						lst0[0002] = (0606): 3dObject flags=0000    u32_0=0000 
							styles = (0BE6): ObjctStyles
								styles[0000] = (0E43): Style_B32BF6A7u32_0=0001 f64_0=50 vec=Vector (0.3146851891284763, 4.3500000000000005, 0.0) f64_1=1 u32_1=0000
							*numRef = (0603): RefByKey_1
							objects[0000] = (0BE7): Line3D flags=0000    u32_0=0000 pos=Vector (0.26468518912847633, 4.6000000000000005, 0.0) dir=Vector (0.3146851891284763, 4.3500000000000005, 0.0)
								*numRef = (0603): RefByKey_1
							objects[0001] = (0BE8): Line3D flags=0000    u32_0=0000 pos=Vector (0.3146851891284763, 4.3500000000000005, 0.0) dir=Vector (0.3646851891284763, 4.6000000000000005, 0.0)
								*numRef = (0603): RefByKey_1
							objects[0002] = (0BE9): Line3D flags=0000    u32_0=0000 pos=Vector (0.3646851891284763, 4.6000000000000005, 0.0) dir=Vector (0.26468518912847633, 4.6000000000000005, 0.0)
								*numRef = (0603): RefByKey_1
						lst0[0003] = (0607): Line3D flags=0004    u32_0=0000 pos=Vector (0.3146851891284763, 11.950000000000001, 0.0) dir=Vector (0.3146851891284763, 4.3500000000000005, 0.0)
							*numRef = (0603): RefByKey_1
						lst0[0004] = (0608): Line3D flags=0007    u32_0=0000 pos=Vector (-1.9033520660390482, 4.3500000000000005, 0.0) dir=Vector (0.7012769249722799, 4.3500000000000005, 0.0)
							*numRef = (0603): RefByKey_1
						lst0[0005] = (0609): Line3D flags=0006    u32_0=0000 pos=Vector (-1.9033520660390497, 11.950000000000001, 0.0) dir=Vector (0.7012769249722797, 11.950000000000001, 0.0)
							*numRef = (0603): RefByKey_1
					objects[0002] = (0111): DimensioningLength flags=0000    u32_0=0000  u8_0=00 u32_1=0001 index=00DE u8_1=01
						styles = (060A): ObjctStyles
							*styles[0000] = (0AE0): Style_8F0B160B
							*styles[0001] = (0AE1): Style_8F0B160C
							styles[0002] = (0BEA): Style_7AE0E1A3u32_0=0001 a0=Vector (0.0, 0.1, 0.0)
						numRef = (060B): RefByKey_1 key=00DE
						*parent = (041D): 3dObject
						lst0[0000] = (060C): 3dObject flags=0000    u32_0=0000 
							styles = (0BEB): ObjctStyles
								styles[0000] = (0E44): Style_C29D5C11u32_0=0001 a0=Vector (0.2047454794243252, -0.32571654960935037, 0.0)
								styles[0001] = (0E45): Style_B32BF6A7u32_0=0001 f64_0=30 vec=Vector (0.2047454794243252, -0.32571654960935037, 0.0) f64_1=1 u32_1=0000
							*numRef = (060B): RefByKey_1
							objects[0000] = (0BEC): Text3D '20' flags=0000    u32_0=0001 vec=Vector (-0.02037609318939093, -0.4757165632532261, 0.0) a0=Vector (1.0, 0.0, 0.0) a1=(009,A7F9,000) b_0=False
								*numRef = (060B): RefByKey_1
						lst0[0001] = (060D): 3dObject flags=0000    u32_0=0000 
							styles = (0BED): ObjctStyles
								styles[0000] = (0E46): Style_B32BF6A7u32_0=0001 f64_0=50 vec=Vector (0.0, -0.32571654960935037, 0.0) f64_1=1 u32_1=0000
							*numRef = (060B): RefByKey_1
							objects[0000] = (0BEE): Line3D flags=0000    u32_0=0000 pos=Vector (-0.25, -0.37571654960935036, 0.0) dir=Vector (0.0, -0.32571654960935037, 0.0)
								*numRef = (060B): RefByKey_1
							objects[0001] = (0BEF): Line3D flags=0000    u32_0=0000 pos=Vector (0.0, -0.32571654960935037, 0.0) dir=Vector (-0.25, -0.2757165496093504, 0.0)
								*numRef = (060B): RefByKey_1
							objects[0002] = (0BF0): Line3D flags=0000    u32_0=0000 pos=Vector (-0.25, -0.2757165496093504, 0.0) dir=Vector (-0.25, -0.37571654960935036, 0.0)
								*numRef = (060B): RefByKey_1
						lst0[0002] = (060E): 3dObject flags=0000    u32_0=0000 
							styles = (0BF1): ObjctStyles
								styles[0000] = (0E47): Style_B32BF6A7u32_0=0001 f64_0=50 vec=Vector (-1.999999999999999, -0.32571654960935037, 0.0) f64_1=1 u32_1=0000
							*numRef = (060B): RefByKey_1
							objects[0000] = (0BF2): Line3D flags=0000    u32_0=0000 pos=Vector (-1.749999999999999, -0.2757165496093504, 0.0) dir=Vector (-1.999999999999999, -0.32571654960935037, 0.0)
								*numRef = (060B): RefByKey_1
							objects[0001] = (0BF3): Line3D flags=0000    u32_0=0000 pos=Vector (-1.999999999999999, -0.32571654960935037, 0.0) dir=Vector (-1.749999999999999, -0.37571654960935036, 0.0)
								*numRef = (060B): RefByKey_1
							objects[0002] = (0BF4): Line3D flags=0000    u32_0=0000 pos=Vector (-1.749999999999999, -0.37571654960935036, 0.0) dir=Vector (-1.749999999999999, -0.2757165496093504, 0.0)
								*numRef = (060B): RefByKey_1
						lst0[0003] = (060F): Line3D flags=0004    u32_0=0000 pos=Vector (0.0, -0.32571654960935037, 0.0) dir=Vector (-1.999999999999999, -0.32571654960935037, 0.0)
							*numRef = (060B): RefByKey_1
						lst0[0004] = (0610): Line3D flags=0006    u32_0=0000 pos=Vector (0.0, 3.154731232044046, 0.0) dir=Vector (0.0, -0.9067916214331655, 0.0)
							*numRef = (060B): RefByKey_1
						lst0[0005] = (0611): Line3D flags=0007    u32_0=0000 pos=Vector (-1.999999999999999, 4.204731232044047, 0.0) dir=Vector (-1.999999999999999, -0.9067916214331655, 0.0)
							*numRef = (060B): RefByKey_1
						lst0[0006] = (0612): Line3D flags=0004    u32_0=0000 pos=Vector (0.39767402844616534, -0.32571654960935037, 0.0) dir=Vector (0.0, -0.32571654960935037, 0.0)
							*numRef = (060B): RefByKey_1
					objects[0003] = (0112): DimensioningLength flags=0000    u32_0=0000  u8_0=00 u32_1=0001 index=00DF u8_1=01
						styles = (0613): ObjctStyles
							*styles[0000] = (0AE0): Style_8F0B160B
							*styles[0001] = (0AE1): Style_8F0B160C
							styles[0002] = (0BF5): Style_7AE0E1A3u32_0=0001 a0=Vector (0.0, 0.1, 0.0)
						numRef = (0614): RefByKey_1 key=00DF
						*parent = (041D): 3dObject
						lst0[0000] = (0615): 3dObject flags=0000    u32_0=0000 
							styles = (0BF6): ObjctStyles
								styles[0000] = (0E48): Style_C29D5C11u32_0=0001 a0=Vector (1.7469829305904478, 12.573084260471187, 0.0)
								styles[0001] = (0E49): Style_B32BF6A7u32_0=0001 f64_0=30 vec=Vector (1.7469829305904478, 12.573084260471187, 0.0) f64_1=1 u32_1=0000
							*numRef = (0614): RefByKey_1
							objects[0000] = (0BF7): Text3D '(97)' flags=0000    u32_0=0001 vec=Vector (1.363838671137628, 12.457849240995966, 0.0) a0=Vector (1.0, 0.0, 0.0) a1=(009,A7F9,000) b_0=False
								*numRef = (0614): RefByKey_1
						lst0[0001] = (0616): 3dObject flags=0000    u32_0=0000 
							styles = (0BF8): ObjctStyles
								styles[0000] = (0E4A): Style_B32BF6A7u32_0=0001 f64_0=50 vec=Vector (1.7469829305904478, 3.3000000000000007, 0.0) f64_1=1 u32_1=0000
							*numRef = (0614): RefByKey_1
							objects[0000] = (0BF9): Line3D flags=0000    u32_0=0000 pos=Vector (1.6969829305904478, 3.5500000000000007, 0.0) dir=Vector (1.7469829305904478, 3.3000000000000007, 0.0)
								*numRef = (0614): RefByKey_1
							objects[0001] = (0BFA): Line3D flags=0000    u32_0=0000 pos=Vector (1.7469829305904478, 3.3000000000000007, 0.0) dir=Vector (1.796982930590448, 3.5500000000000007, 0.0)
								*numRef = (0614): RefByKey_1
							objects[0002] = (0BFB): Line3D flags=0000    u32_0=0000 pos=Vector (1.796982930590448, 3.5500000000000007, 0.0) dir=Vector (1.6969829305904478, 3.5500000000000007, 0.0)
								*numRef = (0614): RefByKey_1
						lst0[0002] = (0617): 3dObject flags=0000    u32_0=0000 
							styles = (0BFC): ObjctStyles
								styles[0000] = (0E4B): Style_B32BF6A7u32_0=0001 f64_0=50 vec=Vector (1.7469829305904478, 13.0, 0.0) f64_1=1 u32_1=0000
							*numRef = (0614): RefByKey_1
							objects[0000] = (0BFD): Line3D flags=0000    u32_0=0000 pos=Vector (1.796982930590448, 12.75, 0.0) dir=Vector (1.7469829305904478, 13.0, 0.0)
								*numRef = (0614): RefByKey_1
							objects[0001] = (0BFE): Line3D flags=0000    u32_0=0000 pos=Vector (1.7469829305904478, 13.0, 0.0) dir=Vector (1.6969829305904478, 12.75, 0.0)
								*numRef = (0614): RefByKey_1
							objects[0002] = (0BFF): Line3D flags=0000    u32_0=0000 pos=Vector (1.6969829305904478, 12.75, 0.0) dir=Vector (1.796982930590448, 12.75, 0.0)
								*numRef = (0614): RefByKey_1
						lst0[0003] = (0618): Line3D flags=0004    u32_0=0000 pos=Vector (1.7469829305904478, 3.3000000000000007, 0.0) dir=Vector (1.7469829305904478, 13.0, 0.0)
							*numRef = (0614): RefByKey_1
						lst0[0004] = (0619): Line3D flags=0007    u32_0=0000 pos=Vector (0.08710631350429843, 13.0, 0.0) dir=Vector (2.0954081846076416, 13.0, 0.0)
							*numRef = (0614): RefByKey_1
						lst0[0005] = (061A): Line3D flags=0006    u32_0=0000 pos=Vector (0.08710631350429843, 3.3, 0.0) dir=Vector (2.0954081846076416, 3.3, 0.0)
							*numRef = (0614): RefByKey_1
					objects[0004] = (0113): DimensioningLength flags=0000    u32_0=0000  u8_0=00 u32_1=0001 index=00E0 u8_1=01
						styles = (061B): ObjctStyles
							*styles[0000] = (0AE0): Style_8F0B160B
							*styles[0001] = (0AE1): Style_8F0B160C
							styles[0002] = (0C00): Style_7AE0E1A3u32_0=0001 a0=Vector (0.0, 0.1, 0.0)
						numRef = (061C): RefByKey_1 key=00E0
						*parent = (041D): 3dObject
						lst0[0000] = (061D): 3dObject flags=0000    u32_0=0000 
							styles = (0C01): ObjctStyles
								styles[0000] = (0E4C): Style_C29D5C11u32_0=0001 a0=Vector (4.151887347716084, 11.48886490628801, 0.0)
								styles[0001] = (0E4D): Style_B32BF6A7u32_0=0001 f64_0=30 vec=Vector (4.151887347716084, 11.48886490628801, 0.0) f64_1=1 u32_1=0000
							*numRef = (061C): RefByKey_1
							objects[0000] = (0C02): Text3D 'fx:10,5' flags=0000    u32_0=0001 vec=Vector (3.5110444927394298, 11.368524532920938, 0.0) a0=Vector (1.0, 0.0, 0.0) a1=(009,A7F9,000) b_0=False
								*numRef = (061C): RefByKey_1
						lst0[0001] = (061E): 3dObject flags=0000    u32_0=0000 
							styles = (0C03): ObjctStyles
								styles[0000] = (0E4E): Style_B32BF6A7u32_0=0001 f64_0=50 vec=Vector (4.151887347716084, 11.950000000000001, 0.0) f64_1=1 u32_1=0000
							*numRef = (061C): RefByKey_1
							objects[0000] = (0C04): Line3D flags=0000    u32_0=0000 pos=Vector (4.201887347716084, 11.700000000000001, 0.0) dir=Vector (4.151887347716084, 11.950000000000001, 0.0)
								*numRef = (061C): RefByKey_1
							objects[0001] = (0C05): Line3D flags=0000    u32_0=0000 pos=Vector (4.151887347716084, 11.950000000000001, 0.0) dir=Vector (4.101887347716084, 11.700000000000001, 0.0)
								*numRef = (061C): RefByKey_1
							objects[0002] = (0C06): Line3D flags=0000    u32_0=0000 pos=Vector (4.101887347716084, 11.700000000000001, 0.0) dir=Vector (4.201887347716084, 11.700000000000001, 0.0)
								*numRef = (061C): RefByKey_1
						lst0[0002] = (061F): 3dObject flags=0000    u32_0=0000 
							styles = (0C07): ObjctStyles
								styles[0000] = (0E4F): Style_B32BF6A7u32_0=0001 f64_0=50 vec=Vector (4.151887347716084, 13.0, 0.0) f64_1=1 u32_1=0000
							*numRef = (061C): RefByKey_1
							objects[0000] = (0C08): Line3D flags=0000    u32_0=0000 pos=Vector (4.101887347716084, 13.25, 0.0) dir=Vector (4.151887347716084, 13.0, 0.0)
								*numRef = (061C): RefByKey_1
							objects[0001] = (0C09): Line3D flags=0000    u32_0=0000 pos=Vector (4.151887347716084, 13.0, 0.0) dir=Vector (4.201887347716084, 13.25, 0.0)
								*numRef = (061C): RefByKey_1
							objects[0002] = (0C0A): Line3D flags=0000    u32_0=0000 pos=Vector (4.201887347716084, 13.25, 0.0) dir=Vector (4.101887347716084, 13.25, 0.0)
								*numRef = (061C): RefByKey_1
						lst0[0003] = (0620): Line3D flags=0004    u32_0=0000 pos=Vector (4.151887347716084, 11.950000000000001, 0.0) dir=Vector (4.151887347716084, 11.48886490628801, 0.0)
							*numRef = (061C): RefByKey_1
						lst0[0004] = (0621): Line3D flags=0004    u32_0=0000 pos=Vector (4.151887347716084, 13.0, 0.0) dir=Vector (4.151887347716084, 15.279137820582115, 0.0)
							*numRef = (061C): RefByKey_1
						lst0[0005] = (0622): Line3D flags=0004    u32_0=0000 pos=Vector (4.151887347716084, 11.950000000000001, 0.0) dir=Vector (4.151887347716084, 13.0, 0.0)
							*numRef = (061C): RefByKey_1
						lst0[0006] = (0623): Line3D flags=0007    u32_0=0000 pos=Vector (0.0949640758575881, 13.0, 0.0) dir=Vector (4.531743651146436, 13.0, 0.0)
							*numRef = (061C): RefByKey_1
						lst0[0007] = (0624): Line3D flags=0006    u32_0=0000 pos=Vector (-1.9050359241424124, 11.950000000000001, 0.0) dir=Vector (4.531743651146437, 11.950000000000001, 0.0)
							*numRef = (061C): RefByKey_1
					objects[0005] = (0104): DimensioningLength flags=0000    u32_0=0000  u8_0=00 u32_1=0001 index=00D1 u8_1=01
						styles = (058A): ObjctStyles
							*styles[0000] = (0AE0): Style_8F0B160B
							*styles[0001] = (0AE1): Style_8F0B160C
							styles[0002] = (0B5B): Style_7AE0E1A3u32_0=0001 a0=Vector (0.0, 0.1, 0.0)
						numRef = (058B): RefByKey_1 key=00D1
						*parent = (041D): 3dObject
						lst0[0000] = (058C): 3dObject flags=0000    u32_0=0000 
							styles = (0B5C): ObjctStyles
								styles[0000] = (0E10): Style_C29D5C11u32_0=0001 a0=Vector (-14.000000000000005, 15.862500082631508, 0.0)
								styles[0001] = (0E11): Style_B32BF6A7u32_0=0001 f64_0=30 vec=Vector (-14.000000000000005, 15.862500082631508, 0.0) f64_1=1 u32_1=0000
							*numRef = (058B): RefByKey_1
							objects[0000] = (0B5D): Text3D '3' flags=0000    u32_0=0001 vec=Vector (-14.112560786306863, 15.712500068987632, 0.0) a0=Vector (1.0, 0.0, 0.0) a1=(009,A7F9,000) b_0=False
								*numRef = (058B): RefByKey_1
						lst0[0001] = (058D): 3dObject flags=0000    u32_0=0000 
							styles = (0B5E): ObjctStyles
								styles[0000] = (0E12): Style_B32BF6A7u32_0=0001 f64_0=50 vec=Vector (-14.150000000000004, 15.862500082631508, 0.0) f64_1=1 u32_1=0000
							*numRef = (058B): RefByKey_1
							objects[0000] = (0B5F): Line3D flags=0000    u32_0=0000 pos=Vector (-13.900000000000004, 15.912500082631508, 0.0) dir=Vector (-14.150000000000004, 15.862500082631508, 0.0)
								*numRef = (058B): RefByKey_1
							objects[0001] = (0B60): Line3D flags=0000    u32_0=0000 pos=Vector (-14.150000000000004, 15.862500082631508, 0.0) dir=Vector (-13.900000000000004, 15.812500082631507, 0.0)
								*numRef = (058B): RefByKey_1
							objects[0002] = (0B61): Line3D flags=0000    u32_0=0000 pos=Vector (-13.900000000000004, 15.812500082631507, 0.0) dir=Vector (-13.900000000000004, 15.912500082631508, 0.0)
								*numRef = (058B): RefByKey_1
						lst0[0002] = (058E): 3dObject flags=0000    u32_0=0000 
							styles = (0B62): ObjctStyles
								styles[0000] = (0E13): Style_B32BF6A7u32_0=0001 f64_0=50 vec=Vector (-14.450000000000001, 15.862500082631508, 0.0) f64_1=1 u32_1=0000
							*numRef = (058B): RefByKey_1
							objects[0000] = (0B63): Line3D flags=0000    u32_0=0000 pos=Vector (-14.700000000000001, 15.812500082631507, 0.0) dir=Vector (-14.450000000000001, 15.862500082631508, 0.0)
								*numRef = (058B): RefByKey_1
							objects[0001] = (0B64): Line3D flags=0000    u32_0=0000 pos=Vector (-14.450000000000001, 15.862500082631508, 0.0) dir=Vector (-14.700000000000001, 15.912500082631508, 0.0)
								*numRef = (058B): RefByKey_1
							objects[0002] = (0B65): Line3D flags=0000    u32_0=0000 pos=Vector (-14.700000000000001, 15.912500082631508, 0.0) dir=Vector (-14.700000000000001, 15.812500082631507, 0.0)
								*numRef = (058B): RefByKey_1
						lst0[0003] = (058F): Line3D flags=0004    u32_0=0000 pos=Vector (-14.150000000000004, 15.862500082631508, 0.0) dir=Vector (-14.000000000000005, 15.862500082631508, 0.0)
							*numRef = (058B): RefByKey_1
						lst0[0004] = (0590): Line3D flags=0004    u32_0=0000 pos=Vector (-14.450000000000001, 15.862500082631508, 0.0) dir=Vector (-15.717676364221283, 15.862500082631508, 0.0)
							*numRef = (058B): RefByKey_1
						lst0[0005] = (0591): Line3D flags=0004    u32_0=0000 pos=Vector (-14.150000000000004, 15.862500082631508, 0.0) dir=Vector (-14.450000000000001, 15.862500082631508, 0.0)
							*numRef = (058B): RefByKey_1
						lst0[0006] = (0592): Line3D flags=0007    u32_0=0000 pos=Vector (-14.450000000000001, 14.00281984850922, 0.0) dir=Vector (-14.450000000000001, 16.07377947666839, 0.0)
							*numRef = (058B): RefByKey_1
						lst0[0007] = (0593): Line3D flags=0006    u32_0=0000 pos=Vector (-14.150000000000004, 14.00281984850922, 0.0) dir=Vector (-14.150000000000004, 16.07377947666839, 0.0)
							*numRef = (058B): RefByKey_1
						lst0[0008] = (0594): Line3D flags=0004    u32_0=0000 pos=Vector (-13.903535725489085, 15.862500082631508, 0.0) dir=Vector (-14.000000000000005, 15.862500082631508, 0.0)
							*numRef = (058B): RefByKey_1
					objects[0006] = (0105): DimensioningLength flags=0000    u32_0=0000  u8_0=00 u32_1=0001 index=00D2 u8_1=01
						styles = (0595): ObjctStyles
							*styles[0000] = (0AE0): Style_8F0B160B
							*styles[0001] = (0AE1): Style_8F0B160C
							styles[0002] = (0B66): Style_7AE0E1A3u32_0=0001 a0=Vector (0.0, 0.1, 0.0)
						numRef = (0596): RefByKey_1 key=00D2
						*parent = (041D): 3dObject
						lst0[0000] = (0597): 3dObject flags=0000    u32_0=0000 
							styles = (0B67): ObjctStyles
								styles[0000] = (0E14): Style_C29D5C11u32_0=0001 a0=Vector (-14.614232279980357, 0.7805120355694752, 0.0)
								styles[0001] = (0E15): Style_B32BF6A7u32_0=0001 f64_0=30 vec=Vector (-14.614232279980357, 0.7805120355694752, 0.0) f64_1=1 u32_1=0000
							*numRef = (0596): RefByKey_1
							objects[0000] = (0B68): Text3D 'fx:3' flags=0000    u32_0=0001 vec=Vector (-14.967473783219035, 0.6260144491459441, 0.0) a0=Vector (1.0, 0.0, 0.0) a1=(009,A7F9,000) b_0=False
								*numRef = (0596): RefByKey_1
						lst0[0001] = (0598): 3dObject flags=0000    u32_0=0000 
							styles = (0B69): ObjctStyles
								styles[0000] = (0E16): Style_B32BF6A7u32_0=0001 f64_0=50 vec=Vector (-14.150000000000002, 0.7805120355694752, 0.0) f64_1=1 u32_1=0000
							*numRef = (0596): RefByKey_1
							objects[0000] = (0B6A): Line3D flags=0000    u32_0=0000 pos=Vector (-13.900000000000002, 0.8305120355694753, 0.0) dir=Vector (-14.150000000000002, 0.7805120355694752, 0.0)
								*numRef = (0596): RefByKey_1
							objects[0001] = (0B6B): Line3D flags=0000    u32_0=0000 pos=Vector (-14.150000000000002, 0.7805120355694752, 0.0) dir=Vector (-13.900000000000002, 0.7305120355694752, 0.0)
								*numRef = (0596): RefByKey_1
							objects[0002] = (0B6C): Line3D flags=0000    u32_0=0000 pos=Vector (-13.900000000000002, 0.7305120355694752, 0.0) dir=Vector (-13.900000000000002, 0.8305120355694753, 0.0)
								*numRef = (0596): RefByKey_1
						lst0[0002] = (0599): 3dObject flags=0000    u32_0=0000 
							styles = (0B6D): ObjctStyles
								styles[0000] = (0E17): Style_B32BF6A7u32_0=0001 f64_0=50 vec=Vector (-14.450000000000001, 0.7805120355694752, 0.0) f64_1=1 u32_1=0000
							*numRef = (0596): RefByKey_1
							objects[0000] = (0B6E): Line3D flags=0000    u32_0=0000 pos=Vector (-14.700000000000001, 0.7305120355694752, 0.0) dir=Vector (-14.450000000000001, 0.7805120355694752, 0.0)
								*numRef = (0596): RefByKey_1
							objects[0001] = (0B6F): Line3D flags=0000    u32_0=0000 pos=Vector (-14.450000000000001, 0.7805120355694752, 0.0) dir=Vector (-14.700000000000001, 0.8305120355694753, 0.0)
								*numRef = (0596): RefByKey_1
							objects[0002] = (0B70): Line3D flags=0000    u32_0=0000 pos=Vector (-14.700000000000001, 0.8305120355694753, 0.0) dir=Vector (-14.700000000000001, 0.7305120355694752, 0.0)
								*numRef = (0596): RefByKey_1
						lst0[0003] = (059A): Line3D flags=0004    u32_0=0000 pos=Vector (-14.150000000000002, 0.7805120355694752, 0.0) dir=Vector (-12.542400961865495, 0.7805120355694752, 0.0)
							*numRef = (0596): RefByKey_1
						lst0[0004] = (059B): Line3D flags=0004    u32_0=0000 pos=Vector (-14.450000000000001, 0.7805120355694752, 0.0) dir=Vector (-14.614232279980357, 0.7805120355694752, 0.0)
							*numRef = (0596): RefByKey_1
						lst0[0005] = (059C): Line3D flags=0004    u32_0=0000 pos=Vector (-14.150000000000002, 0.7805120355694752, 0.0) dir=Vector (-14.450000000000001, 0.7805120355694752, 0.0)
							*numRef = (0596): RefByKey_1
						lst0[0006] = (059D): Line3D flags=0006    u32_0=0000 pos=Vector (-14.150000000000002, 2.2830167067443963, 0.0) dir=Vector (-14.150000000000002, 0.5125788625470573, 0.0)
							*numRef = (0596): RefByKey_1
						lst0[0007] = (059E): Line3D flags=0007    u32_0=0000 pos=Vector (-14.450000000000001, 2.2830167067443963, 0.0) dir=Vector (-14.450000000000001, 0.5125788625470573, 0.0)
							*numRef = (0596): RefByKey_1
						lst0[0008] = (059F): Line3D flags=0004    u32_0=0000 pos=Vector (-14.916959246049798, 0.7805120355694752, 0.0) dir=Vector (-14.614232279980357, 0.7805120355694752, 0.0)
							*numRef = (0596): RefByKey_1
					objects[0007] = (0106): DimensioningLength flags=0000    u32_0=0000  u8_0=00 u32_1=0001 index=00D3 u8_1=01
						styles = (05A0): ObjctStyles
							*styles[0000] = (0AE0): Style_8F0B160B
							*styles[0001] = (0AE1): Style_8F0B160C
							styles[0002] = (0B71): Style_7AE0E1A3u32_0=0001 a0=Vector (0.0, 0.1, 0.0)
						numRef = (05A1): RefByKey_1 key=00D3
						*parent = (041D): 3dObject
						lst0[0000] = (05A2): 3dObject flags=0000    u32_0=0000 
							styles = (0B72): ObjctStyles
								styles[0000] = (0E18): Style_C29D5C11u32_0=0001 a0=Vector (-12.509189172810498, 1.57377996712945, 0.0)
								styles[0001] = (0E19): Style_B32BF6A7u32_0=0001 f64_0=30 vec=Vector (-12.509189172810498, 1.57377996712945, 0.0) f64_1=1 u32_1=0000
							*numRef = (05A1): RefByKey_1
							objects[0000] = (0B73): Text3D 'fx:3' flags=0000    u32_0=0001 vec=Vector (-12.862430676049176, 1.4192823807059187, 0.0) a0=Vector (1.0, 0.0, 0.0) a1=(009,A7F9,000) b_0=False
								*numRef = (05A1): RefByKey_1
						lst0[0001] = (05A3): 3dObject flags=0000    u32_0=0000 
							styles = (0B74): ObjctStyles
								styles[0000] = (0E1A): Style_B32BF6A7u32_0=0001 f64_0=50 vec=Vector (-12.450000000000003, 1.57377996712945, 0.0) f64_1=1 u32_1=0000
							*numRef = (05A1): RefByKey_1
							objects[0000] = (0B75): Line3D flags=0000    u32_0=0000 pos=Vector (-12.200000000000003, 1.62377996712945, 0.0) dir=Vector (-12.450000000000003, 1.57377996712945, 0.0)
								*numRef = (05A1): RefByKey_1
							objects[0001] = (0B76): Line3D flags=0000    u32_0=0000 pos=Vector (-12.450000000000003, 1.57377996712945, 0.0) dir=Vector (-12.200000000000003, 1.5237799671294499, 0.0)
								*numRef = (05A1): RefByKey_1
							objects[0002] = (0B77): Line3D flags=0000    u32_0=0000 pos=Vector (-12.200000000000003, 1.5237799671294499, 0.0) dir=Vector (-12.200000000000003, 1.62377996712945, 0.0)
								*numRef = (05A1): RefByKey_1
						lst0[0002] = (05A4): 3dObject flags=0000    u32_0=0000 
							styles = (0B78): ObjctStyles
								styles[0000] = (0E1B): Style_B32BF6A7u32_0=0001 f64_0=50 vec=Vector (-12.750000000000002, 1.57377996712945, 0.0) f64_1=1 u32_1=0000
							*numRef = (05A1): RefByKey_1
							objects[0000] = (0B79): Line3D flags=0000    u32_0=0000 pos=Vector (-13.000000000000002, 1.5237799671294499, 0.0) dir=Vector (-12.750000000000002, 1.57377996712945, 0.0)
								*numRef = (05A1): RefByKey_1
							objects[0001] = (0B7A): Line3D flags=0000    u32_0=0000 pos=Vector (-12.750000000000002, 1.57377996712945, 0.0) dir=Vector (-13.000000000000002, 1.62377996712945, 0.0)
								*numRef = (05A1): RefByKey_1
							objects[0002] = (0B7B): Line3D flags=0000    u32_0=0000 pos=Vector (-13.000000000000002, 1.62377996712945, 0.0) dir=Vector (-13.000000000000002, 1.5237799671294499, 0.0)
								*numRef = (05A1): RefByKey_1
						lst0[0003] = (05A5): Line3D flags=0004    u32_0=0000 pos=Vector (-12.450000000000003, 1.57377996712945, 0.0) dir=Vector (-11.757217801851297, 1.57377996712945, 0.0)
							*numRef = (05A1): RefByKey_1
						lst0[0004] = (05A6): Line3D flags=0004    u32_0=0000 pos=Vector (-12.750000000000002, 1.57377996712945, 0.0) dir=Vector (-13.442782198148707, 1.57377996712945, 0.0)
							*numRef = (05A1): RefByKey_1
						lst0[0005] = (05A7): Line3D flags=0004    u32_0=0000 pos=Vector (-12.450000000000003, 1.57377996712945, 0.0) dir=Vector (-12.750000000000002, 1.57377996712945, 0.0)
							*numRef = (05A1): RefByKey_1
						lst0[0006] = (05A8): Line3D flags=0006    u32_0=0000 pos=Vector (-12.450000000000003, 2.3211340750771376, 0.0) dir=Vector (-12.450000000000003, 1.4583162674379988, 0.0)
							*numRef = (05A1): RefByKey_1
						lst0[0007] = (05A9): Line3D flags=0007    u32_0=0000 pos=Vector (-12.750000000000002, 2.3211340750771376, 0.0) dir=Vector (-12.750000000000002, 1.4583162674379988, 0.0)
							*numRef = (05A1): RefByKey_1
					objects[0008] = (0107): DimensioningLength flags=0000    u32_0=0000  u8_0=00 u32_1=0001 index=00D4 u8_1=01
						styles = (05AA): ObjctStyles
							*styles[0000] = (0AE0): Style_8F0B160B
							*styles[0001] = (0AE1): Style_8F0B160C
							styles[0002] = (0B7C): Style_7AE0E1A3u32_0=0001 a0=Vector (0.0, 0.1, 0.0)
						numRef = (05AB): RefByKey_1 key=00D4
						*parent = (041D): 3dObject
						lst0[0000] = (05AC): 3dObject flags=0000    u32_0=0000 
							styles = (0B7D): ObjctStyles
								styles[0000] = (0E1C): Style_C29D5C11u32_0=0001 a0=Vector (-11.346942961599584, 26.752307952345635, 0.0)
								styles[0001] = (0E1D): Style_B32BF6A7u32_0=0001 f64_0=30 vec=Vector (-11.346942961599584, 26.752307952345635, 0.0) f64_1=1 u32_1=0000
							*numRef = (05AB): RefByKey_1
							objects[0000] = (0B7E): Text3D 'fx:3' flags=0000    u32_0=0001 vec=Vector (-11.700184464838262, 26.597810365922104, 0.0) a0=Vector (1.0, 0.0, 0.0) a1=(009,A7F9,000) b_0=False
								*numRef = (05AB): RefByKey_1
						lst0[0001] = (05AD): 3dObject flags=0000    u32_0=0000 
							styles = (0B7F): ObjctStyles
								styles[0000] = (0E1E): Style_B32BF6A7u32_0=0001 f64_0=50 vec=Vector (-12.450000000000001, 26.752307952345635, 0.0) f64_1=1 u32_1=0000
							*numRef = (05AB): RefByKey_1
							objects[0000] = (0B80): Line3D flags=0000    u32_0=0000 pos=Vector (-12.200000000000001, 26.802307952345636, 0.0) dir=Vector (-12.450000000000001, 26.752307952345635, 0.0)
								*numRef = (05AB): RefByKey_1
							objects[0001] = (0B81): Line3D flags=0000    u32_0=0000 pos=Vector (-12.450000000000001, 26.752307952345635, 0.0) dir=Vector (-12.200000000000001, 26.702307952345635, 0.0)
								*numRef = (05AB): RefByKey_1
							objects[0002] = (0B82): Line3D flags=0000    u32_0=0000 pos=Vector (-12.200000000000001, 26.702307952345635, 0.0) dir=Vector (-12.200000000000001, 26.802307952345636, 0.0)
								*numRef = (05AB): RefByKey_1
						lst0[0002] = (05AE): 3dObject flags=0000    u32_0=0000 
							styles = (0B83): ObjctStyles
								styles[0000] = (0E1F): Style_B32BF6A7u32_0=0001 f64_0=50 vec=Vector (-12.750000000000002, 26.752307952345635, 0.0) f64_1=1 u32_1=0000
							*numRef = (05AB): RefByKey_1
							objects[0000] = (0B84): Line3D flags=0000    u32_0=0000 pos=Vector (-13.000000000000002, 26.702307952345635, 0.0) dir=Vector (-12.750000000000002, 26.752307952345635, 0.0)
								*numRef = (05AB): RefByKey_1
							objects[0001] = (0B85): Line3D flags=0000    u32_0=0000 pos=Vector (-12.750000000000002, 26.752307952345635, 0.0) dir=Vector (-13.000000000000002, 26.802307952345636, 0.0)
								*numRef = (05AB): RefByKey_1
							objects[0002] = (0B86): Line3D flags=0000    u32_0=0000 pos=Vector (-13.000000000000002, 26.802307952345636, 0.0) dir=Vector (-13.000000000000002, 26.702307952345635, 0.0)
								*numRef = (05AB): RefByKey_1
						lst0[0003] = (05AF): Line3D flags=0004    u32_0=0000 pos=Vector (-12.450000000000001, 26.752307952345635, 0.0) dir=Vector (-12.750000000000002, 26.752307952345635, 0.0)
							*numRef = (05AB): RefByKey_1
						lst0[0004] = (05B0): Line3D flags=0004    u32_0=0000 pos=Vector (-12.450000000000001, 26.752307952345635, 0.0) dir=Vector (-9.802663107839, 26.752307952345635, 0.0)
							*numRef = (05AB): RefByKey_1
						lst0[0005] = (05B1): Line3D flags=0004    u32_0=0000 pos=Vector (-12.750000000000002, 26.752307952345635, 0.0) dir=Vector (-15.397336892161002, 26.752307952345635, 0.0)
							*numRef = (05AB): RefByKey_1
						lst0[0006] = (05B2): Line3D flags=0007    u32_0=0000 pos=Vector (-12.750000000000002, 14.060305703840044, 0.0) dir=Vector (-12.750000000000002, 27.193530767705802, 0.0)
							*numRef = (05AB): RefByKey_1
						lst0[0007] = (05B3): Line3D flags=0006    u32_0=0000 pos=Vector (-12.450000000000001, 14.060305703840044, 0.0) dir=Vector (-12.450000000000001, 27.193530767705802, 0.0)
							*numRef = (05AB): RefByKey_1
						lst0[0008] = (05B4): Line3D flags=0004    u32_0=0000 pos=Vector (-11.044215995530143, 26.752307952345635, 0.0) dir=Vector (-9.802663107839, 26.752307952345635, 0.0)
							*numRef = (05AB): RefByKey_1
					objects[0009] = (0108): DimensioningLength flags=0000    u32_0=0000  u8_0=00 u32_1=0001 index=00D5 u8_1=01
						styles = (05B5): ObjctStyles
							*styles[0000] = (0AE0): Style_8F0B160B
							*styles[0001] = (0AE1): Style_8F0B160C
							styles[0002] = (0B87): Style_7AE0E1A3u32_0=0001 a0=Vector (0.0, 0.1, 0.0)
						numRef = (05B6): RefByKey_1 key=00D5
						*parent = (041D): 3dObject
						lst0[0000] = (05B7): 3dObject flags=0000    u32_0=0000 
							styles = (0B88): ObjctStyles
								styles[0000] = (0E20): Style_C29D5C11u32_0=0001 a0=Vector (-10.794999999999998, 16.300000058328123, 0.0)
								styles[0001] = (0E21): Style_B32BF6A7u32_0=0001 f64_0=30 vec=Vector (-10.794999999999998, 16.300000058328123, 0.0) f64_1=1 u32_1=0000
							*numRef = (05B6): RefByKey_1
							objects[0000] = (0B89): Text3D 'fx:3' flags=0000    u32_0=0001 vec=Vector (-11.148241503238676, 16.145502471904592, 0.0) a0=Vector (1.0, 0.0, 0.0) a1=(009,A7F9,000) b_0=False
								*numRef = (05B6): RefByKey_1
						lst0[0001] = (05B8): 3dObject flags=0000    u32_0=0000 
							styles = (0B8A): ObjctStyles
								styles[0000] = (0E22): Style_B32BF6A7u32_0=0001 f64_0=50 vec=Vector (-10.75, 16.300000058328123, 0.0) f64_1=1 u32_1=0000
							*numRef = (05B6): RefByKey_1
							objects[0000] = (0B8B): Line3D flags=0000    u32_0=0000 pos=Vector (-10.5, 16.350000058328124, 0.0) dir=Vector (-10.75, 16.300000058328123, 0.0)
								*numRef = (05B6): RefByKey_1
							objects[0001] = (0B8C): Line3D flags=0000    u32_0=0000 pos=Vector (-10.75, 16.300000058328123, 0.0) dir=Vector (-10.5, 16.250000058328123, 0.0)
								*numRef = (05B6): RefByKey_1
							objects[0002] = (0B8D): Line3D flags=0000    u32_0=0000 pos=Vector (-10.5, 16.250000058328123, 0.0) dir=Vector (-10.5, 16.350000058328124, 0.0)
								*numRef = (05B6): RefByKey_1
						lst0[0002] = (05B9): 3dObject flags=0000    u32_0=0000 
							styles = (0B8E): ObjctStyles
								styles[0000] = (0E23): Style_B32BF6A7u32_0=0001 f64_0=50 vec=Vector (-11.05, 16.300000058328123, 0.0) f64_1=1 u32_1=0000
							*numRef = (05B6): RefByKey_1
							objects[0000] = (0B8F): Line3D flags=0000    u32_0=0000 pos=Vector (-11.3, 16.250000058328123, 0.0) dir=Vector (-11.05, 16.300000058328123, 0.0)
								*numRef = (05B6): RefByKey_1
							objects[0001] = (0B90): Line3D flags=0000    u32_0=0000 pos=Vector (-11.05, 16.300000058328123, 0.0) dir=Vector (-11.3, 16.350000058328124, 0.0)
								*numRef = (05B6): RefByKey_1
							objects[0002] = (0B91): Line3D flags=0000    u32_0=0000 pos=Vector (-11.3, 16.350000058328124, 0.0) dir=Vector (-11.3, 16.250000058328123, 0.0)
								*numRef = (05B6): RefByKey_1
						lst0[0003] = (05BA): Line3D flags=0004    u32_0=0000 pos=Vector (-10.75, 16.300000058328123, 0.0) dir=Vector (-9.721418028797178, 16.300000058328123, 0.0)
							*numRef = (05B6): RefByKey_1
						lst0[0004] = (05BB): Line3D flags=0004    u32_0=0000 pos=Vector (-11.05, 16.300000058328123, 0.0) dir=Vector (-12.078581971202823, 16.300000058328123, 0.0)
							*numRef = (05B6): RefByKey_1
						lst0[0005] = (05BC): Line3D flags=0004    u32_0=0000 pos=Vector (-10.75, 16.300000058328123, 0.0) dir=Vector (-11.05, 16.300000058328123, 0.0)
							*numRef = (05B6): RefByKey_1
						lst0[0006] = (05BD): Line3D flags=0007    u32_0=0000 pos=Vector (-11.05, 14.99285758213345, 0.0) dir=Vector (-11.05, 16.471430386861925, 0.0)
							*numRef = (05B6): RefByKey_1
						lst0[0007] = (05BE): Line3D flags=0006    u32_0=0000 pos=Vector (-10.75, 14.99285758213345, 0.0) dir=Vector (-10.75, 16.471430386861925, 0.0)
							*numRef = (05B6): RefByKey_1
					objects[000A] = (0109): DimensioningLength flags=0000    u32_0=0000  u8_0=00 u32_1=0001 index=00D6 u8_1=01
						styles = (05BF): ObjctStyles
							*styles[0000] = (0AE0): Style_8F0B160B
							*styles[0001] = (0AE1): Style_8F0B160C
							styles[0002] = (0B92): Style_7AE0E1A3u32_0=0001 a0=Vector (0.0, 0.1, 0.0)
						numRef = (05C0): RefByKey_1 key=00D6
						*parent = (041D): 3dObject
						lst0[0000] = (05C1): 3dObject flags=0000    u32_0=0000 
							styles = (0B93): ObjctStyles
								styles[0000] = (0E24): Style_C29D5C11u32_0=0001 a0=Vector (-8.98786796582735, 16.71069595970569, 0.0)
								styles[0001] = (0E25): Style_B32BF6A7u32_0=0001 f64_0=30 vec=Vector (-8.98786796582735, 16.71069595970569, 0.0) f64_1=1 u32_1=0000
							*numRef = (05C0): RefByKey_1
							objects[0000] = (0B94): Text3D 'fx:3' flags=0000    u32_0=0001 vec=Vector (-9.341109469066028, 16.556198373282157, 0.0) a0=Vector (1.0, 0.0, 0.0) a1=(009,A7F9,000) b_0=False
								*numRef = (05C0): RefByKey_1
						lst0[0001] = (05C2): 3dObject flags=0000    u32_0=0000 
							styles = (0B95): ObjctStyles
								styles[0000] = (0E26): Style_B32BF6A7u32_0=0001 f64_0=50 vec=Vector (-9.050000000000002, 16.71069595970569, 0.0) f64_1=1 u32_1=0000
							*numRef = (05C0): RefByKey_1
							objects[0000] = (0B96): Line3D flags=0000    u32_0=0000 pos=Vector (-8.800000000000002, 16.76069595970569, 0.0) dir=Vector (-9.050000000000002, 16.71069595970569, 0.0)
								*numRef = (05C0): RefByKey_1
							objects[0001] = (0B97): Line3D flags=0000    u32_0=0000 pos=Vector (-9.050000000000002, 16.71069595970569, 0.0) dir=Vector (-8.800000000000002, 16.660695959705688, 0.0)
								*numRef = (05C0): RefByKey_1
							objects[0002] = (0B98): Line3D flags=0000    u32_0=0000 pos=Vector (-8.800000000000002, 16.660695959705688, 0.0) dir=Vector (-8.800000000000002, 16.76069595970569, 0.0)
								*numRef = (05C0): RefByKey_1
						lst0[0002] = (05C3): 3dObject flags=0000    u32_0=0000 
							styles = (0B99): ObjctStyles
								styles[0000] = (0E27): Style_B32BF6A7u32_0=0001 f64_0=50 vec=Vector (-9.350000000000001, 16.71069595970569, 0.0) f64_1=1 u32_1=0000
							*numRef = (05C0): RefByKey_1
							objects[0000] = (0B9A): Line3D flags=0000    u32_0=0000 pos=Vector (-9.600000000000001, 16.660695959705688, 0.0) dir=Vector (-9.350000000000001, 16.71069595970569, 0.0)
								*numRef = (05C0): RefByKey_1
							objects[0001] = (0B9B): Line3D flags=0000    u32_0=0000 pos=Vector (-9.350000000000001, 16.71069595970569, 0.0) dir=Vector (-9.600000000000001, 16.76069595970569, 0.0)
								*numRef = (05C0): RefByKey_1
							objects[0002] = (0B9C): Line3D flags=0000    u32_0=0000 pos=Vector (-9.600000000000001, 16.76069595970569, 0.0) dir=Vector (-9.600000000000001, 16.660695959705688, 0.0)
								*numRef = (05C0): RefByKey_1
						lst0[0003] = (05C4): Line3D flags=0004    u32_0=0000 pos=Vector (-9.050000000000002, 16.71069595970569, 0.0) dir=Vector (-8.98786796582735, 16.71069595970569, 0.0)
							*numRef = (05C0): RefByKey_1
						lst0[0004] = (05C5): Line3D flags=0004    u32_0=0000 pos=Vector (-9.350000000000001, 16.71069595970569, 0.0) dir=Vector (-10.803706220619318, 16.71069595970569, 0.0)
							*numRef = (05C0): RefByKey_1
						lst0[0005] = (05C6): Line3D flags=0004    u32_0=0000 pos=Vector (-9.050000000000002, 16.71069595970569, 0.0) dir=Vector (-9.350000000000001, 16.71069595970569, 0.0)
							*numRef = (05C0): RefByKey_1
						lst0[0006] = (05C7): Line3D flags=0007    u32_0=0000 pos=Vector (-9.350000000000001, 15.010571092525804, 0.0) dir=Vector (-9.350000000000001, 16.95298032980891, 0.0)
							*numRef = (05C0): RefByKey_1
						lst0[0007] = (05C8): Line3D flags=0006    u32_0=0000 pos=Vector (-9.050000000000002, 15.010571092525804, 0.0) dir=Vector (-9.050000000000002, 16.95298032980891, 0.0)
							*numRef = (05C0): RefByKey_1
						lst0[0008] = (05C9): Line3D flags=0004    u32_0=0000 pos=Vector (-8.685140999757909, 16.71069595970569, 0.0) dir=Vector (-8.98786796582735, 16.71069595970569, 0.0)
							*numRef = (05C0): RefByKey_1
					objects[000B] = (010A): DimensioningLength flags=0000    u32_0=0000  u8_0=00 u32_1=0001 index=00D7 u8_1=01
						styles = (05CA): ObjctStyles
							*styles[0000] = (0AE0): Style_8F0B160B
							*styles[0001] = (0AE1): Style_8F0B160C
							styles[0002] = (0B9D): Style_7AE0E1A3u32_0=0001 a0=Vector (0.0, 0.1, 0.0)
						numRef = (05CB): RefByKey_1 key=00D7
						*parent = (041D): 3dObject
						lst0[0000] = (05CC): 3dObject flags=0000    u32_0=0000 
							styles = (0B9E): ObjctStyles
								styles[0000] = (0E28): Style_C29D5C11u32_0=0001 a0=Vector (-10.985699712721916, -0.7696730711068285, 0.0)
								styles[0001] = (0E29): Style_B32BF6A7u32_0=0001 f64_0=30 vec=Vector (-10.985699712721916, -0.7696730711068285, 0.0) f64_1=1 u32_1=0000
							*numRef = (05CB): RefByKey_1
							objects[0000] = (0B9F): Text3D 'fx:3' flags=0000    u32_0=0001 vec=Vector (-11.338941215960594, -0.9241706575303597, 0.0) a0=Vector (1.0, 0.0, 0.0) a1=(009,A7F9,000) b_0=False
								*numRef = (05CB): RefByKey_1
						lst0[0001] = (05CD): 3dObject flags=0000    u32_0=0000 
							styles = (0BA0): ObjctStyles
								styles[0000] = (0E2A): Style_B32BF6A7u32_0=0001 f64_0=50 vec=Vector (-10.75, -0.7696730711068285, 0.0) f64_1=1 u32_1=0000
							*numRef = (05CB): RefByKey_1
							objects[0000] = (0BA1): Line3D flags=0000    u32_0=0000 pos=Vector (-10.5, -0.7196730711068284, 0.0) dir=Vector (-10.75, -0.7696730711068285, 0.0)
								*numRef = (05CB): RefByKey_1
							objects[0001] = (0BA2): Line3D flags=0000    u32_0=0000 pos=Vector (-10.75, -0.7696730711068285, 0.0) dir=Vector (-10.5, -0.8196730711068285, 0.0)
								*numRef = (05CB): RefByKey_1
							objects[0002] = (0BA3): Line3D flags=0000    u32_0=0000 pos=Vector (-10.5, -0.8196730711068285, 0.0) dir=Vector (-10.5, -0.7196730711068284, 0.0)
								*numRef = (05CB): RefByKey_1
						lst0[0002] = (05CE): 3dObject flags=0000    u32_0=0000 
							styles = (0BA4): ObjctStyles
								styles[0000] = (0E2B): Style_B32BF6A7u32_0=0001 f64_0=50 vec=Vector (-11.05, -0.7696730711068285, 0.0) f64_1=1 u32_1=0000
							*numRef = (05CB): RefByKey_1
							objects[0000] = (0BA5): Line3D flags=0000    u32_0=0000 pos=Vector (-11.3, -0.8196730711068285, 0.0) dir=Vector (-11.05, -0.7696730711068285, 0.0)
								*numRef = (05CB): RefByKey_1
							objects[0001] = (0BA6): Line3D flags=0000    u32_0=0000 pos=Vector (-11.05, -0.7696730711068285, 0.0) dir=Vector (-11.3, -0.7196730711068284, 0.0)
								*numRef = (05CB): RefByKey_1
							objects[0002] = (0BA7): Line3D flags=0000    u32_0=0000 pos=Vector (-11.3, -0.7196730711068284, 0.0) dir=Vector (-11.3, -0.8196730711068285, 0.0)
								*numRef = (05CB): RefByKey_1
						lst0[0003] = (05CF): Line3D flags=0004    u32_0=0000 pos=Vector (-10.75, -0.7696730711068285, 0.0) dir=Vector (-9.142400961865487, -0.7696730711068285, 0.0)
							*numRef = (05CB): RefByKey_1
						lst0[0004] = (05D0): Line3D flags=0004    u32_0=0000 pos=Vector (-11.05, -0.7696730711068285, 0.0) dir=Vector (-12.657599038134514, -0.7696730711068285, 0.0)
							*numRef = (05CB): RefByKey_1
						lst0[0005] = (05D1): Line3D flags=0004    u32_0=0000 pos=Vector (-10.75, -0.7696730711068285, 0.0) dir=Vector (-11.05, -0.7696730711068285, 0.0)
							*numRef = (05CB): RefByKey_1
						lst0[0006] = (05D2): Line3D flags=0006    u32_0=0000 pos=Vector (-10.75, 1.2830167067443958, 0.0) dir=Vector (-10.75, -1.0376062441292473, 0.0)
							*numRef = (05CB): RefByKey_1
						lst0[0007] = (05D3): Line3D flags=0007    u32_0=0000 pos=Vector (-11.05, 1.2830167067443958, 0.0) dir=Vector (-11.05, -1.0376062441292473, 0.0)
							*numRef = (05CB): RefByKey_1
					objects[000C] = (010B): DimensioningLength flags=0000    u32_0=0000  u8_0=00 u32_1=0001 index=00D8 u8_1=01
						styles = (05D4): ObjctStyles
							*styles[0000] = (0AE0): Style_8F0B160B
							*styles[0001] = (0AE1): Style_8F0B160C
							styles[0002] = (0BA8): Style_7AE0E1A3u32_0=0001 a0=Vector (0.0, 0.1, 0.0)
						numRef = (05D5): RefByKey_1 key=00D8
						*parent = (041D): 3dObject
						lst0[0000] = (05D6): 3dObject flags=0000    u32_0=0000 
							styles = (0BA9): ObjctStyles
								styles[0000] = (0E2C): Style_C29D5C11u32_0=0001 a0=Vector (-9.171433429092696, 0.10794046977802174, 0.0)
								styles[0001] = (0E2D): Style_B32BF6A7u32_0=0001 f64_0=30 vec=Vector (-9.171433429092696, 0.10794046977802174, 0.0) f64_1=1 u32_1=0000
							*numRef = (05D5): RefByKey_1
							objects[0000] = (0BAA): Text3D 'fx:3' flags=0000    u32_0=0001 vec=Vector (-9.524674932331374, -0.04655711664550943, 0.0) a0=Vector (1.0, 0.0, 0.0) a1=(009,A7F9,000) b_0=False
								*numRef = (05D5): RefByKey_1
						lst0[0001] = (05D7): 3dObject flags=0000    u32_0=0000 
							styles = (0BAB): ObjctStyles
								styles[0000] = (0E2E): Style_B32BF6A7u32_0=0001 f64_0=50 vec=Vector (-9.05, 0.10794046977802174, 0.0) f64_1=1 u32_1=0000
							*numRef = (05D5): RefByKey_1
							objects[0000] = (0BAC): Line3D flags=0000    u32_0=0000 pos=Vector (-8.8, 0.15794046977802173, 0.0) dir=Vector (-9.05, 0.10794046977802174, 0.0)
								*numRef = (05D5): RefByKey_1
							objects[0001] = (0BAD): Line3D flags=0000    u32_0=0000 pos=Vector (-9.05, 0.10794046977802174, 0.0) dir=Vector (-8.8, 0.05794046977802174, 0.0)
								*numRef = (05D5): RefByKey_1
							objects[0002] = (0BAE): Line3D flags=0000    u32_0=0000 pos=Vector (-8.8, 0.05794046977802174, 0.0) dir=Vector (-8.8, 0.15794046977802173, 0.0)
								*numRef = (05D5): RefByKey_1
						lst0[0002] = (05D8): 3dObject flags=0000    u32_0=0000 
							styles = (0BAF): ObjctStyles
								styles[0000] = (0E2F): Style_B32BF6A7u32_0=0001 f64_0=50 vec=Vector (-9.350000000000001, 0.10794046977802174, 0.0) f64_1=1 u32_1=0000
							*numRef = (05D5): RefByKey_1
							objects[0000] = (0BB0): Line3D flags=0000    u32_0=0000 pos=Vector (-9.600000000000001, 0.05794046977802174, 0.0) dir=Vector (-9.350000000000001, 0.10794046977802174, 0.0)
								*numRef = (05D5): RefByKey_1
							objects[0001] = (0BB1): Line3D flags=0000    u32_0=0000 pos=Vector (-9.350000000000001, 0.10794046977802174, 0.0) dir=Vector (-9.600000000000001, 0.15794046977802173, 0.0)
								*numRef = (05D5): RefByKey_1
							objects[0002] = (0BB2): Line3D flags=0000    u32_0=0000 pos=Vector (-9.600000000000001, 0.15794046977802173, 0.0) dir=Vector (-9.600000000000001, 0.05794046977802174, 0.0)
								*numRef = (05D5): RefByKey_1
						lst0[0003] = (05D9): Line3D flags=0004    u32_0=0000 pos=Vector (-9.05, 0.10794046977802174, 0.0) dir=Vector (-7.4424009618654985, 0.10794046977802174, 0.0)
							*numRef = (05D5): RefByKey_1
						lst0[0004] = (05DA): Line3D flags=0004    u32_0=0000 pos=Vector (-9.350000000000001, 0.10794046977802174, 0.0) dir=Vector (-10.957599038134504, 0.10794046977802174, 0.0)
							*numRef = (05D5): RefByKey_1
						lst0[0005] = (05DB): Line3D flags=0004    u32_0=0000 pos=Vector (-9.05, 0.10794046977802174, 0.0) dir=Vector (-9.350000000000001, 0.10794046977802174, 0.0)
							*numRef = (05D5): RefByKey_1
						lst0[0006] = (05DC): Line3D flags=0006    u32_0=0000 pos=Vector (-9.05, 1.2830167067443963, 0.0) dir=Vector (-9.05, -0.1599927032443953, 0.0)
							*numRef = (05D5): RefByKey_1
						lst0[0007] = (05DD): Line3D flags=0007    u32_0=0000 pos=Vector (-9.350000000000001, 1.2830167067443963, 0.0) dir=Vector (-9.350000000000001, -0.1599927032443953, 0.0)
							*numRef = (05D5): RefByKey_1
					objects[000D] = (010C): DimensioningLength flags=0000    u32_0=0000  u8_0=00 u32_1=0001 index=00D9 u8_1=01
						styles = (05DE): ObjctStyles
							*styles[0000] = (0AE0): Style_8F0B160B
							*styles[0001] = (0AE1): Style_8F0B160C
							styles[0002] = (0BB3): Style_7AE0E1A3u32_0=0001 a0=Vector (0.0, 0.1, 0.0)
						numRef = (05DF): RefByKey_1 key=00D9
						*parent = (041D): 3dObject
						lst0[0000] = (05E0): 3dObject flags=0000    u32_0=0000 
							styles = (0BB4): ObjctStyles
								styles[0000] = (0E30): Style_C29D5C11u32_0=0001 a0=Vector (-19.08999991834063, 8.78, 0.0)
								styles[0001] = (0E31): Style_B32BF6A7u32_0=0001 f64_0=30 vec=Vector (-19.08999991834063, 8.78, 0.0) f64_1=1 u32_1=0000
							*numRef = (05DF): RefByKey_1
							objects[0000] = (0BB5): Text3D 'fx:3' flags=0000    u32_0=0001 vec=Vector (-19.44324142157931, 8.625502413576468, 0.0) a0=Vector (1.0, 0.0, 0.0) a1=(009,A7F9,000) b_0=False
								*numRef = (05DF): RefByKey_1
						lst0[0001] = (05E1): 3dObject flags=0000    u32_0=0000 
							styles = (0BB6): ObjctStyles
								styles[0000] = (0E32): Style_B32BF6A7u32_0=0001 f64_0=50 vec=Vector (-19.08999991834063, 8.75, 0.0) f64_1=1 u32_1=0000
							*numRef = (05DF): RefByKey_1
							objects[0000] = (0BB7): Line3D flags=0000    u32_0=0000 pos=Vector (-19.03999991834063, 8.5, 0.0) dir=Vector (-19.08999991834063, 8.75, 0.0)
								*numRef = (05DF): RefByKey_1
							objects[0001] = (0BB8): Line3D flags=0000    u32_0=0000 pos=Vector (-19.08999991834063, 8.75, 0.0) dir=Vector (-19.13999991834063, 8.5, 0.0)
								*numRef = (05DF): RefByKey_1
							objects[0002] = (0BB9): Line3D flags=0000    u32_0=0000 pos=Vector (-19.13999991834063, 8.5, 0.0) dir=Vector (-19.03999991834063, 8.5, 0.0)
								*numRef = (05DF): RefByKey_1
						lst0[0002] = (05E2): 3dObject flags=0000    u32_0=0000 
							styles = (0BBA): ObjctStyles
								styles[0000] = (0E33): Style_B32BF6A7u32_0=0001 f64_0=50 vec=Vector (-19.08999991834063, 9.05, 0.0) f64_1=1 u32_1=0000
							*numRef = (05DF): RefByKey_1
							objects[0000] = (0BBB): Line3D flags=0000    u32_0=0000 pos=Vector (-19.13999991834063, 9.3, 0.0) dir=Vector (-19.08999991834063, 9.05, 0.0)
								*numRef = (05DF): RefByKey_1
							objects[0001] = (0BBC): Line3D flags=0000    u32_0=0000 pos=Vector (-19.08999991834063, 9.05, 0.0) dir=Vector (-19.03999991834063, 9.3, 0.0)
								*numRef = (05DF): RefByKey_1
							objects[0002] = (0BBD): Line3D flags=0000    u32_0=0000 pos=Vector (-19.03999991834063, 9.3, 0.0) dir=Vector (-19.13999991834063, 9.3, 0.0)
								*numRef = (05DF): RefByKey_1
						lst0[0003] = (05E3): Line3D flags=0004    u32_0=0000 pos=Vector (-19.08999991834063, 8.75, 0.0) dir=Vector (-19.08999991834063, 6.690210532075854, 0.0)
							*numRef = (05DF): RefByKey_1
						lst0[0004] = (05E4): Line3D flags=0004    u32_0=0000 pos=Vector (-19.08999991834063, 9.05, 0.0) dir=Vector (-19.08999991834063, 11.109789467924147, 0.0)
							*numRef = (05DF): RefByKey_1
						lst0[0005] = (05E5): Line3D flags=0004    u32_0=0000 pos=Vector (-19.08999991834063, 8.75, 0.0) dir=Vector (-19.08999991834063, 9.05, 0.0)
							*numRef = (05DF): RefByKey_1
						lst0[0006] = (05E6): Line3D flags=0007    u32_0=0000 pos=Vector (-17.285824561163505, 9.05, 0.0) dir=Vector (-19.433298162994653, 9.05, 0.0)
							*numRef = (05DF): RefByKey_1
						lst0[0007] = (05E7): Line3D flags=0006    u32_0=0000 pos=Vector (-17.285824561163505, 8.75, 0.0) dir=Vector (-19.433298162994653, 8.75, 0.0)
							*numRef = (05DF): RefByKey_1
					objects[000E] = (010D): DimensioningLength flags=0000    u32_0=0000  u8_0=00 u32_1=0001 index=00DA u8_1=01
						styles = (05E8): ObjctStyles
							*styles[0000] = (0AE0): Style_8F0B160B
							*styles[0001] = (0AE1): Style_8F0B160C
							styles[0002] = (0BBE): Style_7AE0E1A3u32_0=0001 a0=Vector (0.0, 0.1, 0.0)
						numRef = (05E9): RefByKey_1 key=00DA
						*parent = (041D): 3dObject
						lst0[0000] = (05EA): 3dObject flags=0000    u32_0=0000 
							styles = (0BBF): ObjctStyles
								styles[0000] = (0E34): Style_C29D5C11u32_0=0001 a0=Vector (-18.44285708915823, 7.2285714285714295, 0.0)
								styles[0001] = (0E35): Style_B32BF6A7u32_0=0001 f64_0=30 vec=Vector (-18.44285708915823, 7.2285714285714295, 0.0) f64_1=1 u32_1=0000
							*numRef = (05E9): RefByKey_1
							objects[0000] = (0BC0): Text3D 'fx:3' flags=0000    u32_0=0001 vec=Vector (-18.79609859239691, 7.074073842147898, 0.0) a0=Vector (1.0, 0.0, 0.0) a1=(009,A7F9,000) b_0=False
								*numRef = (05E9): RefByKey_1
						lst0[0001] = (05EB): 3dObject flags=0000    u32_0=0000 
							styles = (0BC1): ObjctStyles
								styles[0000] = (0E36): Style_B32BF6A7u32_0=0001 f64_0=50 vec=Vector (-18.44285708915823, 7.25, 0.0) f64_1=1 u32_1=0000
							*numRef = (05E9): RefByKey_1
							objects[0000] = (0BC2): Line3D flags=0000    u32_0=0000 pos=Vector (-18.39285708915823, 7.0, 0.0) dir=Vector (-18.44285708915823, 7.25, 0.0)
								*numRef = (05E9): RefByKey_1
							objects[0001] = (0BC3): Line3D flags=0000    u32_0=0000 pos=Vector (-18.44285708915823, 7.25, 0.0) dir=Vector (-18.492857089158232, 7.0, 0.0)
								*numRef = (05E9): RefByKey_1
							objects[0002] = (0BC4): Line3D flags=0000    u32_0=0000 pos=Vector (-18.492857089158232, 7.0, 0.0) dir=Vector (-18.39285708915823, 7.0, 0.0)
								*numRef = (05E9): RefByKey_1
						lst0[0002] = (05EC): 3dObject flags=0000    u32_0=0000 
							styles = (0BC5): ObjctStyles
								styles[0000] = (0E37): Style_B32BF6A7u32_0=0001 f64_0=50 vec=Vector (-18.44285708915823, 7.550000000000001, 0.0) f64_1=1 u32_1=0000
							*numRef = (05E9): RefByKey_1
							objects[0000] = (0BC6): Line3D flags=0000    u32_0=0000 pos=Vector (-18.492857089158232, 7.800000000000001, 0.0) dir=Vector (-18.44285708915823, 7.550000000000001, 0.0)
								*numRef = (05E9): RefByKey_1
							objects[0001] = (0BC7): Line3D flags=0000    u32_0=0000 pos=Vector (-18.44285708915823, 7.550000000000001, 0.0) dir=Vector (-18.39285708915823, 7.800000000000001, 0.0)
								*numRef = (05E9): RefByKey_1
							objects[0002] = (0BC8): Line3D flags=0000    u32_0=0000 pos=Vector (-18.39285708915823, 7.800000000000001, 0.0) dir=Vector (-18.492857089158232, 7.800000000000001, 0.0)
								*numRef = (05E9): RefByKey_1
						lst0[0003] = (05ED): Line3D flags=0004    u32_0=0000 pos=Vector (-18.44285708915823, 7.25, 0.0) dir=Vector (-18.44285708915823, 7.2285714285714295, 0.0)
							*numRef = (05E9): RefByKey_1
						lst0[0004] = (05EE): Line3D flags=0004    u32_0=0000 pos=Vector (-18.44285708915823, 7.550000000000001, 0.0) dir=Vector (-18.44285708915823, 9.019402752516989, 0.0)
							*numRef = (05E9): RefByKey_1
						lst0[0005] = (05EF): Line3D flags=0004    u32_0=0000 pos=Vector (-18.44285708915823, 7.25, 0.0) dir=Vector (-18.44285708915823, 7.550000000000001, 0.0)
							*numRef = (05E9): RefByKey_1
						lst0[0006] = (05F0): Line3D flags=0006    u32_0=0000 pos=Vector (-17.26122511468821, 7.25, 0.0) dir=Vector (-18.687757547911062, 7.25, 0.0)
							*numRef = (05E9): RefByKey_1
						lst0[0007] = (05F1): Line3D flags=0007    u32_0=0000 pos=Vector (-17.26122511468821, 7.550000000000001, 0.0) dir=Vector (-18.687757547911062, 7.550000000000001, 0.0)
							*numRef = (05E9): RefByKey_1
					objects[000F] = (010E): DimensioningLength flags=0000    u32_0=0000  u8_0=00 u32_1=0001 index=00DB u8_1=01
						styles = (05F2): ObjctStyles
							*styles[0000] = (0AE0): Style_8F0B160B
							*styles[0001] = (0AE1): Style_8F0B160C
							styles[0002] = (0BC9): Style_7AE0E1A3u32_0=0001 a0=Vector (0.0, 0.1, 0.0)
						numRef = (05F3): RefByKey_1 key=00DB
						*parent = (041D): 3dObject
						lst0[0000] = (05F4): 3dObject flags=0000    u32_0=0000 
							styles = (0BCA): ObjctStyles
								styles[0000] = (0E38): Style_C29D5C11u32_0=0001 a0=Vector (-17.53375777282185, 8.14611352063072, 0.0)
								styles[0001] = (0E39): Style_B32BF6A7u32_0=0001 f64_0=30 vec=Vector (-17.53375777282185, 8.14611352063072, 0.0) f64_1=1 u32_1=0000
							*numRef = (05F3): RefByKey_1
							objects[0000] = (0BCB): Text3D '12' flags=0000    u32_0=0001 vec=Vector (-17.758879345435567, 7.992953052886847, 0.0) a0=Vector (1.0, 0.0, 0.0) a1=(009,A7F9,000) b_0=False
								*numRef = (05F3): RefByKey_1
						lst0[0001] = (05F5): 3dObject flags=0000    u32_0=0000 
							styles = (0BCC): ObjctStyles
								styles[0000] = (0E3A): Style_B32BF6A7u32_0=0001 f64_0=50 vec=Vector (-17.53375777282185, 7.550000000000001, 0.0) f64_1=1 u32_1=0000
							*numRef = (05F3): RefByKey_1
							objects[0000] = (0BCD): Line3D flags=0000    u32_0=0000 pos=Vector (-17.58375777282185, 7.800000000000001, 0.0) dir=Vector (-17.53375777282185, 7.550000000000001, 0.0)
								*numRef = (05F3): RefByKey_1
							objects[0001] = (0BCE): Line3D flags=0000    u32_0=0000 pos=Vector (-17.53375777282185, 7.550000000000001, 0.0) dir=Vector (-17.48375777282185, 7.800000000000001, 0.0)
								*numRef = (05F3): RefByKey_1
							objects[0002] = (0BCF): Line3D flags=0000    u32_0=0000 pos=Vector (-17.48375777282185, 7.800000000000001, 0.0) dir=Vector (-17.58375777282185, 7.800000000000001, 0.0)
								*numRef = (05F3): RefByKey_1
						lst0[0002] = (05F6): 3dObject flags=0000    u32_0=0000 
							styles = (0BD0): ObjctStyles
								styles[0000] = (0E3B): Style_B32BF6A7u32_0=0001 f64_0=50 vec=Vector (-17.53375777282185, 8.75, 0.0) f64_1=1 u32_1=0000
							*numRef = (05F3): RefByKey_1
							objects[0000] = (0BD1): Line3D flags=0000    u32_0=0000 pos=Vector (-17.48375777282185, 8.5, 0.0) dir=Vector (-17.53375777282185, 8.75, 0.0)
								*numRef = (05F3): RefByKey_1
							objects[0001] = (0BD2): Line3D flags=0000    u32_0=0000 pos=Vector (-17.53375777282185, 8.75, 0.0) dir=Vector (-17.58375777282185, 8.5, 0.0)
								*numRef = (05F3): RefByKey_1
							objects[0002] = (0BD3): Line3D flags=0000    u32_0=0000 pos=Vector (-17.58375777282185, 8.5, 0.0) dir=Vector (-17.48375777282185, 8.5, 0.0)
								*numRef = (05F3): RefByKey_1
						lst0[0003] = (05F7): Line3D flags=0004    u32_0=0000 pos=Vector (-17.53375777282185, 7.550000000000001, 0.0) dir=Vector (-17.53375777282185, 8.75, 0.0)
							*numRef = (05F3): RefByKey_1
						lst0[0004] = (05F8): Line3D flags=0007    u32_0=0000 pos=Vector (-17.246427980159364, 8.75, 0.0) dir=Vector (-17.71946969345931, 8.75, 0.0)
							*numRef = (05F3): RefByKey_1
						lst0[0005] = (05F9): Line3D flags=0006    u32_0=0000 pos=Vector (-17.246427980159364, 7.550000000000001, 0.0) dir=Vector (-17.71946969345931, 7.550000000000001, 0.0)
							*numRef = (05F3): RefByKey_1
					objects[0010] = (00F9): DimensioningLength flags=0000    u32_0=0000  u8_0=00 u32_1=0001 index=00C6 u8_1=01
						styles = (0532): ObjctStyles
							styles[0000] = (0AE0): Style_8F0B160Bu32_0=0001 Color.c0=#00000000 Color.diffuse=#333333FF Color.c1=#CCCCCCFF Color.c2=#FFFFFFFF Color.c3=#000000FF Color.f=20 u8_0=01 a11=(016,000,000,000,000,000,000,000,000,000)
							styles[0001] = (0AE1): Style_8F0B160Cu32_0=0001 a0=(001,000,3F80,001,FFFF,000,000,000,000,000) u8_0=00 a1=(3F80,000,000) a2=(000,000,00F,000) u32_1=0001
							styles[0002] = (0AE2): Style_7AE0E1A3u32_0=0001 a0=Vector (0.0, 0.1, 0.0)
						numRef = (0533): RefByKey_1 key=00C6
						*parent = (041D): 3dObject
						lst0[0000] = (0534): 3dObject flags=0000    u32_0=0000 
							styles = (0AE3): ObjctStyles
								styles[0000] = (0DE4): Style_C29D5C11u32_0=0001 a0=Vector (-9.574489127135996, 10.171998832473095, 0.0)
								styles[0001] = (0DE5): Style_B32BF6A7u32_0=0001 f64_0=30 vec=Vector (-9.574489127135996, 10.171998832473095, 0.0) f64_1=1 u32_1=0000
							*numRef = (0533): RefByKey_1
							objects[0000] = (0AE4): Text3D '14' flags=0000    u32_0=0001 vec=Vector (-9.799610699749712, 10.021512601622875, 0.0) a0=Vector (1.0, 0.0, 0.0) a1=(009,A7F9,000) b_0=False
								*numRef = (0533): RefByKey_1
						lst0[0001] = (0535): 3dObject flags=0000    u32_0=0000 
							styles = (0AE5): ObjctStyles
								styles[0000] = (0DE6): Style_B32BF6A7u32_0=0001 f64_0=50 vec=Vector (-9.350000000000001, 10.171998832473095, 0.0) f64_1=1 u32_1=0000
							*numRef = (0533): RefByKey_1
							objects[0000] = (0AE6): Line3D flags=0000    u32_0=0000 pos=Vector (-9.600000000000001, 10.121998832473095, 0.0) dir=Vector (-9.350000000000001, 10.171998832473095, 0.0)
								*numRef = (0533): RefByKey_1
							objects[0001] = (0AE7): Line3D flags=0000    u32_0=0000 pos=Vector (-9.350000000000001, 10.171998832473095, 0.0) dir=Vector (-9.600000000000001, 10.221998832473096, 0.0)
								*numRef = (0533): RefByKey_1
							objects[0002] = (0AE8): Line3D flags=0000    u32_0=0000 pos=Vector (-9.600000000000001, 10.221998832473096, 0.0) dir=Vector (-9.600000000000001, 10.121998832473095, 0.0)
								*numRef = (0533): RefByKey_1
						lst0[0002] = (0536): 3dObject flags=0000    u32_0=0000 
							styles = (0AE9): ObjctStyles
								styles[0000] = (0DE7): Style_B32BF6A7u32_0=0001 f64_0=50 vec=Vector (-10.750000000000002, 10.171998832473095, 0.0) f64_1=1 u32_1=0000
							*numRef = (0533): RefByKey_1
							objects[0000] = (0AEA): Line3D flags=0000    u32_0=0000 pos=Vector (-10.500000000000002, 10.221998832473096, 0.0) dir=Vector (-10.750000000000002, 10.171998832473095, 0.0)
								*numRef = (0533): RefByKey_1
							objects[0001] = (0AEB): Line3D flags=0000    u32_0=0000 pos=Vector (-10.750000000000002, 10.171998832473095, 0.0) dir=Vector (-10.500000000000002, 10.121998832473095, 0.0)
								*numRef = (0533): RefByKey_1
							objects[0002] = (0AEC): Line3D flags=0000    u32_0=0000 pos=Vector (-10.500000000000002, 10.121998832473095, 0.0) dir=Vector (-10.500000000000002, 10.221998832473096, 0.0)
								*numRef = (0533): RefByKey_1
						lst0[0003] = (0537): Line3D flags=0004    u32_0=0000 pos=Vector (-9.350000000000001, 10.171998832473095, 0.0) dir=Vector (-10.750000000000002, 10.171998832473095, 0.0)
							*numRef = (0533): RefByKey_1
						lst0[0004] = (0538): Line3D flags=0007    u32_0=0000 pos=Vector (-10.750000000000002, 10.878565122974711, 0.0) dir=Vector (-10.750000000000002, 9.886259324371938, 0.0)
							*numRef = (0533): RefByKey_1
						lst0[0005] = (0539): Line3D flags=0006    u32_0=0000 pos=Vector (-9.350000000000001, 10.878565122974711, 0.0) dir=Vector (-9.350000000000001, 9.886259324371938, 0.0)
							*numRef = (0533): RefByKey_1
					objects[0011] = (00FA): DimensioningLength flags=0000    u32_0=0000  u8_0=00 u32_1=0001 index=00C7 u8_1=01
						styles = (053A): ObjctStyles
							*styles[0000] = (0AE0): Style_8F0B160B
							*styles[0001] = (0AE1): Style_8F0B160C
							styles[0002] = (0AED): Style_7AE0E1A3u32_0=0001 a0=Vector (0.0, 0.1, 0.0)
						numRef = (053B): RefByKey_1 key=00C7
						*parent = (041D): 3dObject
						lst0[0000] = (053C): 3dObject flags=0000    u32_0=0000 
							styles = (0AEE): ObjctStyles
								styles[0000] = (0DE8): Style_C29D5C11u32_0=0001 a0=Vector (-11.205530515803494, 10.45796801415779, 0.0)
								styles[0001] = (0DE9): Style_B32BF6A7u32_0=0001 f64_0=30 vec=Vector (-11.205530515803494, 10.45796801415779, 0.0) f64_1=1 u32_1=0000
							*numRef = (053B): RefByKey_1
							objects[0000] = (0AEF): Text3D '14' flags=0000    u32_0=0001 vec=Vector (-11.43065208841721, 10.307481783307571, 0.0) a0=Vector (1.0, 0.0, 0.0) a1=(009,A7F9,000) b_0=False
								*numRef = (053B): RefByKey_1
						lst0[0001] = (053D): 3dObject flags=0000    u32_0=0000 
							styles = (0AF0): ObjctStyles
								styles[0000] = (0DEA): Style_B32BF6A7u32_0=0001 f64_0=50 vec=Vector (-11.05, 10.45796801415779, 0.0) f64_1=1 u32_1=0000
							*numRef = (053B): RefByKey_1
							objects[0000] = (0AF1): Line3D flags=0000    u32_0=0000 pos=Vector (-11.3, 10.40796801415779, 0.0) dir=Vector (-11.05, 10.45796801415779, 0.0)
								*numRef = (053B): RefByKey_1
							objects[0001] = (0AF2): Line3D flags=0000    u32_0=0000 pos=Vector (-11.05, 10.45796801415779, 0.0) dir=Vector (-11.3, 10.507968014157791, 0.0)
								*numRef = (053B): RefByKey_1
							objects[0002] = (0AF3): Line3D flags=0000    u32_0=0000 pos=Vector (-11.3, 10.507968014157791, 0.0) dir=Vector (-11.3, 10.40796801415779, 0.0)
								*numRef = (053B): RefByKey_1
						lst0[0002] = (053E): 3dObject flags=0000    u32_0=0000 
							styles = (0AF4): ObjctStyles
								styles[0000] = (0DEB): Style_B32BF6A7u32_0=0001 f64_0=50 vec=Vector (-12.450000000000001, 10.45796801415779, 0.0) f64_1=1 u32_1=0000
							*numRef = (053B): RefByKey_1
							objects[0000] = (0AF5): Line3D flags=0000    u32_0=0000 pos=Vector (-12.200000000000001, 10.507968014157791, 0.0) dir=Vector (-12.450000000000001, 10.45796801415779, 0.0)
								*numRef = (053B): RefByKey_1
							objects[0001] = (0AF6): Line3D flags=0000    u32_0=0000 pos=Vector (-12.450000000000001, 10.45796801415779, 0.0) dir=Vector (-12.200000000000001, 10.40796801415779, 0.0)
								*numRef = (053B): RefByKey_1
							objects[0002] = (0AF7): Line3D flags=0000    u32_0=0000 pos=Vector (-12.200000000000001, 10.40796801415779, 0.0) dir=Vector (-12.200000000000001, 10.507968014157791, 0.0)
								*numRef = (053B): RefByKey_1
						lst0[0003] = (053F): Line3D flags=0004    u32_0=0000 pos=Vector (-11.05, 10.45796801415779, 0.0) dir=Vector (-12.450000000000001, 10.45796801415779, 0.0)
							*numRef = (053B): RefByKey_1
						lst0[0004] = (0540): Line3D flags=0007    u32_0=0000 pos=Vector (-12.450000000000001, 10.91401584759232, 0.0) dir=Vector (-12.450000000000001, 10.314031404527071, 0.0)
							*numRef = (053B): RefByKey_1
						lst0[0005] = (0541): Line3D flags=0006    u32_0=0000 pos=Vector (-11.05, 10.91401584759232, 0.0) dir=Vector (-11.05, 10.314031404527071, 0.0)
							*numRef = (053B): RefByKey_1
					objects[0012] = (00FB): DimensioningLength flags=0000    u32_0=0000  u8_0=00 u32_1=0001 index=00C8 u8_1=01
						styles = (0542): ObjctStyles
							*styles[0000] = (0AE0): Style_8F0B160B
							*styles[0001] = (0AE1): Style_8F0B160C
							styles[0002] = (0AF8): Style_7AE0E1A3u32_0=0001 a0=Vector (0.0, 0.1, 0.0)
						numRef = (0543): RefByKey_1 key=00C8
						*parent = (041D): 3dObject
						lst0[0000] = (0544): 3dObject flags=0000    u32_0=0000 
							styles = (0AF9): ObjctStyles
								styles[0000] = (0DEC): Style_C29D5C11u32_0=0001 a0=Vector (-12.884224407178515, 10.577010801293195, 0.0)
								styles[0001] = (0DED): Style_B32BF6A7u32_0=0001 f64_0=30 vec=Vector (-12.884224407178515, 10.577010801293195, 0.0) f64_1=1 u32_1=0000
							*numRef = (0543): RefByKey_1
							objects[0000] = (0AFA): Text3D '14' flags=0000    u32_0=0001 vec=Vector (-13.10934597979223, 10.426524570442975, 0.0) a0=Vector (1.0, 0.0, 0.0) a1=(009,A7F9,000) b_0=False
								*numRef = (0543): RefByKey_1
						lst0[0001] = (0545): 3dObject flags=0000    u32_0=0000 
							styles = (0AFB): ObjctStyles
								styles[0000] = (0DEE): Style_B32BF6A7u32_0=0001 f64_0=50 vec=Vector (-12.750000000000002, 10.577010801293195, 0.0) f64_1=1 u32_1=0000
							*numRef = (0543): RefByKey_1
							objects[0000] = (0AFC): Line3D flags=0000    u32_0=0000 pos=Vector (-13.000000000000002, 10.527010801293194, 0.0) dir=Vector (-12.750000000000002, 10.577010801293195, 0.0)
								*numRef = (0543): RefByKey_1
							objects[0001] = (0AFD): Line3D flags=0000    u32_0=0000 pos=Vector (-12.750000000000002, 10.577010801293195, 0.0) dir=Vector (-13.000000000000002, 10.627010801293196, 0.0)
								*numRef = (0543): RefByKey_1
							objects[0002] = (0AFE): Line3D flags=0000    u32_0=0000 pos=Vector (-13.000000000000002, 10.627010801293196, 0.0) dir=Vector (-13.000000000000002, 10.527010801293194, 0.0)
								*numRef = (0543): RefByKey_1
						lst0[0002] = (0546): 3dObject flags=0000    u32_0=0000 
							styles = (0AFF): ObjctStyles
								styles[0000] = (0DEF): Style_B32BF6A7u32_0=0001 f64_0=50 vec=Vector (-14.150000000000004, 10.577010801293195, 0.0) f64_1=1 u32_1=0000
							*numRef = (0543): RefByKey_1
							objects[0000] = (0B00): Line3D flags=0000    u32_0=0000 pos=Vector (-13.900000000000004, 10.627010801293196, 0.0) dir=Vector (-14.150000000000004, 10.577010801293195, 0.0)
								*numRef = (0543): RefByKey_1
							objects[0001] = (0B01): Line3D flags=0000    u32_0=0000 pos=Vector (-14.150000000000004, 10.577010801293195, 0.0) dir=Vector (-13.900000000000004, 10.527010801293194, 0.0)
								*numRef = (0543): RefByKey_1
							objects[0002] = (0B02): Line3D flags=0000    u32_0=0000 pos=Vector (-13.900000000000004, 10.527010801293194, 0.0) dir=Vector (-13.900000000000004, 10.627010801293196, 0.0)
								*numRef = (0543): RefByKey_1
						lst0[0003] = (0547): Line3D flags=0004    u32_0=0000 pos=Vector (-12.750000000000002, 10.577010801293195, 0.0) dir=Vector (-14.150000000000004, 10.577010801293195, 0.0)
							*numRef = (0543): RefByKey_1
						lst0[0004] = (0548): Line3D flags=0007    u32_0=0000 pos=Vector (-14.150000000000004, 10.91677666137552, 0.0) dir=Vector (-14.150000000000004, 10.444117446795271, 0.0)
							*numRef = (0543): RefByKey_1
						lst0[0005] = (0549): Line3D flags=0006    u32_0=0000 pos=Vector (-12.750000000000002, 10.91677666137552, 0.0) dir=Vector (-12.750000000000002, 10.444117446795271, 0.0)
							*numRef = (0543): RefByKey_1
					objects[0013] = (00FC): DimensioningLength flags=0000    u32_0=0000  u8_0=00 u32_1=0001 index=00C9 u8_1=01
						styles = (054A): ObjctStyles
							*styles[0000] = (0AE0): Style_8F0B160B
							*styles[0001] = (0AE1): Style_8F0B160C
							styles[0002] = (0B03): Style_7AE0E1A3u32_0=0001 a0=Vector (0.0, 0.1, 0.0)
						numRef = (054B): RefByKey_1 key=00C9
						*parent = (041D): 3dObject
						lst0[0000] = (054C): 3dObject flags=0000    u32_0=0000 
							styles = (0B04): ObjctStyles
								styles[0000] = (0DF0): Style_C29D5C11u32_0=0001 a0=Vector (-15.42298141245178, 10.981941327491969, 0.0)
								styles[0001] = (0DF1): Style_B32BF6A7u32_0=0001 f64_0=30 vec=Vector (-15.42298141245178, 10.981941327491969, 0.0) f64_1=1 u32_1=0000
							*numRef = (054B): RefByKey_1
							objects[0000] = (0B05): Text3D '33' flags=0000    u32_0=0001 vec=Vector (-15.648102985065496, 10.831941313848093, 0.0) a0=Vector (1.0, 0.0, 0.0) a1=(009,A7F9,000) b_0=False
								*numRef = (054B): RefByKey_1
						lst0[0001] = (054D): 3dObject flags=0000    u32_0=0000 
							styles = (0B06): ObjctStyles
								styles[0000] = (0DF2): Style_B32BF6A7u32_0=0001 f64_0=50 vec=Vector (-15.42298141245178, 10.8, 0.0) f64_1=1 u32_1=0000
							*numRef = (054B): RefByKey_1
							objects[0000] = (0B07): Line3D flags=0000    u32_0=0000 pos=Vector (-15.47298141245178, 11.05, 0.0) dir=Vector (-15.42298141245178, 10.8, 0.0)
								*numRef = (054B): RefByKey_1
							objects[0001] = (0B08): Line3D flags=0000    u32_0=0000 pos=Vector (-15.42298141245178, 10.8, 0.0) dir=Vector (-15.372981412451779, 11.05, 0.0)
								*numRef = (054B): RefByKey_1
							objects[0002] = (0B09): Line3D flags=0000    u32_0=0000 pos=Vector (-15.372981412451779, 11.05, 0.0) dir=Vector (-15.47298141245178, 11.05, 0.0)
								*numRef = (054B): RefByKey_1
						lst0[0002] = (054E): 3dObject flags=0000    u32_0=0000 
							styles = (0B0A): ObjctStyles
								styles[0000] = (0DF3): Style_B32BF6A7u32_0=0001 f64_0=50 vec=Vector (-15.42298141245178, 14.100000000000001, 0.0) f64_1=1 u32_1=0000
							*numRef = (054B): RefByKey_1
							objects[0000] = (0B0B): Line3D flags=0000    u32_0=0000 pos=Vector (-15.372981412451779, 13.850000000000001, 0.0) dir=Vector (-15.42298141245178, 14.100000000000001, 0.0)
								*numRef = (054B): RefByKey_1
							objects[0001] = (0B0C): Line3D flags=0000    u32_0=0000 pos=Vector (-15.42298141245178, 14.100000000000001, 0.0) dir=Vector (-15.47298141245178, 13.850000000000001, 0.0)
								*numRef = (054B): RefByKey_1
							objects[0002] = (0B0D): Line3D flags=0000    u32_0=0000 pos=Vector (-15.47298141245178, 13.850000000000001, 0.0) dir=Vector (-15.372981412451779, 13.850000000000001, 0.0)
								*numRef = (054B): RefByKey_1
						lst0[0003] = (054F): Line3D flags=0004    u32_0=0000 pos=Vector (-15.42298141245178, 10.8, 0.0) dir=Vector (-15.42298141245178, 14.100000000000001, 0.0)
							*numRef = (054B): RefByKey_1
						lst0[0004] = (0550): Line3D flags=0006    u32_0=0000 pos=Vector (-14.353533850271845, 10.8, 0.0) dir=Vector (-15.637116813539155, 10.8, 0.0)
							*numRef = (054B): RefByKey_1
						lst0[0005] = (0551): Line3D flags=0007    u32_0=0000 pos=Vector (-14.353533850271845, 14.100000000000001, 0.0) dir=Vector (-15.637116813539155, 14.100000000000001, 0.0)
							*numRef = (054B): RefByKey_1
					objects[0014] = (00FD): DimensioningLength flags=0000    u32_0=0000  u8_0=00 u32_1=0001 index=00CA u8_1=01
						styles = (0552): ObjctStyles
							*styles[0000] = (0AE0): Style_8F0B160B
							*styles[0001] = (0AE1): Style_8F0B160C
							styles[0002] = (0B0E): Style_7AE0E1A3u32_0=0001 a0=Vector (0.0, 0.1, 0.0)
						numRef = (0553): RefByKey_1 key=00CA
						*parent = (041D): 3dObject
						lst0[0000] = (0554): 3dObject flags=0000    u32_0=0000 
							styles = (0B0F): ObjctStyles
								styles[0000] = (0DF4): Style_C29D5C11u32_0=0001 a0=Vector (-7.947055780423552, 10.545810265072072, 0.0)
								styles[0001] = (0DF5): Style_B32BF6A7u32_0=0001 f64_0=30 vec=Vector (-7.947055780423552, 10.545810265072072, 0.0) f64_1=1 u32_1=0000
							*numRef = (0553): RefByKey_1
							objects[0000] = (0B10): Text3D '43' flags=0000    u32_0=0001 vec=Vector (-8.172177353037268, 10.395810251428196, 0.0) a0=Vector (1.0, 0.0, 0.0) a1=(009,A7F9,000) b_0=False
								*numRef = (0553): RefByKey_1
						lst0[0001] = (0555): 3dObject flags=0000    u32_0=0000 
							styles = (0B11): ObjctStyles
								styles[0000] = (0DF6): Style_B32BF6A7u32_0=0001 f64_0=50 vec=Vector (-7.947055780423552, 10.799999999999999, 0.0) f64_1=1 u32_1=0000
							*numRef = (0553): RefByKey_1
							objects[0000] = (0B12): Line3D flags=0000    u32_0=0000 pos=Vector (-7.997055780423552, 11.049999999999999, 0.0) dir=Vector (-7.947055780423552, 10.799999999999999, 0.0)
								*numRef = (0553): RefByKey_1
							objects[0001] = (0B13): Line3D flags=0000    u32_0=0000 pos=Vector (-7.947055780423552, 10.799999999999999, 0.0) dir=Vector (-7.897055780423552, 11.049999999999999, 0.0)
								*numRef = (0553): RefByKey_1
							objects[0002] = (0B14): Line3D flags=0000    u32_0=0000 pos=Vector (-7.897055780423552, 11.049999999999999, 0.0) dir=Vector (-7.997055780423552, 11.049999999999999, 0.0)
								*numRef = (0553): RefByKey_1
						lst0[0002] = (0556): 3dObject flags=0000    u32_0=0000 
							styles = (0B15): ObjctStyles
								styles[0000] = (0DF7): Style_B32BF6A7u32_0=0001 f64_0=50 vec=Vector (-7.947055780423552, 15.1, 0.0) f64_1=1 u32_1=0000
							*numRef = (0553): RefByKey_1
							objects[0000] = (0B16): Line3D flags=0000    u32_0=0000 pos=Vector (-7.897055780423552, 14.85, 0.0) dir=Vector (-7.947055780423552, 15.1, 0.0)
								*numRef = (0553): RefByKey_1
							objects[0001] = (0B17): Line3D flags=0000    u32_0=0000 pos=Vector (-7.947055780423552, 15.1, 0.0) dir=Vector (-7.997055780423552, 14.85, 0.0)
								*numRef = (0553): RefByKey_1
							objects[0002] = (0B18): Line3D flags=0000    u32_0=0000 pos=Vector (-7.997055780423552, 14.85, 0.0) dir=Vector (-7.897055780423552, 14.85, 0.0)
								*numRef = (0553): RefByKey_1
						lst0[0003] = (0557): Line3D flags=0004    u32_0=0000 pos=Vector (-7.947055780423552, 10.799999999999999, 0.0) dir=Vector (-7.947055780423552, 15.1, 0.0)
							*numRef = (0553): RefByKey_1
						lst0[0004] = (0558): Line3D flags=0007    u32_0=0000 pos=Vector (-9.156168521326494, 15.1, 0.0) dir=Vector (-7.771729865729524, 15.1, 0.0)
							*numRef = (0553): RefByKey_1
						lst0[0005] = (0559): Line3D flags=0006    u32_0=0000 pos=Vector (-9.156168521326494, 10.799999999999999, 0.0) dir=Vector (-7.771729865729524, 10.799999999999999, 0.0)
							*numRef = (0553): RefByKey_1
						lst0[0006] = (055A): Line3D flags=0004    u32_0=0000 pos=Vector (-7.947055780423552, 10.799999999999999, 0.0) dir=Vector (-7.947055780423552, 10.545810265072072, 0.0)
							*numRef = (0553): RefByKey_1
					objects[0015] = (00FE): DimensioningLength flags=0000    u32_0=0000  u8_0=00 u32_1=0001 index=00CB u8_1=01
						styles = (055B): ObjctStyles
							*styles[0000] = (0AE0): Style_8F0B160B
							*styles[0001] = (0AE1): Style_8F0B160C
							styles[0002] = (0B19): Style_7AE0E1A3u32_0=0001 a0=Vector (0.0, 0.1, 0.0)
						numRef = (055C): RefByKey_1 key=00CB
						*parent = (041D): 3dObject
						lst0[0000] = (055D): 3dObject flags=0000    u32_0=0000 
							styles = (0B1A): ObjctStyles
								styles[0000] = (0DF8): Style_C29D5C11u32_0=0001 a0=Vector (-9.148837088583859, 8.519970282796939, 0.0)
								styles[0001] = (0DF9): Style_B32BF6A7u32_0=0001 f64_0=30 vec=Vector (-9.148837088583859, 8.519970282796939, 0.0) f64_1=1 u32_1=0000
							*numRef = (055C): RefByKey_1
							objects[0000] = (0B1B): Text3D '80' flags=0000    u32_0=0001 vec=Vector (-9.373958661197575, 8.369970268454571, 0.0) a0=Vector (1.0, 0.0, 0.0) a1=(009,A7F9,000) b_0=False
								*numRef = (055C): RefByKey_1
						lst0[0001] = (055E): 3dObject flags=0000    u32_0=0000 
							styles = (0B1C): ObjctStyles
								styles[0000] = (0DFA): Style_B32BF6A7u32_0=0001 f64_0=50 vec=Vector (-9.200000000000001, 8.519970282796939, 0.0) f64_1=1 u32_1=0000
							*numRef = (055C): RefByKey_1
							objects[0000] = (0B1D): Line3D flags=0000    u32_0=0000 pos=Vector (-9.450000000000001, 8.469970282796938, 0.0) dir=Vector (-9.200000000000001, 8.519970282796939, 0.0)
								*numRef = (055C): RefByKey_1
							objects[0001] = (0B1E): Line3D flags=0000    u32_0=0000 pos=Vector (-9.200000000000001, 8.519970282796939, 0.0) dir=Vector (-9.450000000000001, 8.56997028279694, 0.0)
								*numRef = (055C): RefByKey_1
							objects[0002] = (0B1F): Line3D flags=0000    u32_0=0000 pos=Vector (-9.450000000000001, 8.56997028279694, 0.0) dir=Vector (-9.450000000000001, 8.469970282796938, 0.0)
								*numRef = (055C): RefByKey_1
						lst0[0002] = (055F): 3dObject flags=0000    u32_0=0000 
							styles = (0B20): ObjctStyles
								styles[0000] = (0DFB): Style_B32BF6A7u32_0=0001 f64_0=50 vec=Vector (-17.2, 8.519970282796939, 0.0) f64_1=1 u32_1=0000
							*numRef = (055C): RefByKey_1
							objects[0000] = (0B21): Line3D flags=0000    u32_0=0000 pos=Vector (-16.95, 8.56997028279694, 0.0) dir=Vector (-17.2, 8.519970282796939, 0.0)
								*numRef = (055C): RefByKey_1
							objects[0001] = (0B22): Line3D flags=0000    u32_0=0000 pos=Vector (-17.2, 8.519970282796939, 0.0) dir=Vector (-16.95, 8.469970282796938, 0.0)
								*numRef = (055C): RefByKey_1
							objects[0002] = (0B23): Line3D flags=0000    u32_0=0000 pos=Vector (-16.95, 8.469970282796938, 0.0) dir=Vector (-16.95, 8.56997028279694, 0.0)
								*numRef = (055C): RefByKey_1
						lst0[0003] = (0560): Line3D flags=0004    u32_0=0000 pos=Vector (-9.200000000000001, 8.519970282796939, 0.0) dir=Vector (-17.2, 8.519970282796939, 0.0)
							*numRef = (055C): RefByKey_1
						lst0[0004] = (0561): Line3D flags=0006    u32_0=0000 pos=Vector (-9.200000000000001, 8.878953403296038, 0.0) dir=Vector (-9.200000000000001, 8.435783895981084, 0.0)
							*numRef = (055C): RefByKey_1
						lst0[0005] = (0562): Line3D flags=0007    u32_0=0000 pos=Vector (-17.2, 8.878953403296038, 0.0) dir=Vector (-17.2, 8.435783895981084, 0.0)
							*numRef = (055C): RefByKey_1
						lst0[0006] = (0563): Line3D flags=0004    u32_0=0000 pos=Vector (-8.955908539562019, 8.519970282796939, 0.0) dir=Vector (-9.200000000000001, 8.519970282796939, 0.0)
							*numRef = (055C): RefByKey_1
					objects[0016] = (00FF): DimensioningLength flags=0000    u32_0=0000  u8_0=00 u32_1=0001 index=00CC u8_1=01
						styles = (0564): ObjctStyles
							*styles[0000] = (0AE0): Style_8F0B160B
							*styles[0001] = (0AE1): Style_8F0B160C
							styles[0002] = (0B24): Style_7AE0E1A3u32_0=0001 a0=Vector (0.0, 0.1, 0.0)
						numRef = (0565): RefByKey_1 key=00CC
						*parent = (041D): 3dObject
						lst0[0000] = (0566): 3dObject flags=0000    u32_0=0000 
							styles = (0B25): ObjctStyles
								styles[0000] = (0DFC): Style_C29D5C11u32_0=0001 a0=Vector (-8.998961598901127, 8.60854610999764, 0.0)
								styles[0001] = (0DFD): Style_B32BF6A7u32_0=0001 f64_0=30 vec=Vector (-8.998961598901127, 8.60854610999764, 0.0) f64_1=1 u32_1=0000
							*numRef = (0565): RefByKey_1
							objects[0000] = (0B26): Text3D '92' flags=0000    u32_0=0001 vec=Vector (-9.224083171514843, 8.458302984374548, 0.0) a0=Vector (1.0, 0.0, 0.0) a1=(009,A7F9,000) b_0=False
								*numRef = (0565): RefByKey_1
						lst0[0001] = (0567): 3dObject flags=0000    u32_0=0000 
							styles = (0B27): ObjctStyles
								styles[0000] = (0DFE): Style_B32BF6A7u32_0=0001 f64_0=50 vec=Vector (-9.200000000000001, 8.60854610999764, 0.0) f64_1=1 u32_1=0000
							*numRef = (0565): RefByKey_1
							objects[0000] = (0B28): Line3D flags=0000    u32_0=0000 pos=Vector (-8.950000000000001, 8.65854610999764, 0.0) dir=Vector (-9.200000000000001, 8.60854610999764, 0.0)
								*numRef = (0565): RefByKey_1
							objects[0001] = (0B29): Line3D flags=0000    u32_0=0000 pos=Vector (-9.200000000000001, 8.60854610999764, 0.0) dir=Vector (-8.950000000000001, 8.55854610999764, 0.0)
								*numRef = (0565): RefByKey_1
							objects[0002] = (0B2A): Line3D flags=0000    u32_0=0000 pos=Vector (-8.950000000000001, 8.55854610999764, 0.0) dir=Vector (-8.950000000000001, 8.65854610999764, 0.0)
								*numRef = (0565): RefByKey_1
						lst0[0002] = (0568): 3dObject flags=0000    u32_0=0000 
							styles = (0B2B): ObjctStyles
								styles[0000] = (0DFF): Style_B32BF6A7u32_0=0001 f64_0=50 vec=Vector (0.0, 8.60854610999764, 0.0) f64_1=1 u32_1=0000
							*numRef = (0565): RefByKey_1
							objects[0000] = (0B2C): Line3D flags=0000    u32_0=0000 pos=Vector (-0.25, 8.55854610999764, 0.0) dir=Vector (0.0, 8.60854610999764, 0.0)
								*numRef = (0565): RefByKey_1
							objects[0001] = (0B2D): Line3D flags=0000    u32_0=0000 pos=Vector (0.0, 8.60854610999764, 0.0) dir=Vector (-0.25, 8.65854610999764, 0.0)
								*numRef = (0565): RefByKey_1
							objects[0002] = (0B2E): Line3D flags=0000    u32_0=0000 pos=Vector (-0.25, 8.65854610999764, 0.0) dir=Vector (-0.25, 8.55854610999764, 0.0)
								*numRef = (0565): RefByKey_1
						lst0[0003] = (0569): Line3D flags=0004    u32_0=0000 pos=Vector (-9.200000000000001, 8.60854610999764, 0.0) dir=Vector (0.0, 8.60854610999764, 0.0)
							*numRef = (0565): RefByKey_1
						lst0[0004] = (056A): Line3D flags=0006    u32_0=0000 pos=Vector (-9.200000000000001, 8.846800456443207, 0.0) dir=Vector (-9.200000000000001, 8.395747935770462, 0.0)
							*numRef = (0565): RefByKey_1
					objects[0017] = (0100): DimensioningLength flags=0000    u32_0=0000  u8_0=00 u32_1=0001 index=00CD u8_1=01
						styles = (056B): ObjctStyles
							*styles[0000] = (0AE0): Style_8F0B160B
							*styles[0001] = (0AE1): Style_8F0B160C
							styles[0002] = (0B2F): Style_7AE0E1A3u32_0=0001 a0=Vector (0.0, 0.1, 0.0)
						numRef = (056C): RefByKey_1 key=00CD
						*parent = (041D): 3dObject
						lst0[0000] = (056D): 3dObject flags=0000    u32_0=0000 
							styles = (0B30): ObjctStyles
								styles[0000] = (0E00): Style_C29D5C11u32_0=0001 a0=Vector (0.8985817626116213, 12.532603797621904, 0.0)
								styles[0001] = (0E01): Style_B32BF6A7u32_0=0001 f64_0=30 vec=Vector (0.8985817626116213, 12.532603797621904, 0.0) f64_1=1 u32_1=0000
							*numRef = (056C): RefByKey_1
							objects[0000] = (0B31): Text3D 'fx:48,5' flags=0000    u32_0=0001 vec=Vector (0.2577389076349672, 12.412263424254833, 0.0) a0=Vector (1.0, 0.0, 0.0) a1=(009,A7F9,000) b_0=False
								*numRef = (056C): RefByKey_1
						lst0[0001] = (056E): 3dObject flags=0000    u32_0=0000 
							styles = (0B32): ObjctStyles
								styles[0000] = (0E02): Style_B32BF6A7u32_0=0001 f64_0=50 vec=Vector (0.8985817626116213, 13.0, 0.0) f64_1=1 u32_1=0000
							*numRef = (056C): RefByKey_1
							objects[0000] = (0B33): Line3D flags=0000    u32_0=0000 pos=Vector (0.9485817626116213, 12.75, 0.0) dir=Vector (0.8985817626116213, 13.0, 0.0)
								*numRef = (056C): RefByKey_1
							objects[0001] = (0B34): Line3D flags=0000    u32_0=0000 pos=Vector (0.8985817626116213, 13.0, 0.0) dir=Vector (0.8485817626116212, 12.75, 0.0)
								*numRef = (056C): RefByKey_1
							objects[0002] = (0B35): Line3D flags=0000    u32_0=0000 pos=Vector (0.8485817626116212, 12.75, 0.0) dir=Vector (0.9485817626116213, 12.75, 0.0)
								*numRef = (056C): RefByKey_1
						lst0[0002] = (056F): 3dObject flags=0000    u32_0=0000 
							styles = (0B36): ObjctStyles
								styles[0000] = (0E03): Style_B32BF6A7u32_0=0001 f64_0=50 vec=Vector (0.8985817626116213, 8.15, 0.0) f64_1=1 u32_1=0000
							*numRef = (056C): RefByKey_1
							objects[0000] = (0B37): Line3D flags=0000    u32_0=0000 pos=Vector (0.8485817626116212, 8.4, 0.0) dir=Vector (0.8985817626116213, 8.15, 0.0)
								*numRef = (056C): RefByKey_1
							objects[0001] = (0B38): Line3D flags=0000    u32_0=0000 pos=Vector (0.8985817626116213, 8.15, 0.0) dir=Vector (0.9485817626116213, 8.4, 0.0)
								*numRef = (056C): RefByKey_1
							objects[0002] = (0B39): Line3D flags=0000    u32_0=0000 pos=Vector (0.9485817626116213, 8.4, 0.0) dir=Vector (0.8485817626116212, 8.4, 0.0)
								*numRef = (056C): RefByKey_1
						lst0[0003] = (0570): Line3D flags=0004    u32_0=0000 pos=Vector (0.8985817626116213, 13.0, 0.0) dir=Vector (0.8985817626116213, 8.15, 0.0)
							*numRef = (056C): RefByKey_1
						lst0[0004] = (0571): Line3D flags=0006    u32_0=0000 pos=Vector (0.049298631408629126, 13.0, 0.0) dir=Vector (1.0957762882461377, 13.0, 0.0)
							*numRef = (056C): RefByKey_1
						lst0[0005] = (0572): Line3D flags=0007    u32_0=0000 pos=Vector (0.04929863140862557, 8.15, 0.0) dir=Vector (1.0957762882461377, 8.15, 0.0)
							*numRef = (056C): RefByKey_1
					objects[0018] = (0101): DimensioningLength flags=0000    u32_0=0000  u8_0=00 u32_1=0001 index=00CE u8_1=01
						styles = (0573): ObjctStyles
							*styles[0000] = (0AE0): Style_8F0B160B
							*styles[0001] = (0AE1): Style_8F0B160C
							styles[0002] = (0B3A): Style_7AE0E1A3u32_0=0001 a0=Vector (0.0, 0.1, 0.0)
						numRef = (0574): RefByKey_1 key=00CE
						*parent = (041D): 3dObject
						lst0[0000] = (0575): 3dObject flags=0000    u32_0=0000 
							styles = (0B3B): ObjctStyles
								styles[0000] = (0E04): Style_C29D5C11u32_0=0001 a0=Vector (-17.311877696339877, 8.258697204897096, 0.0)
								styles[0001] = (0E05): Style_B32BF6A7u32_0=0001 f64_0=30 vec=Vector (-17.311877696339877, 8.258697204897096, 0.0) f64_1=1 u32_1=0000
							*numRef = (0574): RefByKey_1
							objects[0000] = (0B3C): Text3D 'fx:6' flags=0000    u32_0=0001 vec=Vector (-17.665119199578555, 8.104199618473565, 0.0) a0=Vector (1.0, 0.0, 0.0) a1=(009,A7F9,000) b_0=False
								*numRef = (0574): RefByKey_1
						lst0[0001] = (0576): 3dObject flags=0000    u32_0=0000 
							styles = (0B3D): ObjctStyles
								styles[0000] = (0E06): Style_B32BF6A7u32_0=0001 f64_0=50 vec=Vector (-17.311877696339877, 8.15, 0.0) f64_1=1 u32_1=0000
							*numRef = (0574): RefByKey_1
							objects[0000] = (0B3E): Line3D flags=0000    u32_0=0000 pos=Vector (-17.361877696339878, 8.4, 0.0) dir=Vector (-17.311877696339877, 8.15, 0.0)
								*numRef = (0574): RefByKey_1
							objects[0001] = (0B3F): Line3D flags=0000    u32_0=0000 pos=Vector (-17.311877696339877, 8.15, 0.0) dir=Vector (-17.261877696339877, 8.4, 0.0)
								*numRef = (0574): RefByKey_1
							objects[0002] = (0B40): Line3D flags=0000    u32_0=0000 pos=Vector (-17.261877696339877, 8.4, 0.0) dir=Vector (-17.361877696339878, 8.4, 0.0)
								*numRef = (0574): RefByKey_1
						lst0[0002] = (0577): 3dObject flags=0000    u32_0=0000 
							styles = (0B41): ObjctStyles
								styles[0000] = (0E07): Style_B32BF6A7u32_0=0001 f64_0=50 vec=Vector (-17.311877696339877, 8.75, 0.0) f64_1=1 u32_1=0000
							*numRef = (0574): RefByKey_1
							objects[0000] = (0B42): Line3D flags=0000    u32_0=0000 pos=Vector (-17.261877696339877, 8.5, 0.0) dir=Vector (-17.311877696339877, 8.75, 0.0)
								*numRef = (0574): RefByKey_1
							objects[0001] = (0B43): Line3D flags=0000    u32_0=0000 pos=Vector (-17.311877696339877, 8.75, 0.0) dir=Vector (-17.361877696339878, 8.5, 0.0)
								*numRef = (0574): RefByKey_1
							objects[0002] = (0B44): Line3D flags=0000    u32_0=0000 pos=Vector (-17.361877696339878, 8.5, 0.0) dir=Vector (-17.261877696339877, 8.5, 0.0)
								*numRef = (0574): RefByKey_1
						lst0[0003] = (0578): Line3D flags=0004    u32_0=0000 pos=Vector (-17.311877696339877, 8.15, 0.0) dir=Vector (-17.311877696339877, 8.75, 0.0)
							*numRef = (0574): RefByKey_1
						lst0[0004] = (0579): Line3D flags=0007    u32_0=0000 pos=Vector (-17.211246051950017, 8.75, 0.0) dir=Vector (-17.356861904139947, 8.75, 0.0)
							*numRef = (0574): RefByKey_1
					objects[0019] = (0102): DimensioningLength flags=0000    u32_0=0000  u8_0=00 u32_1=0001 index=00CF u8_1=01
						styles = (057A): ObjctStyles
							*styles[0000] = (0AE0): Style_8F0B160B
							*styles[0001] = (0AE1): Style_8F0B160C
							styles[0002] = (0B45): Style_7AE0E1A3u32_0=0001 a0=Vector (0.0, 0.1, 0.0)
						numRef = (057B): RefByKey_1 key=00CF
						*parent = (041D): 3dObject
						lst0[0000] = (057C): 3dObject flags=0000    u32_0=0000 
							styles = (0B46): ObjctStyles
								styles[0000] = (0E08): Style_C29D5C11u32_0=0001 a0=Vector (-8.507096054418906, 9.07387743411758, 0.0)
								styles[0001] = (0E09): Style_B32BF6A7u32_0=0001 f64_0=30 vec=Vector (-8.507096054418906, 9.07387743411758, 0.0) f64_1=1 u32_1=0000
							*numRef = (057B): RefByKey_1
							objects[0000] = (0B47): Text3D '19' flags=0000    u32_0=0001 vec=Vector (-8.732217627032622, 8.923755872167508, 0.0) a0=Vector (1.0, 0.0, 0.0) a1=(009,A7F9,000) b_0=False
								*numRef = (057B): RefByKey_1
						lst0[0001] = (057D): 3dObject flags=0000    u32_0=0000 
							styles = (0B48): ObjctStyles
								styles[0000] = (0E0A): Style_B32BF6A7u32_0=0001 f64_0=50 vec=Vector (-8.507096054418906, 9.05, 0.0) f64_1=1 u32_1=0000
							*numRef = (057B): RefByKey_1
							objects[0000] = (0B49): Line3D flags=0000    u32_0=0000 pos=Vector (-8.557096054418906, 9.3, 0.0) dir=Vector (-8.507096054418906, 9.05, 0.0)
								*numRef = (057B): RefByKey_1
							objects[0001] = (0B4A): Line3D flags=0000    u32_0=0000 pos=Vector (-8.507096054418906, 9.05, 0.0) dir=Vector (-8.457096054418905, 9.3, 0.0)
								*numRef = (057B): RefByKey_1
							objects[0002] = (0B4B): Line3D flags=0000    u32_0=0000 pos=Vector (-8.457096054418905, 9.3, 0.0) dir=Vector (-8.557096054418906, 9.3, 0.0)
								*numRef = (057B): RefByKey_1
						lst0[0002] = (057E): 3dObject flags=0000    u32_0=0000 
							styles = (0B4C): ObjctStyles
								styles[0000] = (0E0B): Style_B32BF6A7u32_0=0001 f64_0=50 vec=Vector (-8.507096054418906, 10.95, 0.0) f64_1=1 u32_1=0000
							*numRef = (057B): RefByKey_1
							objects[0000] = (0B4D): Line3D flags=0000    u32_0=0000 pos=Vector (-8.457096054418905, 10.7, 0.0) dir=Vector (-8.507096054418906, 10.95, 0.0)
								*numRef = (057B): RefByKey_1
							objects[0001] = (0B4E): Line3D flags=0000    u32_0=0000 pos=Vector (-8.507096054418906, 10.95, 0.0) dir=Vector (-8.557096054418906, 10.7, 0.0)
								*numRef = (057B): RefByKey_1
							objects[0002] = (0B4F): Line3D flags=0000    u32_0=0000 pos=Vector (-8.557096054418906, 10.7, 0.0) dir=Vector (-8.457096054418905, 10.7, 0.0)
								*numRef = (057B): RefByKey_1
						lst0[0003] = (057F): Line3D flags=0004    u32_0=0000 pos=Vector (-8.507096054418906, 9.05, 0.0) dir=Vector (-8.507096054418906, 10.95, 0.0)
							*numRef = (057B): RefByKey_1
						lst0[0004] = (0580): Line3D flags=0007    u32_0=0000 pos=Vector (-9.162304720959241, 10.95, 0.0) dir=Vector (-8.35631493825587, 10.95, 0.0)
							*numRef = (057B): RefByKey_1
						lst0[0005] = (0581): Line3D flags=0006    u32_0=0000 pos=Vector (-9.162304720959241, 9.05, 0.0) dir=Vector (-8.35631493825587, 9.05, 0.0)
							*numRef = (057B): RefByKey_1
					objects[001A] = (0103): DimensioningLength flags=0000    u32_0=0000  u8_0=00 u32_1=0001 index=00D0 u8_1=01
						styles = (0582): ObjctStyles
							*styles[0000] = (0AE0): Style_8F0B160B
							*styles[0001] = (0AE1): Style_8F0B160C
							styles[0002] = (0B50): Style_7AE0E1A3u32_0=0001 a0=Vector (0.0, 0.1, 0.0)
						numRef = (0583): RefByKey_1 key=00D0
						*parent = (041D): 3dObject
						lst0[0000] = (0584): 3dObject flags=0000    u32_0=0000 
							styles = (0B51): ObjctStyles
								styles[0000] = (0E0C): Style_C29D5C11u32_0=0001 a0=Vector (-7.777622698755944, 7.089536480543242, 0.0)
								styles[0001] = (0E0D): Style_B32BF6A7u32_0=0001 f64_0=30 vec=Vector (-7.777622698755944, 7.089536480543242, 0.0) f64_1=1 u32_1=0000
							*numRef = (0583): RefByKey_1
							objects[0000] = (0B52): Text3D 'fx:19' flags=0000    u32_0=0001 vec=Vector (-8.243425010653223, 6.934795782140495, 0.0) a0=Vector (1.0, 0.0, 0.0) a1=(009,A7F9,000) b_0=False
								*numRef = (0583): RefByKey_1
						lst0[0001] = (0585): 3dObject flags=0000    u32_0=0000 
							styles = (0B53): ObjctStyles
								styles[0000] = (0E0E): Style_B32BF6A7u32_0=0001 f64_0=50 vec=Vector (-7.777622698755944, 7.25, 0.0) f64_1=1 u32_1=0000
							*numRef = (0583): RefByKey_1
							objects[0000] = (0B54): Line3D flags=0000    u32_0=0000 pos=Vector (-7.727622698755944, 7.0, 0.0) dir=Vector (-7.777622698755944, 7.25, 0.0)
								*numRef = (0583): RefByKey_1
							objects[0001] = (0B55): Line3D flags=0000    u32_0=0000 pos=Vector (-7.777622698755944, 7.25, 0.0) dir=Vector (-7.827622698755944, 7.0, 0.0)
								*numRef = (0583): RefByKey_1
							objects[0002] = (0B56): Line3D flags=0000    u32_0=0000 pos=Vector (-7.827622698755944, 7.0, 0.0) dir=Vector (-7.727622698755944, 7.0, 0.0)
								*numRef = (0583): RefByKey_1
						lst0[0002] = (0586): 3dObject flags=0000    u32_0=0000 
							styles = (0B57): ObjctStyles
								styles[0000] = (0E0F): Style_B32BF6A7u32_0=0001 f64_0=50 vec=Vector (-7.777622698755944, 5.35, 0.0) f64_1=1 u32_1=0000
							*numRef = (0583): RefByKey_1
							objects[0000] = (0B58): Line3D flags=0000    u32_0=0000 pos=Vector (-7.827622698755944, 5.6, 0.0) dir=Vector (-7.777622698755944, 5.35, 0.0)
								*numRef = (0583): RefByKey_1
							objects[0001] = (0B59): Line3D flags=0000    u32_0=0000 pos=Vector (-7.777622698755944, 5.35, 0.0) dir=Vector (-7.727622698755944, 5.6, 0.0)
								*numRef = (0583): RefByKey_1
							objects[0002] = (0B5A): Line3D flags=0000    u32_0=0000 pos=Vector (-7.727622698755944, 5.6, 0.0) dir=Vector (-7.827622698755944, 5.6, 0.0)
								*numRef = (0583): RefByKey_1
						lst0[0003] = (0587): Line3D flags=0004    u32_0=0000 pos=Vector (-7.777622698755944, 7.25, 0.0) dir=Vector (-7.777622698755944, 5.35, 0.0)
							*numRef = (0583): RefByKey_1
						lst0[0004] = (0588): Line3D flags=0007    u32_0=0000 pos=Vector (-9.13968481265696, 5.35, 0.0) dir=Vector (-7.53636194938378, 5.35, 0.0)
							*numRef = (0583): RefByKey_1
						lst0[0005] = (0589): Line3D flags=0006    u32_0=0000 pos=Vector (-9.13968481265696, 7.25, 0.0) dir=Vector (-7.53636194938378, 7.25, 0.0)
							*numRef = (0583): RefByKey_1
			*lst1[003C] = (006F): Point3D - (-9.05,8.9,0)
			*lst1[003D] = (0070): Point3D - (-24.6603,8.15,0)
			*lst1[003E] = (0071): Point3D - (1.17947,8.15,0)
			*lst1[003F] = (0072): Line3D (-24.6603,8.15,0)-(-23.4809,16.3,0)
			*lst1[0040] = (0073): Line3D (-14.3,13.95,0)-(-28.6,24.9,0)
			*lst1[0041] = (0074): Line3D (-14.45,13.95,0)-(-28.9,24.9,0)
			*lst1[0042] = (0075): Line3D (-14.15,10.95,0)-(-28.3,24.9,0)
			*lst1[0043] = (0076): Arc3D
			*lst1[0044] = (0077): Arc3D
			*lst1[0045] = (0078): Point3D - (-14.3,12.45,0)
			*lst1[0046] = (0079): Point3D - (-17.2,9.05,0)
			*lst1[0047] = (007A): Point3D - (-9.2,9.05,0)
			*lst1[0048] = (007B): Point3D - (-9.2,8.75,0)
			*lst1[0049] = (007C): Point3D - (-17.2,8.75,0)
			*lst1[004A] = (007D): Point3D - (-17.2,8.9,0)
			*lst1[004B] = (007E): Point3D - (-9.2,8.9,0)
			*lst1[004C] = (007F): Line3D (-17.2,8.9,0)-(-26.4,17.8,0)
			*lst1[004D] = (0080): Line3D (-17.2,9.05,0)-(-26.4,18.1,0)
			*lst1[004E] = (0081): Line3D (-9.2,8.75,0)-(-26.4,17.5,0)
			*lst1[004F] = (0082): Arc3D
			*lst1[0050] = (0083): Arc3D
			*lst1[0051] = (0084): Point3D - (-13.2,8.9,0)
			*lst1[0052] = (0085): Point3D - (-17.2,7.25,0)
			*lst1[0053] = (0086): Point3D - (-9.2,7.25,0)
			*lst1[0054] = (0087): Point3D - (-9.2,7.55,0)
			*lst1[0055] = (0088): Point3D - (-17.2,7.55,0)
			*lst1[0056] = (0089): Point3D - (-17.2,7.4,0)
			*lst1[0057] = (008A): Point3D - (-9.2,7.4,0)
			*lst1[0058] = (008B): Line3D (-17.2,7.4,0)-(-26.4,14.8,0)
			*lst1[0059] = (008C): Line3D (-17.2,7.25,0)-(-26.4,14.5,0)
			*lst1[005A] = (008D): Line3D (-9.2,7.55,0)-(-26.4,15.1,0)
			*lst1[005B] = (008E): Arc3D
			*lst1[005C] = (008F): Arc3D
			*lst1[005D] = (0090): Point3D - (-13.2,7.4,0)
			*lst1[005E] = (0091): Point3D - (-9.35,5.35,0)
			*lst1[005F] = (0092): Point3D - (-9.35,1.35,0)
			*lst1[0060] = (0093): Point3D - (-9.05,1.35,0)
			*lst1[0061] = (0094): Point3D - (-9.05,5.35,0)
			*lst1[0062] = (0095): Point3D - (-9.2,5.35,0)
			*lst1[0063] = (0096): Point3D - (-9.2,1.35,0)
			*lst1[0064] = (0097): Line3D (-9.2,5.35,0)-(-18.4,6.7,0)
			*lst1[0065] = (0098): Line3D (-9.35,5.35,0)-(-18.7,6.7,0)
			*lst1[0066] = (0099): Line3D (-9.05,1.35,0)-(-18.1,6.7,0)
			*lst1[0067] = (009A): Arc3D
			*lst1[0068] = (009B): Arc3D
			*lst1[0069] = (009C): Point3D - (-9.2,3.35,0)
			*lst1[006A] = (009D): Point3D - (-11.05,5.35,0)
			*lst1[006B] = (009E): Point3D - (-11.05,1.35,0)
			*lst1[006C] = (009F): Point3D - (-10.75,1.35,0)
			*lst1[006D] = (00A0): Point3D - (-10.75,5.35,0)
			*lst1[006E] = (00A1): Point3D - (-10.9,5.35,0)
			*lst1[006F] = (00A2): Point3D - (-10.9,1.35,0)
			*lst1[0070] = (00A3): Line3D (-10.9,5.35,0)-(-21.8,6.7,0)
			*lst1[0071] = (00A4): Line3D (-11.05,5.35,0)-(-22.1,6.7,0)
			*lst1[0072] = (00A5): Line3D (-10.75,1.35,0)-(-21.5,6.7,0)
			*lst1[0073] = (00A6): Arc3D
			*lst1[0074] = (00A7): Arc3D
			*lst1[0075] = (00A8): Point3D - (-10.9,3.35,0)
			*lst1[0076] = (00A9): Point3D - (-12.75,5.35,0)
			*lst1[0077] = (00AA): Point3D - (-12.75,2.35,0)
			*lst1[0078] = (00AB): Point3D - (-12.45,2.35,0)
			*lst1[0079] = (00AC): Point3D - (-12.45,5.35,0)
			*lst1[007A] = (00AD): Point3D - (-12.6,5.35,0)
			*lst1[007B] = (00AE): Point3D - (-12.6,2.35,0)
			*lst1[007C] = (00AF): Line3D (-12.6,5.35,0)-(-25.2,7.7,0)
			*lst1[007D] = (00B0): Line3D (-12.75,5.35,0)-(-25.5,7.7,0)
			*lst1[007E] = (00B1): Line3D (-12.45,2.35,0)-(-24.9,7.7,0)
			*lst1[007F] = (00B2): Arc3D
			*lst1[0080] = (00B3): Arc3D
			*lst1[0081] = (00B4): Point3D - (-12.6,3.85,0)
			*lst1[0082] = (00B5): Point3D - (-14.45,5.35,0)
			*lst1[0083] = (00B6): Point3D - (-14.45,2.35,0)
			*lst1[0084] = (00B7): Point3D - (-14.15,2.35,0)
			*lst1[0085] = (00B8): Point3D - (-14.15,5.35,0)
			*lst1[0086] = (00B9): Point3D - (-14.3,5.35,0)
			*lst1[0087] = (00BA): Point3D - (-14.3,2.35,0)
			*lst1[0088] = (00BB): Line3D (-14.3,5.35,0)-(-28.6,7.7,0)
			*lst1[0089] = (00BC): Line3D (-14.45,5.35,0)-(-28.9,7.7,0)
			*lst1[008A] = (00BD): Line3D (-14.15,2.35,0)-(-28.3,7.7,0)
			*lst1[008B] = (00BE): Arc3D
			*lst1[008C] = (00BF): Arc3D
			*lst1[008D] = (00C0): Point3D - (-14.3,3.85,0)
			*lst1[008E] = (00C1): Point3D - (0,0,0)
			*lst1[008F] = (00C2): Point3D - (-4.3,11.95,0)
			*lst1[0090] = (00C3): Point3D - (-2,4.35,0)
			*lst1[0091] = (00C4): Point3D - (-2,11.95,0)
			*lst1[0092] = (00C5): Point3D - (-4.3,4.35,0)
			*lst1[0093] = (00C6): Line3D (-4.3,11.95,0)-(-6.3,23.9,0)
			*lst1[0094] = (00C7): Line3D (-2,11.95,0)-(-4,16.3,0)
			*lst1[0095] = (00C8): Line3D (-2,4.35,0)-(-6.3,8.7,0)
			*lst1[0096] = (00C9): Line3D (-4.3,4.35,0)-(-8.6,16.3,0)
			*lst1[0097] = (00CA): Point3D - (0,3.3,0)
			*lst1[0098] = (00CB): Point3D - (0,13,0)
			*lst1[0099] = (00CC): Line3D (0,3.3,0)-(0,16.3,0)
			*lst1[009A] = (00CD): Point3D - (-4,13,0)
			*lst1[009B] = (00CE): Line3D (0,13,0)-(-4,26,0)
			*lst1[009C] = (00CF): Point3D - (-9.35,14.95,0)
			*lst1[009D] = (00D0): Point3D - (-9.35,10.95,0)
			*lst1[009E] = (00D1): Point3D - (-9.05,10.95,0)
			*lst1[009F] = (00D2): Point3D - (-9.05,14.95,0)
			*lst1[00A0] = (00D3): Point3D - (-9.2,14.95,0)
			*lst1[00A1] = (00D4): Point3D - (-9.2,10.95,0)
			*lst1[00A2] = (00D5): Line3D (-9.2,14.95,0)-(-18.4,25.9,0)
			*lst1[00A3] = (00D6): Line3D (-9.35,14.95,0)-(-18.7,25.9,0)
			*lst1[00A4] = (00D7): Line3D (-9.05,10.95,0)-(-18.1,25.9,0)
			*lst1[00A5] = (00D8): Arc3D
			*lst1[00A6] = (00D9): Arc3D
			*lst1[00A7] = (00DA): Point3D - (-9.2,12.95,0)
			*lst1[00A8] = (00DB): Point3D - (-11.05,14.95,0)
			*lst1[00A9] = (00DC): Point3D - (-11.05,10.95,0)
			*lst1[00AA] = (00DD): Point3D - (-10.75,10.95,0)
			*lst1[00AB] = (00DE): Point3D - (-10.75,14.95,0)
			*lst1[00AC] = (00DF): Point3D - (-10.9,14.95,0)
			*lst1[00AD] = (00E0): Point3D - (-10.9,10.95,0)
			*lst1[00AE] = (00E1): Line3D (-10.9,14.95,0)-(-21.8,25.9,0)
			*lst1[00AF] = (00E2): Line3D (-11.05,14.95,0)-(-22.1,25.9,0)
			*lst1[00B0] = (00E3): Line3D (-10.75,10.95,0)-(-21.5,25.9,0)
			*lst1[00B1] = (00E4): Arc3D
			*lst1[00B2] = (00E5): Arc3D
			*lst1[00B3] = (00E6): Point3D - (-10.9,12.95,0)
			*lst1[00B4] = (00E7): Point3D - (-12.75,13.95,0)
			*lst1[00B5] = (00E8): Point3D - (-12.75,10.95,0)
			*lst1[00B6] = (00E9): Point3D - (-12.45,10.95,0)
			*lst1[00B7] = (00EA): Point3D - (-12.45,13.95,0)
			*lst1[00B8] = (00EB): Point3D - (-12.6,13.95,0)
			*lst1[00B9] = (00EC): Point3D - (-12.6,10.95,0)
			*lst1[00BA] = (00ED): Line3D (-12.6,13.95,0)-(-25.2,24.9,0)
			*lst1[00BB] = (00EE): Line3D (-12.75,13.95,0)-(-25.5,24.9,0)
			*lst1[00BC] = (00EF): Line3D (-12.45,10.95,0)-(-24.9,24.9,0)
			*lst1[00BD] = (00F0): Arc3D
			*lst1[00BE] = (00F1): Arc3D
			*lst1[00BF] = (00F2): Point3D - (-12.6,12.45,0)
			*lst1[00C0] = (00F3): Point3D - (-14.45,13.95,0)
			*lst1[00C1] = (00F4): Point3D - (-14.45,10.95,0)
			*lst1[00C2] = (00F5): Point3D - (-14.15,10.95,0)
			*lst1[00C3] = (00F6): Point3D - (-14.15,13.95,0)
			*lst1[00C4] = (00F7): Point3D - (-14.3,13.95,0)
			*lst1[00C5] = (00F8): Point3D - (-14.3,10.95,0)
			*lst2[00C6] = (00F9): DimensioningLength
			*lst2[00C7] = (00FA): DimensioningLength
			*lst2[00C8] = (00FB): DimensioningLength
			*lst2[00C9] = (00FC): DimensioningLength
			*lst2[00CA] = (00FD): DimensioningLength
			*lst2[00CB] = (00FE): DimensioningLength
			*lst2[00CC] = (00FF): DimensioningLength
			*lst2[00CD] = (0100): DimensioningLength
			*lst2[00CE] = (0101): DimensioningLength
			*lst2[00CF] = (0102): DimensioningLength
			*lst2[00D0] = (0103): DimensioningLength
			*lst2[00D1] = (0104): DimensioningLength
			*lst2[00D2] = (0105): DimensioningLength
			*lst2[00D3] = (0106): DimensioningLength
			*lst2[00D4] = (0107): DimensioningLength
			*lst2[00D5] = (0108): DimensioningLength
			*lst2[00D6] = (0109): DimensioningLength
			*lst2[00D7] = (010A): DimensioningLength
			*lst2[00D8] = (010B): DimensioningLength
			*lst2[00D9] = (010C): DimensioningLength
			*lst2[00DA] = (010D): DimensioningLength
			*lst2[00DB] = (010E): DimensioningLength
			*lst2[00DC] = (010F): DimensioningLength
			*lst2[00DD] = (0110): DimensioningLength
			*lst2[00DE] = (0111): DimensioningLength
			*lst2[00DF] = (0112): DimensioningLength
			*lst2[00E0] = (0113): DimensioningLength
		items[000C] = (0011): Sketch2D u32_0=0002  u8_0=01   u8_1=01 index=00E1 transformation= transformation={a0=|+000|0+00|00+x|000+| m=[[1, 0, 0, 0],[0, 1, 0, 0],[0, 0, 1, 2.2],[0, 0, 0, 10]]}   u8_2=01  S32_0=4 s32_1=802
			attrs = (0114): Attributesu32_0=0000 u8_0=00 
				attributes[0000] = (0625): Attr_0244393Cu32_0=0000 u8_0=00 u32_1=00E1
				attributes[0001] = (0626): Attr_189725D1u32_0=0004 u8_0=00 u32_1=0000  u8_1=00 u16_0=000
			obj = (0115): 3dObject flags=0000    u32_0=0004 
				styles = (0627): ObjctStyles
					styles[0000] = (0C0B): Style_8F0B160Cu32_0=0001 a0=(001,000,3F80,001,FFFF,000,000,000,000,000) u8_0=00 a1=(3F80,000,000) a2=(000,000,00F,000) u32_1=0002
					styles[0001] = (0C0C): Style_8F0B160Bu32_0=0001 Color.c0=#00000000 Color.diffuse=#333333FF Color.c1=#CCCCCCFF Color.c2=#FFFFFFFF Color.c3=#000000FF Color.f=20 u8_0=01 a11=(010,000,000,000,000,000,000,000,000,000)
					styles[0002] = (0C0D): Style_B32BF6A5u32_0=0001 u16_0=003
				objects[0000] = (0118): Line3D flags=04D0    u32_0=0000 pos=Vector (-4.299999999999999, 4.3500000000000005, 0.0) dir=Vector (-4.300000000000001, 11.950000000000001, 0.0)
					styles = (062D): ObjctStyles
						*styles[0000] = (0C10): Style_B32BF6A5
						styles[0001] = (0C12): Style_8F0B160Cu32_0=0001 a0=(000,000,3F80,003,AAAA,000,000,000,000,000) u8_0=00 a1=(3F80,000,000) a2=(000,000,00F,000) u32_1=0001
						*styles[0002] = (0C11): Style_8F0B160B
					numRef = (062E): IndexDef_1 index=00E4 u8_1=00
				objects[0001] = (0117): Point3D flags=04CC    u32_0=0000 pos=Vector (-4.300000000000001, 11.950000000000001, 0.0) f32_0=4 s32_0=-1 u16_0=000
					styles = (062B): ObjctStyles
						*styles[0000] = (0C0F): Style_Visibility
						*styles[0001] = (0C10): Style_B32BF6A5
						*styles[0002] = (0C11): Style_8F0B160B
					numRef = (062C): IndexDef_2 index=00E3
				objects[0002] = (0116): Point3D flags=04C8    u32_0=0000 pos=Vector (-4.299999999999999, 4.3500000000000005, 0.0) f32_0=4 s32_0=-1 u16_0=000
					styles = (0629): ObjctStyles
						styles[0000] = (0C0F): Style_Visibilityu32_0=0001 visible=False
						styles[0001] = (0C10): Style_B32BF6A5u32_0=0001 u16_0=002
						styles[0002] = (0C11): Style_8F0B160Bu32_0=0001 Color.c0=#00000000 Color.diffuse=#333333FF Color.c1=#CCCCCCFF Color.c2=#FFFFFFFF Color.c3=#000000FF Color.f=20 u8_0=01 a11=(02C,000,000,000,000,000,000,000,000,000)
					numRef = (062A): IndexDef_2 index=00E2
				objects[0003] = (0147): Line3D flags=04AE    u32_0=0000 pos=Vector (0.0, 3.3, 0.0) dir=Vector (0.0, 13.0, 0.0)
					styles = (068B): ObjctStyles
						*styles[0000] = (0C10): Style_B32BF6A5
						*styles[0001] = (0C12): Style_8F0B160C
						*styles[0002] = (0C11): Style_8F0B160B
					numRef = (068C): IndexDef_1 index=0113 u8_1=00
				objects[0004] = (0146): Line3D flags=04A8    u32_0=0000 pos=Vector (-2.0000000000000004, 11.950000000000001, 0.0) dir=Vector (-1.999999999999999, 4.3500000000000005, 0.0)
					styles = (0689): ObjctStyles
						*styles[0000] = (0C10): Style_B32BF6A5
						*styles[0001] = (0C12): Style_8F0B160C
						*styles[0002] = (0C11): Style_8F0B160B
					numRef = (068A): IndexDef_1 index=0112 u8_1=00
				objects[0005] = (0145): Point3D flags=04A4    u32_0=0000 pos=Vector (-1.999999999999999, 4.3500000000000005, 0.0) f32_0=4 s32_0=-1 u16_0=000
					styles = (0687): ObjctStyles
						*styles[0000] = (0C0F): Style_Visibility
						*styles[0001] = (0C10): Style_B32BF6A5
						*styles[0002] = (0C11): Style_8F0B160B
					numRef = (0688): IndexDef_2 index=0111
				objects[0006] = (0144): Point3D flags=04A0    u32_0=0000 pos=Vector (-2.0000000000000004, 11.950000000000001, 0.0) f32_0=4 s32_0=-1 u16_0=000
					styles = (0685): ObjctStyles
						*styles[0000] = (0C0F): Style_Visibility
						*styles[0001] = (0C10): Style_B32BF6A5
						*styles[0002] = (0C11): Style_8F0B160B
					numRef = (0686): IndexDef_2 index=0110
				objects[0007] = (0143): Line3D flags=0485    u32_0=0000 pos=Vector (-24.200000000000003, 12.15, 0.0) dir=Vector (-24.200000000000003, 4.15, 0.0)
					styles = (0683): ObjctStyles
						*styles[0000] = (0C10): Style_B32BF6A5
						*styles[0001] = (0C12): Style_8F0B160C
						*styles[0002] = (0C11): Style_8F0B160B
					numRef = (0684): IndexDef_1 index=010F u8_1=00
				objects[0008] = (0142): Point3D flags=0481    u32_0=0000 pos=Vector (-24.200000000000003, 4.15, 0.0) f32_0=4 s32_0=-1 u16_0=000
					styles = (0681): ObjctStyles
						*styles[0000] = (0C0F): Style_Visibility
						*styles[0001] = (0C10): Style_B32BF6A5
						*styles[0002] = (0C11): Style_8F0B160B
					numRef = (0682): IndexDef_2 index=010E
				objects[0009] = (0141): Line3D flags=0475    u32_0=0000 pos=Vector (-16.6, 12.149999999999999, 0.0) dir=Vector (-24.200000000000003, 12.15, 0.0)
					styles = (067F): ObjctStyles
						*styles[0000] = (0C10): Style_B32BF6A5
						*styles[0001] = (0C12): Style_8F0B160C
						*styles[0002] = (0C11): Style_8F0B160B
					numRef = (0680): IndexDef_1 index=010D u8_1=00
				objects[000A] = (0140): Point3D flags=0471    u32_0=0000 pos=Vector (-24.200000000000003, 12.15, 0.0) f32_0=4 s32_0=-1 u16_0=000
					styles = (067D): ObjctStyles
						*styles[0000] = (0C0F): Style_Visibility
						*styles[0001] = (0C10): Style_B32BF6A5
						*styles[0002] = (0C11): Style_8F0B160B
					numRef = (067E): IndexDef_2 index=010C
				objects[000B] = (013F): Point3D flags=046D    u32_0=0000 pos=Vector (-16.6, 12.149999999999999, 0.0) f32_0=4 s32_0=-1 u16_0=000
					styles = (067B): ObjctStyles
						*styles[0000] = (0C0F): Style_Visibility
						*styles[0001] = (0C10): Style_B32BF6A5
						*styles[0002] = (0C11): Style_8F0B160B
					numRef = (067C): IndexDef_2 index=010B
				objects[000C] = (013D): Point3D flags=044A    u32_0=0000 pos=Vector (-8.100000000000001, 6.849999999999998, 0.0) f32_0=4 s32_0=-1 u16_0=000
					styles = (0677): ObjctStyles
						*styles[0000] = (0C13): Style_8F0B160B
					numRef = (0678): IndexDef_2 index=0109
				objects[000D] = (013E): Arc3D flags=044B    u32_0=0000 center=Vector (-8.100000000000001, 6.849999999999998, 1.0) f64_0=0 r=0.15 startAngle=0Â° sweepAngle=360Â°
					styles = (0679): ObjctStyles
						*styles[0000] = (0C13): Style_8F0B160B
					numRef = (067A): IndexDef_1 index=010A u8_1=00
				objects[000E] = (013B): Point3D flags=0448    u32_0=0000 pos=Vector (-7.600000000000001, 7.049999999999999, 0.0) f32_0=4 s32_0=-1 u16_0=000
					styles = (0673): ObjctStyles
						*styles[0000] = (0C13): Style_8F0B160B
					numRef = (0674): IndexDef_2 index=0107
				objects[000F] = (013C): Arc3D flags=0449    u32_0=0000 center=Vector (-7.600000000000001, 7.049999999999999, 1.0) f64_0=0 r=0.15 startAngle=0Â° sweepAngle=360Â°
					styles = (0675): ObjctStyles
						*styles[0000] = (0C13): Style_8F0B160B
					numRef = (0676): IndexDef_1 index=0108 u8_1=00
				objects[0010] = (0139): Point3D flags=0446    u32_0=0000 pos=Vector (-5.6, 7.149999999999999, 0.0) f32_0=4 s32_0=-1 u16_0=000
					styles = (066F): ObjctStyles
						*styles[0000] = (0C13): Style_8F0B160B
					numRef = (0670): IndexDef_2 index=0105
				objects[0011] = (013A): Arc3D flags=0447    u32_0=0000 center=Vector (-5.6, 7.149999999999999, 1.0) f64_0=0 r=0.15 startAngle=0Â° sweepAngle=360Â°
					styles = (0671): ObjctStyles
						*styles[0000] = (0C13): Style_8F0B160B
					numRef = (0672): IndexDef_1 index=0106 u8_1=00
				objects[0012] = (012B): Point3D flags=0438    u32_0=0000 pos=Vector (-1.3, 3.649999999999995, 0.0) f32_0=4 s32_0=-1 u16_0=000
					styles = (0653): ObjctStyles
						*styles[0000] = (0C13): Style_8F0B160B
					numRef = (0654): IndexDef_2 index=00F7
				objects[0013] = (012C): Arc3D flags=0439    u32_0=0000 center=Vector (-1.3, 3.649999999999995, 1.0) f64_0=0 r=0.15 startAngle=0Â° sweepAngle=360Â°
					styles = (0655): ObjctStyles
						*styles[0000] = (0C13): Style_8F0B160B
					numRef = (0656): IndexDef_1 index=00F8 u8_1=00
				objects[0014] = (012D): Point3D flags=043A    u32_0=0000 pos=Vector (-2.4000000000000004, 3.649999999999995, 0.0) f32_0=4 s32_0=-1 u16_0=000
					styles = (0657): ObjctStyles
						*styles[0000] = (0C13): Style_8F0B160B
					numRef = (0658): IndexDef_2 index=00F9
				objects[0015] = (012E): Arc3D flags=043B    u32_0=0000 center=Vector (-2.4000000000000004, 3.649999999999995, 1.0) f64_0=0 r=0.15 startAngle=0Â° sweepAngle=360Â°
					styles = (0659): ObjctStyles
						*styles[0000] = (0C13): Style_8F0B160B
					numRef = (065A): IndexDef_1 index=00FA u8_1=00
				objects[0016] = (012F): Point3D flags=043C    u32_0=0000 pos=Vector (-4.700000000000001, 3.649999999999997, 0.0) f32_0=4 s32_0=-1 u16_0=000
					styles = (065B): ObjctStyles
						*styles[0000] = (0C13): Style_8F0B160B
					numRef = (065C): IndexDef_2 index=00FB
				objects[0017] = (0130): Arc3D flags=043D    u32_0=0000 center=Vector (-4.700000000000001, 3.649999999999997, 1.0) f64_0=0 r=0.15 startAngle=0Â° sweepAngle=360Â°
					styles = (065D): ObjctStyles
						*styles[0000] = (0C13): Style_8F0B160B
					numRef = (065E): IndexDef_1 index=00FC u8_1=00
				objects[0018] = (0137): Point3D flags=0444    u32_0=0000 pos=Vector (-6.15, 2.299999999999997, 0.0) f32_0=4 s32_0=-1 u16_0=000
					styles = (066B): ObjctStyles
						*styles[0000] = (0C13): Style_8F0B160B
					numRef = (066C): IndexDef_2 index=0103
				objects[0019] = (0138): Arc3D flags=0445    u32_0=0000 center=Vector (-6.15, 2.299999999999997, 1.0) f64_0=0 r=0.15 startAngle=0Â° sweepAngle=360Â°
					styles = (066D): ObjctStyles
						*styles[0000] = (0C13): Style_8F0B160B
					numRef = (066E): IndexDef_1 index=0104 u8_1=00
				objects[001A] = (0135): Point3D flags=0442    u32_0=0000 pos=Vector (-7.300000000000001, 2.299999999999997, 0.0) f32_0=4 s32_0=-1 u16_0=000
					styles = (0667): ObjctStyles
						*styles[0000] = (0C13): Style_8F0B160B
					numRef = (0668): IndexDef_2 index=0101
				objects[001B] = (0136): Arc3D flags=0443    u32_0=0000 center=Vector (-7.300000000000001, 2.299999999999997, 1.0) f64_0=0 r=0.15 startAngle=0Â° sweepAngle=360Â°
					styles = (0669): ObjctStyles
						*styles[0000] = (0C13): Style_8F0B160B
					numRef = (066A): IndexDef_1 index=0102 u8_1=00
				objects[001C] = (0131): Point3D flags=043E    u32_0=0000 pos=Vector (-6.7, 0.7999999999999972, 0.0) f32_0=4 s32_0=-1 u16_0=000
					styles = (065F): ObjctStyles
						*styles[0000] = (0C13): Style_8F0B160B
					numRef = (0660): IndexDef_2 index=00FD
				objects[001D] = (0132): Arc3D flags=043F    u32_0=0000 center=Vector (-6.7, 0.7999999999999972, 1.0) f64_0=0 r=0.15 startAngle=0Â° sweepAngle=360Â°
					styles = (0661): ObjctStyles
						*styles[0000] = (0C13): Style_8F0B160B
					numRef = (0662): IndexDef_1 index=00FE u8_1=00
				objects[001E] = (0133): Point3D flags=0440    u32_0=0000 pos=Vector (-7.8500000000000005, 0.7999999999999972, 0.0) f32_0=4 s32_0=-1 u16_0=000
					styles = (0663): ObjctStyles
						*styles[0000] = (0C13): Style_8F0B160B
					numRef = (0664): IndexDef_2 index=00FF
				objects[001F] = (0134): Arc3D flags=0441    u32_0=0000 center=Vector (-7.8500000000000005, 0.7999999999999972, 1.0) f64_0=0 r=0.15 startAngle=0Â° sweepAngle=360Â°
					styles = (0665): ObjctStyles
						*styles[0000] = (0C13): Style_8F0B160B
					numRef = (0666): IndexDef_1 index=0100 u8_1=00
				objects[0020] = (0129): Point3D flags=0424    u32_0=0000 pos=Vector (-19.1, 4.849999999999998, 0.0) f32_0=4 s32_0=-1 u16_0=000
					styles = (064F): ObjctStyles
						*styles[0000] = (0C13): Style_8F0B160B
					numRef = (0650): IndexDef_2 index=00F5
				objects[0021] = (012A): Arc3D flags=0425    u32_0=0000 center=Vector (-19.1, 4.849999999999998, 1.0) f64_0=0 r=0.2 startAngle=0Â° sweepAngle=360Â°
					styles = (0651): ObjctStyles
						*styles[0000] = (0C13): Style_8F0B160B
					numRef = (0652): IndexDef_1 index=00F6 u8_1=00
				objects[0022] = (0125): Point3D flags=0420    u32_0=0000 pos=Vector (-21.100000000000005, 6.1999999999999975, 0.0) f32_0=4 s32_0=-1 u16_0=000
					styles = (0647): ObjctStyles
						*styles[0000] = (0C13): Style_8F0B160B
					numRef = (0648): IndexDef_2 index=00F1
				objects[0023] = (0126): Arc3D flags=0421    u32_0=0000 center=Vector (-21.100000000000005, 6.1999999999999975, 1.0) f64_0=0 r=0.15 startAngle=0Â° sweepAngle=360Â°
					styles = (0649): ObjctStyles
						*styles[0000] = (0C13): Style_8F0B160B
					numRef = (064A): IndexDef_1 index=00F2 u8_1=00
				objects[0024] = (0123): Point3D flags=041E    u32_0=0000 pos=Vector (-22.800000000000004, 6.1999999999999975, 0.0) f32_0=4 s32_0=-1 u16_0=000
					styles = (0643): ObjctStyles
						*styles[0000] = (0C13): Style_8F0B160B
					numRef = (0644): IndexDef_2 index=00EF
				objects[0025] = (0124): Arc3D flags=041F    u32_0=0000 center=Vector (-22.800000000000004, 6.1999999999999975, 1.0) f64_0=0 r=0.15 startAngle=0Â° sweepAngle=360Â°
					styles = (0645): ObjctStyles
						*styles[0000] = (0C13): Style_8F0B160B
					numRef = (0646): IndexDef_1 index=00F0 u8_1=00
				objects[0026] = (0127): Point3D flags=0422    u32_0=0000 pos=Vector (-23.750000000000007, 4.949999999999999, 0.0) f32_0=4 s32_0=-1 u16_0=000
					styles = (064B): ObjctStyles
						*styles[0000] = (0C13): Style_8F0B160B
					numRef = (064C): IndexDef_2 index=00F3
				objects[0027] = (0128): Arc3D flags=0423    u32_0=0000 center=Vector (-23.750000000000007, 4.949999999999999, 1.0) f64_0=0 r=0.15 startAngle=0Â° sweepAngle=360Â°
					styles = (064D): ObjctStyles
						*styles[0000] = (0C13): Style_8F0B160B
					numRef = (064E): IndexDef_1 index=00F4 u8_1=00
				objects[0028] = (0121): Point3D flags=0417    u32_0=0000 pos=Vector (-21.85, 4.849999999999996, 0.0) f32_0=4 s32_0=-1 u16_0=000
					styles = (063F): ObjctStyles
						*styles[0000] = (0C13): Style_8F0B160B
					numRef = (0640): IndexDef_2 index=00ED
				objects[0029] = (0122): Arc3D flags=0418    u32_0=0000 center=Vector (-21.85, 4.849999999999996, 1.0) f64_0=0 r=0.2 startAngle=0Â° sweepAngle=360Â°
					styles = (0641): ObjctStyles
						*styles[0000] = (0C13): Style_8F0B160B
					numRef = (0642): IndexDef_1 index=00EE u8_1=00
				objects[002A] = (0120): Arc3D flags=0401    u32_0=0000 center=Vector (-19.1, 11.45, 1.0) f64_0=0 r=0.2 startAngle=0Â° sweepAngle=360Â°
					styles = (063D): ObjctStyles
						*styles[0000] = (0C13): Style_8F0B160B
					numRef = (063E): IndexDef_1 index=00EC u8_1=00
				objects[002B] = (011F): Point3D flags=0400    u32_0=0000 pos=Vector (-19.1, 11.45, 0.0) f32_0=4 s32_0=-1 u16_0=000
					styles = (063B): ObjctStyles
						*styles[0000] = (0C13): Style_8F0B160B
					numRef = (063C): IndexDef_2 index=00EB
				objects[002C] = (011E): Arc3D flags=03FD    u32_0=0000 center=Vector (-21.85, 11.450000000000001, 1.0) f64_0=0 r=0.2 startAngle=0Â° sweepAngle=360Â°
					styles = (0639): ObjctStyles
						*styles[0000] = (0C13): Style_8F0B160B
					numRef = (063A): IndexDef_1 index=00EA u8_1=00
				objects[002D] = (011D): Point3D flags=03FC    u32_0=0000 pos=Vector (-21.85, 11.450000000000001, 0.0) f32_0=4 s32_0=-1 u16_0=000
					styles = (0637): ObjctStyles
						*styles[0000] = (0C13): Style_8F0B160B
					numRef = (0638): IndexDef_2 index=00E9
				objects[002E] = (011C): Arc3D flags=03BE    u32_0=0000 center=Vector (-23.750000000000004, 8.149999999999999, 1.0) f64_0=0 r=0.15 startAngle=0Â° sweepAngle=360Â°
					styles = (0635): ObjctStyles
						*styles[0000] = (0C13): Style_8F0B160B
					numRef = (0636): IndexDef_1 index=00E8 u8_1=00
				objects[002F] = (011B): Point3D flags=03BC    u32_0=0000 pos=Vector (-23.750000000000004, 8.149999999999999, 0.0) f32_0=4 s32_0=-1 u16_0=000
					styles = (0633): ObjctStyles
						*styles[0000] = (0C13): Style_8F0B160B
					numRef = (0634): IndexDef_2 index=00E7
				objects[0030] = (011A): Arc3D flags=03B9    u32_0=0000 center=Vector (-23.750000000000007, 11.349999999999998, 1.0) f64_0=0 r=0.15 startAngle=0Â° sweepAngle=360Â°
					styles = (0631): ObjctStyles
						*styles[0000] = (0C13): Style_8F0B160B
					numRef = (0632): IndexDef_1 index=00E6 u8_1=00
				objects[0031] = (0119): Point3D flags=03B8    u32_0=0000 pos=Vector (-23.750000000000007, 11.349999999999998, 0.0) f32_0=4 s32_0=-1 u16_0=000
					styles = (062F): ObjctStyles
						styles[0000] = (0C13): Style_8F0B160Bu32_0=0001 Color.c0=#00000000 Color.diffuse=#333333FF Color.c1=#CCCCCCFF Color.c2=#FFFFFFFF Color.c3=#000000FF Color.f=20 u8_0=01 a11=(011,000,000,000,000,000,000,000,000,000)
					numRef = (0630): IndexDef_2 index=00E5
				objects[0032] = (016D): Arc3D flags=03AD    u32_0=0000 center=Vector (-21.100000000000005, 10.1, 1.0) f64_0=0 r=0.15 startAngle=0Â° sweepAngle=360Â°
					styles = (06D7): ObjctStyles
						*styles[0000] = (0C13): Style_8F0B160B
					numRef = (06D8): IndexDef_1 index=0139 u8_1=00
				objects[0033] = (016C): Point3D flags=03AC    u32_0=0000 pos=Vector (-21.100000000000005, 10.1, 0.0) f32_0=4 s32_0=-1 u16_0=000
					styles = (06D5): ObjctStyles
						*styles[0000] = (0C13): Style_8F0B160B
					numRef = (06D6): IndexDef_2 index=0138
				objects[0034] = (016B): Arc3D flags=03A9    u32_0=0000 center=Vector (-22.800000000000004, 10.1, 1.0) f64_0=0 r=0.15 startAngle=0Â° sweepAngle=360Â°
					styles = (06D3): ObjctStyles
						*styles[0000] = (0C13): Style_8F0B160B
					numRef = (06D4): IndexDef_1 index=0137 u8_1=00
				objects[0035] = (016A): Point3D flags=03A8    u32_0=0000 pos=Vector (-22.800000000000004, 10.1, 0.0) f32_0=4 s32_0=-1 u16_0=000
					styles = (06D1): ObjctStyles
						*styles[0000] = (0C13): Style_8F0B160B
					numRef = (06D2): IndexDef_2 index=0136
				objects[0036] = (0169): Arc3D flags=03A5    u32_0=0000 center=Vector (-8.100000000000001, 9.45, 1.0) f64_0=0 r=0.15 startAngle=0Â° sweepAngle=360Â°
					styles = (06CF): ObjctStyles
						*styles[0000] = (0C13): Style_8F0B160B
					numRef = (06D0): IndexDef_1 index=0135 u8_1=00
				objects[0037] = (0168): Point3D flags=03A4    u32_0=0000 pos=Vector (-8.100000000000001, 9.45, 0.0) f32_0=4 s32_0=-1 u16_0=000
					styles = (06CD): ObjctStyles
						*styles[0000] = (0C13): Style_8F0B160B
					numRef = (06CE): IndexDef_2 index=0134
				objects[0038] = (0167): Arc3D flags=0399    u32_0=0000 center=Vector (-7.600000000000001, 9.249999999999998, 1.0) f64_0=0 r=0.15 startAngle=0Â° sweepAngle=360Â°
					styles = (06CB): ObjctStyles
						*styles[0000] = (0C13): Style_8F0B160B
					numRef = (06CC): IndexDef_1 index=0133 u8_1=00
				objects[0039] = (0166): Point3D flags=0398    u32_0=0000 pos=Vector (-7.600000000000001, 9.249999999999998, 0.0) f32_0=4 s32_0=-1 u16_0=000
					styles = (06C9): ObjctStyles
						*styles[0000] = (0C13): Style_8F0B160B
					numRef = (06CA): IndexDef_2 index=0132
				objects[003A] = (0165): Arc3D flags=0391    u32_0=0000 center=Vector (-5.6, 9.149999999999999, 1.0) f64_0=0 r=0.15 startAngle=0Â° sweepAngle=360Â°
					styles = (06C7): ObjctStyles
						*styles[0000] = (0C13): Style_8F0B160B
					numRef = (06C8): IndexDef_1 index=0131 u8_1=00
				objects[003B] = (0164): Point3D flags=0390    u32_0=0000 pos=Vector (-5.6, 9.149999999999999, 0.0) f32_0=4 s32_0=-1 u16_0=000
					styles = (06C5): ObjctStyles
						*styles[0000] = (0C13): Style_8F0B160B
					numRef = (06C6): IndexDef_2 index=0130
				objects[003C] = (0163): Arc3D flags=038D    u32_0=0000 center=Vector (-6.15, 14.0, 1.0) f64_0=0 r=0.15 startAngle=0Â° sweepAngle=360Â°
					styles = (06C3): ObjctStyles
						*styles[0000] = (0C13): Style_8F0B160B
					numRef = (06C4): IndexDef_1 index=012F u8_1=00
				objects[003D] = (0162): Point3D flags=038C    u32_0=0000 pos=Vector (-6.15, 14.0, 0.0) f32_0=4 s32_0=-1 u16_0=000
					styles = (06C1): ObjctStyles
						*styles[0000] = (0C13): Style_8F0B160B
					numRef = (06C2): IndexDef_2 index=012E
				objects[003E] = (0161): Arc3D flags=0389    u32_0=0000 center=Vector (-7.300000000000001, 14.0, 1.0) f64_0=0 r=0.15 startAngle=0Â° sweepAngle=360Â°
					styles = (06BF): ObjctStyles
						*styles[0000] = (0C13): Style_8F0B160B
					numRef = (06C0): IndexDef_1 index=012D u8_1=00
				objects[003F] = (0160): Point3D flags=0388    u32_0=0000 pos=Vector (-7.300000000000001, 14.0, 0.0) f32_0=4 s32_0=-1 u16_0=000
					styles = (06BD): ObjctStyles
						*styles[0000] = (0C13): Style_8F0B160B
					numRef = (06BE): IndexDef_2 index=012C
				objects[0040] = (015F): Arc3D flags=0385    u32_0=0000 center=Vector (-7.8500000000000005, 15.5, 1.0) f64_0=0 r=0.15 startAngle=0Â° sweepAngle=360Â°
					styles = (06BB): ObjctStyles
						*styles[0000] = (0C13): Style_8F0B160B
					numRef = (06BC): IndexDef_1 index=012B u8_1=00
				objects[0041] = (015E): Point3D flags=0384    u32_0=0000 pos=Vector (-7.8500000000000005, 15.5, 0.0) f32_0=4 s32_0=-1 u16_0=000
					styles = (06B9): ObjctStyles
						*styles[0000] = (0C13): Style_8F0B160B
					numRef = (06BA): IndexDef_2 index=012A
				objects[0042] = (015D): Arc3D flags=0381    u32_0=0000 center=Vector (-6.7, 15.5, 1.0) f64_0=0 r=0.15 startAngle=0Â° sweepAngle=360Â°
					styles = (06B7): ObjctStyles
						*styles[0000] = (0C13): Style_8F0B160B
					numRef = (06B8): IndexDef_1 index=0129 u8_1=00
				objects[0043] = (015C): Point3D flags=0380    u32_0=0000 pos=Vector (-6.7, 15.5, 0.0) f32_0=4 s32_0=-1 u16_0=000
					styles = (06B5): ObjctStyles
						*styles[0000] = (0C13): Style_8F0B160B
					numRef = (06B6): IndexDef_2 index=0128
				objects[0044] = (015B): Arc3D flags=0369    u32_0=0000 center=Vector (-4.700000000000001, 12.65, 1.0) f64_0=0 r=0.15 startAngle=0Â° sweepAngle=360Â°
					styles = (06B3): ObjctStyles
						*styles[0000] = (0C13): Style_8F0B160B
					numRef = (06B4): IndexDef_1 index=0127 u8_1=00
				objects[0045] = (015A): Point3D flags=0368    u32_0=0000 pos=Vector (-4.700000000000001, 12.65, 0.0) f32_0=4 s32_0=-1 u16_0=000
					styles = (06B1): ObjctStyles
						*styles[0000] = (0C13): Style_8F0B160B
					numRef = (06B2): IndexDef_2 index=0126
				objects[0046] = (0159): Arc3D flags=035D    u32_0=0000 center=Vector (-2.4000000000000004, 12.650000000000002, 1.0) f64_0=0 r=0.15 startAngle=0Â° sweepAngle=360Â°
					styles = (06AF): ObjctStyles
						*styles[0000] = (0C13): Style_8F0B160B
					numRef = (06B0): IndexDef_1 index=0125 u8_1=00
				objects[0047] = (0158): Point3D flags=035C    u32_0=0000 pos=Vector (-2.4000000000000004, 12.650000000000002, 0.0) f32_0=4 s32_0=-1 u16_0=000
					styles = (06AD): ObjctStyles
						*styles[0000] = (0C13): Style_8F0B160B
					numRef = (06AE): IndexDef_2 index=0124
				objects[0048] = (0157): Arc3D flags=0359    u32_0=0000 center=Vector (-1.3, 12.650000000000002, 1.0) f64_0=0 r=0.15 startAngle=0Â° sweepAngle=360Â°
					styles = (06AB): ObjctStyles
						*styles[0000] = (0C13): Style_8F0B160B
					numRef = (06AC): IndexDef_1 index=0123 u8_1=00
				objects[0049] = (0156): Point3D flags=0358    u32_0=0000 pos=Vector (-1.3, 12.650000000000002, 0.0) f32_0=4 s32_0=-1 u16_0=000
					styles = (06A9): ObjctStyles
						*styles[0000] = (0C13): Style_8F0B160B
					numRef = (06AA): IndexDef_2 index=0122
				objects[004A] = (0155): Arc3D flags=0356    u32_0=0000 center=Vector (-0.7999999999999995, 8.149999999999999, 1.0) f64_0=0 r=0.15 startAngle=0Â° sweepAngle=360Â°
					styles = (06A7): ObjctStyles
						*styles[0000] = (0C13): Style_8F0B160B
					numRef = (06A8): IndexDef_1 index=0121 u8_1=00
				objects[004B] = (0154): Point3D flags=0354    u32_0=0000 pos=Vector (-0.7999999999999995, 8.149999999999999, 0.0) f32_0=4 s32_0=-1 u16_0=000
					styles = (06A5): ObjctStyles
						*styles[0000] = (0C13): Style_8F0B160B
					numRef = (06A6): IndexDef_2 index=0120
				objects[004C] = (0153): Arc3D flags=0352    u32_0=0000 center=Vector (-1.4999999999999996, 8.149999999999999, 1.0) f64_0=0 r=0.15 startAngle=0Â° sweepAngle=360Â°
					styles = (06A3): ObjctStyles
						*styles[0000] = (0C13): Style_8F0B160B
					numRef = (06A4): IndexDef_1 index=011F u8_1=00
				objects[004D] = (0152): Point3D flags=0350    u32_0=0000 pos=Vector (-1.4999999999999996, 8.149999999999999, 0.0) f32_0=4 s32_0=-1 u16_0=000
					styles = (06A1): ObjctStyles
						*styles[0000] = (0C13): Style_8F0B160B
					numRef = (06A2): IndexDef_2 index=011E
				objects[004E] = (0151): Line3D flags=0344    u32_0=0000 pos=Vector (0.0, 13.0, 0.0) dir=Vector (-4.0, 13.0, 0.0)
					styles = (069F): ObjctStyles
						*styles[0000] = (0C10): Style_B32BF6A5
						*styles[0001] = (0C12): Style_8F0B160C
						*styles[0002] = (0C11): Style_8F0B160B
					numRef = (06A0): IndexDef_1 index=011D u8_1=00
				objects[004F] = (0150): Point3D flags=0340    u32_0=0000 pos=Vector (-4.0, 13.0, 0.0) f32_0=4 s32_0=-1 u16_0=000
					styles = (069D): ObjctStyles
						*styles[0000] = (0C0F): Style_Visibility
						*styles[0001] = (0C10): Style_B32BF6A5
						*styles[0002] = (0C11): Style_8F0B160B
					numRef = (069E): IndexDef_2 index=011C
				objects[0050] = (014F): Point3D flags=033C    u32_0=0000 pos=Vector (0.0, 13.0, 0.0) f32_0=4 s32_0=-1 u16_0=000
					styles = (069B): ObjctStyles
						*styles[0000] = (0C0F): Style_Visibility
						*styles[0001] = (0C10): Style_B32BF6A5
						*styles[0002] = (0C11): Style_8F0B160B
					numRef = (069C): IndexDef_2 index=011B
				objects[0051] = (014E): Line3D flags=0338    u32_0=0000 pos=Vector (-4.0, 3.2999999999999994, 0.0) dir=Vector (0.0, 3.3, 0.0)
					styles = (0699): ObjctStyles
						*styles[0000] = (0C10): Style_B32BF6A5
						*styles[0001] = (0C12): Style_8F0B160C
						*styles[0002] = (0C11): Style_8F0B160B
					numRef = (069A): IndexDef_1 index=011A u8_1=00
				objects[0052] = (014D): Point3D flags=0334    u32_0=0000 pos=Vector (0.0, 3.3, 0.0) f32_0=4 s32_0=-1 u16_0=000
					styles = (0697): ObjctStyles
						*styles[0000] = (0C0F): Style_Visibility
						*styles[0001] = (0C10): Style_B32BF6A5
						*styles[0002] = (0C11): Style_8F0B160B
					numRef = (0698): IndexDef_2 index=0119
				objects[0053] = (014C): Point3D flags=0330    u32_0=0000 pos=Vector (-4.0, 3.2999999999999994, 0.0) f32_0=4 s32_0=-1 u16_0=000
					styles = (0695): ObjctStyles
						*styles[0000] = (0C0F): Style_Visibility
						*styles[0001] = (0C10): Style_B32BF6A5
						*styles[0002] = (0C11): Style_8F0B160B
					numRef = (0696): IndexDef_2 index=0118
				objects[0054] = (014B): Line3D flags=032B    u32_0=0000 pos=Vector (-25.790504483480863, 8.149999999999999, 0.0) dir=Vector (3.3768555890241005, 8.149999999999999, 0.0)
					styles = (0693): ObjctStyles
						*styles[0000] = (0C13): Style_8F0B160B
					numRef = (0694): IndexDef_1 index=0117 u8_1=00
				objects[0055] = (014A): Point3D flags=032A    u32_0=0000 pos=Vector (3.3768555890241005, 8.149999999999999, 0.0) f32_0=4 s32_0=-1 u16_0=000
					styles = (0691): ObjctStyles
						*styles[0000] = (0C0F): Style_Visibility
					numRef = (0692): IndexDef_2 index=0116
				objects[0056] = (0149): Point3D flags=0329    u32_0=0000 pos=Vector (-25.790504483480863, 8.149999999999999, 0.0) f32_0=4 s32_0=-1 u16_0=000
					styles = (068F): ObjctStyles
						*styles[0000] = (0C0F): Style_Visibility
					numRef = (0690): IndexDef_2 index=0115
				objects[0057] = (0148): Point3D flags=0327    u32_0=0000 pos=Vector (0.0, 0.0, 0.0) f32_0=4 s32_0=-1 u16_0=000
					styles = (068D): ObjctStyles
						*styles[0000] = (0C10): Style_B32BF6A5
						*styles[0001] = (0C11): Style_8F0B160B
					numRef = (068E): IndexDef_2 index=0114
				objects[0058] = (0628): 3dObject flags=0001    u32_0=0000 
					styles = (0C0E): ObjctStyles
					objects[0000] = (0191): DimensioningLength flags=0000    u32_0=0000  u8_0=00 u32_1=0001 index=015D u8_1=01
						styles = (0809): ObjctStyles
							*styles[0000] = (0C14): Style_8F0B160B
							*styles[0001] = (0C15): Style_8F0B160C
							styles[0002] = (0D97): Style_7AE0E1A3u32_0=0001 a0=Vector (0.0, 0.1, 0.0)
						numRef = (080A): RefByKey_1 key=015D
						*parent = (0628): 3dObject
						lst0[0000] = (080B): 3dObject flags=0000    u32_0=0000 
							styles = (0D98): ObjctStyles
								styles[0000] = (0EDC): Style_C29D5C11u32_0=0001 a0=Vector (1.3111785300648258, 3.5746878461994225, 0.0)
								styles[0001] = (0EDD): Style_B32BF6A7u32_0=0001 f64_0=30 vec=Vector (1.3111785300648258, 3.5746878461994225, 0.0) f64_1=1 u32_1=0000
							*numRef = (080A): RefByKey_1
							objects[0000] = (0D99): Text3D '(97)' flags=0000    u32_0=0001 vec=Vector (0.9280342706120059, 3.459452826724201, 0.0) a0=Vector (1.0, 0.0, 0.0) a1=(009,A7F9,000) b_0=False
								*numRef = (080A): RefByKey_1
						lst0[0001] = (080C): 3dObject flags=0000    u32_0=0000 
							styles = (0D9A): ObjctStyles
								styles[0000] = (0EDE): Style_B32BF6A7u32_0=0001 f64_0=50 vec=Vector (1.3111785300648258, 3.3000000000000007, 0.0) f64_1=1 u32_1=0000
							*numRef = (080A): RefByKey_1
							objects[0000] = (0D9B): Line3D flags=0000    u32_0=0000 pos=Vector (1.2611785300648257, 3.5500000000000007, 0.0) dir=Vector (1.3111785300648258, 3.3000000000000007, 0.0)
								*numRef = (080A): RefByKey_1
							objects[0001] = (0D9C): Line3D flags=0000    u32_0=0000 pos=Vector (1.3111785300648258, 3.3000000000000007, 0.0) dir=Vector (1.3611785300648258, 3.5500000000000007, 0.0)
								*numRef = (080A): RefByKey_1
							objects[0002] = (0D9D): Line3D flags=0000    u32_0=0000 pos=Vector (1.3611785300648258, 3.5500000000000007, 0.0) dir=Vector (1.2611785300648257, 3.5500000000000007, 0.0)
								*numRef = (080A): RefByKey_1
						lst0[0002] = (080D): 3dObject flags=0000    u32_0=0000 
							styles = (0D9E): ObjctStyles
								styles[0000] = (0EDF): Style_B32BF6A7u32_0=0001 f64_0=50 vec=Vector (1.3111785300648249, 13.0, 0.0) f64_1=1 u32_1=0000
							*numRef = (080A): RefByKey_1
							objects[0000] = (0D9F): Line3D flags=0000    u32_0=0000 pos=Vector (1.361178530064825, 12.75, 0.0) dir=Vector (1.3111785300648249, 13.0, 0.0)
								*numRef = (080A): RefByKey_1
							objects[0001] = (0DA0): Line3D flags=0000    u32_0=0000 pos=Vector (1.3111785300648249, 13.0, 0.0) dir=Vector (1.2611785300648248, 12.75, 0.0)
								*numRef = (080A): RefByKey_1
							objects[0002] = (0DA1): Line3D flags=0000    u32_0=0000 pos=Vector (1.2611785300648248, 12.75, 0.0) dir=Vector (1.361178530064825, 12.75, 0.0)
								*numRef = (080A): RefByKey_1
						lst0[0003] = (080E): Line3D flags=0004    u32_0=0000 pos=Vector (1.3111785300648258, 3.3000000000000007, 0.0) dir=Vector (1.3111785300648249, 13.0, 0.0)
							*numRef = (080A): RefByKey_1
						lst0[0004] = (080F): Line3D flags=0007    u32_0=0000 pos=Vector (0.06443104433866464, 13.0, 0.0) dir=Vector (1.5689027074194835, 13.0, 0.0)
							*numRef = (080A): RefByKey_1
						lst0[0005] = (0810): Line3D flags=0006    u32_0=0000 pos=Vector (0.06443104433866464, 3.3, 0.0) dir=Vector (1.5689027074194843, 3.3, 0.0)
							*numRef = (080A): RefByKey_1
					objects[0001] = (0192): DimensioningLength flags=0000    u32_0=0000  u8_0=00 u32_1=0001 index=015E u8_1=01
						styles = (0811): ObjctStyles
							*styles[0000] = (0C14): Style_8F0B160B
							*styles[0001] = (0C15): Style_8F0B160C
							styles[0002] = (0DA2): Style_7AE0E1A3u32_0=0001 a0=Vector (0.0, 0.1, 0.0)
						numRef = (0812): RefByKey_1 key=015E
						*parent = (0628): 3dObject
						lst0[0000] = (0813): 3dObject flags=0000    u32_0=0000 
							styles = (0DA3): ObjctStyles
								styles[0000] = (0EE0): Style_C29D5C11u32_0=0001 a0=Vector (2.731390775168665, 12.935468744632862, 0.0)
								styles[0001] = (0EE1): Style_B32BF6A7u32_0=0001 f64_0=30 vec=Vector (2.731390775168665, 12.935468744632862, 0.0) f64_1=1 u32_1=0000
							*numRef = (0812): RefByKey_1
							objects[0000] = (0DA4): Text3D 'fx:48,5' flags=0000    u32_0=0001 vec=Vector (2.090547920192011, 12.815128371265791, 0.0) a0=Vector (1.0, 0.0, 0.0) a1=(009,A7F9,000) b_0=False
								*numRef = (0812): RefByKey_1
						lst0[0001] = (0814): 3dObject flags=0000    u32_0=0000 
							styles = (0DA5): ObjctStyles
								styles[0000] = (0EE2): Style_B32BF6A7u32_0=0001 f64_0=50 vec=Vector (2.731390775168665, 13.0, 0.0) f64_1=1 u32_1=0000
							*numRef = (0812): RefByKey_1
							objects[0000] = (0DA6): Line3D flags=0000    u32_0=0000 pos=Vector (2.781390775168665, 12.75, 0.0) dir=Vector (2.731390775168665, 13.0, 0.0)
								*numRef = (0812): RefByKey_1
							objects[0001] = (0DA7): Line3D flags=0000    u32_0=0000 pos=Vector (2.731390775168665, 13.0, 0.0) dir=Vector (2.681390775168665, 12.75, 0.0)
								*numRef = (0812): RefByKey_1
							objects[0002] = (0DA8): Line3D flags=0000    u32_0=0000 pos=Vector (2.681390775168665, 12.75, 0.0) dir=Vector (2.781390775168665, 12.75, 0.0)
								*numRef = (0812): RefByKey_1
						lst0[0002] = (0815): 3dObject flags=0000    u32_0=0000 
							styles = (0DA9): ObjctStyles
								styles[0000] = (0EE3): Style_B32BF6A7u32_0=0001 f64_0=50 vec=Vector (2.731390775168665, 8.149999999999999, 0.0) f64_1=1 u32_1=0000
							*numRef = (0812): RefByKey_1
							objects[0000] = (0DAA): Line3D flags=0000    u32_0=0000 pos=Vector (2.681390775168665, 8.399999999999999, 0.0) dir=Vector (2.731390775168665, 8.149999999999999, 0.0)
								*numRef = (0812): RefByKey_1
							objects[0001] = (0DAB): Line3D flags=0000    u32_0=0000 pos=Vector (2.731390775168665, 8.149999999999999, 0.0) dir=Vector (2.781390775168665, 8.399999999999999, 0.0)
								*numRef = (0812): RefByKey_1
							objects[0002] = (0DAC): Line3D flags=0000    u32_0=0000 pos=Vector (2.781390775168665, 8.399999999999999, 0.0) dir=Vector (2.681390775168665, 8.399999999999999, 0.0)
								*numRef = (0812): RefByKey_1
						lst0[0003] = (0816): Line3D flags=0004    u32_0=0000 pos=Vector (2.731390775168665, 13.0, 0.0) dir=Vector (2.731390775168665, 8.149999999999999, 0.0)
							*numRef = (0812): RefByKey_1
						lst0[0004] = (0817): Line3D flags=0006    u32_0=0000 pos=Vector (0.08331818118198667, 13.0, 0.0) dir=Vector (3.0646634998966116, 13.0, 0.0)
							*numRef = (0812): RefByKey_1
						lst0[0005] = (0818): Line3D flags=0007    u32_0=0000 pos=Vector (0.08331818118198667, 8.149999999999999, 0.0) dir=Vector (3.0646634998966116, 8.149999999999999, 0.0)
							*numRef = (0812): RefByKey_1
					objects[0002] = (017E): DimensioningDiameter flags=0000    u32_0=0000  u8_0=00 u32_1=0001 index=014A u8_1=01
						styles = (0759): ObjctStyles
							*styles[0000] = (0C14): Style_8F0B160B
							*styles[0001] = (0C15): Style_8F0B160C
							styles[0002] = (0CC6): Style_7AE0E1A3u32_0=0001 a0=Vector (0.0, 0.1, 0.0)
						numRef = (075A): RefByKey_1 key=014A
						*parent = (0628): 3dObject
						lst0[0000] = (075B): 3dObject flags=0000    u32_0=0000 
							styles = (0CC7): ObjctStyles
								styles[0000] = (0E90): Style_C29D5C11u32_0=0001 a0=Vector (-7.125519828797897, 16.067857142857143, 0.0)
								styles[0001] = (0E91): Style_B32BF6A7u32_0=0001 f64_0=30 vec=Vector (-7.125519828797897, 16.067857142857143, 0.0) f64_1=1 u32_1=0000
							*numRef = (075A): RefByKey_1
							objects[0000] = (0CC8): Text3D '3' flags=0000    u32_0=0001 vec=Vector (-7.238080615104755, 15.917857129213267, 0.0) a0=Vector (1.0, 0.0, 0.0) a1=(009,A7F9,000) b_0=False
								*numRef = (075A): RefByKey_1
						lst0[0001] = (075C): 3dObject flags=0000    u32_0=0000 
							styles = (0CC9): ObjctStyles
								styles[0000] = (0E92): Style_B32BF6A7u32_0=0001 f64_0=50 vec=Vector (-7.8364691155651, 15.649388470660922, 0.0) f64_1=1 u32_1=0000
							*numRef = (075A): RefByKey_1
							objects[0000] = (0CCA): Line3D flags=0000    u32_0=0000 pos=Vector (-7.863713798393906, 15.902879549907427, 0.0) dir=Vector (-7.8364691155651, 15.649388470660922, 0.0)
								*numRef = (075A): RefByKey_1
							objects[0001] = (0CCB): Line3D flags=0000    u32_0=0000 pos=Vector (-7.8364691155651, 15.649388470660922, 0.0) dir=Vector (-7.764121484619958, 15.89385896028416, 0.0)
								*numRef = (075A): RefByKey_1
							objects[0002] = (0CCC): Line3D flags=0000    u32_0=0000 pos=Vector (-7.764121484619958, 15.89385896028416, 0.0) dir=Vector (-7.863713798393906, 15.902879549907427, 0.0)
								*numRef = (075A): RefByKey_1
						lst0[0002] = (075D): 3dObject flags=0000    u32_0=0000 
							styles = (0CCD): ObjctStyles
								styles[0000] = (0E93): Style_B32BF6A7u32_0=0001 f64_0=50 vec=Vector (-7.863530884434901, 15.350611529339078, 0.0) f64_1=1 u32_1=0000
							*numRef = (075A): RefByKey_1
							objects[0000] = (0CCE): Line3D flags=0000    u32_0=0000 pos=Vector (-7.836286201606095, 15.097120450092573, 0.0) dir=Vector (-7.863530884434901, 15.350611529339078, 0.0)
								*numRef = (075A): RefByKey_1
							objects[0001] = (0CCF): Line3D flags=0000    u32_0=0000 pos=Vector (-7.863530884434901, 15.350611529339078, 0.0) dir=Vector (-7.935878515380043, 15.10614103971584, 0.0)
								*numRef = (075A): RefByKey_1
							objects[0002] = (0CD0): Line3D flags=0000    u32_0=0000 pos=Vector (-7.935878515380043, 15.10614103971584, 0.0) dir=Vector (-7.836286201606095, 15.097120450092573, 0.0)
								*numRef = (075A): RefByKey_1
						lst0[0003] = (075E): Line3D flags=0005    u32_0=0000 pos=Vector (-7.863530884434901, 15.350611529339078, 0.0) dir=Vector (-7.918724298577312, 14.741245617675364, 0.0)
							*numRef = (075A): RefByKey_1
						lst0[0004] = (075F): Line3D flags=0009    u32_0=0000 pos=Vector (-7.8364691155651, 15.649388470660922, 0.0) dir=Vector (-7.798566249178808, 16.067857142857143, 0.0)
							*numRef = (075A): RefByKey_1
						lst0[0005] = (0760): Line3D flags=0009    u32_0=0000 pos=Vector (-7.798566249178808, 16.067857142857143, 0.0) dir=Vector (-7.036371760444285, 16.067857142857143, 0.0)
							*numRef = (075A): RefByKey_1
						lst0[0006] = (0761): 41305114 flags=0000    u32_0=0000 pos=Vector (-7.8364691155651, 15.649388470660922, 0.0) dir=(1,0,0) u16_0=000
							*numRef = (075A): RefByKey_1
						lst0[0007] = (0762): 41305114 flags=0001    u32_0=0000 pos=Vector (-7.863530884434901, 15.350611529339078, 0.0) dir=(1,0,0) u16_0=000
							*numRef = (075A): RefByKey_1
						lst0[0008] = (0763): 41305114 flags=0002    u32_0=0000 pos=Vector (-7.798566249178808, 16.067857142857143, 0.0) dir=(1,0,0) u16_0=000
							*numRef = (075A): RefByKey_1
						lst0[0009] = (0764): 41305114 flags=0003    u32_0=0000 pos=Vector (-7.8500000000000005, 15.5, 0.0) dir=(1,0,0) u16_0=000
							*numRef = (075A): RefByKey_1
					objects[0003] = (017F): DimensioningDiameter flags=0000    u32_0=0000  u8_0=00 u32_1=0001 index=014B u8_1=01
						styles = (0765): ObjctStyles
							*styles[0000] = (0C14): Style_8F0B160B
							*styles[0001] = (0C15): Style_8F0B160C
							styles[0002] = (0CD1): Style_7AE0E1A3u32_0=0001 a0=Vector (0.0, 0.1, 0.0)
						numRef = (0766): RefByKey_1 key=014B
						*parent = (0628): 3dObject
						lst0[0000] = (0767): 3dObject flags=0000    u32_0=0000 
							styles = (0CD2): ObjctStyles
								styles[0000] = (0E94): Style_C29D5C11u32_0=0001 a0=Vector (-20.695121321560713, 12.228812590797462, 0.0)
								styles[0001] = (0E95): Style_B32BF6A7u32_0=0001 f64_0=30 vec=Vector (-20.695121321560713, 12.228812590797462, 0.0) f64_1=1 u32_1=0000
							*numRef = (0766): RefByKey_1
							objects[0000] = (0CD3): Text3D '4' flags=0000    u32_0=0001 vec=Vector (-20.80768210786757, 12.078812584836998, 0.0) a0=Vector (1.0, 0.0, 0.0) a1=(009,A7F9,000) b_0=False
								*numRef = (0766): RefByKey_1
						lst0[0001] = (0768): 3dObject flags=0000    u32_0=0000 
							styles = (0CD4): ObjctStyles
								styles[0000] = (0E96): Style_B32BF6A7u32_0=0001 f64_0=50 vec=Vector (-21.765262981086828, 11.631161909974777, 0.0) f64_1=1 u32_1=0000
							*numRef = (0766): RefByKey_1
							objects[0000] = (0CD5): Line3D flags=0000    u32_0=0000 pos=Vector (-21.704632184939054, 11.878798552171538, 0.0) dir=Vector (-21.765262981086828, 11.631161909974777, 0.0)
								*numRef = (0766): RefByKey_1
							objects[0001] = (0CD6): Line3D flags=0000    u32_0=0000 pos=Vector (-21.765262981086828, 11.631161909974777, 0.0) dir=Vector (-21.614051229951666, 11.836430042714952, 0.0)
								*numRef = (0766): RefByKey_1
							objects[0002] = (0CD7): Line3D flags=0000    u32_0=0000 pos=Vector (-21.614051229951666, 11.836430042714952, 0.0) dir=Vector (-21.704632184939054, 11.878798552171538, 0.0)
								*numRef = (0766): RefByKey_1
						lst0[0002] = (0769): 3dObject flags=0000    u32_0=0000 
							styles = (0CD8): ObjctStyles
								styles[0000] = (0E97): Style_B32BF6A7u32_0=0001 f64_0=50 vec=Vector (-21.934737018913175, 11.268838090025225, 0.0) f64_1=1 u32_1=0000
							*numRef = (0766): RefByKey_1
							objects[0000] = (0CD9): Line3D flags=0000    u32_0=0000 pos=Vector (-21.99536781506095, 11.021201447828464, 0.0) dir=Vector (-21.934737018913175, 11.268838090025225, 0.0)
								*numRef = (0766): RefByKey_1
							objects[0001] = (0CDA): Line3D flags=0000    u32_0=0000 pos=Vector (-21.934737018913175, 11.268838090025225, 0.0) dir=Vector (-22.085948770048336, 11.06356995728505, 0.0)
								*numRef = (0766): RefByKey_1
							objects[0002] = (0CDB): Line3D flags=0000    u32_0=0000 pos=Vector (-22.085948770048336, 11.06356995728505, 0.0) dir=Vector (-21.99536781506095, 11.021201447828464, 0.0)
								*numRef = (0766): RefByKey_1
						lst0[0003] = (076A): Line3D flags=0005    u32_0=0000 pos=Vector (-21.934737018913175, 11.268838090025225, 0.0) dir=Vector (-22.23924927382129, 10.617811863029845, 0.0)
							*numRef = (0766): RefByKey_1
						lst0[0004] = (076B): Line3D flags=0009    u32_0=0000 pos=Vector (-21.765262981086828, 11.631161909974777, 0.0) dir=Vector (-21.485716706423492, 12.228812590797462, 0.0)
							*numRef = (0766): RefByKey_1
						lst0[0005] = (076C): Line3D flags=0009    u32_0=0000 pos=Vector (-21.485716706423492, 12.228812590797462, 0.0) dir=Vector (-20.6059732532071, 12.228812590797462, 0.0)
							*numRef = (0766): RefByKey_1
						lst0[0006] = (076D): 41305114 flags=0000    u32_0=0000 pos=Vector (-21.765262981086828, 11.631161909974777, 0.0) dir=(1,0,0) u16_0=000
							*numRef = (0766): RefByKey_1
						lst0[0007] = (076E): 41305114 flags=0001    u32_0=0000 pos=Vector (-21.934737018913175, 11.268838090025225, 0.0) dir=(1,0,0) u16_0=000
							*numRef = (0766): RefByKey_1
						lst0[0008] = (076F): 41305114 flags=0002    u32_0=0000 pos=Vector (-21.485716706423492, 12.228812590797462, 0.0) dir=(1,0,0) u16_0=000
							*numRef = (0766): RefByKey_1
						lst0[0009] = (0770): 41305114 flags=0003    u32_0=0000 pos=Vector (-21.85, 11.450000000000001, 0.0) dir=(1,0,0) u16_0=000
							*numRef = (0766): RefByKey_1
					objects[0004] = (0180): DimensioningLength flags=0000    u32_0=0000  u8_0=00 u32_1=0001 index=014C u8_1=01
						styles = (0771): ObjctStyles
							*styles[0000] = (0C14): Style_8F0B160B
							*styles[0001] = (0C15): Style_8F0B160C
							styles[0002] = (0CDC): Style_7AE0E1A3u32_0=0001 a0=Vector (0.0, 0.1, 0.0)
						numRef = (0772): RefByKey_1 key=014C
						*parent = (0628): 3dObject
						lst0[0000] = (0773): 3dObject flags=0000    u32_0=0000 
							styles = (0CDD): ObjctStyles
								styles[0000] = (0E98): Style_C29D5C11u32_0=0001 a0=Vector (-18.781415415637408, 11.985406981670522, 0.0)
								styles[0001] = (0E99): Style_B32BF6A7u32_0=0001 f64_0=30 vec=Vector (-18.781415415637408, 11.985406981670522, 0.0) f64_1=1 u32_1=0000
							*numRef = (0772): RefByKey_1
							objects[0000] = (0CDE): Text3D '7' flags=0000    u32_0=0001 vec=Vector (-18.893976201944266, 11.835406975710058, 0.0) a0=Vector (1.0, 0.0, 0.0) a1=(009,A7F9,000) b_0=False
								*numRef = (0772): RefByKey_1
						lst0[0001] = (0774): 3dObject flags=0000    u32_0=0000 
							styles = (0CDF): ObjctStyles
								styles[0000] = (0E9A): Style_B32BF6A7u32_0=0001 f64_0=50 vec=Vector (-18.781415415637408, 12.149999999999999, 0.0) f64_1=1 u32_1=0000
							*numRef = (0772): RefByKey_1
							objects[0000] = (0CE0): Line3D flags=0000    u32_0=0000 pos=Vector (-18.731415415637407, 11.899999999999999, 0.0) dir=Vector (-18.781415415637408, 12.149999999999999, 0.0)
								*numRef = (0772): RefByKey_1
							objects[0001] = (0CE1): Line3D flags=0000    u32_0=0000 pos=Vector (-18.781415415637408, 12.149999999999999, 0.0) dir=Vector (-18.83141541563741, 11.899999999999999, 0.0)
								*numRef = (0772): RefByKey_1
							objects[0002] = (0CE2): Line3D flags=0000    u32_0=0000 pos=Vector (-18.83141541563741, 11.899999999999999, 0.0) dir=Vector (-18.731415415637407, 11.899999999999999, 0.0)
								*numRef = (0772): RefByKey_1
						lst0[0002] = (0775): 3dObject flags=0000    u32_0=0000 
							styles = (0CE3): ObjctStyles
								styles[0000] = (0E9B): Style_B32BF6A7u32_0=0001 f64_0=50 vec=Vector (-18.781415415637408, 11.45, 0.0) f64_1=1 u32_1=0000
							*numRef = (0772): RefByKey_1
							objects[0000] = (0CE4): Line3D flags=0000    u32_0=0000 pos=Vector (-18.83141541563741, 11.7, 0.0) dir=Vector (-18.781415415637408, 11.45, 0.0)
								*numRef = (0772): RefByKey_1
							objects[0001] = (0CE5): Line3D flags=0000    u32_0=0000 pos=Vector (-18.781415415637408, 11.45, 0.0) dir=Vector (-18.731415415637407, 11.7, 0.0)
								*numRef = (0772): RefByKey_1
							objects[0002] = (0CE6): Line3D flags=0000    u32_0=0000 pos=Vector (-18.731415415637407, 11.7, 0.0) dir=Vector (-18.83141541563741, 11.7, 0.0)
								*numRef = (0772): RefByKey_1
						lst0[0003] = (0776): Line3D flags=0004    u32_0=0000 pos=Vector (-18.781415415637408, 12.149999999999999, 0.0) dir=Vector (-18.781415415637408, 11.45, 0.0)
							*numRef = (0772): RefByKey_1
						lst0[0004] = (0777): Line3D flags=0007    u32_0=0000 pos=Vector (-19.07045709002394, 11.45, 0.0) dir=Vector (-18.663243775733157, 11.45, 0.0)
							*numRef = (0772): RefByKey_1
					objects[0005] = (0181): DimensioningLength flags=0000    u32_0=0000  u8_0=00 u32_1=0001 index=014D u8_1=01
						styles = (0778): ObjctStyles
							*styles[0000] = (0C14): Style_8F0B160B
							*styles[0001] = (0C15): Style_8F0B160C
							styles[0002] = (0CE7): Style_7AE0E1A3u32_0=0001 a0=Vector (0.0, 0.1, 0.0)
						numRef = (0779): RefByKey_1 key=014D
						*parent = (0628): 3dObject
						lst0[0000] = (077A): 3dObject flags=0000    u32_0=0000 
							styles = (0CE8): ObjctStyles
								styles[0000] = (0E9C): Style_C29D5C11u32_0=0001 a0=Vector (-21.143690601224876, 11.80256049909273, 0.0)
								styles[0001] = (0E9D): Style_B32BF6A7u32_0=0001 f64_0=30 vec=Vector (-21.143690601224876, 11.80256049909273, 0.0) f64_1=1 u32_1=0000
							*numRef = (0779): RefByKey_1
							objects[0000] = (0CE9): Text3D 'fx:7' flags=0000    u32_0=0001 vec=Vector (-21.496932104463554, 11.6449024585692, 0.0) a0=Vector (1.0, 0.0, 0.0) a1=(009,A7F9,000) b_0=False
								*numRef = (0779): RefByKey_1
						lst0[0001] = (077B): 3dObject flags=0000    u32_0=0000 
							styles = (0CEA): ObjctStyles
								styles[0000] = (0E9E): Style_B32BF6A7u32_0=0001 f64_0=50 vec=Vector (-21.143690601224876, 12.15, 0.0) f64_1=1 u32_1=0000
							*numRef = (0779): RefByKey_1
							objects[0000] = (0CEB): Line3D flags=0000    u32_0=0000 pos=Vector (-21.193690601224876, 12.4, 0.0) dir=Vector (-21.143690601224876, 12.15, 0.0)
								*numRef = (0779): RefByKey_1
							objects[0001] = (0CEC): Line3D flags=0000    u32_0=0000 pos=Vector (-21.143690601224876, 12.15, 0.0) dir=Vector (-21.093690601224875, 12.4, 0.0)
								*numRef = (0779): RefByKey_1
							objects[0002] = (0CED): Line3D flags=0000    u32_0=0000 pos=Vector (-21.093690601224875, 12.4, 0.0) dir=Vector (-21.193690601224876, 12.4, 0.0)
								*numRef = (0779): RefByKey_1
						lst0[0002] = (077C): 3dObject flags=0000    u32_0=0000 
							styles = (0CEE): ObjctStyles
								styles[0000] = (0E9F): Style_B32BF6A7u32_0=0001 f64_0=50 vec=Vector (-21.143690601224876, 11.450000000000001, 0.0) f64_1=1 u32_1=0000
							*numRef = (0779): RefByKey_1
							objects[0000] = (0CEF): Line3D flags=0000    u32_0=0000 pos=Vector (-21.093690601224875, 11.200000000000001, 0.0) dir=Vector (-21.143690601224876, 11.450000000000001, 0.0)
								*numRef = (0779): RefByKey_1
							objects[0001] = (0CF0): Line3D flags=0000    u32_0=0000 pos=Vector (-21.143690601224876, 11.450000000000001, 0.0) dir=Vector (-21.193690601224876, 11.200000000000001, 0.0)
								*numRef = (0779): RefByKey_1
							objects[0002] = (0CF1): Line3D flags=0000    u32_0=0000 pos=Vector (-21.193690601224876, 11.200000000000001, 0.0) dir=Vector (-21.093690601224875, 11.200000000000001, 0.0)
								*numRef = (0779): RefByKey_1
						lst0[0003] = (077D): Line3D flags=0004    u32_0=0000 pos=Vector (-21.143690601224876, 12.15, 0.0) dir=Vector (-21.143690601224876, 14.34639943560261, 0.0)
							*numRef = (0779): RefByKey_1
						lst0[0004] = (077E): Line3D flags=0004    u32_0=0000 pos=Vector (-21.143690601224876, 11.450000000000001, 0.0) dir=Vector (-21.143690601224876, 9.253600564397392, 0.0)
							*numRef = (0779): RefByKey_1
						lst0[0005] = (077F): Line3D flags=0004    u32_0=0000 pos=Vector (-21.143690601224876, 12.15, 0.0) dir=Vector (-21.143690601224876, 11.450000000000001, 0.0)
							*numRef = (0779): RefByKey_1
						lst0[0006] = (0780): Line3D flags=0007    u32_0=0000 pos=Vector (-21.758483356849894, 11.450000000000001, 0.0) dir=Vector (-20.77762402862444, 11.450000000000001, 0.0)
							*numRef = (0779): RefByKey_1
					objects[0006] = (0182): DimensioningLength flags=0000    u32_0=0000  u8_0=00 u32_1=0001 index=014E u8_1=01
						styles = (0781): ObjctStyles
							*styles[0000] = (0C14): Style_8F0B160B
							*styles[0001] = (0C15): Style_8F0B160C
							styles[0002] = (0CF2): Style_7AE0E1A3u32_0=0001 a0=Vector (0.0, 0.1, 0.0)
						numRef = (0782): RefByKey_1 key=014E
						*parent = (0628): 3dObject
						lst0[0000] = (0783): 3dObject flags=0000    u32_0=0000 
							styles = (0CF3): ObjctStyles
								styles[0000] = (0EA0): Style_C29D5C11u32_0=0001 a0=Vector (-19.308860759493673, 13.874305494536653, 0.0)
								styles[0001] = (0EA1): Style_B32BF6A7u32_0=0001 f64_0=30 vec=Vector (-19.308860759493673, 13.874305494536653, 0.0) f64_1=1 u32_1=0000
							*numRef = (0782): RefByKey_1
							objects[0000] = (0CF4): Text3D '27,5' flags=0000    u32_0=0001 vec=Vector (-19.709022860285604, 13.758462693949237, 0.0) a0=Vector (1.0, 0.0, 0.0) a1=(009,A7F9,000) b_0=False
								*numRef = (0782): RefByKey_1
						lst0[0001] = (0784): 3dObject flags=0000    u32_0=0000 
							styles = (0CF5): ObjctStyles
								styles[0000] = (0EA2): Style_B32BF6A7u32_0=0001 f64_0=50 vec=Vector (-19.1, 13.874305494536653, 0.0) f64_1=1 u32_1=0000
							*numRef = (0782): RefByKey_1
							objects[0000] = (0CF6): Line3D flags=0000    u32_0=0000 pos=Vector (-19.35, 13.824305494536652, 0.0) dir=Vector (-19.1, 13.874305494536653, 0.0)
								*numRef = (0782): RefByKey_1
							objects[0001] = (0CF7): Line3D flags=0000    u32_0=0000 pos=Vector (-19.1, 13.874305494536653, 0.0) dir=Vector (-19.35, 13.924305494536654, 0.0)
								*numRef = (0782): RefByKey_1
							objects[0002] = (0CF8): Line3D flags=0000    u32_0=0000 pos=Vector (-19.35, 13.924305494536654, 0.0) dir=Vector (-19.35, 13.824305494536652, 0.0)
								*numRef = (0782): RefByKey_1
						lst0[0002] = (0785): 3dObject flags=0000    u32_0=0000 
							styles = (0CF9): ObjctStyles
								styles[0000] = (0EA3): Style_B32BF6A7u32_0=0001 f64_0=50 vec=Vector (-21.85, 13.874305494536653, 0.0) f64_1=1 u32_1=0000
							*numRef = (0782): RefByKey_1
							objects[0000] = (0CFA): Line3D flags=0000    u32_0=0000 pos=Vector (-21.6, 13.924305494536654, 0.0) dir=Vector (-21.85, 13.874305494536653, 0.0)
								*numRef = (0782): RefByKey_1
							objects[0001] = (0CFB): Line3D flags=0000    u32_0=0000 pos=Vector (-21.85, 13.874305494536653, 0.0) dir=Vector (-21.6, 13.824305494536652, 0.0)
								*numRef = (0782): RefByKey_1
							objects[0002] = (0CFC): Line3D flags=0000    u32_0=0000 pos=Vector (-21.6, 13.824305494536652, 0.0) dir=Vector (-21.6, 13.924305494536654, 0.0)
								*numRef = (0782): RefByKey_1
						lst0[0003] = (0786): Line3D flags=0004    u32_0=0000 pos=Vector (-19.1, 13.874305494536653, 0.0) dir=Vector (-21.85, 13.874305494536653, 0.0)
							*numRef = (0782): RefByKey_1
						lst0[0004] = (0787): Line3D flags=0007    u32_0=0000 pos=Vector (-21.85, 11.549458519786045, 0.0) dir=Vector (-21.85, 14.272139573680827, 0.0)
							*numRef = (0782): RefByKey_1
						lst0[0005] = (0788): Line3D flags=0006    u32_0=0000 pos=Vector (-19.1, 11.549458519786043, 0.0) dir=Vector (-19.1, 14.272139573680827, 0.0)
							*numRef = (0782): RefByKey_1
					objects[0007] = (0183): DimensioningLength flags=0000    u32_0=0000  u8_0=00 u32_1=0001 index=014F u8_1=01
						styles = (0789): ObjctStyles
							*styles[0000] = (0C14): Style_8F0B160B
							*styles[0001] = (0C15): Style_8F0B160C
							styles[0002] = (0CFD): Style_7AE0E1A3u32_0=0001 a0=Vector (0.0, 0.1, 0.0)
						numRef = (078A): RefByKey_1 key=014F
						*parent = (0628): 3dObject
						lst0[0000] = (078B): 3dObject flags=0000    u32_0=0000 
							styles = (0CFE): ObjctStyles
								styles[0000] = (0EA4): Style_C29D5C11u32_0=0001 a0=Vector (-23.788017106562247, 13.435665125765812, 0.0)
								styles[0001] = (0EA5): Style_B32BF6A7u32_0=0001 f64_0=30 vec=Vector (-23.788017106562247, 13.435665125765812, 0.0) f64_1=1 u32_1=0000
							*numRef = (078A): RefByKey_1
							objects[0000] = (0CFF): Text3D '23,5' flags=0000    u32_0=0001 vec=Vector (-24.188179207354178, 13.319822325178396, 0.0) a0=Vector (1.0, 0.0, 0.0) a1=(009,A7F9,000) b_0=False
								*numRef = (078A): RefByKey_1
						lst0[0001] = (078C): 3dObject flags=0000    u32_0=0000 
							styles = (0D00): ObjctStyles
								styles[0000] = (0EA6): Style_B32BF6A7u32_0=0001 f64_0=50 vec=Vector (-24.200000000000003, 13.435665125765812, 0.0) f64_1=1 u32_1=0000
							*numRef = (078A): RefByKey_1
							objects[0000] = (0D01): Line3D flags=0000    u32_0=0000 pos=Vector (-23.950000000000003, 13.485665125765813, 0.0) dir=Vector (-24.200000000000003, 13.435665125765812, 0.0)
								*numRef = (078A): RefByKey_1
							objects[0001] = (0D02): Line3D flags=0000    u32_0=0000 pos=Vector (-24.200000000000003, 13.435665125765812, 0.0) dir=Vector (-23.950000000000003, 13.385665125765811, 0.0)
								*numRef = (078A): RefByKey_1
							objects[0002] = (0D03): Line3D flags=0000    u32_0=0000 pos=Vector (-23.950000000000003, 13.385665125765811, 0.0) dir=Vector (-23.950000000000003, 13.485665125765813, 0.0)
								*numRef = (078A): RefByKey_1
						lst0[0002] = (078D): 3dObject flags=0000    u32_0=0000 
							styles = (0D04): ObjctStyles
								styles[0000] = (0EA7): Style_B32BF6A7u32_0=0001 f64_0=50 vec=Vector (-21.85, 13.435665125765812, 0.0) f64_1=1 u32_1=0000
							*numRef = (078A): RefByKey_1
							objects[0000] = (0D05): Line3D flags=0000    u32_0=0000 pos=Vector (-22.1, 13.385665125765811, 0.0) dir=Vector (-21.85, 13.435665125765812, 0.0)
								*numRef = (078A): RefByKey_1
							objects[0001] = (0D06): Line3D flags=0000    u32_0=0000 pos=Vector (-21.85, 13.435665125765812, 0.0) dir=Vector (-22.1, 13.485665125765813, 0.0)
								*numRef = (078A): RefByKey_1
							objects[0002] = (0D07): Line3D flags=0000    u32_0=0000 pos=Vector (-22.1, 13.485665125765813, 0.0) dir=Vector (-22.1, 13.385665125765811, 0.0)
								*numRef = (078A): RefByKey_1
						lst0[0003] = (078E): Line3D flags=0004    u32_0=0000 pos=Vector (-24.200000000000003, 13.435665125765812, 0.0) dir=Vector (-21.85, 13.435665125765812, 0.0)
							*numRef = (078A): RefByKey_1
						lst0[0004] = (078F): Line3D flags=0006    u32_0=0000 pos=Vector (-24.200000000000003, 12.25447638220486, 0.0) dir=Vector (-24.200000000000003, 13.85357065458525, 0.0)
							*numRef = (078A): RefByKey_1
						lst0[0005] = (0790): Line3D flags=0007    u32_0=0000 pos=Vector (-21.85, 11.55447638220486, 0.0) dir=Vector (-21.85, 13.85357065458525, 0.0)
							*numRef = (078A): RefByKey_1
					objects[0008] = (0184): DimensioningLength flags=0000    u32_0=0000  u8_0=00 u32_1=0001 index=0150 u8_1=01
						styles = (0791): ObjctStyles
							*styles[0000] = (0C14): Style_8F0B160B
							*styles[0001] = (0C15): Style_8F0B160C
							styles[0002] = (0D08): Style_7AE0E1A3u32_0=0001 a0=Vector (0.0, 0.1, 0.0)
						numRef = (0792): RefByKey_1 key=0150
						*parent = (0628): 3dObject
						lst0[0000] = (0793): 3dObject flags=0000    u32_0=0000 
							styles = (0D09): ObjctStyles
								styles[0000] = (0EA8): Style_C29D5C11u32_0=0001 a0=Vector (-24.85454354243454, 8.52129081126134, 0.0)
								styles[0001] = (0EA9): Style_B32BF6A7u32_0=0001 f64_0=30 vec=Vector (-24.85454354243454, 8.52129081126134, 0.0) f64_1=1 u32_1=0000
							*numRef = (0792): RefByKey_1
							objects[0000] = (0D0A): Text3D '32' flags=0000    u32_0=0001 vec=Vector (-25.079665115048257, 8.371290797617464, 0.0) a0=Vector (1.0, 0.0, 0.0) a1=(009,A7F9,000) b_0=False
								*numRef = (0792): RefByKey_1
						lst0[0001] = (0794): 3dObject flags=0000    u32_0=0000 
							styles = (0D0B): ObjctStyles
								styles[0000] = (0EAA): Style_B32BF6A7u32_0=0001 f64_0=50 vec=Vector (-24.85454354243454, 8.149999999999999, 0.0) f64_1=1 u32_1=0000
							*numRef = (0792): RefByKey_1
							objects[0000] = (0D0C): Line3D flags=0000    u32_0=0000 pos=Vector (-24.904543542434542, 8.399999999999999, 0.0) dir=Vector (-24.85454354243454, 8.149999999999999, 0.0)
								*numRef = (0792): RefByKey_1
							objects[0001] = (0D0D): Line3D flags=0000    u32_0=0000 pos=Vector (-24.85454354243454, 8.149999999999999, 0.0) dir=Vector (-24.80454354243454, 8.399999999999999, 0.0)
								*numRef = (0792): RefByKey_1
							objects[0002] = (0D0E): Line3D flags=0000    u32_0=0000 pos=Vector (-24.80454354243454, 8.399999999999999, 0.0) dir=Vector (-24.904543542434542, 8.399999999999999, 0.0)
								*numRef = (0792): RefByKey_1
						lst0[0002] = (0795): 3dObject flags=0000    u32_0=0000 
							styles = (0D0F): ObjctStyles
								styles[0000] = (0EAB): Style_B32BF6A7u32_0=0001 f64_0=50 vec=Vector (-24.85454354243454, 11.349999999999998, 0.0) f64_1=1 u32_1=0000
							*numRef = (0792): RefByKey_1
							objects[0000] = (0D10): Line3D flags=0000    u32_0=0000 pos=Vector (-24.80454354243454, 11.099999999999998, 0.0) dir=Vector (-24.85454354243454, 11.349999999999998, 0.0)
								*numRef = (0792): RefByKey_1
							objects[0001] = (0D11): Line3D flags=0000    u32_0=0000 pos=Vector (-24.85454354243454, 11.349999999999998, 0.0) dir=Vector (-24.904543542434542, 11.099999999999998, 0.0)
								*numRef = (0792): RefByKey_1
							objects[0002] = (0D12): Line3D flags=0000    u32_0=0000 pos=Vector (-24.904543542434542, 11.099999999999998, 0.0) dir=Vector (-24.80454354243454, 11.099999999999998, 0.0)
								*numRef = (0792): RefByKey_1
						lst0[0003] = (0796): Line3D flags=0004    u32_0=0000 pos=Vector (-24.85454354243454, 8.149999999999999, 0.0) dir=Vector (-24.85454354243454, 11.349999999999998, 0.0)
							*numRef = (0792): RefByKey_1
						lst0[0004] = (0797): Line3D flags=0006    u32_0=0000 pos=Vector (-23.8269724611602, 8.149999999999999, 0.0) dir=Vector (-25.16243338707532, 8.149999999999999, 0.0)
							*numRef = (0792): RefByKey_1
						lst0[0005] = (0798): Line3D flags=0007    u32_0=0000 pos=Vector (-23.826972461160203, 11.349999999999998, 0.0) dir=Vector (-25.16243338707532, 11.349999999999998, 0.0)
							*numRef = (0792): RefByKey_1
					objects[0009] = (0185): DimensioningLength flags=0000    u32_0=0000  u8_0=00 u32_1=0001 index=0151 u8_1=01
						styles = (0799): ObjctStyles
							*styles[0000] = (0C14): Style_8F0B160B
							*styles[0001] = (0C15): Style_8F0B160C
							styles[0002] = (0D13): Style_7AE0E1A3u32_0=0001 a0=Vector (0.0, 0.1, 0.0)
						numRef = (079A): RefByKey_1 key=0151
						*parent = (0628): 3dObject
						lst0[0000] = (079B): 3dObject flags=0000    u32_0=0000 
							styles = (0D14): ObjctStyles
								styles[0000] = (0EAC): Style_C29D5C11u32_0=0001 a0=Vector (-25.946735439309702, 11.687427406031382, 0.0)
								styles[0001] = (0EAD): Style_B32BF6A7u32_0=0001 f64_0=30 vec=Vector (-25.946735439309702, 11.687427406031382, 0.0) f64_1=1 u32_1=0000
							*numRef = (079A): RefByKey_1
							objects[0000] = (0D15): Text3D '4,5' flags=0000    u32_0=0001 vec=Vector (-26.234336761245356, 11.574745067227376, 0.0) a0=Vector (1.0, 0.0, 0.0) a1=(009,A7F9,000) b_0=False
								*numRef = (079A): RefByKey_1
						lst0[0001] = (079C): 3dObject flags=0000    u32_0=0000 
							styles = (0D16): ObjctStyles
								styles[0000] = (0EAE): Style_B32BF6A7u32_0=0001 f64_0=50 vec=Vector (-24.200000000000003, 11.687427406031382, 0.0) f64_1=1 u32_1=0000
							*numRef = (079A): RefByKey_1
							objects[0000] = (0D17): Line3D flags=0000    u32_0=0000 pos=Vector (-24.450000000000003, 11.637427406031382, 0.0) dir=Vector (-24.200000000000003, 11.687427406031382, 0.0)
								*numRef = (079A): RefByKey_1
							objects[0001] = (0D18): Line3D flags=0000    u32_0=0000 pos=Vector (-24.200000000000003, 11.687427406031382, 0.0) dir=Vector (-24.450000000000003, 11.737427406031383, 0.0)
								*numRef = (079A): RefByKey_1
							objects[0002] = (0D19): Line3D flags=0000    u32_0=0000 pos=Vector (-24.450000000000003, 11.737427406031383, 0.0) dir=Vector (-24.450000000000003, 11.637427406031382, 0.0)
								*numRef = (079A): RefByKey_1
						lst0[0002] = (079D): 3dObject flags=0000    u32_0=0000 
							styles = (0D1A): ObjctStyles
								styles[0000] = (0EAF): Style_B32BF6A7u32_0=0001 f64_0=50 vec=Vector (-23.750000000000007, 11.687427406031382, 0.0) f64_1=1 u32_1=0000
							*numRef = (079A): RefByKey_1
							objects[0000] = (0D1B): Line3D flags=0000    u32_0=0000 pos=Vector (-23.500000000000007, 11.737427406031383, 0.0) dir=Vector (-23.750000000000007, 11.687427406031382, 0.0)
								*numRef = (079A): RefByKey_1
							objects[0001] = (0D1C): Line3D flags=0000    u32_0=0000 pos=Vector (-23.750000000000007, 11.687427406031382, 0.0) dir=Vector (-23.500000000000007, 11.637427406031382, 0.0)
								*numRef = (079A): RefByKey_1
							objects[0002] = (0D1D): Line3D flags=0000    u32_0=0000 pos=Vector (-23.500000000000007, 11.637427406031382, 0.0) dir=Vector (-23.500000000000007, 11.737427406031383, 0.0)
								*numRef = (079A): RefByKey_1
						lst0[0003] = (079E): Line3D flags=0004    u32_0=0000 pos=Vector (-24.200000000000003, 11.687427406031382, 0.0) dir=Vector (-23.750000000000007, 11.687427406031382, 0.0)
							*numRef = (079A): RefByKey_1
						lst0[0004] = (079F): Line3D flags=0004    u32_0=0000 pos=Vector (-24.200000000000003, 11.687427406031382, 0.0) dir=Vector (-26.93881499883916, 11.687427406031382, 0.0)
							*numRef = (079A): RefByKey_1
						lst0[0005] = (07A0): Line3D flags=0004    u32_0=0000 pos=Vector (-23.750000000000007, 11.687427406031382, 0.0) dir=Vector (-21.01118500116085, 11.687427406031382, 0.0)
							*numRef = (079A): RefByKey_1
						lst0[0006] = (07A1): Line3D flags=0007    u32_0=0000 pos=Vector (-23.750000000000007, 11.464117291618296, 0.0) dir=Vector (-23.750000000000007, 12.143896572504575, 0.0)
							*numRef = (079A): RefByKey_1
						lst0[0007] = (07A2): Line3D flags=0004    u32_0=0000 pos=Vector (-26.174515496181485, 11.687427406031382, 0.0) dir=Vector (-26.93881499883916, 11.687427406031382, 0.0)
							*numRef = (079A): RefByKey_1
					objects[000A] = (0186): DimensioningLength flags=0000    u32_0=0000  u8_0=00 u32_1=0001 index=0152 u8_1=01
						styles = (07A3): ObjctStyles
							*styles[0000] = (0C14): Style_8F0B160B
							*styles[0001] = (0C15): Style_8F0B160C
							styles[0002] = (0D1E): Style_7AE0E1A3u32_0=0001 a0=Vector (0.0, 0.1, 0.0)
						numRef = (07A4): RefByKey_1 key=0152
						*parent = (0628): 3dObject
						lst0[0000] = (07A5): 3dObject flags=0000    u32_0=0000 
							styles = (0D1F): ObjctStyles
								styles[0000] = (0EB0): Style_C29D5C11u32_0=0001 a0=Vector (-24.908278686181486, 9.242747171295836, 0.0)
								styles[0001] = (0EB1): Style_B32BF6A7u32_0=0001 f64_0=30 vec=Vector (-24.908278686181486, 9.242747171295836, 0.0) f64_1=1 u32_1=0000
							*numRef = (07A4): RefByKey_1
							objects[0000] = (0D20): Text3D 'fx:4,5' flags=0000    u32_0=0001 vec=Vector (-25.43656073249954, 9.122406797928765, 0.0) a0=Vector (1.0, 0.0, 0.0) a1=(009,A7F9,000) b_0=False
								*numRef = (07A4): RefByKey_1
						lst0[0001] = (07A6): 3dObject flags=0000    u32_0=0000 
							styles = (0D21): ObjctStyles
								styles[0000] = (0EB2): Style_B32BF6A7u32_0=0001 f64_0=50 vec=Vector (-24.200000000000003, 9.242747171295836, 0.0) f64_1=1 u32_1=0000
							*numRef = (07A4): RefByKey_1
							objects[0000] = (0D22): Line3D flags=0000    u32_0=0000 pos=Vector (-24.450000000000003, 9.192747171295835, 0.0) dir=Vector (-24.200000000000003, 9.242747171295836, 0.0)
								*numRef = (07A4): RefByKey_1
							objects[0001] = (0D23): Line3D flags=0000    u32_0=0000 pos=Vector (-24.200000000000003, 9.242747171295836, 0.0) dir=Vector (-24.450000000000003, 9.292747171295836, 0.0)
								*numRef = (07A4): RefByKey_1
							objects[0002] = (0D24): Line3D flags=0000    u32_0=0000 pos=Vector (-24.450000000000003, 9.292747171295836, 0.0) dir=Vector (-24.450000000000003, 9.192747171295835, 0.0)
								*numRef = (07A4): RefByKey_1
						lst0[0002] = (07A7): 3dObject flags=0000    u32_0=0000 
							styles = (0D25): ObjctStyles
								styles[0000] = (0EB3): Style_B32BF6A7u32_0=0001 f64_0=50 vec=Vector (-23.750000000000004, 9.242747171295836, 0.0) f64_1=1 u32_1=0000
							*numRef = (07A4): RefByKey_1
							objects[0000] = (0D26): Line3D flags=0000    u32_0=0000 pos=Vector (-23.500000000000004, 9.292747171295836, 0.0) dir=Vector (-23.750000000000004, 9.242747171295836, 0.0)
								*numRef = (07A4): RefByKey_1
							objects[0001] = (0D27): Line3D flags=0000    u32_0=0000 pos=Vector (-23.750000000000004, 9.242747171295836, 0.0) dir=Vector (-23.500000000000004, 9.192747171295835, 0.0)
								*numRef = (07A4): RefByKey_1
							objects[0002] = (0D28): Line3D flags=0000    u32_0=0000 pos=Vector (-23.500000000000004, 9.192747171295835, 0.0) dir=Vector (-23.500000000000004, 9.292747171295836, 0.0)
								*numRef = (07A4): RefByKey_1
						lst0[0003] = (07A8): Line3D flags=0004    u32_0=0000 pos=Vector (-24.200000000000003, 9.242747171295836, 0.0) dir=Vector (-23.750000000000004, 9.242747171295836, 0.0)
							*numRef = (07A4): RefByKey_1
						lst0[0004] = (07A9): Line3D flags=0004    u32_0=0000 pos=Vector (-24.200000000000003, 9.242747171295836, 0.0) dir=Vector (-26.93881499883918, 9.242747171295836, 0.0)
							*numRef = (07A4): RefByKey_1
						lst0[0005] = (07AA): Line3D flags=0004    u32_0=0000 pos=Vector (-23.750000000000004, 9.242747171295836, 0.0) dir=Vector (-21.011185001160825, 9.242747171295836, 0.0)
							*numRef = (07A4): RefByKey_1
						lst0[0006] = (07AB): Line3D flags=0007    u32_0=0000 pos=Vector (-23.750000000000004, 8.264117291618298, 0.0) dir=Vector (-23.750000000000004, 9.699216337769032, 0.0)
							*numRef = (07A4): RefByKey_1
						lst0[0007] = (07AC): Line3D flags=0004    u32_0=0000 pos=Vector (-25.326677717676866, 9.242747171295836, 0.0) dir=Vector (-26.93881499883918, 9.242747171295836, 0.0)
							*numRef = (07A4): RefByKey_1
					objects[000B] = (0187): DimensioningLength flags=0000    u32_0=0000  u8_0=00 u32_1=0001 index=0153 u8_1=01
						styles = (07AD): ObjctStyles
							*styles[0000] = (0C14): Style_8F0B160B
							*styles[0001] = (0C15): Style_8F0B160C
							styles[0002] = (0D29): Style_7AE0E1A3u32_0=0001 a0=Vector (0.0, 0.1, 0.0)
						numRef = (07AE): RefByKey_1 key=0153
						*parent = (0628): 3dObject
						lst0[0000] = (07AF): 3dObject flags=0000    u32_0=0000 
							styles = (0D2A): ObjctStyles
								styles[0000] = (0EB4): Style_C29D5C11u32_0=0001 a0=Vector (-28.644692141022983, 12.612991066886172, 0.0)
								styles[0001] = (0EB5): Style_B32BF6A7u32_0=0001 f64_0=30 vec=Vector (-28.644692141022983, 12.612991066886172, 0.0) f64_1=1 u32_1=0000
							*numRef = (07AE): RefByKey_1
							objects[0000] = (0D2B): Text3D '20,5' flags=0000    u32_0=0001 vec=Vector (-29.044854241814914, 12.497148266298757, 0.0) a0=Vector (1.0, 0.0, 0.0) a1=(009,A7F9,000) b_0=False
								*numRef = (07AE): RefByKey_1
						lst0[0001] = (07B0): 3dObject flags=0000    u32_0=0000 
							styles = (0D2C): ObjctStyles
								styles[0000] = (0EB6): Style_B32BF6A7u32_0=0001 f64_0=50 vec=Vector (-28.644692141022983, 12.150000000000002, 0.0) f64_1=1 u32_1=0000
							*numRef = (07AE): RefByKey_1
							objects[0000] = (0D2D): Line3D flags=0000    u32_0=0000 pos=Vector (-28.594692141022982, 11.900000000000002, 0.0) dir=Vector (-28.644692141022983, 12.150000000000002, 0.0)
								*numRef = (07AE): RefByKey_1
							objects[0001] = (0D2E): Line3D flags=0000    u32_0=0000 pos=Vector (-28.644692141022983, 12.150000000000002, 0.0) dir=Vector (-28.694692141022983, 11.900000000000002, 0.0)
								*numRef = (07AE): RefByKey_1
							objects[0002] = (0D2F): Line3D flags=0000    u32_0=0000 pos=Vector (-28.694692141022983, 11.900000000000002, 0.0) dir=Vector (-28.594692141022982, 11.900000000000002, 0.0)
								*numRef = (07AE): RefByKey_1
						lst0[0002] = (07B1): 3dObject flags=0000    u32_0=0000 
							styles = (0D30): ObjctStyles
								styles[0000] = (0EB7): Style_B32BF6A7u32_0=0001 f64_0=50 vec=Vector (-28.644692141022983, 10.100000000000001, 0.0) f64_1=1 u32_1=0000
							*numRef = (07AE): RefByKey_1
							objects[0000] = (0D31): Line3D flags=0000    u32_0=0000 pos=Vector (-28.694692141022983, 10.350000000000001, 0.0) dir=Vector (-28.644692141022983, 10.100000000000001, 0.0)
								*numRef = (07AE): RefByKey_1
							objects[0001] = (0D32): Line3D flags=0000    u32_0=0000 pos=Vector (-28.644692141022983, 10.100000000000001, 0.0) dir=Vector (-28.594692141022982, 10.350000000000001, 0.0)
								*numRef = (07AE): RefByKey_1
							objects[0002] = (0D33): Line3D flags=0000    u32_0=0000 pos=Vector (-28.594692141022982, 10.350000000000001, 0.0) dir=Vector (-28.694692141022983, 10.350000000000001, 0.0)
								*numRef = (07AE): RefByKey_1
						lst0[0003] = (07B2): Line3D flags=0004    u32_0=0000 pos=Vector (-28.644692141022983, 12.150000000000002, 0.0) dir=Vector (-28.644692141022983, 10.100000000000001, 0.0)
							*numRef = (07AE): RefByKey_1
						lst0[0004] = (07B3): Line3D flags=0006    u32_0=0000 pos=Vector (-24.308927447951213, 12.15, 0.0) dir=Vector (-29.080401932827822, 12.150000000000002, 0.0)
							*numRef = (07AE): RefByKey_1
						lst0[0005] = (07B4): Line3D flags=0007    u32_0=0000 pos=Vector (-22.908927447951214, 10.1, 0.0) dir=Vector (-29.080401932827822, 10.100000000000001, 0.0)
							*numRef = (07AE): RefByKey_1
						lst0[0006] = (07B5): Line3D flags=0004    u32_0=0000 pos=Vector (-28.644692141022983, 12.150000000000002, 0.0) dir=Vector (-28.644692141022983, 12.612991066886172, 0.0)
							*numRef = (07AE): RefByKey_1
					objects[000C] = (0188): DimensioningLength flags=0000    u32_0=0000  u8_0=00 u32_1=0001 index=0154 u8_1=01
						styles = (07B6): ObjctStyles
							*styles[0000] = (0C14): Style_8F0B160B
							*styles[0001] = (0C15): Style_8F0B160C
							styles[0002] = (0D34): Style_7AE0E1A3u32_0=0001 a0=Vector (0.0, 0.1, 0.0)
						numRef = (07B7): RefByKey_1 key=0154
						*parent = (0628): 3dObject
						lst0[0000] = (07B8): 3dObject flags=0000    u32_0=0000 
							styles = (0D35): ObjctStyles
								styles[0000] = (0EB8): Style_C29D5C11u32_0=0001 a0=Vector (-28.340087175779885, 12.118007977954047, 0.0)
								styles[0001] = (0EB9): Style_B32BF6A7u32_0=0001 f64_0=30 vec=Vector (-28.340087175779885, 12.118007977954047, 0.0) f64_1=1 u32_1=0000
							*numRef = (07B7): RefByKey_1
							objects[0000] = (0D36): Text3D 'fx:20,5' flags=0000    u32_0=0001 vec=Vector (-28.98093003075654, 11.997667604586976, 0.0) a0=Vector (1.0, 0.0, 0.0) a1=(009,A7F9,000) b_0=False
								*numRef = (07B7): RefByKey_1
						lst0[0001] = (07B9): 3dObject flags=0000    u32_0=0000 
							styles = (0D37): ObjctStyles
								styles[0000] = (0EBA): Style_B32BF6A7u32_0=0001 f64_0=50 vec=Vector (-28.340087175779885, 12.150000000000002, 0.0) f64_1=1 u32_1=0000
							*numRef = (07B7): RefByKey_1
							objects[0000] = (0D38): Line3D flags=0000    u32_0=0000 pos=Vector (-28.290087175779885, 11.900000000000002, 0.0) dir=Vector (-28.340087175779885, 12.150000000000002, 0.0)
								*numRef = (07B7): RefByKey_1
							objects[0001] = (0D39): Line3D flags=0000    u32_0=0000 pos=Vector (-28.340087175779885, 12.150000000000002, 0.0) dir=Vector (-28.390087175779886, 11.900000000000002, 0.0)
								*numRef = (07B7): RefByKey_1
							objects[0002] = (0D3A): Line3D flags=0000    u32_0=0000 pos=Vector (-28.390087175779886, 11.900000000000002, 0.0) dir=Vector (-28.290087175779885, 11.900000000000002, 0.0)
								*numRef = (07B7): RefByKey_1
						lst0[0002] = (07BA): 3dObject flags=0000    u32_0=0000 
							styles = (0D3B): ObjctStyles
								styles[0000] = (0EBB): Style_B32BF6A7u32_0=0001 f64_0=50 vec=Vector (-28.340087175779885, 10.100000000000001, 0.0) f64_1=1 u32_1=0000
							*numRef = (07B7): RefByKey_1
							objects[0000] = (0D3C): Line3D flags=0000    u32_0=0000 pos=Vector (-28.390087175779886, 10.350000000000001, 0.0) dir=Vector (-28.340087175779885, 10.100000000000001, 0.0)
								*numRef = (07B7): RefByKey_1
							objects[0001] = (0D3D): Line3D flags=0000    u32_0=0000 pos=Vector (-28.340087175779885, 10.100000000000001, 0.0) dir=Vector (-28.290087175779885, 10.350000000000001, 0.0)
								*numRef = (07B7): RefByKey_1
							objects[0002] = (0D3E): Line3D flags=0000    u32_0=0000 pos=Vector (-28.290087175779885, 10.350000000000001, 0.0) dir=Vector (-28.390087175779886, 10.350000000000001, 0.0)
								*numRef = (07B7): RefByKey_1
						lst0[0003] = (07BB): Line3D flags=0004    u32_0=0000 pos=Vector (-28.340087175779885, 12.150000000000002, 0.0) dir=Vector (-28.340087175779885, 10.100000000000001, 0.0)
							*numRef = (07B7): RefByKey_1
						lst0[0004] = (07BC): Line3D flags=0006    u32_0=0000 pos=Vector (-24.308927447951213, 12.15, 0.0) dir=Vector (-28.775796967584725, 12.150000000000002, 0.0)
							*numRef = (07B7): RefByKey_1
						lst0[0005] = (07BD): Line3D flags=0007    u32_0=0000 pos=Vector (-21.208927447951215, 10.1, 0.0) dir=Vector (-28.775796967584725, 10.100000000000001, 0.0)
							*numRef = (07B7): RefByKey_1
					objects[000D] = (0189): DimensioningLength flags=0000    u32_0=0000  u8_0=00 u32_1=0001 index=0155 u8_1=01
						styles = (07BE): ObjctStyles
							*styles[0000] = (0C14): Style_8F0B160B
							*styles[0001] = (0C15): Style_8F0B160C
							styles[0002] = (0D3F): Style_7AE0E1A3u32_0=0001 a0=Vector (0.0, 0.1, 0.0)
						numRef = (07BF): RefByKey_1 key=0155
						*parent = (0628): 3dObject
						lst0[0000] = (07C0): 3dObject flags=0000    u32_0=0000 
							styles = (0D40): ObjctStyles
								styles[0000] = (0EBC): Style_C29D5C11u32_0=0001 a0=Vector (-21.10000000000001, 7.851024092899815, 0.0)
								styles[0001] = (0EBD): Style_B32BF6A7u32_0=0001 f64_0=30 vec=Vector (-21.10000000000001, 7.851024092899815, 0.0) f64_1=1 u32_1=0000
							*numRef = (07BF): RefByKey_1
							objects[0000] = (0D41): Text3D '17' flags=0000    u32_0=0001 vec=Vector (-21.325121572613725, 7.700537862049595, 0.0) a0=Vector (1.0, 0.0, 0.0) a1=(009,A7F9,000) b_0=False
								*numRef = (07BF): RefByKey_1
						lst0[0001] = (07C1): 3dObject flags=0000    u32_0=0000 
							styles = (0D42): ObjctStyles
								styles[0000] = (0EBE): Style_B32BF6A7u32_0=0001 f64_0=50 vec=Vector (-21.100000000000005, 7.851024092899815, 0.0) f64_1=1 u32_1=0000
							*numRef = (07BF): RefByKey_1
							objects[0000] = (0D43): Line3D flags=0000    u32_0=0000 pos=Vector (-21.350000000000005, 7.801024092899815, 0.0) dir=Vector (-21.100000000000005, 7.851024092899815, 0.0)
								*numRef = (07BF): RefByKey_1
							objects[0001] = (0D44): Line3D flags=0000    u32_0=0000 pos=Vector (-21.100000000000005, 7.851024092899815, 0.0) dir=Vector (-21.350000000000005, 7.9010240928998146, 0.0)
								*numRef = (07BF): RefByKey_1
							objects[0002] = (0D45): Line3D flags=0000    u32_0=0000 pos=Vector (-21.350000000000005, 7.9010240928998146, 0.0) dir=Vector (-21.350000000000005, 7.801024092899815, 0.0)
								*numRef = (07BF): RefByKey_1
						lst0[0002] = (07C2): 3dObject flags=0000    u32_0=0000 
							styles = (0D46): ObjctStyles
								styles[0000] = (0EBF): Style_B32BF6A7u32_0=0001 f64_0=50 vec=Vector (-22.800000000000004, 7.851024092899815, 0.0) f64_1=1 u32_1=0000
							*numRef = (07BF): RefByKey_1
							objects[0000] = (0D47): Line3D flags=0000    u32_0=0000 pos=Vector (-22.550000000000004, 7.9010240928998146, 0.0) dir=Vector (-22.800000000000004, 7.851024092899815, 0.0)
								*numRef = (07BF): RefByKey_1
							objects[0001] = (0D48): Line3D flags=0000    u32_0=0000 pos=Vector (-22.800000000000004, 7.851024092899815, 0.0) dir=Vector (-22.550000000000004, 7.801024092899815, 0.0)
								*numRef = (07BF): RefByKey_1
							objects[0002] = (0D49): Line3D flags=0000    u32_0=0000 pos=Vector (-22.550000000000004, 7.801024092899815, 0.0) dir=Vector (-22.550000000000004, 7.9010240928998146, 0.0)
								*numRef = (07BF): RefByKey_1
						lst0[0003] = (07C3): Line3D flags=0004    u32_0=0000 pos=Vector (-21.100000000000005, 7.851024092899815, 0.0) dir=Vector (-22.800000000000004, 7.851024092899815, 0.0)
							*numRef = (07BF): RefByKey_1
						lst0[0004] = (07C4): Line3D flags=0006    u32_0=0000 pos=Vector (-21.100000000000005, 9.989468368037526, 0.0) dir=Vector (-21.100000000000005, 7.408897565049919, 0.0)
							*numRef = (07BF): RefByKey_1
						lst0[0005] = (07C5): Line3D flags=0007    u32_0=0000 pos=Vector (-22.800000000000004, 9.989468368037526, 0.0) dir=Vector (-22.800000000000004, 7.408897565049919, 0.0)
							*numRef = (07BF): RefByKey_1
					objects[000E] = (018A): DimensioningLength flags=0000    u32_0=0000  u8_0=00 u32_1=0001 index=0156 u8_1=01
						styles = (07C6): ObjctStyles
							*styles[0000] = (0C14): Style_8F0B160B
							*styles[0001] = (0C15): Style_8F0B160C
							styles[0002] = (0D4A): Style_7AE0E1A3u32_0=0001 a0=Vector (0.0, 0.1, 0.0)
						numRef = (07C7): RefByKey_1 key=0156
						*parent = (0628): 3dObject
						lst0[0000] = (07C8): 3dObject flags=0000    u32_0=0000 
							styles = (0D4B): ObjctStyles
								styles[0000] = (0EC0): Style_C29D5C11u32_0=0001 a0=Vector (-23.820617386114105, 12.711641959705549, 0.0)
								styles[0001] = (0EC1): Style_B32BF6A7u32_0=0001 f64_0=30 vec=Vector (-23.820617386114105, 12.711641959705549, 0.0) f64_1=1 u32_1=0000
							*numRef = (07C7): RefByKey_1
							objects[0000] = (0D4C): Text3D '14' flags=0000    u32_0=0001 vec=Vector (-24.04573895872782, 12.56115572885533, 0.0) a0=Vector (1.0, 0.0, 0.0) a1=(009,A7F9,000) b_0=False
								*numRef = (07C7): RefByKey_1
						lst0[0001] = (07C9): 3dObject flags=0000    u32_0=0000 
							styles = (0D4D): ObjctStyles
								styles[0000] = (0EC2): Style_B32BF6A7u32_0=0001 f64_0=50 vec=Vector (-24.200000000000003, 12.711641959705549, 0.0) f64_1=1 u32_1=0000
							*numRef = (07C7): RefByKey_1
							objects[0000] = (0D4E): Line3D flags=0000    u32_0=0000 pos=Vector (-23.950000000000003, 12.76164195970555, 0.0) dir=Vector (-24.200000000000003, 12.711641959705549, 0.0)
								*numRef = (07C7): RefByKey_1
							objects[0001] = (0D4F): Line3D flags=0000    u32_0=0000 pos=Vector (-24.200000000000003, 12.711641959705549, 0.0) dir=Vector (-23.950000000000003, 12.661641959705548, 0.0)
								*numRef = (07C7): RefByKey_1
							objects[0002] = (0D50): Line3D flags=0000    u32_0=0000 pos=Vector (-23.950000000000003, 12.661641959705548, 0.0) dir=Vector (-23.950000000000003, 12.76164195970555, 0.0)
								*numRef = (07C7): RefByKey_1
						lst0[0002] = (07CA): 3dObject flags=0000    u32_0=0000 
							styles = (0D51): ObjctStyles
								styles[0000] = (0EC3): Style_B32BF6A7u32_0=0001 f64_0=50 vec=Vector (-22.800000000000004, 12.711641959705549, 0.0) f64_1=1 u32_1=0000
							*numRef = (07C7): RefByKey_1
							objects[0000] = (0D52): Line3D flags=0000    u32_0=0000 pos=Vector (-23.050000000000004, 12.661641959705548, 0.0) dir=Vector (-22.800000000000004, 12.711641959705549, 0.0)
								*numRef = (07C7): RefByKey_1
							objects[0001] = (0D53): Line3D flags=0000    u32_0=0000 pos=Vector (-22.800000000000004, 12.711641959705549, 0.0) dir=Vector (-23.050000000000004, 12.76164195970555, 0.0)
								*numRef = (07C7): RefByKey_1
							objects[0002] = (0D54): Line3D flags=0000    u32_0=0000 pos=Vector (-23.050000000000004, 12.76164195970555, 0.0) dir=Vector (-23.050000000000004, 12.661641959705548, 0.0)
								*numRef = (07C7): RefByKey_1
						lst0[0003] = (07CB): Line3D flags=0004    u32_0=0000 pos=Vector (-24.200000000000003, 12.711641959705549, 0.0) dir=Vector (-22.800000000000004, 12.711641959705549, 0.0)
							*numRef = (07C7): RefByKey_1
						lst0[0004] = (07CC): Line3D flags=0006    u32_0=0000 pos=Vector (-24.200000000000003, 12.23836604368897, 0.0) dir=Vector (-24.200000000000003, 13.065106134461423, 0.0)
							*numRef = (07C7): RefByKey_1
						lst0[0005] = (07CD): Line3D flags=0007    u32_0=0000 pos=Vector (-22.800000000000004, 10.18836604368897, 0.0) dir=Vector (-22.800000000000004, 13.065106134461423, 0.0)
							*numRef = (07C7): RefByKey_1
					objects[000F] = (018B): DimensioningLength flags=0000    u32_0=0000  u8_0=00 u32_1=0001 index=0157 u8_1=01
						styles = (07CE): ObjctStyles
							*styles[0000] = (0C14): Style_8F0B160B
							*styles[0001] = (0C15): Style_8F0B160C
							styles[0002] = (0D55): Style_7AE0E1A3u32_0=0001 a0=Vector (0.0, 0.1, 0.0)
						numRef = (07CF): RefByKey_1 key=0157
						*parent = (0628): 3dObject
						lst0[0000] = (07D0): 3dObject flags=0000    u32_0=0000 
							styles = (0D56): ObjctStyles
								styles[0000] = (0EC4): Style_C29D5C11u32_0=0001 a0=Vector (-0.7527574301641078, 9.39771808427452, 0.0)
								styles[0001] = (0EC5): Style_B32BF6A7u32_0=0001 f64_0=30 vec=Vector (-0.7527574301641078, 9.39771808427452, 0.0) f64_1=1 u32_1=0000
							*numRef = (07CF): RefByKey_1
							objects[0000] = (0D57): Text3D '7' flags=0000    u32_0=0001 vec=Vector (-0.8653182164709659, 9.247718078314055, 0.0) a0=Vector (1.0, 0.0, 0.0) a1=(009,A7F9,000) b_0=False
								*numRef = (07CF): RefByKey_1
						lst0[0001] = (07D1): 3dObject flags=0000    u32_0=0000 
							styles = (0D58): ObjctStyles
								styles[0000] = (0EC6): Style_B32BF6A7u32_0=0001 f64_0=50 vec=Vector (-0.7999999999999995, 9.39771808427452, 0.0) f64_1=1 u32_1=0000
							*numRef = (07CF): RefByKey_1
							objects[0000] = (0D59): Line3D flags=0000    u32_0=0000 pos=Vector (-0.5499999999999995, 9.44771808427452, 0.0) dir=Vector (-0.7999999999999995, 9.39771808427452, 0.0)
								*numRef = (07CF): RefByKey_1
							objects[0001] = (0D5A): Line3D flags=0000    u32_0=0000 pos=Vector (-0.7999999999999995, 9.39771808427452, 0.0) dir=Vector (-0.5499999999999995, 9.347718084274518, 0.0)
								*numRef = (07CF): RefByKey_1
							objects[0002] = (0D5B): Line3D flags=0000    u32_0=0000 pos=Vector (-0.5499999999999995, 9.347718084274518, 0.0) dir=Vector (-0.5499999999999995, 9.44771808427452, 0.0)
								*numRef = (07CF): RefByKey_1
						lst0[0002] = (07D2): 3dObject flags=0000    u32_0=0000 
							styles = (0D5C): ObjctStyles
								styles[0000] = (0EC7): Style_B32BF6A7u32_0=0001 f64_0=50 vec=Vector (-1.4999999999999996, 9.39771808427452, 0.0) f64_1=1 u32_1=0000
							*numRef = (07CF): RefByKey_1
							objects[0000] = (0D5D): Line3D flags=0000    u32_0=0000 pos=Vector (-1.7499999999999996, 9.347718084274518, 0.0) dir=Vector (-1.4999999999999996, 9.39771808427452, 0.0)
								*numRef = (07CF): RefByKey_1
							objects[0001] = (0D5E): Line3D flags=0000    u32_0=0000 pos=Vector (-1.4999999999999996, 9.39771808427452, 0.0) dir=Vector (-1.7499999999999996, 9.44771808427452, 0.0)
								*numRef = (07CF): RefByKey_1
							objects[0002] = (0D5F): Line3D flags=0000    u32_0=0000 pos=Vector (-1.7499999999999996, 9.44771808427452, 0.0) dir=Vector (-1.7499999999999996, 9.347718084274518, 0.0)
								*numRef = (07CF): RefByKey_1
						lst0[0003] = (07D3): Line3D flags=0004    u32_0=0000 pos=Vector (-0.7999999999999995, 9.39771808427452, 0.0) dir=Vector (-0.7527574301641078, 9.39771808427452, 0.0)
							*numRef = (07CF): RefByKey_1
						lst0[0004] = (07D4): Line3D flags=0004    u32_0=0000 pos=Vector (-1.4999999999999996, 9.39771808427452, 0.0) dir=Vector (-3.600624916020537, 9.39771808427452, 0.0)
							*numRef = (07CF): RefByKey_1
						lst0[0005] = (07D5): Line3D flags=0004    u32_0=0000 pos=Vector (-0.7999999999999995, 9.39771808427452, 0.0) dir=Vector (-1.4999999999999996, 9.39771808427452, 0.0)
							*numRef = (07CF): RefByKey_1
						lst0[0006] = (07D6): Line3D flags=0007    u32_0=0000 pos=Vector (-1.4999999999999996, 8.237526038167521, 0.0) dir=Vector (-1.4999999999999996, 9.747822236944609, 0.0)
							*numRef = (07CF): RefByKey_1
						lst0[0007] = (07D7): Line3D flags=0006    u32_0=0000 pos=Vector (-0.7999999999999995, 8.237526038167521, 0.0) dir=Vector (-0.7999999999999995, 9.747822236944609, 0.0)
							*numRef = (07CF): RefByKey_1
						lst0[0008] = (07D8): Line3D flags=0004    u32_0=0000 pos=Vector (-0.663609361810496, 9.39771808427452, 0.0) dir=Vector (-0.7527574301641078, 9.39771808427452, 0.0)
							*numRef = (07CF): RefByKey_1
					objects[0010] = (018C): DimensioningLength flags=0000    u32_0=0000  u8_0=00 u32_1=0001 index=0158 u8_1=01
						styles = (07D9): ObjctStyles
							*styles[0000] = (0C14): Style_8F0B160B
							*styles[0001] = (0C15): Style_8F0B160C
							styles[0002] = (0D60): Style_7AE0E1A3u32_0=0001 a0=Vector (0.0, 0.1, 0.0)
						numRef = (07DA): RefByKey_1 key=0158
						*parent = (0628): 3dObject
						lst0[0000] = (07DB): 3dObject flags=0000    u32_0=0000 
							styles = (0D61): ObjctStyles
								styles[0000] = (0EC8): Style_C29D5C11u32_0=0001 a0=Vector (0.03707213829971556, 14.161481408161208, 0.0)
								styles[0001] = (0EC9): Style_B32BF6A7u32_0=0001 f64_0=30 vec=Vector (0.03707213829971556, 14.161481408161208, 0.0) f64_1=1 u32_1=0000
							*numRef = (07DA): RefByKey_1
							objects[0000] = (0D62): Text3D '13' flags=0000    u32_0=0001 vec=Vector (-0.18804943431400056, 14.011481394517332, 0.0) a0=Vector (1.0, 0.0, 0.0) a1=(009,A7F9,000) b_0=False
								*numRef = (07DA): RefByKey_1
						lst0[0001] = (07DC): 3dObject flags=0000    u32_0=0000 
							styles = (0D63): ObjctStyles
								styles[0000] = (0ECA): Style_B32BF6A7u32_0=0001 f64_0=50 vec=Vector (0.0, 14.161481408161208, 0.0) f64_1=1 u32_1=0000
							*numRef = (07DA): RefByKey_1
							objects[0000] = (0D64): Line3D flags=0000    u32_0=0000 pos=Vector (-0.25, 14.111481408161207, 0.0) dir=Vector (0.0, 14.161481408161208, 0.0)
								*numRef = (07DA): RefByKey_1
							objects[0001] = (0D65): Line3D flags=0000    u32_0=0000 pos=Vector (0.0, 14.161481408161208, 0.0) dir=Vector (-0.25, 14.211481408161209, 0.0)
								*numRef = (07DA): RefByKey_1
							objects[0002] = (0D66): Line3D flags=0000    u32_0=0000 pos=Vector (-0.25, 14.211481408161209, 0.0) dir=Vector (-0.25, 14.111481408161207, 0.0)
								*numRef = (07DA): RefByKey_1
						lst0[0002] = (07DD): 3dObject flags=0000    u32_0=0000 
							styles = (0D67): ObjctStyles
								styles[0000] = (0ECB): Style_B32BF6A7u32_0=0001 f64_0=50 vec=Vector (-1.3, 14.161481408161208, 0.0) f64_1=1 u32_1=0000
							*numRef = (07DA): RefByKey_1
							objects[0000] = (0D68): Line3D flags=0000    u32_0=0000 pos=Vector (-1.05, 14.211481408161209, 0.0) dir=Vector (-1.3, 14.161481408161208, 0.0)
								*numRef = (07DA): RefByKey_1
							objects[0001] = (0D69): Line3D flags=0000    u32_0=0000 pos=Vector (-1.3, 14.161481408161208, 0.0) dir=Vector (-1.05, 14.111481408161207, 0.0)
								*numRef = (07DA): RefByKey_1
							objects[0002] = (0D6A): Line3D flags=0000    u32_0=0000 pos=Vector (-1.05, 14.111481408161207, 0.0) dir=Vector (-1.05, 14.211481408161209, 0.0)
								*numRef = (07DA): RefByKey_1
						lst0[0003] = (07DE): Line3D flags=0004    u32_0=0000 pos=Vector (0.0, 14.161481408161208, 0.0) dir=Vector (-1.3, 14.161481408161208, 0.0)
							*numRef = (07DA): RefByKey_1
						lst0[0004] = (07DF): Line3D flags=0006    u32_0=0000 pos=Vector (0.0, 13.084624483862692, 0.0) dir=Vector (0.0, 14.49997934361198, 0.0)
							*numRef = (07DA): RefByKey_1
						lst0[0005] = (07E0): Line3D flags=0007    u32_0=0000 pos=Vector (-1.3, 12.734624483862694, 0.0) dir=Vector (-1.3, 14.49997934361198, 0.0)
							*numRef = (07DA): RefByKey_1
						lst0[0006] = (07E1): Line3D flags=0004    u32_0=0000 pos=Vector (0.21536827500693917, 14.161481408161208, 0.0) dir=Vector (0.0, 14.161481408161208, 0.0)
							*numRef = (07DA): RefByKey_1
					objects[0011] = (018D): DimensioningLength flags=0000    u32_0=0000  u8_0=00 u32_1=0001 index=0159 u8_1=01
						styles = (07E2): ObjctStyles
							*styles[0000] = (0C14): Style_8F0B160B
							*styles[0001] = (0C15): Style_8F0B160C
							styles[0002] = (0D6B): Style_7AE0E1A3u32_0=0001 a0=Vector (0.0, 0.1, 0.0)
						numRef = (07E3): RefByKey_1 key=0159
						*parent = (0628): 3dObject
						lst0[0000] = (07E4): 3dObject flags=0000    u32_0=0000 
							styles = (0D6C): ObjctStyles
								styles[0000] = (0ECC): Style_C29D5C11u32_0=0001 a0=Vector (-1.2080626839798403, 15.64259398013227, 0.0)
								styles[0001] = (0ECD): Style_B32BF6A7u32_0=0001 f64_0=30 vec=Vector (-1.2080626839798403, 15.64259398013227, 0.0) f64_1=1 u32_1=0000
							*numRef = (07E3): RefByKey_1
							objects[0000] = (0D6D): Text3D '11' flags=0000    u32_0=0001 vec=Vector (-1.4331842565935564, 15.49210774928205, 0.0) a0=Vector (1.0, 0.0, 0.0) a1=(009,A7F9,000) b_0=False
								*numRef = (07E3): RefByKey_1
						lst0[0001] = (07E5): 3dObject flags=0000    u32_0=0000 
							styles = (0D6E): ObjctStyles
								styles[0000] = (0ECE): Style_B32BF6A7u32_0=0001 f64_0=50 vec=Vector (-1.3, 15.64259398013227, 0.0) f64_1=1 u32_1=0000
							*numRef = (07E3): RefByKey_1
							objects[0000] = (0D6F): Line3D flags=0000    u32_0=0000 pos=Vector (-1.05, 15.692593980132271, 0.0) dir=Vector (-1.3, 15.64259398013227, 0.0)
								*numRef = (07E3): RefByKey_1
							objects[0001] = (0D70): Line3D flags=0000    u32_0=0000 pos=Vector (-1.3, 15.64259398013227, 0.0) dir=Vector (-1.05, 15.59259398013227, 0.0)
								*numRef = (07E3): RefByKey_1
							objects[0002] = (0D71): Line3D flags=0000    u32_0=0000 pos=Vector (-1.05, 15.59259398013227, 0.0) dir=Vector (-1.05, 15.692593980132271, 0.0)
								*numRef = (07E3): RefByKey_1
						lst0[0002] = (07E6): 3dObject flags=0000    u32_0=0000 
							styles = (0D72): ObjctStyles
								styles[0000] = (0ECF): Style_B32BF6A7u32_0=0001 f64_0=50 vec=Vector (-2.4000000000000004, 15.64259398013227, 0.0) f64_1=1 u32_1=0000
							*numRef = (07E3): RefByKey_1
							objects[0000] = (0D73): Line3D flags=0000    u32_0=0000 pos=Vector (-2.6500000000000004, 15.59259398013227, 0.0) dir=Vector (-2.4000000000000004, 15.64259398013227, 0.0)
								*numRef = (07E3): RefByKey_1
							objects[0001] = (0D74): Line3D flags=0000    u32_0=0000 pos=Vector (-2.4000000000000004, 15.64259398013227, 0.0) dir=Vector (-2.6500000000000004, 15.692593980132271, 0.0)
								*numRef = (07E3): RefByKey_1
							objects[0002] = (0D75): Line3D flags=0000    u32_0=0000 pos=Vector (-2.6500000000000004, 15.692593980132271, 0.0) dir=Vector (-2.6500000000000004, 15.59259398013227, 0.0)
								*numRef = (07E3): RefByKey_1
						lst0[0003] = (07E7): Line3D flags=0004    u32_0=0000 pos=Vector (-1.3, 15.64259398013227, 0.0) dir=Vector (-1.2080626839798403, 15.64259398013227, 0.0)
							*numRef = (07E3): RefByKey_1
						lst0[0004] = (07E8): Line3D flags=0004    u32_0=0000 pos=Vector (-2.4000000000000004, 15.64259398013227, 0.0) dir=Vector (-5.94287951071003, 15.64259398013227, 0.0)
							*numRef = (07E3): RefByKey_1
						lst0[0005] = (07E9): Line3D flags=0004    u32_0=0000 pos=Vector (-1.3, 15.64259398013227, 0.0) dir=Vector (-2.4000000000000004, 15.64259398013227, 0.0)
							*numRef = (07E3): RefByKey_1
						lst0[0006] = (07EA): Line3D flags=0007    u32_0=0000 pos=Vector (-2.4000000000000004, 12.79761997961292, 0.0) dir=Vector (-2.4000000000000004, 16.233073898583942, 0.0)
							*numRef = (07E3): RefByKey_1
						lst0[0007] = (07EB): Line3D flags=0006    u32_0=0000 pos=Vector (-1.3, 12.79761997961292, 0.0) dir=Vector (-1.3, 16.233073898583942, 0.0)
							*numRef = (07E3): RefByKey_1
						lst0[0008] = (07EC): Line3D flags=0004    u32_0=0000 pos=Vector (-1.0297665472726167, 15.64259398013227, 0.0) dir=Vector (-1.2080626839798403, 15.64259398013227, 0.0)
							*numRef = (07E3): RefByKey_1
					objects[0012] = (018E): DimensioningLength flags=0000    u32_0=0000  u8_0=00 u32_1=0001 index=015A u8_1=01
						styles = (07ED): ObjctStyles
							*styles[0000] = (0C14): Style_8F0B160B
							*styles[0001] = (0C15): Style_8F0B160C
							styles[0002] = (0D76): Style_7AE0E1A3u32_0=0001 a0=Vector (0.0, 0.1, 0.0)
						numRef = (07EE): RefByKey_1 key=015A
						*parent = (0628): 3dObject
						lst0[0000] = (07EF): 3dObject flags=0000    u32_0=0000 
							styles = (0D77): ObjctStyles
								styles[0000] = (0ED0): Style_C29D5C11u32_0=0001 a0=Vector (-2.742095729654237, 14.517701238914025, 0.0)
								styles[0001] = (0ED1): Style_B32BF6A7u32_0=0001 f64_0=30 vec=Vector (-2.742095729654237, 14.517701238914025, 0.0) f64_1=1 u32_1=0000
							*numRef = (07EE): RefByKey_1
							objects[0000] = (0D78): Text3D '23' flags=0000    u32_0=0001 vec=Vector (-2.967217302267953, 14.36770122527015, 0.0) a0=Vector (1.0, 0.0, 0.0) a1=(009,A7F9,000) b_0=False
								*numRef = (07EE): RefByKey_1
						lst0[0001] = (07F0): 3dObject flags=0000    u32_0=0000 
							styles = (0D79): ObjctStyles
								styles[0000] = (0ED2): Style_B32BF6A7u32_0=0001 f64_0=50 vec=Vector (-2.4000000000000004, 14.517701238914025, 0.0) f64_1=1 u32_1=0000
							*numRef = (07EE): RefByKey_1
							objects[0000] = (0D7A): Line3D flags=0000    u32_0=0000 pos=Vector (-2.6500000000000004, 14.467701238914024, 0.0) dir=Vector (-2.4000000000000004, 14.517701238914025, 0.0)
								*numRef = (07EE): RefByKey_1
							objects[0001] = (0D7B): Line3D flags=0000    u32_0=0000 pos=Vector (-2.4000000000000004, 14.517701238914025, 0.0) dir=Vector (-2.6500000000000004, 14.567701238914026, 0.0)
								*numRef = (07EE): RefByKey_1
							objects[0002] = (0D7C): Line3D flags=0000    u32_0=0000 pos=Vector (-2.6500000000000004, 14.567701238914026, 0.0) dir=Vector (-2.6500000000000004, 14.467701238914024, 0.0)
								*numRef = (07EE): RefByKey_1
						lst0[0002] = (07F1): 3dObject flags=0000    u32_0=0000 
							styles = (0D7D): ObjctStyles
								styles[0000] = (0ED3): Style_B32BF6A7u32_0=0001 f64_0=50 vec=Vector (-4.700000000000001, 14.517701238914025, 0.0) f64_1=1 u32_1=0000
							*numRef = (07EE): RefByKey_1
							objects[0000] = (0D7E): Line3D flags=0000    u32_0=0000 pos=Vector (-4.450000000000001, 14.567701238914026, 0.0) dir=Vector (-4.700000000000001, 14.517701238914025, 0.0)
								*numRef = (07EE): RefByKey_1
							objects[0001] = (0D7F): Line3D flags=0000    u32_0=0000 pos=Vector (-4.700000000000001, 14.517701238914025, 0.0) dir=Vector (-4.450000000000001, 14.467701238914024, 0.0)
								*numRef = (07EE): RefByKey_1
							objects[0002] = (0D80): Line3D flags=0000    u32_0=0000 pos=Vector (-4.450000000000001, 14.467701238914024, 0.0) dir=Vector (-4.450000000000001, 14.567701238914026, 0.0)
								*numRef = (07EE): RefByKey_1
						lst0[0003] = (07F2): Line3D flags=0004    u32_0=0000 pos=Vector (-2.4000000000000004, 14.517701238914025, 0.0) dir=Vector (-4.700000000000001, 14.517701238914025, 0.0)
							*numRef = (07EE): RefByKey_1
						lst0[0004] = (07F3): Line3D flags=0007    u32_0=0000 pos=Vector (-4.700000000000001, 12.737487748030729, 0.0) dir=Vector (-4.700000000000001, 14.867652231036935, 0.0)
							*numRef = (07EE): RefByKey_1
						lst0[0005] = (07F4): Line3D flags=0006    u32_0=0000 pos=Vector (-2.4000000000000004, 12.73748774803073, 0.0) dir=Vector (-2.4000000000000004, 14.867652231036935, 0.0)
							*numRef = (07EE): RefByKey_1
					objects[0013] = (018F): DimensioningLength flags=0000    u32_0=0000  u8_0=00 u32_1=0001 index=015B u8_1=01
						styles = (07F5): ObjctStyles
							*styles[0000] = (0C14): Style_8F0B160B
							*styles[0001] = (0C15): Style_8F0B160C
							styles[0002] = (0D81): Style_7AE0E1A3u32_0=0001 a0=Vector (0.0, 0.1, 0.0)
						numRef = (07F6): RefByKey_1 key=015B
						*parent = (0628): 3dObject
						lst0[0000] = (07F7): 3dObject flags=0000    u32_0=0000 
							styles = (0D82): ObjctStyles
								styles[0000] = (0ED4): Style_C29D5C11u32_0=0001 a0=Vector (1.3147454777866912, 12.531018479839384, 0.0)
								styles[0001] = (0ED5): Style_B32BF6A7u32_0=0001 f64_0=30 vec=Vector (1.3147454777866912, 12.531018479839384, 0.0) f64_1=1 u32_1=0000
							*numRef = (07F6): RefByKey_1
							objects[0000] = (0D83): Text3D '3,5' flags=0000    u32_0=0001 vec=Vector (1.0271441558510375, 12.415175679251968, 0.0) a0=Vector (1.0, 0.0, 0.0) a1=(009,A7F9,000) b_0=False
								*numRef = (07F6): RefByKey_1
						lst0[0001] = (07F8): 3dObject flags=0000    u32_0=0000 
							styles = (0D84): ObjctStyles
								styles[0000] = (0ED6): Style_B32BF6A7u32_0=0001 f64_0=50 vec=Vector (1.3147454777866912, 13.0, 0.0) f64_1=1 u32_1=0000
							*numRef = (07F6): RefByKey_1
							objects[0000] = (0D85): Line3D flags=0000    u32_0=0000 pos=Vector (1.264745477786691, 13.25, 0.0) dir=Vector (1.3147454777866912, 13.0, 0.0)
								*numRef = (07F6): RefByKey_1
							objects[0001] = (0D86): Line3D flags=0000    u32_0=0000 pos=Vector (1.3147454777866912, 13.0, 0.0) dir=Vector (1.3647454777866912, 13.25, 0.0)
								*numRef = (07F6): RefByKey_1
							objects[0002] = (0D87): Line3D flags=0000    u32_0=0000 pos=Vector (1.3647454777866912, 13.25, 0.0) dir=Vector (1.264745477786691, 13.25, 0.0)
								*numRef = (07F6): RefByKey_1
						lst0[0002] = (07F9): 3dObject flags=0000    u32_0=0000 
							styles = (0D88): ObjctStyles
								styles[0000] = (0ED7): Style_B32BF6A7u32_0=0001 f64_0=50 vec=Vector (1.3147454777866912, 12.650000000000002, 0.0) f64_1=1 u32_1=0000
							*numRef = (07F6): RefByKey_1
							objects[0000] = (0D89): Line3D flags=0000    u32_0=0000 pos=Vector (1.3647454777866912, 12.400000000000002, 0.0) dir=Vector (1.3147454777866912, 12.650000000000002, 0.0)
								*numRef = (07F6): RefByKey_1
							objects[0001] = (0D8A): Line3D flags=0000    u32_0=0000 pos=Vector (1.3147454777866912, 12.650000000000002, 0.0) dir=Vector (1.264745477786691, 12.400000000000002, 0.0)
								*numRef = (07F6): RefByKey_1
							objects[0002] = (0D8B): Line3D flags=0000    u32_0=0000 pos=Vector (1.264745477786691, 12.400000000000002, 0.0) dir=Vector (1.3647454777866912, 12.400000000000002, 0.0)
								*numRef = (07F6): RefByKey_1
						lst0[0003] = (07FA): Line3D flags=0004    u32_0=0000 pos=Vector (1.3147454777866912, 13.0, 0.0) dir=Vector (1.3147454777866912, 15.03732213451021, 0.0)
							*numRef = (07F6): RefByKey_1
						lst0[0004] = (07FB): Line3D flags=0004    u32_0=0000 pos=Vector (1.3147454777866912, 12.650000000000002, 0.0) dir=Vector (1.3147454777866912, 12.531018479839384, 0.0)
							*numRef = (07F6): RefByKey_1
						lst0[0005] = (07FC): Line3D flags=0004    u32_0=0000 pos=Vector (1.3147454777866912, 13.0, 0.0) dir=Vector (1.3147454777866912, 12.650000000000002, 0.0)
							*numRef = (07F6): RefByKey_1
						lst0[0006] = (07FD): Line3D flags=0006    u32_0=0000 pos=Vector (0.08488842227125877, 13.0, 0.0) dir=Vector (1.6542991668717262, 13.0, 0.0)
							*numRef = (07F6): RefByKey_1
						lst0[0007] = (07FE): Line3D flags=0007    u32_0=0000 pos=Vector (-1.2151115777287413, 12.650000000000002, 0.0) dir=Vector (1.6542991668717264, 12.650000000000002, 0.0)
							*numRef = (07F6): RefByKey_1
					objects[0014] = (0190): DimensioningLength flags=0000    u32_0=0000  u8_0=00 u32_1=0001 index=015C u8_1=01
						styles = (07FF): ObjctStyles
							*styles[0000] = (0C14): Style_8F0B160B
							*styles[0001] = (0C15): Style_8F0B160C
							styles[0002] = (0D8C): Style_7AE0E1A3u32_0=0001 a0=Vector (0.0, 0.1, 0.0)
						numRef = (0800): RefByKey_1 key=015C
						*parent = (0628): 3dObject
						lst0[0000] = (0801): 3dObject flags=0000    u32_0=0000 
							styles = (0D8D): ObjctStyles
								styles[0000] = (0ED8): Style_C29D5C11u32_0=0001 a0=Vector (0.8584306040723639, 12.86856504753283, 0.0)
								styles[0001] = (0ED9): Style_B32BF6A7u32_0=0001 f64_0=30 vec=Vector (0.8584306040723639, 12.86856504753283, 0.0) f64_1=1 u32_1=0000
							*numRef = (0800): RefByKey_1
							objects[0000] = (0D8E): Text3D 'fx:3,5' flags=0000    u32_0=0001 vec=Vector (0.33014855775430973, 12.748224674165758, 0.0) a0=Vector (1.0, 0.0, 0.0) a1=(009,A7F9,000) b_0=False
								*numRef = (0800): RefByKey_1
						lst0[0001] = (0802): 3dObject flags=0000    u32_0=0000 
							styles = (0D8F): ObjctStyles
								styles[0000] = (0EDA): Style_B32BF6A7u32_0=0001 f64_0=50 vec=Vector (0.8584306040723639, 13.0, 0.0) f64_1=1 u32_1=0000
							*numRef = (0800): RefByKey_1
							objects[0000] = (0D90): Line3D flags=0000    u32_0=0000 pos=Vector (0.8084306040723639, 13.25, 0.0) dir=Vector (0.8584306040723639, 13.0, 0.0)
								*numRef = (0800): RefByKey_1
							objects[0001] = (0D91): Line3D flags=0000    u32_0=0000 pos=Vector (0.8584306040723639, 13.0, 0.0) dir=Vector (0.908430604072364, 13.25, 0.0)
								*numRef = (0800): RefByKey_1
							objects[0002] = (0D92): Line3D flags=0000    u32_0=0000 pos=Vector (0.908430604072364, 13.25, 0.0) dir=Vector (0.8084306040723639, 13.25, 0.0)
								*numRef = (0800): RefByKey_1
						lst0[0002] = (0803): 3dObject flags=0000    u32_0=0000 
							styles = (0D93): ObjctStyles
								styles[0000] = (0EDB): Style_B32BF6A7u32_0=0001 f64_0=50 vec=Vector (0.8584306040723639, 12.650000000000002, 0.0) f64_1=1 u32_1=0000
							*numRef = (0800): RefByKey_1
							objects[0000] = (0D94): Line3D flags=0000    u32_0=0000 pos=Vector (0.908430604072364, 12.400000000000002, 0.0) dir=Vector (0.8584306040723639, 12.650000000000002, 0.0)
								*numRef = (0800): RefByKey_1
							objects[0001] = (0D95): Line3D flags=0000    u32_0=0000 pos=Vector (0.8584306040723639, 12.650000000000002, 0.0) dir=Vector (0.8084306040723639, 12.400000000000002, 0.0)
								*numRef = (0800): RefByKey_1
							objects[0002] = (0D96): Line3D flags=0000    u32_0=0000 pos=Vector (0.8084306040723639, 12.400000000000002, 0.0) dir=Vector (0.908430604072364, 12.400000000000002, 0.0)
								*numRef = (0800): RefByKey_1
						lst0[0003] = (0804): Line3D flags=0004    u32_0=0000 pos=Vector (0.8584306040723639, 13.0, 0.0) dir=Vector (0.8584306040723639, 14.883560903466957, 0.0)
							*numRef = (0800): RefByKey_1
						lst0[0004] = (0805): Line3D flags=0004    u32_0=0000 pos=Vector (0.8584306040723639, 12.650000000000002, 0.0) dir=Vector (0.8584306040723639, 10.766439096533045, 0.0)
							*numRef = (0800): RefByKey_1
						lst0[0005] = (0806): Line3D flags=0004    u32_0=0000 pos=Vector (0.8584306040723639, 13.0, 0.0) dir=Vector (0.8584306040723639, 12.650000000000002, 0.0)
							*numRef = (0800): RefByKey_1
						lst0[0006] = (0807): Line3D flags=0006    u32_0=0000 pos=Vector (0.07848170431112322, 13.0, 0.0) dir=Vector (1.1723574213168568, 13.0, 0.0)
							*numRef = (0800): RefByKey_1
						lst0[0007] = (0808): Line3D flags=0007    u32_0=0000 pos=Vector (-2.321518295688877, 12.650000000000002, 0.0) dir=Vector (1.1723574213168568, 12.650000000000002, 0.0)
							*numRef = (0800): RefByKey_1
					objects[0015] = (016F): DimensioningLength flags=0000    u32_0=0000  u8_0=00 u32_1=0001 index=013B u8_1=01
						styles = (06E0): ObjctStyles
							*styles[0000] = (0C14): Style_8F0B160B
							*styles[0001] = (0C15): Style_8F0B160C
							styles[0002] = (0C21): Style_7AE0E1A3u32_0=0001 a0=Vector (0.0, 0.1, 0.0)
						numRef = (06E1): RefByKey_1 key=013B
						*parent = (0628): 3dObject
						lst0[0000] = (06E2): 3dObject flags=0000    u32_0=0000 
							styles = (0C22): ObjctStyles
								styles[0000] = (0E54): Style_C29D5C11u32_0=0001 a0=Vector (0.3914692301771687, 12.923501682021266, 0.0)
								styles[0001] = (0E55): Style_B32BF6A7u32_0=0001 f64_0=30 vec=Vector (0.3914692301771687, 12.923501682021266, 0.0) f64_1=1 u32_1=0000
							*numRef = (06E1): RefByKey_1
							objects[0000] = (0C23): Text3D 'fx:3,5' flags=0000    u32_0=0001 vec=Vector (-0.13681281614088547, 12.803161308654195, 0.0) a0=Vector (1.0, 0.0, 0.0) a1=(009,A7F9,000) b_0=False
								*numRef = (06E1): RefByKey_1
						lst0[0001] = (06E3): 3dObject flags=0000    u32_0=0000 
							styles = (0C24): ObjctStyles
								styles[0000] = (0E56): Style_B32BF6A7u32_0=0001 f64_0=50 vec=Vector (0.3914692301771687, 13.0, 0.0) f64_1=1 u32_1=0000
							*numRef = (06E1): RefByKey_1
							objects[0000] = (0C25): Line3D flags=0000    u32_0=0000 pos=Vector (0.34146923017716874, 13.25, 0.0) dir=Vector (0.3914692301771687, 13.0, 0.0)
								*numRef = (06E1): RefByKey_1
							objects[0001] = (0C26): Line3D flags=0000    u32_0=0000 pos=Vector (0.3914692301771687, 13.0, 0.0) dir=Vector (0.4414692301771687, 13.25, 0.0)
								*numRef = (06E1): RefByKey_1
							objects[0002] = (0C27): Line3D flags=0000    u32_0=0000 pos=Vector (0.4414692301771687, 13.25, 0.0) dir=Vector (0.34146923017716874, 13.25, 0.0)
								*numRef = (06E1): RefByKey_1
						lst0[0002] = (06E4): 3dObject flags=0000    u32_0=0000 
							styles = (0C28): ObjctStyles
								styles[0000] = (0E57): Style_B32BF6A7u32_0=0001 f64_0=50 vec=Vector (0.3914692301771687, 12.65, 0.0) f64_1=1 u32_1=0000
							*numRef = (06E1): RefByKey_1
							objects[0000] = (0C29): Line3D flags=0000    u32_0=0000 pos=Vector (0.4414692301771687, 12.4, 0.0) dir=Vector (0.3914692301771687, 12.65, 0.0)
								*numRef = (06E1): RefByKey_1
							objects[0001] = (0C2A): Line3D flags=0000    u32_0=0000 pos=Vector (0.3914692301771687, 12.65, 0.0) dir=Vector (0.34146923017716874, 12.4, 0.0)
								*numRef = (06E1): RefByKey_1
							objects[0002] = (0C2B): Line3D flags=0000    u32_0=0000 pos=Vector (0.34146923017716874, 12.4, 0.0) dir=Vector (0.4414692301771687, 12.4, 0.0)
								*numRef = (06E1): RefByKey_1
						lst0[0003] = (06E5): Line3D flags=0004    u32_0=0000 pos=Vector (0.3914692301771687, 13.0, 0.0) dir=Vector (0.3914692301771687, 14.883560903466966, 0.0)
							*numRef = (06E1): RefByKey_1
						lst0[0004] = (06E6): Line3D flags=0004    u32_0=0000 pos=Vector (0.3914692301771687, 12.65, 0.0) dir=Vector (0.3914692301771687, 10.766439096533034, 0.0)
							*numRef = (06E1): RefByKey_1
						lst0[0005] = (06E7): Line3D flags=0004    u32_0=0000 pos=Vector (0.3914692301771687, 13.0, 0.0) dir=Vector (0.3914692301771687, 12.65, 0.0)
							*numRef = (06E1): RefByKey_1
						lst0[0006] = (06E8): Line3D flags=0006    u32_0=0000 pos=Vector (0.07848170431112363, 13.0, 0.0) dir=Vector (0.7053960474216632, 13.0, 0.0)
							*numRef = (06E1): RefByKey_1
						lst0[0007] = (06E9): Line3D flags=0007    u32_0=0000 pos=Vector (-4.621518295688878, 12.65, 0.0) dir=Vector (0.7053960474216634, 12.65, 0.0)
							*numRef = (06E1): RefByKey_1
					objects[0016] = (0170): DimensioningLength flags=0000    u32_0=0000  u8_0=00 u32_1=0001 index=013C u8_1=01
						styles = (06EA): ObjctStyles
							*styles[0000] = (0C14): Style_8F0B160B
							*styles[0001] = (0C15): Style_8F0B160C
							styles[0002] = (0C2C): Style_7AE0E1A3u32_0=0001 a0=Vector (0.0, 0.1, 0.0)
						numRef = (06EB): RefByKey_1 key=013C
						*parent = (0628): 3dObject
						lst0[0000] = (06EC): 3dObject flags=0000    u32_0=0000 
							styles = (0C2D): ObjctStyles
								styles[0000] = (0E58): Style_C29D5C11u32_0=0001 a0=Vector (-4.3003729211902, 7.2128753266735774, 0.0)
								styles[0001] = (0E59): Style_B32BF6A7u32_0=0001 f64_0=30 vec=Vector (-4.3003729211902, 7.2128753266735774, 0.0) f64_1=1 u32_1=0000
							*numRef = (06EB): RefByKey_1
							objects[0000] = (0C2E): Text3D '20' flags=0000    u32_0=0001 vec=Vector (-4.525494493803916, 7.062875313029702, 0.0) a0=Vector (1.0, 0.0, 0.0) a1=(009,A7F9,000) b_0=False
								*numRef = (06EB): RefByKey_1
						lst0[0001] = (06ED): 3dObject flags=0000    u32_0=0000 
							styles = (0C2F): ObjctStyles
								styles[0000] = (0E5A): Style_B32BF6A7u32_0=0001 f64_0=50 vec=Vector (-4.3003729211902, 7.149999999999999, 0.0) f64_1=1 u32_1=0000
							*numRef = (06EB): RefByKey_1
							objects[0000] = (0C30): Line3D flags=0000    u32_0=0000 pos=Vector (-4.3503729211902, 7.399999999999999, 0.0) dir=Vector (-4.3003729211902, 7.149999999999999, 0.0)
								*numRef = (06EB): RefByKey_1
							objects[0001] = (0C31): Line3D flags=0000    u32_0=0000 pos=Vector (-4.3003729211902, 7.149999999999999, 0.0) dir=Vector (-4.2503729211902, 7.399999999999999, 0.0)
								*numRef = (06EB): RefByKey_1
							objects[0002] = (0C32): Line3D flags=0000    u32_0=0000 pos=Vector (-4.2503729211902, 7.399999999999999, 0.0) dir=Vector (-4.3503729211902, 7.399999999999999, 0.0)
								*numRef = (06EB): RefByKey_1
						lst0[0002] = (06EE): 3dObject flags=0000    u32_0=0000 
							styles = (0C33): ObjctStyles
								styles[0000] = (0E5B): Style_B32BF6A7u32_0=0001 f64_0=50 vec=Vector (-4.3003729211902, 9.149999999999999, 0.0) f64_1=1 u32_1=0000
							*numRef = (06EB): RefByKey_1
							objects[0000] = (0C34): Line3D flags=0000    u32_0=0000 pos=Vector (-4.2503729211902, 8.899999999999999, 0.0) dir=Vector (-4.3003729211902, 9.149999999999999, 0.0)
								*numRef = (06EB): RefByKey_1
							objects[0001] = (0C35): Line3D flags=0000    u32_0=0000 pos=Vector (-4.3003729211902, 9.149999999999999, 0.0) dir=Vector (-4.3503729211902, 8.899999999999999, 0.0)
								*numRef = (06EB): RefByKey_1
							objects[0002] = (0C36): Line3D flags=0000    u32_0=0000 pos=Vector (-4.3503729211902, 8.899999999999999, 0.0) dir=Vector (-4.2503729211902, 8.899999999999999, 0.0)
								*numRef = (06EB): RefByKey_1
						lst0[0003] = (06EF): Line3D flags=0004    u32_0=0000 pos=Vector (-4.3003729211902, 7.149999999999999, 0.0) dir=Vector (-4.3003729211902, 9.149999999999999, 0.0)
							*numRef = (06EB): RefByKey_1
						lst0[0004] = (06F0): Line3D flags=0007    u32_0=0000 pos=Vector (-5.529940529198175, 9.149999999999999, 0.0) dir=Vector (-4.020135037982902, 9.149999999999999, 0.0)
							*numRef = (06EB): RefByKey_1
						lst0[0005] = (06F1): Line3D flags=0006    u32_0=0000 pos=Vector (-5.529940529198175, 7.149999999999999, 0.0) dir=Vector (-4.020135037982902, 7.149999999999999, 0.0)
							*numRef = (06EB): RefByKey_1
					objects[0017] = (0171): DimensioningLength flags=0000    u32_0=0000  u8_0=00 u32_1=0001 index=013D u8_1=01
						styles = (06F2): ObjctStyles
							*styles[0000] = (0C14): Style_8F0B160B
							*styles[0001] = (0C15): Style_8F0B160C
							styles[0002] = (0C37): Style_7AE0E1A3u32_0=0001 a0=Vector (0.0, 0.1, 0.0)
						numRef = (06F3): RefByKey_1 key=013D
						*parent = (0628): 3dObject
						lst0[0000] = (06F4): 3dObject flags=0000    u32_0=0000 
							styles = (0C38): ObjctStyles
								styles[0000] = (0E5C): Style_C29D5C11u32_0=0001 a0=Vector (-6.881980927985409, 7.189442144802394, 0.0)
								styles[0001] = (0E5D): Style_B32BF6A7u32_0=0001 f64_0=30 vec=Vector (-6.881980927985409, 7.189442144802394, 0.0) f64_1=1 u32_1=0000
							*numRef = (06F3): RefByKey_1
							objects[0000] = (0C39): Text3D '22' flags=0000    u32_0=0001 vec=Vector (-7.107102500599125, 7.03628167705852, 0.0) a0=Vector (1.0, 0.0, 0.0) a1=(009,A7F9,000) b_0=False
								*numRef = (06F3): RefByKey_1
						lst0[0001] = (06F5): 3dObject flags=0000    u32_0=0000 
							styles = (0C3A): ObjctStyles
								styles[0000] = (0E5E): Style_B32BF6A7u32_0=0001 f64_0=50 vec=Vector (-6.881980927985409, 7.049999999999999, 0.0) f64_1=1 u32_1=0000
							*numRef = (06F3): RefByKey_1
							objects[0000] = (0C3B): Line3D flags=0000    u32_0=0000 pos=Vector (-6.931980927985409, 7.299999999999999, 0.0) dir=Vector (-6.881980927985409, 7.049999999999999, 0.0)
								*numRef = (06F3): RefByKey_1
							objects[0001] = (0C3C): Line3D flags=0000    u32_0=0000 pos=Vector (-6.881980927985409, 7.049999999999999, 0.0) dir=Vector (-6.831980927985409, 7.299999999999999, 0.0)
								*numRef = (06F3): RefByKey_1
							objects[0002] = (0C3D): Line3D flags=0000    u32_0=0000 pos=Vector (-6.831980927985409, 7.299999999999999, 0.0) dir=Vector (-6.931980927985409, 7.299999999999999, 0.0)
								*numRef = (06F3): RefByKey_1
						lst0[0002] = (06F6): 3dObject flags=0000    u32_0=0000 
							styles = (0C3E): ObjctStyles
								styles[0000] = (0E5F): Style_B32BF6A7u32_0=0001 f64_0=50 vec=Vector (-6.881980927985409, 9.249999999999998, 0.0) f64_1=1 u32_1=0000
							*numRef = (06F3): RefByKey_1
							objects[0000] = (0C3F): Line3D flags=0000    u32_0=0000 pos=Vector (-6.831980927985409, 8.999999999999998, 0.0) dir=Vector (-6.881980927985409, 9.249999999999998, 0.0)
								*numRef = (06F3): RefByKey_1
							objects[0001] = (0C40): Line3D flags=0000    u32_0=0000 pos=Vector (-6.881980927985409, 9.249999999999998, 0.0) dir=Vector (-6.931980927985409, 8.999999999999998, 0.0)
								*numRef = (06F3): RefByKey_1
							objects[0002] = (0C41): Line3D flags=0000    u32_0=0000 pos=Vector (-6.931980927985409, 8.999999999999998, 0.0) dir=Vector (-6.831980927985409, 8.999999999999998, 0.0)
								*numRef = (06F3): RefByKey_1
						lst0[0003] = (06F7): Line3D flags=0004    u32_0=0000 pos=Vector (-6.881980927985409, 7.049999999999999, 0.0) dir=Vector (-6.881980927985409, 9.249999999999998, 0.0)
							*numRef = (06F3): RefByKey_1
						lst0[0004] = (06F8): Line3D flags=0007    u32_0=0000 pos=Vector (-7.5392280183370675, 9.249999999999998, 0.0) dir=Vector (-6.638893001333673, 9.249999999999998, 0.0)
							*numRef = (06F3): RefByKey_1
						lst0[0005] = (06F9): Line3D flags=0006    u32_0=0000 pos=Vector (-7.5392280183370675, 7.049999999999999, 0.0) dir=Vector (-6.638893001333673, 7.049999999999999, 0.0)
							*numRef = (06F3): RefByKey_1
					objects[0018] = (0172): DimensioningLength flags=0000    u32_0=0000  u8_0=00 u32_1=0001 index=013E u8_1=01
						styles = (06FA): ObjctStyles
							*styles[0000] = (0C14): Style_8F0B160B
							*styles[0001] = (0C15): Style_8F0B160C
							styles[0002] = (0C42): Style_7AE0E1A3u32_0=0001 a0=Vector (0.0, 0.1, 0.0)
						numRef = (06FB): RefByKey_1 key=013E
						*parent = (0628): 3dObject
						lst0[0000] = (06FC): 3dObject flags=0000    u32_0=0000 
							styles = (0C43): ObjctStyles
								styles[0000] = (0E60): Style_C29D5C11u32_0=0001 a0=Vector (-8.67747267981199, 6.947618284288266, 0.0)
								styles[0001] = (0E61): Style_B32BF6A7u32_0=0001 f64_0=30 vec=Vector (-8.67747267981199, 6.947618284288266, 0.0) f64_1=1 u32_1=0000
							*numRef = (06FB): RefByKey_1
							objects[0000] = (0C44): Text3D '26' flags=0000    u32_0=0001 vec=Vector (-8.902594252425706, 6.79761827064439, 0.0) a0=Vector (1.0, 0.0, 0.0) a1=(009,A7F9,000) b_0=False
								*numRef = (06FB): RefByKey_1
						lst0[0001] = (06FD): 3dObject flags=0000    u32_0=0000 
							styles = (0C45): ObjctStyles
								styles[0000] = (0E62): Style_B32BF6A7u32_0=0001 f64_0=50 vec=Vector (-8.67747267981199, 6.849999999999998, 0.0) f64_1=1 u32_1=0000
							*numRef = (06FB): RefByKey_1
							objects[0000] = (0C46): Line3D flags=0000    u32_0=0000 pos=Vector (-8.72747267981199, 7.099999999999998, 0.0) dir=Vector (-8.67747267981199, 6.849999999999998, 0.0)
								*numRef = (06FB): RefByKey_1
							objects[0001] = (0C47): Line3D flags=0000    u32_0=0000 pos=Vector (-8.67747267981199, 6.849999999999998, 0.0) dir=Vector (-8.627472679811989, 7.099999999999998, 0.0)
								*numRef = (06FB): RefByKey_1
							objects[0002] = (0C48): Line3D flags=0000    u32_0=0000 pos=Vector (-8.627472679811989, 7.099999999999998, 0.0) dir=Vector (-8.72747267981199, 7.099999999999998, 0.0)
								*numRef = (06FB): RefByKey_1
						lst0[0002] = (06FE): 3dObject flags=0000    u32_0=0000 
							styles = (0C49): ObjctStyles
								styles[0000] = (0E63): Style_B32BF6A7u32_0=0001 f64_0=50 vec=Vector (-8.67747267981199, 9.45, 0.0) f64_1=1 u32_1=0000
							*numRef = (06FB): RefByKey_1
							objects[0000] = (0C4A): Line3D flags=0000    u32_0=0000 pos=Vector (-8.627472679811989, 9.2, 0.0) dir=Vector (-8.67747267981199, 9.45, 0.0)
								*numRef = (06FB): RefByKey_1
							objects[0001] = (0C4B): Line3D flags=0000    u32_0=0000 pos=Vector (-8.67747267981199, 9.45, 0.0) dir=Vector (-8.72747267981199, 9.2, 0.0)
								*numRef = (06FB): RefByKey_1
							objects[0002] = (0C4C): Line3D flags=0000    u32_0=0000 pos=Vector (-8.72747267981199, 9.2, 0.0) dir=Vector (-8.627472679811989, 9.2, 0.0)
								*numRef = (06FB): RefByKey_1
						lst0[0003] = (06FF): Line3D flags=0004    u32_0=0000 pos=Vector (-8.67747267981199, 6.849999999999998, 0.0) dir=Vector (-8.67747267981199, 9.45, 0.0)
							*numRef = (06FB): RefByKey_1
						lst0[0004] = (0700): Line3D flags=0006    u32_0=0000 pos=Vector (-8.161108843880506, 6.849999999999998, 0.0) dir=Vector (-8.921908055334008, 6.849999999999998, 0.0)
							*numRef = (06FB): RefByKey_1
						lst0[0005] = (0701): Line3D flags=0007    u32_0=0000 pos=Vector (-8.161108843880506, 9.45, 0.0) dir=Vector (-8.921908055334008, 9.45, 0.0)
							*numRef = (06FB): RefByKey_1
					objects[0019] = (0173): DimensioningLength flags=0000    u32_0=0000  u8_0=00 u32_1=0001 index=013F u8_1=01
						styles = (0702): ObjctStyles
							*styles[0000] = (0C14): Style_8F0B160B
							*styles[0001] = (0C15): Style_8F0B160C
							styles[0002] = (0C4D): Style_7AE0E1A3u32_0=0001 a0=Vector (0.0, 0.1, 0.0)
						numRef = (0703): RefByKey_1 key=013F
						*parent = (0628): 3dObject
						lst0[0000] = (0704): 3dObject flags=0000    u32_0=0000 
							styles = (0C4E): ObjctStyles
								styles[0000] = (0E64): Style_C29D5C11u32_0=0001 a0=Vector (-5.511731821328786, 9.984391736889766, 0.0)
								styles[0001] = (0E65): Style_B32BF6A7u32_0=0001 f64_0=30 vec=Vector (-5.511731821328786, 9.984391736889766, 0.0) f64_1=1 u32_1=0000
							*numRef = (0703): RefByKey_1
							objects[0000] = (0C4F): Text3D '13' flags=0000    u32_0=0001 vec=Vector (-5.736853393942502, 9.83439172324589, 0.0) a0=Vector (1.0, 0.0, 0.0) a1=(009,A7F9,000) b_0=False
								*numRef = (0703): RefByKey_1
						lst0[0001] = (0705): 3dObject flags=0000    u32_0=0000 
							styles = (0C50): ObjctStyles
								styles[0000] = (0E66): Style_B32BF6A7u32_0=0001 f64_0=50 vec=Vector (-5.6, 9.984391736889766, 0.0) f64_1=1 u32_1=0000
							*numRef = (0703): RefByKey_1
							objects[0000] = (0C51): Line3D flags=0000    u32_0=0000 pos=Vector (-5.35, 10.034391736889766, 0.0) dir=Vector (-5.6, 9.984391736889766, 0.0)
								*numRef = (0703): RefByKey_1
							objects[0001] = (0C52): Line3D flags=0000    u32_0=0000 pos=Vector (-5.6, 9.984391736889766, 0.0) dir=Vector (-5.35, 9.934391736889765, 0.0)
								*numRef = (0703): RefByKey_1
							objects[0002] = (0C53): Line3D flags=0000    u32_0=0000 pos=Vector (-5.35, 9.934391736889765, 0.0) dir=Vector (-5.35, 10.034391736889766, 0.0)
								*numRef = (0703): RefByKey_1
						lst0[0002] = (0706): 3dObject flags=0000    u32_0=0000 
							styles = (0C54): ObjctStyles
								styles[0000] = (0E67): Style_B32BF6A7u32_0=0001 f64_0=50 vec=Vector (-4.3, 9.984391736889766, 0.0) f64_1=1 u32_1=0000
							*numRef = (0703): RefByKey_1
							objects[0000] = (0C55): Line3D flags=0000    u32_0=0000 pos=Vector (-4.55, 9.934391736889765, 0.0) dir=Vector (-4.3, 9.984391736889766, 0.0)
								*numRef = (0703): RefByKey_1
							objects[0001] = (0C56): Line3D flags=0000    u32_0=0000 pos=Vector (-4.3, 9.984391736889766, 0.0) dir=Vector (-4.55, 10.034391736889766, 0.0)
								*numRef = (0703): RefByKey_1
							objects[0002] = (0C57): Line3D flags=0000    u32_0=0000 pos=Vector (-4.55, 10.034391736889766, 0.0) dir=Vector (-4.55, 9.934391736889765, 0.0)
								*numRef = (0703): RefByKey_1
						lst0[0003] = (0707): Line3D flags=0004    u32_0=0000 pos=Vector (-5.6, 9.984391736889766, 0.0) dir=Vector (-4.3, 9.984391736889766, 0.0)
							*numRef = (0703): RefByKey_1
						lst0[0004] = (0708): Line3D flags=0006    u32_0=0000 pos=Vector (-5.6, 9.234023343528635, 0.0) dir=Vector (-5.6, 10.32048511100431, 0.0)
							*numRef = (0703): RefByKey_1
					objects[001A] = (0174): DimensioningLength flags=0000    u32_0=0000  u8_0=00 u32_1=0001 index=0140 u8_1=01
						styles = (0709): ObjctStyles
							*styles[0000] = (0C14): Style_8F0B160B
							*styles[0001] = (0C15): Style_8F0B160C
							styles[0002] = (0C58): Style_7AE0E1A3u32_0=0001 a0=Vector (0.0, 0.1, 0.0)
						numRef = (070A): RefByKey_1 key=0140
						*parent = (0628): 3dObject
						lst0[0000] = (070B): 3dObject flags=0000    u32_0=0000 
							styles = (0C59): ObjctStyles
								styles[0000] = (0E68): Style_C29D5C11u32_0=0001 a0=Vector (-5.457688359711522, 10.780972936972136, 0.0)
								styles[0001] = (0E69): Style_B32BF6A7u32_0=0001 f64_0=30 vec=Vector (-5.457688359711522, 10.780972936972136, 0.0) f64_1=1 u32_1=0000
							*numRef = (070A): RefByKey_1
							objects[0000] = (0C5A): Text3D '33' flags=0000    u32_0=0001 vec=Vector (-5.682809932325238, 10.63097292332826, 0.0) a0=Vector (1.0, 0.0, 0.0) a1=(009,A7F9,000) b_0=False
								*numRef = (070A): RefByKey_1
						lst0[0001] = (070C): 3dObject flags=0000    u32_0=0000 
							styles = (0C5B): ObjctStyles
								styles[0000] = (0E6A): Style_B32BF6A7u32_0=0001 f64_0=50 vec=Vector (-4.300000000000001, 10.780972936972136, 0.0) f64_1=1 u32_1=0000
							*numRef = (070A): RefByKey_1
							objects[0000] = (0C5C): Line3D flags=0000    u32_0=0000 pos=Vector (-4.550000000000001, 10.730972936972135, 0.0) dir=Vector (-4.300000000000001, 10.780972936972136, 0.0)
								*numRef = (070A): RefByKey_1
							objects[0001] = (0C5D): Line3D flags=0000    u32_0=0000 pos=Vector (-4.300000000000001, 10.780972936972136, 0.0) dir=Vector (-4.550000000000001, 10.830972936972136, 0.0)
								*numRef = (070A): RefByKey_1
							objects[0002] = (0C5E): Line3D flags=0000    u32_0=0000 pos=Vector (-4.550000000000001, 10.830972936972136, 0.0) dir=Vector (-4.550000000000001, 10.730972936972135, 0.0)
								*numRef = (070A): RefByKey_1
						lst0[0002] = (070D): 3dObject flags=0000    u32_0=0000 
							styles = (0C5F): ObjctStyles
								styles[0000] = (0E6B): Style_B32BF6A7u32_0=0001 f64_0=50 vec=Vector (-7.600000000000001, 10.780972936972136, 0.0) f64_1=1 u32_1=0000
							*numRef = (070A): RefByKey_1
							objects[0000] = (0C60): Line3D flags=0000    u32_0=0000 pos=Vector (-7.350000000000001, 10.830972936972136, 0.0) dir=Vector (-7.600000000000001, 10.780972936972136, 0.0)
								*numRef = (070A): RefByKey_1
							objects[0001] = (0C61): Line3D flags=0000    u32_0=0000 pos=Vector (-7.600000000000001, 10.780972936972136, 0.0) dir=Vector (-7.350000000000001, 10.730972936972135, 0.0)
								*numRef = (070A): RefByKey_1
							objects[0002] = (0C62): Line3D flags=0000    u32_0=0000 pos=Vector (-7.350000000000001, 10.730972936972135, 0.0) dir=Vector (-7.350000000000001, 10.830972936972136, 0.0)
								*numRef = (070A): RefByKey_1
						lst0[0003] = (070E): Line3D flags=0004    u32_0=0000 pos=Vector (-4.300000000000001, 10.780972936972136, 0.0) dir=Vector (-7.600000000000001, 10.780972936972136, 0.0)
							*numRef = (070A): RefByKey_1
						lst0[0004] = (070F): Line3D flags=0007    u32_0=0000 pos=Vector (-7.600000000000001, 9.324827832088866, 0.0) dir=Vector (-7.600000000000001, 11.080284265327608, 0.0)
							*numRef = (070A): RefByKey_1
					objects[001B] = (0175): DimensioningLength flags=0000    u32_0=0000  u8_0=00 u32_1=0001 index=0141 u8_1=01
						styles = (0710): ObjctStyles
							*styles[0000] = (0C14): Style_8F0B160B
							*styles[0001] = (0C15): Style_8F0B160C
							styles[0002] = (0C63): Style_7AE0E1A3u32_0=0001 a0=Vector (0.0, 0.1, 0.0)
						numRef = (0711): RefByKey_1 key=0141
						*parent = (0628): 3dObject
						lst0[0000] = (0712): 3dObject flags=0000    u32_0=0000 
							styles = (0C64): ObjctStyles
								styles[0000] = (0E6C): Style_C29D5C11u32_0=0001 a0=Vector (-4.553103048103923, 11.632490771542944, 0.0)
								styles[0001] = (0E6D): Style_B32BF6A7u32_0=0001 f64_0=30 vec=Vector (-4.553103048103923, 11.632490771542944, 0.0) f64_1=1 u32_1=0000
							*numRef = (0711): RefByKey_1
							objects[0000] = (0C65): Text3D '38' flags=0000    u32_0=0001 vec=Vector (-4.778224620717639, 11.482490757200576, 0.0) a0=Vector (1.0, 0.0, 0.0) a1=(009,A7F9,000) b_0=False
								*numRef = (0711): RefByKey_1
						lst0[0001] = (0713): 3dObject flags=0000    u32_0=0000 
							styles = (0C66): ObjctStyles
								styles[0000] = (0E6E): Style_B32BF6A7u32_0=0001 f64_0=50 vec=Vector (-4.300000000000001, 11.632490771542944, 0.0) f64_1=1 u32_1=0000
							*numRef = (0711): RefByKey_1
							objects[0000] = (0C67): Line3D flags=0000    u32_0=0000 pos=Vector (-4.550000000000001, 11.582490771542943, 0.0) dir=Vector (-4.300000000000001, 11.632490771542944, 0.0)
								*numRef = (0711): RefByKey_1
							objects[0001] = (0C68): Line3D flags=0000    u32_0=0000 pos=Vector (-4.300000000000001, 11.632490771542944, 0.0) dir=Vector (-4.550000000000001, 11.682490771542945, 0.0)
								*numRef = (0711): RefByKey_1
							objects[0002] = (0C69): Line3D flags=0000    u32_0=0000 pos=Vector (-4.550000000000001, 11.682490771542945, 0.0) dir=Vector (-4.550000000000001, 11.582490771542943, 0.0)
								*numRef = (0711): RefByKey_1
						lst0[0002] = (0714): 3dObject flags=0000    u32_0=0000 
							styles = (0C6A): ObjctStyles
								styles[0000] = (0E6F): Style_B32BF6A7u32_0=0001 f64_0=50 vec=Vector (-8.100000000000001, 11.632490771542944, 0.0) f64_1=1 u32_1=0000
							*numRef = (0711): RefByKey_1
							objects[0000] = (0C6B): Line3D flags=0000    u32_0=0000 pos=Vector (-7.850000000000001, 11.682490771542945, 0.0) dir=Vector (-8.100000000000001, 11.632490771542944, 0.0)
								*numRef = (0711): RefByKey_1
							objects[0001] = (0C6C): Line3D flags=0000    u32_0=0000 pos=Vector (-8.100000000000001, 11.632490771542944, 0.0) dir=Vector (-7.850000000000001, 11.582490771542943, 0.0)
								*numRef = (0711): RefByKey_1
							objects[0002] = (0C6D): Line3D flags=0000    u32_0=0000 pos=Vector (-7.850000000000001, 11.582490771542943, 0.0) dir=Vector (-7.850000000000001, 11.682490771542945, 0.0)
								*numRef = (0711): RefByKey_1
						lst0[0003] = (0715): Line3D flags=0004    u32_0=0000 pos=Vector (-4.300000000000001, 11.632490771542944, 0.0) dir=Vector (-8.100000000000001, 11.632490771542944, 0.0)
							*numRef = (0711): RefByKey_1
						lst0[0004] = (0716): Line3D flags=0007    u32_0=0000 pos=Vector (-8.100000000000001, 9.520958245881593, 0.0) dir=Vector (-8.100000000000001, 11.916323755069314, 0.0)
							*numRef = (0711): RefByKey_1
					objects[001C] = (0176): DimensioningLength flags=0000    u32_0=0000  u8_0=00 u32_1=0001 index=0142 u8_1=01
						styles = (0717): ObjctStyles
							*styles[0000] = (0C14): Style_8F0B160B
							*styles[0001] = (0C15): Style_8F0B160C
							styles[0002] = (0C6E): Style_7AE0E1A3u32_0=0001 a0=Vector (0.0, 0.1, 0.0)
						numRef = (0718): RefByKey_1 key=0142
						*parent = (0628): 3dObject
						lst0[0000] = (0719): 3dObject flags=0000    u32_0=0000 
							styles = (0C6F): ObjctStyles
								styles[0000] = (0E70): Style_C29D5C11u32_0=0001 a0=Vector (-4.214160487615778, 2.3612810212001474, 0.0)
								styles[0001] = (0E71): Style_B32BF6A7u32_0=0001 f64_0=30 vec=Vector (-4.214160487615778, 2.3612810212001474, 0.0) f64_1=1 u32_1=0000
							*numRef = (0718): RefByKey_1
							objects[0000] = (0C70): Text3D '117' flags=0000    u32_0=0001 vec=Vector (-4.5518428539869324, 2.2107947903499277, 0.0) a0=Vector (1.0, 0.0, 0.0) a1=(009,A7F9,000) b_0=False
								*numRef = (0718): RefByKey_1
						lst0[0001] = (071A): 3dObject flags=0000    u32_0=0000 
							styles = (0C71): ObjctStyles
								styles[0000] = (0E72): Style_B32BF6A7u32_0=0001 f64_0=50 vec=Vector (-4.214160487615778, 2.3000000000000007, 0.0) f64_1=1 u32_1=0000
							*numRef = (0718): RefByKey_1
							objects[0000] = (0C72): Line3D flags=0000    u32_0=0000 pos=Vector (-4.2641604876157775, 2.5500000000000007, 0.0) dir=Vector (-4.214160487615778, 2.3000000000000007, 0.0)
								*numRef = (0718): RefByKey_1
							objects[0001] = (0C73): Line3D flags=0000    u32_0=0000 pos=Vector (-4.214160487615778, 2.3000000000000007, 0.0) dir=Vector (-4.164160487615778, 2.5500000000000007, 0.0)
								*numRef = (0718): RefByKey_1
							objects[0002] = (0C74): Line3D flags=0000    u32_0=0000 pos=Vector (-4.164160487615778, 2.5500000000000007, 0.0) dir=Vector (-4.2641604876157775, 2.5500000000000007, 0.0)
								*numRef = (0718): RefByKey_1
						lst0[0002] = (071B): 3dObject flags=0000    u32_0=0000 
							styles = (0C75): ObjctStyles
								styles[0000] = (0E73): Style_B32BF6A7u32_0=0001 f64_0=50 vec=Vector (-4.214160487615778, 14.0, 0.0) f64_1=1 u32_1=0000
							*numRef = (0718): RefByKey_1
							objects[0000] = (0C76): Line3D flags=0000    u32_0=0000 pos=Vector (-4.164160487615778, 13.75, 0.0) dir=Vector (-4.214160487615778, 14.0, 0.0)
								*numRef = (0718): RefByKey_1
							objects[0001] = (0C77): Line3D flags=0000    u32_0=0000 pos=Vector (-4.214160487615778, 14.0, 0.0) dir=Vector (-4.2641604876157775, 13.75, 0.0)
								*numRef = (0718): RefByKey_1
							objects[0002] = (0C78): Line3D flags=0000    u32_0=0000 pos=Vector (-4.2641604876157775, 13.75, 0.0) dir=Vector (-4.164160487615778, 13.75, 0.0)
								*numRef = (0718): RefByKey_1
						lst0[0003] = (071C): Line3D flags=0004    u32_0=0000 pos=Vector (-4.214160487615778, 2.3000000000000007, 0.0) dir=Vector (-4.214160487615778, 14.0, 0.0)
							*numRef = (0718): RefByKey_1
						lst0[0004] = (071D): Line3D flags=0007    u32_0=0000 pos=Vector (-6.081717000250882, 14.0, 0.0) dir=Vector (-3.941028488619304, 14.0, 0.0)
							*numRef = (0718): RefByKey_1
						lst0[0005] = (071E): Line3D flags=0006    u32_0=0000 pos=Vector (-6.081717000250882, 2.299999999999997, 0.0) dir=Vector (-3.941028488619304, 2.299999999999997, 0.0)
							*numRef = (0718): RefByKey_1
					objects[001D] = (0177): DimensioningLength flags=0000    u32_0=0000  u8_0=00 u32_1=0001 index=0143 u8_1=01
						styles = (071F): ObjctStyles
							*styles[0000] = (0C14): Style_8F0B160B
							*styles[0001] = (0C15): Style_8F0B160C
							styles[0002] = (0C79): Style_7AE0E1A3u32_0=0001 a0=Vector (0.0, 0.1, 0.0)
						numRef = (0720): RefByKey_1 key=0143
						*parent = (0628): 3dObject
						lst0[0000] = (0721): 3dObject flags=0000    u32_0=0000 
							styles = (0C7A): ObjctStyles
								styles[0000] = (0E74): Style_C29D5C11u32_0=0001 a0=Vector (-3.211466019183301, 1.0577030512241858, 0.0)
								styles[0001] = (0E75): Style_B32BF6A7u32_0=0001 f64_0=30 vec=Vector (-3.211466019183301, 1.0577030512241858, 0.0) f64_1=1 u32_1=0000
							*numRef = (0720): RefByKey_1
							objects[0000] = (0C7B): Text3D '147' flags=0000    u32_0=0001 vec=Vector (-3.5491483855544557, 0.9072168203739661, 0.0) a0=Vector (1.0, 0.0, 0.0) a1=(009,A7F9,000) b_0=False
								*numRef = (0720): RefByKey_1
						lst0[0001] = (0722): 3dObject flags=0000    u32_0=0000 
							styles = (0C7C): ObjctStyles
								styles[0000] = (0E76): Style_B32BF6A7u32_0=0001 f64_0=50 vec=Vector (-3.211466019183301, 0.7999999999999972, 0.0) f64_1=1 u32_1=0000
							*numRef = (0720): RefByKey_1
							objects[0000] = (0C7D): Line3D flags=0000    u32_0=0000 pos=Vector (-3.2614660191833007, 1.0499999999999972, 0.0) dir=Vector (-3.211466019183301, 0.7999999999999972, 0.0)
								*numRef = (0720): RefByKey_1
							objects[0001] = (0C7E): Line3D flags=0000    u32_0=0000 pos=Vector (-3.211466019183301, 0.7999999999999972, 0.0) dir=Vector (-3.161466019183301, 1.0499999999999972, 0.0)
								*numRef = (0720): RefByKey_1
							objects[0002] = (0C7F): Line3D flags=0000    u32_0=0000 pos=Vector (-3.161466019183301, 1.0499999999999972, 0.0) dir=Vector (-3.2614660191833007, 1.0499999999999972, 0.0)
								*numRef = (0720): RefByKey_1
						lst0[0002] = (0723): 3dObject flags=0000    u32_0=0000 
							styles = (0C80): ObjctStyles
								styles[0000] = (0E77): Style_B32BF6A7u32_0=0001 f64_0=50 vec=Vector (-3.211466019183301, 15.5, 0.0) f64_1=1 u32_1=0000
							*numRef = (0720): RefByKey_1
							objects[0000] = (0C81): Line3D flags=0000    u32_0=0000 pos=Vector (-3.161466019183301, 15.25, 0.0) dir=Vector (-3.211466019183301, 15.5, 0.0)
								*numRef = (0720): RefByKey_1
							objects[0001] = (0C82): Line3D flags=0000    u32_0=0000 pos=Vector (-3.211466019183301, 15.5, 0.0) dir=Vector (-3.2614660191833007, 15.25, 0.0)
								*numRef = (0720): RefByKey_1
							objects[0002] = (0C83): Line3D flags=0000    u32_0=0000 pos=Vector (-3.2614660191833007, 15.25, 0.0) dir=Vector (-3.161466019183301, 15.25, 0.0)
								*numRef = (0720): RefByKey_1
						lst0[0003] = (0724): Line3D flags=0004    u32_0=0000 pos=Vector (-3.211466019183301, 0.7999999999999972, 0.0) dir=Vector (-3.211466019183301, 15.5, 0.0)
							*numRef = (0720): RefByKey_1
						lst0[0004] = (0725): Line3D flags=0007    u32_0=0000 pos=Vector (-6.622916433550221, 15.5, 0.0) dir=Vector (-2.903131753384183, 15.5, 0.0)
							*numRef = (0720): RefByKey_1
						lst0[0005] = (0726): Line3D flags=0006    u32_0=0000 pos=Vector (-6.622916433550221, 0.7999999999999972, 0.0) dir=Vector (-2.903131753384183, 0.7999999999999972, 0.0)
							*numRef = (0720): RefByKey_1
					objects[001E] = (0178): DimensioningLength flags=0000    u32_0=0000  u8_0=00 u32_1=0001 index=0144 u8_1=01
						styles = (0727): ObjctStyles
							*styles[0000] = (0C14): Style_8F0B160B
							*styles[0001] = (0C15): Style_8F0B160C
							styles[0002] = (0C84): Style_7AE0E1A3u32_0=0001 a0=Vector (0.0, 0.1, 0.0)
						numRef = (0728): RefByKey_1 key=0144
						*parent = (0628): 3dObject
						lst0[0000] = (0729): 3dObject flags=0000    u32_0=0000 
							styles = (0C85): ObjctStyles
								styles[0000] = (0E78): Style_C29D5C11u32_0=0001 a0=Vector (-9.283438771606923, 15.257498745263092, 0.0)
								styles[0001] = (0E79): Style_B32BF6A7u32_0=0001 f64_0=30 vec=Vector (-9.283438771606923, 15.257498745263092, 0.0) f64_1=1 u32_1=0000
							*numRef = (0728): RefByKey_1
							objects[0000] = (0C86): Text3D 'fx:147' flags=0000    u32_0=0001 vec=Vector (-9.861801832558156, 15.099840704739563, 0.0) a0=Vector (1.0, 0.0, 0.0) a1=(009,A7F9,000) b_0=False
								*numRef = (0728): RefByKey_1
						lst0[0001] = (072A): 3dObject flags=0000    u32_0=0000 
							styles = (0C87): ObjctStyles
								styles[0000] = (0E7A): Style_B32BF6A7u32_0=0001 f64_0=50 vec=Vector (-9.283438771606923, 15.5, 0.0) f64_1=1 u32_1=0000
							*numRef = (0728): RefByKey_1
							objects[0000] = (0C88): Line3D flags=0000    u32_0=0000 pos=Vector (-9.233438771606922, 15.25, 0.0) dir=Vector (-9.283438771606923, 15.5, 0.0)
								*numRef = (0728): RefByKey_1
							objects[0001] = (0C89): Line3D flags=0000    u32_0=0000 pos=Vector (-9.283438771606923, 15.5, 0.0) dir=Vector (-9.333438771606923, 15.25, 0.0)
								*numRef = (0728): RefByKey_1
							objects[0002] = (0C8A): Line3D flags=0000    u32_0=0000 pos=Vector (-9.333438771606923, 15.25, 0.0) dir=Vector (-9.233438771606922, 15.25, 0.0)
								*numRef = (0728): RefByKey_1
						lst0[0002] = (072B): 3dObject flags=0000    u32_0=0000 
							styles = (0C8B): ObjctStyles
								styles[0000] = (0E7B): Style_B32BF6A7u32_0=0001 f64_0=50 vec=Vector (-9.283438771606923, 0.7999999999999972, 0.0) f64_1=1 u32_1=0000
							*numRef = (0728): RefByKey_1
							objects[0000] = (0C8C): Line3D flags=0000    u32_0=0000 pos=Vector (-9.333438771606923, 1.0499999999999972, 0.0) dir=Vector (-9.283438771606923, 0.7999999999999972, 0.0)
								*numRef = (0728): RefByKey_1
							objects[0001] = (0C8D): Line3D flags=0000    u32_0=0000 pos=Vector (-9.283438771606923, 0.7999999999999972, 0.0) dir=Vector (-9.233438771606922, 1.0499999999999972, 0.0)
								*numRef = (0728): RefByKey_1
							objects[0002] = (0C8E): Line3D flags=0000    u32_0=0000 pos=Vector (-9.233438771606922, 1.0499999999999972, 0.0) dir=Vector (-9.333438771606923, 1.0499999999999972, 0.0)
								*numRef = (0728): RefByKey_1
						lst0[0003] = (072C): Line3D flags=0004    u32_0=0000 pos=Vector (-9.283438771606923, 15.5, 0.0) dir=Vector (-9.283438771606923, 0.7999999999999972, 0.0)
							*numRef = (0728): RefByKey_1
						lst0[0004] = (072D): Line3D flags=0006    u32_0=0000 pos=Vector (-7.92708356644978, 15.5, 0.0) dir=Vector (-9.591773037406039, 15.5, 0.0)
							*numRef = (0728): RefByKey_1
						lst0[0005] = (072E): Line3D flags=0007    u32_0=0000 pos=Vector (-7.92708356644978, 0.7999999999999972, 0.0) dir=Vector (-9.591773037406039, 0.7999999999999972, 0.0)
							*numRef = (0728): RefByKey_1
					objects[001F] = (0179): DimensioningLength flags=0000    u32_0=0000  u8_0=00 u32_1=0001 index=0145 u8_1=01
						styles = (072F): ObjctStyles
							*styles[0000] = (0C14): Style_8F0B160B
							*styles[0001] = (0C15): Style_8F0B160C
							styles[0002] = (0C8F): Style_7AE0E1A3u32_0=0001 a0=Vector (0.0, 0.1, 0.0)
						numRef = (0730): RefByKey_1 key=0145
						*parent = (0628): 3dObject
						lst0[0000] = (0731): 3dObject flags=0000    u32_0=0000 
							styles = (0C90): ObjctStyles
								styles[0000] = (0E7C): Style_C29D5C11u32_0=0001 a0=Vector (-8.447746529769383, 13.952202386124025, 0.0)
								styles[0001] = (0E7D): Style_B32BF6A7u32_0=0001 f64_0=30 vec=Vector (-8.447746529769383, 13.952202386124025, 0.0) f64_1=1 u32_1=0000
							*numRef = (0730): RefByKey_1
							objects[0000] = (0C91): Text3D 'fx:117' flags=0000    u32_0=0001 vec=Vector (-9.026109590720615, 13.794544345600496, 0.0) a0=Vector (1.0, 0.0, 0.0) a1=(009,A7F9,000) b_0=False
								*numRef = (0730): RefByKey_1
						lst0[0001] = (0732): 3dObject flags=0000    u32_0=0000 
							styles = (0C92): ObjctStyles
								styles[0000] = (0E7E): Style_B32BF6A7u32_0=0001 f64_0=50 vec=Vector (-8.447746529769383, 14.0, 0.0) f64_1=1 u32_1=0000
							*numRef = (0730): RefByKey_1
							objects[0000] = (0C93): Line3D flags=0000    u32_0=0000 pos=Vector (-8.397746529769382, 13.75, 0.0) dir=Vector (-8.447746529769383, 14.0, 0.0)
								*numRef = (0730): RefByKey_1
							objects[0001] = (0C94): Line3D flags=0000    u32_0=0000 pos=Vector (-8.447746529769383, 14.0, 0.0) dir=Vector (-8.497746529769383, 13.75, 0.0)
								*numRef = (0730): RefByKey_1
							objects[0002] = (0C95): Line3D flags=0000    u32_0=0000 pos=Vector (-8.497746529769383, 13.75, 0.0) dir=Vector (-8.397746529769382, 13.75, 0.0)
								*numRef = (0730): RefByKey_1
						lst0[0002] = (0733): 3dObject flags=0000    u32_0=0000 
							styles = (0C96): ObjctStyles
								styles[0000] = (0E7F): Style_B32BF6A7u32_0=0001 f64_0=50 vec=Vector (-8.447746529769383, 2.3000000000000007, 0.0) f64_1=1 u32_1=0000
							*numRef = (0730): RefByKey_1
							objects[0000] = (0C97): Line3D flags=0000    u32_0=0000 pos=Vector (-8.497746529769383, 2.5500000000000007, 0.0) dir=Vector (-8.447746529769383, 2.3000000000000007, 0.0)
								*numRef = (0730): RefByKey_1
							objects[0001] = (0C98): Line3D flags=0000    u32_0=0000 pos=Vector (-8.447746529769383, 2.3000000000000007, 0.0) dir=Vector (-8.397746529769382, 2.5500000000000007, 0.0)
								*numRef = (0730): RefByKey_1
							objects[0002] = (0C99): Line3D flags=0000    u32_0=0000 pos=Vector (-8.397746529769382, 2.5500000000000007, 0.0) dir=Vector (-8.497746529769383, 2.5500000000000007, 0.0)
								*numRef = (0730): RefByKey_1
						lst0[0003] = (0734): Line3D flags=0004    u32_0=0000 pos=Vector (-8.447746529769383, 14.0, 0.0) dir=Vector (-8.447746529769383, 2.3000000000000007, 0.0)
							*numRef = (0730): RefByKey_1
						lst0[0004] = (0735): Line3D flags=0006    u32_0=0000 pos=Vector (-7.368282999749119, 14.0, 0.0) dir=Vector (-8.720878528765855, 14.0, 0.0)
							*numRef = (0730): RefByKey_1
						lst0[0005] = (0736): Line3D flags=0007    u32_0=0000 pos=Vector (-7.368282999749119, 2.299999999999997, 0.0) dir=Vector (-8.720878528765855, 2.299999999999997, 0.0)
							*numRef = (0730): RefByKey_1
					objects[0020] = (017A): DimensioningLength flags=0000    u32_0=0000  u8_0=00 u32_1=0001 index=0146 u8_1=01
						styles = (0737): ObjctStyles
							*styles[0000] = (0C14): Style_8F0B160B
							*styles[0001] = (0C15): Style_8F0B160C
							styles[0002] = (0C9A): Style_7AE0E1A3u32_0=0001 a0=Vector (0.0, 0.1, 0.0)
						numRef = (0738): RefByKey_1 key=0146
						*parent = (0628): 3dObject
						lst0[0000] = (0739): 3dObject flags=0000    u32_0=0000 
							styles = (0C9B): ObjctStyles
								styles[0000] = (0E80): Style_C29D5C11u32_0=0001 a0=Vector (-6.599031289815293, 13.152638473405963, 0.0)
								styles[0001] = (0E81): Style_B32BF6A7u32_0=0001 f64_0=30 vec=Vector (-6.599031289815293, 13.152638473405963, 0.0) f64_1=1 u32_1=0000
							*numRef = (0738): RefByKey_1
							objects[0000] = (0C9C): Text3D '11,5' flags=0000    u32_0=0001 vec=Vector (-6.999193390607224, 13.039469909712201, 0.0) a0=Vector (1.0, 0.0, 0.0) a1=(009,A7F9,000) b_0=False
								*numRef = (0738): RefByKey_1
						lst0[0001] = (073A): 3dObject flags=0000    u32_0=0000 
							styles = (0C9D): ObjctStyles
								styles[0000] = (0E82): Style_B32BF6A7u32_0=0001 f64_0=50 vec=Vector (-6.15, 13.152638473405963, 0.0) f64_1=1 u32_1=0000
							*numRef = (0738): RefByKey_1
							objects[0000] = (0C9E): Line3D flags=0000    u32_0=0000 pos=Vector (-6.4, 13.102638473405962, 0.0) dir=Vector (-6.15, 13.152638473405963, 0.0)
								*numRef = (0738): RefByKey_1
							objects[0001] = (0C9F): Line3D flags=0000    u32_0=0000 pos=Vector (-6.15, 13.152638473405963, 0.0) dir=Vector (-6.4, 13.202638473405964, 0.0)
								*numRef = (0738): RefByKey_1
							objects[0002] = (0CA0): Line3D flags=0000    u32_0=0000 pos=Vector (-6.4, 13.202638473405964, 0.0) dir=Vector (-6.4, 13.102638473405962, 0.0)
								*numRef = (0738): RefByKey_1
						lst0[0002] = (073B): 3dObject flags=0000    u32_0=0000 
							styles = (0CA1): ObjctStyles
								styles[0000] = (0E83): Style_B32BF6A7u32_0=0001 f64_0=50 vec=Vector (-7.300000000000001, 13.152638473405963, 0.0) f64_1=1 u32_1=0000
							*numRef = (0738): RefByKey_1
							objects[0000] = (0CA2): Line3D flags=0000    u32_0=0000 pos=Vector (-7.050000000000001, 13.202638473405964, 0.0) dir=Vector (-7.300000000000001, 13.152638473405963, 0.0)
								*numRef = (0738): RefByKey_1
							objects[0001] = (0CA3): Line3D flags=0000    u32_0=0000 pos=Vector (-7.300000000000001, 13.152638473405963, 0.0) dir=Vector (-7.050000000000001, 13.102638473405962, 0.0)
								*numRef = (0738): RefByKey_1
							objects[0002] = (0CA4): Line3D flags=0000    u32_0=0000 pos=Vector (-7.050000000000001, 13.102638473405962, 0.0) dir=Vector (-7.050000000000001, 13.202638473405964, 0.0)
								*numRef = (0738): RefByKey_1
						lst0[0003] = (073C): Line3D flags=0004    u32_0=0000 pos=Vector (-6.15, 13.152638473405963, 0.0) dir=Vector (-7.300000000000001, 13.152638473405963, 0.0)
							*numRef = (0738): RefByKey_1
						lst0[0004] = (073D): Line3D flags=0006    u32_0=0000 pos=Vector (-6.15, 13.919807424409768, 0.0) dir=Vector (-6.15, 12.831868171045034, 0.0)
							*numRef = (0738): RefByKey_1
						lst0[0005] = (073E): Line3D flags=0007    u32_0=0000 pos=Vector (-7.300000000000001, 13.919807424409768, 0.0) dir=Vector (-7.300000000000001, 12.831868171045034, 0.0)
							*numRef = (0738): RefByKey_1
					objects[0021] = (017B): DimensioningLength flags=0000    u32_0=0000  u8_0=00 u32_1=0001 index=0147 u8_1=01
						styles = (073F): ObjctStyles
							*styles[0000] = (0C14): Style_8F0B160B
							*styles[0001] = (0C15): Style_8F0B160C
							styles[0002] = (0CA5): Style_7AE0E1A3u32_0=0001 a0=Vector (0.0, 0.1, 0.0)
						numRef = (0740): RefByKey_1 key=0147
						*parent = (0628): 3dObject
						lst0[0000] = (0741): 3dObject flags=0000    u32_0=0000 
							styles = (0CA6): ObjctStyles
								styles[0000] = (0E84): Style_C29D5C11u32_0=0001 a0=Vector (-6.685877702218765, 17.546222139923216, 0.0)
								styles[0001] = (0E85): Style_B32BF6A7u32_0=0001 f64_0=30 vec=Vector (-6.685877702218765, 17.546222139923216, 0.0) f64_1=1 u32_1=0000
							*numRef = (0740): RefByKey_1
							objects[0000] = (0CA7): Text3D 'fx:11,5' flags=0000    u32_0=0001 vec=Vector (-7.3267205571954195, 17.425881766556145, 0.0) a0=Vector (1.0, 0.0, 0.0) a1=(009,A7F9,000) b_0=False
								*numRef = (0740): RefByKey_1
						lst0[0001] = (0742): 3dObject flags=0000    u32_0=0000 
							styles = (0CA8): ObjctStyles
								styles[0000] = (0E86): Style_B32BF6A7u32_0=0001 f64_0=50 vec=Vector (-6.7, 17.546222139923216, 0.0) f64_1=1 u32_1=0000
							*numRef = (0740): RefByKey_1
							objects[0000] = (0CA9): Line3D flags=0000    u32_0=0000 pos=Vector (-6.95, 17.496222139923216, 0.0) dir=Vector (-6.7, 17.546222139923216, 0.0)
								*numRef = (0740): RefByKey_1
							objects[0001] = (0CAA): Line3D flags=0000    u32_0=0000 pos=Vector (-6.7, 17.546222139923216, 0.0) dir=Vector (-6.95, 17.596222139923217, 0.0)
								*numRef = (0740): RefByKey_1
							objects[0002] = (0CAB): Line3D flags=0000    u32_0=0000 pos=Vector (-6.95, 17.596222139923217, 0.0) dir=Vector (-6.95, 17.496222139923216, 0.0)
								*numRef = (0740): RefByKey_1
						lst0[0002] = (0743): 3dObject flags=0000    u32_0=0000 
							styles = (0CAC): ObjctStyles
								styles[0000] = (0E87): Style_B32BF6A7u32_0=0001 f64_0=50 vec=Vector (-7.8500000000000005, 17.546222139923216, 0.0) f64_1=1 u32_1=0000
							*numRef = (0740): RefByKey_1
							objects[0000] = (0CAD): Line3D flags=0000    u32_0=0000 pos=Vector (-7.6000000000000005, 17.596222139923217, 0.0) dir=Vector (-7.8500000000000005, 17.546222139923216, 0.0)
								*numRef = (0740): RefByKey_1
							objects[0001] = (0CAE): Line3D flags=0000    u32_0=0000 pos=Vector (-7.8500000000000005, 17.546222139923216, 0.0) dir=Vector (-7.6000000000000005, 17.496222139923216, 0.0)
								*numRef = (0740): RefByKey_1
							objects[0002] = (0CAF): Line3D flags=0000    u32_0=0000 pos=Vector (-7.6000000000000005, 17.496222139923216, 0.0) dir=Vector (-7.6000000000000005, 17.596222139923217, 0.0)
								*numRef = (0740): RefByKey_1
						lst0[0003] = (0744): Line3D flags=0004    u32_0=0000 pos=Vector (-6.7, 17.546222139923216, 0.0) dir=Vector (-7.8500000000000005, 17.546222139923216, 0.0)
							*numRef = (0740): RefByKey_1
						lst0[0004] = (0745): Line3D flags=0007    u32_0=0000 pos=Vector (-7.8500000000000005, 15.585723098044731, 0.0) dir=Vector (-7.8500000000000005, 17.88911453210214, 0.0)
							*numRef = (0740): RefByKey_1
						lst0[0005] = (0746): Line3D flags=0006    u32_0=0000 pos=Vector (-6.7, 15.585723098044731, 0.0) dir=Vector (-6.7, 17.88911453210214, 0.0)
							*numRef = (0740): RefByKey_1
						lst0[0006] = (0747): Line3D flags=0004    u32_0=0000 pos=Vector (-6.17833058466721, 17.546222139923216, 0.0) dir=Vector (-6.7, 17.546222139923216, 0.0)
							*numRef = (0740): RefByKey_1
					objects[0022] = (017C): DimensioningLength flags=0000    u32_0=0000  u8_0=00 u32_1=0001 index=0148 u8_1=01
						styles = (0748): ObjctStyles
							*styles[0000] = (0C14): Style_8F0B160B
							*styles[0001] = (0C15): Style_8F0B160C
							styles[0002] = (0CB0): Style_7AE0E1A3u32_0=0001 a0=Vector (0.0, 0.1, 0.0)
						numRef = (0749): RefByKey_1 key=0148
						*parent = (0628): 3dObject
						lst0[0000] = (074A): 3dObject flags=0000    u32_0=0000 
							styles = (0CB1): ObjctStyles
								styles[0000] = (0E88): Style_C29D5C11u32_0=0001 a0=Vector (-0.25516037602721786, 18.573619971635495, 0.0)
								styles[0001] = (0E89): Style_B32BF6A7u32_0=0001 f64_0=30 vec=Vector (-0.25516037602721786, 18.573619971635495, 0.0) f64_1=1 u32_1=0000
							*numRef = (0749): RefByKey_1
							objects[0000] = (0CB2): Text3D '61,5' flags=0000    u32_0=0001 vec=Vector (-0.655322476819149, 18.458141847165976, 0.0) a0=Vector (1.0, 0.0, 0.0) a1=(009,A7F9,000) b_0=False
								*numRef = (0749): RefByKey_1
						lst0[0001] = (074B): 3dObject flags=0000    u32_0=0000 
							styles = (0CB3): ObjctStyles
								styles[0000] = (0E8A): Style_B32BF6A7u32_0=0001 f64_0=50 vec=Vector (0.0, 18.573619971635495, 0.0) f64_1=1 u32_1=0000
							*numRef = (0749): RefByKey_1
							objects[0000] = (0CB4): Line3D flags=0000    u32_0=0000 pos=Vector (-0.25, 18.523619971635494, 0.0) dir=Vector (0.0, 18.573619971635495, 0.0)
								*numRef = (0749): RefByKey_1
							objects[0001] = (0CB5): Line3D flags=0000    u32_0=0000 pos=Vector (0.0, 18.573619971635495, 0.0) dir=Vector (-0.25, 18.623619971635495, 0.0)
								*numRef = (0749): RefByKey_1
							objects[0002] = (0CB6): Line3D flags=0000    u32_0=0000 pos=Vector (-0.25, 18.623619971635495, 0.0) dir=Vector (-0.25, 18.523619971635494, 0.0)
								*numRef = (0749): RefByKey_1
						lst0[0002] = (074C): 3dObject flags=0000    u32_0=0000 
							styles = (0CB7): ObjctStyles
								styles[0000] = (0E8B): Style_B32BF6A7u32_0=0001 f64_0=50 vec=Vector (-6.15, 18.573619971635495, 0.0) f64_1=1 u32_1=0000
							*numRef = (0749): RefByKey_1
							objects[0000] = (0CB8): Line3D flags=0000    u32_0=0000 pos=Vector (-5.9, 18.623619971635495, 0.0) dir=Vector (-6.15, 18.573619971635495, 0.0)
								*numRef = (0749): RefByKey_1
							objects[0001] = (0CB9): Line3D flags=0000    u32_0=0000 pos=Vector (-6.15, 18.573619971635495, 0.0) dir=Vector (-5.9, 18.523619971635494, 0.0)
								*numRef = (0749): RefByKey_1
							objects[0002] = (0CBA): Line3D flags=0000    u32_0=0000 pos=Vector (-5.9, 18.523619971635494, 0.0) dir=Vector (-5.9, 18.623619971635495, 0.0)
								*numRef = (0749): RefByKey_1
						lst0[0003] = (074D): Line3D flags=0004    u32_0=0000 pos=Vector (0.0, 18.573619971635495, 0.0) dir=Vector (-6.15, 18.573619971635495, 0.0)
							*numRef = (0749): RefByKey_1
						lst0[0004] = (074E): Line3D flags=0007    u32_0=0000 pos=Vector (-6.15, 14.083281194249626, 0.0) dir=Vector (-6.15, 18.906744748633997, 0.0)
							*numRef = (0749): RefByKey_1
						lst0[0005] = (074F): Line3D flags=0006    u32_0=0000 pos=Vector (0.0, 13.083281194249626, 0.0) dir=Vector (0.0, 18.906744748633997, 0.0)
							*numRef = (0749): RefByKey_1
					objects[0023] = (017D): DimensioningLength flags=0000    u32_0=0000  u8_0=00 u32_1=0001 index=0149 u8_1=01
						styles = (0750): ObjctStyles
							*styles[0000] = (0C14): Style_8F0B160B
							*styles[0001] = (0C15): Style_8F0B160C
							styles[0002] = (0CBB): Style_7AE0E1A3u32_0=0001 a0=Vector (0.0, 0.1, 0.0)
						numRef = (0751): RefByKey_1 key=0149
						*parent = (0628): 3dObject
						lst0[0000] = (0752): 3dObject flags=0000    u32_0=0000 
							styles = (0CBC): ObjctStyles
								styles[0000] = (0E8C): Style_C29D5C11u32_0=0001 a0=Vector (1.052902831419964, 18.236001105525084, 0.0)
								styles[0001] = (0E8D): Style_B32BF6A7u32_0=0001 f64_0=30 vec=Vector (1.052902831419964, 18.236001105525084, 0.0) f64_1=1 u32_1=0000
							*numRef = (0751): RefByKey_1
							objects[0000] = (0CBD): Text3D '67' flags=0000    u32_0=0001 vec=Vector (0.8277812588062479, 18.086365767999105, 0.0) a0=Vector (1.0, 0.0, 0.0) a1=(009,A7F9,000) b_0=False
								*numRef = (0751): RefByKey_1
						lst0[0001] = (0753): 3dObject flags=0000    u32_0=0000 
							styles = (0CBE): ObjctStyles
								styles[0000] = (0E8E): Style_B32BF6A7u32_0=0001 f64_0=50 vec=Vector (-1.7763568394002505e-15, 18.236001105525084, 0.0) f64_1=1 u32_1=0000
							*numRef = (0751): RefByKey_1
							objects[0000] = (0CBF): Line3D flags=0000    u32_0=0000 pos=Vector (-0.2500000000000018, 18.186001105525083, 0.0) dir=Vector (-1.7763568394002505e-15, 18.236001105525084, 0.0)
								*numRef = (0751): RefByKey_1
							objects[0001] = (0CC0): Line3D flags=0000    u32_0=0000 pos=Vector (-1.7763568394002505e-15, 18.236001105525084, 0.0) dir=Vector (-0.2500000000000018, 18.286001105525084, 0.0)
								*numRef = (0751): RefByKey_1
							objects[0002] = (0CC1): Line3D flags=0000    u32_0=0000 pos=Vector (-0.2500000000000018, 18.286001105525084, 0.0) dir=Vector (-0.2500000000000018, 18.186001105525083, 0.0)
								*numRef = (0751): RefByKey_1
						lst0[0002] = (0754): 3dObject flags=0000    u32_0=0000 
							styles = (0CC2): ObjctStyles
								styles[0000] = (0E8F): Style_B32BF6A7u32_0=0001 f64_0=50 vec=Vector (-6.7, 18.236001105525084, 0.0) f64_1=1 u32_1=0000
							*numRef = (0751): RefByKey_1
							objects[0000] = (0CC3): Line3D flags=0000    u32_0=0000 pos=Vector (-6.45, 18.286001105525084, 0.0) dir=Vector (-6.7, 18.236001105525084, 0.0)
								*numRef = (0751): RefByKey_1
							objects[0001] = (0CC4): Line3D flags=0000    u32_0=0000 pos=Vector (-6.7, 18.236001105525084, 0.0) dir=Vector (-6.45, 18.186001105525083, 0.0)
								*numRef = (0751): RefByKey_1
							objects[0002] = (0CC5): Line3D flags=0000    u32_0=0000 pos=Vector (-6.45, 18.186001105525083, 0.0) dir=Vector (-6.45, 18.286001105525084, 0.0)
								*numRef = (0751): RefByKey_1
						lst0[0003] = (0755): Line3D flags=0004    u32_0=0000 pos=Vector (-1.7763568394002505e-15, 18.236001105525084, 0.0) dir=Vector (-6.7, 18.236001105525084, 0.0)
							*numRef = (0751): RefByKey_1
						lst0[0004] = (0756): Line3D flags=0007    u32_0=0000 pos=Vector (-6.7, 15.582984451623911, 0.0) dir=Vector (-6.7, 18.56793891202073, 0.0)
							*numRef = (0751): RefByKey_1
						lst0[0005] = (0757): Line3D flags=0006    u32_0=0000 pos=Vector (0.0, 13.082984451623911, 0.0) dir=Vector (0.0, 18.56793891202073, 0.0)
							*numRef = (0751): RefByKey_1
						lst0[0006] = (0758): Line3D flags=0004    u32_0=0000 pos=Vector (1.2311989681271875, 18.236001105525084, 0.0) dir=Vector (-1.7763568394002505e-15, 18.236001105525084, 0.0)
							*numRef = (0751): RefByKey_1
					objects[0024] = (016E): DimensioningLength flags=0000    u32_0=0000  u8_0=00 u32_1=0001 index=013A u8_1=01
						styles = (06D9): ObjctStyles
							styles[0000] = (0C14): Style_8F0B160Bu32_0=0001 Color.c0=#00000000 Color.diffuse=#333333FF Color.c1=#CCCCCCFF Color.c2=#FFFFFFFF Color.c3=#000000FF Color.f=20 u8_0=01 a11=(016,000,000,000,000,000,000,000,000,000)
							styles[0001] = (0C15): Style_8F0B160Cu32_0=0001 a0=(001,000,3F80,001,FFFF,000,000,000,000,000) u8_0=00 a1=(3F80,000,000) a2=(000,000,00F,000) u32_1=0001
							styles[0002] = (0C16): Style_7AE0E1A3u32_0=0001 a0=Vector (0.0, 0.1, 0.0)
						numRef = (06DA): RefByKey_1 key=013A
						*parent = (0628): 3dObject
						lst0[0000] = (06DB): 3dObject flags=0000    u32_0=0000 
							styles = (0C17): ObjctStyles
								styles[0000] = (0E50): Style_C29D5C11u32_0=0001 a0=Vector (-0.3378522669894446, 10.285108175142803, 0.0)
								styles[0001] = (0E51): Style_B32BF6A7u32_0=0001 f64_0=30 vec=Vector (-0.3378522669894446, 10.285108175142803, 0.0) f64_1=1 u32_1=0000
							*numRef = (06DA): RefByKey_1
							objects[0000] = (0C18): Text3D '8' flags=0000    u32_0=0001 vec=Vector (-0.45041305329630266, 10.135108160800435, 0.0) a0=Vector (1.0, 0.0, 0.0) a1=(009,A7F9,000) b_0=False
								*numRef = (06DA): RefByKey_1
						lst0[0001] = (06DC): 3dObject flags=0000    u32_0=0000 
							styles = (0C19): ObjctStyles
								styles[0000] = (0E52): Style_B32BF6A7u32_0=0001 f64_0=50 vec=Vector (0.0, 10.285108175142803, 0.0) f64_1=1 u32_1=0000
							*numRef = (06DA): RefByKey_1
							objects[0000] = (0C1A): Line3D flags=0000    u32_0=0000 pos=Vector (-0.25, 10.235108175142802, 0.0) dir=Vector (0.0, 10.285108175142803, 0.0)
								*numRef = (06DA): RefByKey_1
							objects[0001] = (0C1B): Line3D flags=0000    u32_0=0000 pos=Vector (0.0, 10.285108175142803, 0.0) dir=Vector (-0.25, 10.335108175142803, 0.0)
								*numRef = (06DA): RefByKey_1
							objects[0002] = (0C1C): Line3D flags=0000    u32_0=0000 pos=Vector (-0.25, 10.335108175142803, 0.0) dir=Vector (-0.25, 10.235108175142802, 0.0)
								*numRef = (06DA): RefByKey_1
						lst0[0002] = (06DD): 3dObject flags=0000    u32_0=0000 
							styles = (0C1D): ObjctStyles
								styles[0000] = (0E53): Style_B32BF6A7u32_0=0001 f64_0=50 vec=Vector (-0.7999999999999995, 10.285108175142803, 0.0) f64_1=1 u32_1=0000
							*numRef = (06DA): RefByKey_1
							objects[0000] = (0C1E): Line3D flags=0000    u32_0=0000 pos=Vector (-0.5499999999999995, 10.335108175142803, 0.0) dir=Vector (-0.7999999999999995, 10.285108175142803, 0.0)
								*numRef = (06DA): RefByKey_1
							objects[0001] = (0C1F): Line3D flags=0000    u32_0=0000 pos=Vector (-0.7999999999999995, 10.285108175142803, 0.0) dir=Vector (-0.5499999999999995, 10.235108175142802, 0.0)
								*numRef = (06DA): RefByKey_1
							objects[0002] = (0C20): Line3D flags=0000    u32_0=0000 pos=Vector (-0.5499999999999995, 10.235108175142802, 0.0) dir=Vector (-0.5499999999999995, 10.335108175142803, 0.0)
								*numRef = (06DA): RefByKey_1
						lst0[0003] = (06DE): Line3D flags=0004    u32_0=0000 pos=Vector (0.0, 10.285108175142803, 0.0) dir=Vector (-0.7999999999999995, 10.285108175142803, 0.0)
							*numRef = (06DA): RefByKey_1
						lst0[0004] = (06DF): Line3D flags=0007    u32_0=0000 pos=Vector (-0.7999999999999995, 8.201255138499096, 0.0) dir=Vector (-0.7999999999999995, 10.49012872913919, 0.0)
							*numRef = (06DA): RefByKey_1
			*lst1[00E2] = (0116): Point3D - (-4.3,4.35,0)
			*lst1[00E3] = (0117): Point3D - (-4.3,11.95,0)
			*lst1[00E4] = (0118): Line3D (-4.3,4.35,0)-(-8.6,16.3,0)
			*lst1[00E5] = (0119): Point3D - (-23.75,11.35,0)
			*lst1[00E6] = (011A): Arc3D
			*lst1[00E7] = (011B): Point3D - (-23.75,8.15,0)
			*lst1[00E8] = (011C): Arc3D
			*lst1[00E9] = (011D): Point3D - (-21.85,11.45,0)
			*lst1[00EA] = (011E): Arc3D
			*lst1[00EB] = (011F): Point3D - (-19.1,11.45,0)
			*lst1[00EC] = (0120): Arc3D
			*lst1[00ED] = (0121): Point3D - (-21.85,4.85,0)
			*lst1[00EE] = (0122): Arc3D
			*lst1[00EF] = (0123): Point3D - (-22.8,6.2,0)
			*lst1[00F0] = (0124): Arc3D
			*lst1[00F1] = (0125): Point3D - (-21.1,6.2,0)
			*lst1[00F2] = (0126): Arc3D
			*lst1[00F3] = (0127): Point3D - (-23.75,4.95,0)
			*lst1[00F4] = (0128): Arc3D
			*lst1[00F5] = (0129): Point3D - (-19.1,4.85,0)
			*lst1[00F6] = (012A): Arc3D
			*lst1[00F7] = (012B): Point3D - (-1.3,3.65,0)
			*lst1[00F8] = (012C): Arc3D
			*lst1[00F9] = (012D): Point3D - (-2.4,3.65,0)
			*lst1[00FA] = (012E): Arc3D
			*lst1[00FB] = (012F): Point3D - (-4.7,3.65,0)
			*lst1[00FC] = (0130): Arc3D
			*lst1[00FD] = (0131): Point3D - (-6.7,0.8,0)
			*lst1[00FE] = (0132): Arc3D
			*lst1[00FF] = (0133): Point3D - (-7.85,0.8,0)
			*lst1[0100] = (0134): Arc3D
			*lst1[0101] = (0135): Point3D - (-7.3,2.3,0)
			*lst1[0102] = (0136): Arc3D
			*lst1[0103] = (0137): Point3D - (-6.15,2.3,0)
			*lst1[0104] = (0138): Arc3D
			*lst1[0105] = (0139): Point3D - (-5.6,7.15,0)
			*lst1[0106] = (013A): Arc3D
			*lst1[0107] = (013B): Point3D - (-7.6,7.05,0)
			*lst1[0108] = (013C): Arc3D
			*lst1[0109] = (013D): Point3D - (-8.1,6.85,0)
			*lst1[010A] = (013E): Arc3D
			*lst1[010B] = (013F): Point3D - (-16.6,12.15,0)
			*lst1[010C] = (0140): Point3D - (-24.2,12.15,0)
			*lst1[010D] = (0141): Line3D (-16.6,12.15,0)-(-40.8,24.3,0)
			*lst1[010E] = (0142): Point3D - (-24.2,4.15,0)
			*lst1[010F] = (0143): Line3D (-24.2,12.15,0)-(-48.4,16.3,0)
			*lst1[0110] = (0144): Point3D - (-2,11.95,0)
			*lst1[0111] = (0145): Point3D - (-2,4.35,0)
			*lst1[0112] = (0146): Line3D (-2,11.95,0)-(-4,16.3,0)
			*lst1[0113] = (0147): Line3D (0,3.3,0)-(0,16.3,0)
			*lst1[0114] = (0148): Point3D - (0,0,0)
			*lst1[0115] = (0149): Point3D - (-25.7905,8.15,0)
			*lst1[0116] = (014A): Point3D - (3.37686,8.15,0)
			*lst1[0117] = (014B): Line3D (-25.7905,8.15,0)-(-22.4136,16.3,0)
			*lst1[0118] = (014C): Point3D - (-4,3.3,0)
			*lst1[0119] = (014D): Point3D - (0,3.3,0)
			*lst1[011A] = (014E): Line3D (-4,3.3,0)-(-4,6.6,0)
			*lst1[011B] = (014F): Point3D - (0,13,0)
			*lst1[011C] = (0150): Point3D - (-4,13,0)
			*lst1[011D] = (0151): Line3D (0,13,0)-(-4,26,0)
			*lst1[011E] = (0152): Point3D - (-1.5,8.15,0)
			*lst1[011F] = (0153): Arc3D
			*lst1[0120] = (0154): Point3D - (-0.8,8.15,0)
			*lst1[0121] = (0155): Arc3D
			*lst1[0122] = (0156): Point3D - (-1.3,12.65,0)
			*lst1[0123] = (0157): Arc3D
			*lst1[0124] = (0158): Point3D - (-2.4,12.65,0)
			*lst1[0125] = (0159): Arc3D
			*lst1[0126] = (015A): Point3D - (-4.7,12.65,0)
			*lst1[0127] = (015B): Arc3D
			*lst1[0128] = (015C): Point3D - (-6.7,15.5,0)
			*lst1[0129] = (015D): Arc3D
			*lst1[012A] = (015E): Point3D - (-7.85,15.5,0)
			*lst1[012B] = (015F): Arc3D
			*lst1[012C] = (0160): Point3D - (-7.3,14,0)
			*lst1[012D] = (0161): Arc3D
			*lst1[012E] = (0162): Point3D - (-6.15,14,0)
			*lst1[012F] = (0163): Arc3D
			*lst1[0130] = (0164): Point3D - (-5.6,9.15,0)
			*lst1[0131] = (0165): Arc3D
			*lst1[0132] = (0166): Point3D - (-7.6,9.25,0)
			*lst1[0133] = (0167): Arc3D
			*lst1[0134] = (0168): Point3D - (-8.1,9.45,0)
			*lst1[0135] = (0169): Arc3D
			*lst1[0136] = (016A): Point3D - (-22.8,10.1,0)
			*lst1[0137] = (016B): Arc3D
			*lst1[0138] = (016C): Point3D - (-21.1,10.1,0)
			*lst1[0139] = (016D): Arc3D
			*lst2[013A] = (016E): DimensioningLength
			*lst2[013B] = (016F): DimensioningLength
			*lst2[013C] = (0170): DimensioningLength
			*lst2[013D] = (0171): DimensioningLength
			*lst2[013E] = (0172): DimensioningLength
			*lst2[013F] = (0173): DimensioningLength
			*lst2[0140] = (0174): DimensioningLength
			*lst2[0141] = (0175): DimensioningLength
			*lst2[0142] = (0176): DimensioningLength
			*lst2[0143] = (0177): DimensioningLength
			*lst2[0144] = (0178): DimensioningLength
			*lst2[0145] = (0179): DimensioningLength
			*lst2[0146] = (017A): DimensioningLength
			*lst2[0147] = (017B): DimensioningLength
			*lst2[0148] = (017C): DimensioningLength
			*lst2[0149] = (017D): DimensioningLength
			*lst2[014A] = (017E): DimensioningDiameter
			*lst2[014B] = (017F): DimensioningDiameter
			*lst2[014C] = (0180): DimensioningLength
			*lst2[014D] = (0181): DimensioningLength
			*lst2[014E] = (0182): DimensioningLength
			*lst2[014F] = (0183): DimensioningLength
			*lst2[0150] = (0184): DimensioningLength
			*lst2[0151] = (0185): DimensioningLength
			*lst2[0152] = (0186): DimensioningLength
			*lst2[0153] = (0187): DimensioningLength
			*lst2[0154] = (0188): DimensioningLength
			*lst2[0155] = (0189): DimensioningLength
			*lst2[0156] = (018A): DimensioningLength
			*lst2[0157] = (018B): DimensioningLength
			*lst2[0158] = (018C): DimensioningLength
			*lst2[0159] = (018D): DimensioningLength
			*lst2[015A] = (018E): DimensioningLength
			*lst2[015B] = (018F): DimensioningLength
			*lst2[015C] = (0190): DimensioningLength
			*lst2[015D] = (0191): DimensioningLength
			*lst2[015E] = (0192): DimensioningLength
		outlines[003E] = (0012): OutlineSingleFx a0=(000,000) index=015F box=(-24.2,-1e-08,-1e-08,1e-08,16.3,0.22) edges=[Line:(-242,0,0)-(0,0,0),Line:(0,0,0)-(0,0,2.2),Line:(-242,0,2.2)-(0,0,2.2),Line:(-242,0,0)-(-242,0,2.2),Line:(-242,163,0)-(-242,0,0),Line:(-242,163,2.2)-(-242,0,2.2),Line:(-242,163,0)-(-242,163,2.2),Line:(-9.98087e-15,163,0)-(-242,163,0),Line:(-9.98087e-15,163,2.2)-(-242,163,2.2),Line:(-9.98087e-15,163,0)-(-9.98087e-15,163,2.2),Line:(0,0,0)-(-9.98087e-15,163,0),Line:(0,0,2.2)-(-9.98087e-15,163,2.2)] points=[]
		outlines[00EC] = (0013): OutlineSingleFx a0=(000,000) index=0160 box=(-24.2,-1e-08,-1e-08,1e-08,16.3,0.22) edges=[Line:(-166,121.5,0)-(-166,163,0),Line:(-166,121.5,2.2)-(-166,121.5,0),Line:(-166,163,2.2)-(-166,121.5,2.2),Line:(-166,163,0)-(-166,163,2.2),Line:(-242,121.5,0)-(-166,121.5,0),Line:(-242,121.5,2.2)-(-242,121.5,0),Line:(-166,121.5,2.2)-(-242,121.5,2.2),Line:(0,33,0)-(-40,33,0),Line:(0,33,2.2)-(0,33,0),Line:(-40,33,2.2)-(0,33,2.2),Line:(-40,33,2.2)-(-40,33,0),Line:(-40,33,0)-(-40,0,0),Line:(-40,-1.77636e-14,2.2)-(-40,33,2.2),Line:(-40,0,0)-(-40,-1.77636e-14,2.2),Line:(-40,130,0)-(-7.10543e-15,130,0),Line:(-40,130,2.2)-(-40,130,0),Line:(0,130,2.2)-(-40,130,2.2),Line:(-7.9602e-15,130,0)-(0,130,2.2),Line:(-40,163,0)-(-40,130,0),Line:(-40,163,2.2)-(-40,163,0),Line:(-40,130,2.2)-(-40,163,2.2),Line:(-166,41.5,0)-(-242,41.5,0),Line:(-166,41.5,2.2)-(-166,41.5,0),Line:(-242,41.5,2.2)-(-166,41.5,2.2),Line:(-242,41.5,0)-(-242,41.5,2.2),Line:(-166,0,0)-(-166,41.5,0),Line:(-166,-1.77636e-14,2.2)-(-166,0,0),Line:(-166,41.5,2.2)-(-166,-2.13163e-14,2.2)] points=[]
		outlines[0311] = (0014): OutlineSingleFx a0=(000,000) index=0161 box=(-17.35,1.2,-1e-08,-2,15.1,0.22) edges=[Circle:(-172,74,0), (0,-0,1), (0,10,0), 1.5, 0, 3.14159,Line:(-172,75.5,2.2)-(-172,75.5,0),Circle:(-172,74,2.2), (0,0,-1), (0,10,0), 1.5, -3.14159, 0,Line:(-172,72.5,2.2)-(-172,72.5,0),Line:(-172,72.5,0)-(-92,72.5,0),Line:(-92,72.5,2.2)-(-172,72.5,2.2),Line:(-92,72.5,2.2)-(-92,72.5,0),Circle:(-92,74,0), (0,0,1), (0,-10,0), 1.5, 0, 3.14159,Circle:(-92,74,2.2), (-0,-0,-1), (0,-10,0), 1.5, -3.14159, 0,Line:(-92,75.5,2.2)-(-92,75.5,0),Line:(-92,75.5,0)-(-172,75.5,0),Line:(-172,75.5,2.2)-(-92,75.5,2.2),Circle:(-109,53.5,0), (0,0,1), (10,0,0), 1.5, 0, 3.14159,Line:(-107.5,53.5,2.2)-(-107.5,53.5,0),Circle:(-109,53.5,2.2), (0,0,-1), (10,0,0), 1.5, -3.14159, 0,Line:(-110.5,53.5,2.2)-(-110.5,53.5,0),Line:(-110.5,53.5,0)-(-110.5,13.5,0),Line:(-110.5,13.5,2.2)-(-110.5,53.5,2.2),Line:(-110.5,13.5,2.2)-(-110.5,13.5,0),Circle:(-109,13.5,0), (0,0,1), (-10,0,0), 1.5, 0, 3.14159,Circle:(-109,13.5,2.2), (0,0,-1), (-10,0,0), 1.5, -3.14159, 0,Line:(-107.5,13.5,2.2)-(-107.5,13.5,0),Line:(-107.5,13.5,0)-(-107.5,53.5,0),Line:(-107.5,53.5,2.2)-(-107.5,13.5,2.2),Circle:(-109,149.5,0), (0,0,1), (10,0,0), 1.5, 0, 3.14159,Line:(-107.5,149.5,2.2)-(-107.5,149.5,0),Circle:(-109,149.5,2.2), (0,0,-1), (10,0,0), 1.5, -3.14159, 0,Line:(-110.5,149.5,2.2)-(-110.5,149.5,0),Line:(-110.5,149.5,0)-(-110.5,109.5,0),Line:(-110.5,109.5,2.2)-(-110.5,149.5,2.2),Line:(-110.5,109.5,2.2)-(-110.5,109.5,0),Circle:(-109,109.5,0), (0,0,1), (-10,0,0), 1.5, 0, 3.14159,Circle:(-109,109.5,2.2), (0,0,-1), (-10,0,0), 1.5, -3.14159, 0,Line:(-107.5,109.5,2.2)-(-107.5,109.5,0),Line:(-107.5,109.5,0)-(-107.5,149.5,0),Line:(-107.5,149.5,2.2)-(-107.5,109.5,2.2),Circle:(-143,53.5,0), (0,0,1), (10,0,0), 1.5, 0, 3.14159,Line:(-141.5,53.5,2.2)-(-141.5,53.5,0),Circle:(-143,53.5,2.2), (0,0,-1), (10,0,0), 1.5, -3.14159, 0,Line:(-144.5,53.5,2.2)-(-144.5,53.5,0),Line:(-144.5,53.5,0)-(-144.5,23.5,0),Line:(-144.5,23.5,2.2)-(-144.5,53.5,2.2),Line:(-144.5,23.5,2.2)-(-144.5,23.5,0),Circle:(-143,23.5,0), (0,0,1), (-10,0,0), 1.5, 0, 3.14159,Circle:(-143,23.5,2.2), (0,0,-1), (-10,0,0), 1.5, -3.14159, 0,Line:(-141.5,23.5,2.2)-(-141.5,23.5,0),Line:(-141.5,23.5,0)-(-141.5,53.5,0),Line:(-141.5,53.5,2.2)-(-141.5,23.5,2.2),Circle:(-143,139.5,0), (0,0,1), (10,0,0), 1.5, 0, 3.14159,Line:(-141.5,139.5,2.2)-(-141.5,139.5,0),Circle:(-143,139.5,2.2), (0,0,-1), (10,0,0), 1.5, -3.14159, 0,Line:(-144.5,139.5,2.2)-(-144.5,139.5,0),Line:(-144.5,139.5,0)-(-144.5,109.5,0),Line:(-144.5,109.5,2.2)-(-144.5,139.5,2.2),Line:(-144.5,109.5,2.2)-(-144.5,109.5,0),Circle:(-143,109.5,0), (0,0,1), (-10,0,0), 1.5, 0, 3.14159,Circle:(-143,109.5,2.2), (0,0,-1), (-10,0,0), 1.5, -3.14159, 0,Line:(-141.5,109.5,2.2)-(-141.5,109.5,0),Line:(-141.5,109.5,0)-(-141.5,139.5,0),Line:(-141.5,139.5,2.2)-(-141.5,109.5,2.2),Circle:(-126,139.5,0), (0,0,1), (10,0,0), 1.5, 0, 3.14159,Line:(-124.5,139.5,2.2)-(-124.5,139.5,0),Circle:(-126,139.5,2.2), (0,0,-1), (10,0,0), 1.5, -3.14159, 0,Line:(-127.5,139.5,2.2)-(-127.5,139.5,0),Line:(-127.5,139.5,0)-(-127.5,109.5,0),Line:(-127.5,109.5,2.2)-(-127.5,139.5,2.2),Line:(-127.5,109.5,2.2)-(-127.5,109.5,0),Circle:(-126,109.5,0), (0,0,1), (-10,0,0), 1.5, 0, 3.14159,Circle:(-126,109.5,2.2), (0,0,-1), (-10,0,0), 1.5, -3.14159, 0,Line:(-124.5,109.5,2.2)-(-124.5,109.5,0),Line:(-124.5,109.5,0)-(-124.5,139.5,0),Line:(-124.5,139.5,2.2)-(-124.5,109.5,2.2),Circle:(-126,53.5,0), (0,0,1), (10,0,0), 1.5, 0, 3.14159,Line:(-124.5,53.5,2.2)-(-124.5,53.5,0),Circle:(-126,53.5,2.2), (0,0,-1), (10,0,0), 1.5, -3.14159, 0,Line:(-127.5,53.5,2.2)-(-127.5,53.5,0),Line:(-127.5,53.5,0)-(-127.5,23.5,0),Line:(-127.5,23.5,2.2)-(-127.5,53.5,2.2),Line:(-127.5,23.5,2.2)-(-127.5,23.5,0),Circle:(-126,23.5,0), (0,0,1), (-10,0,0), 1.5, 0, 3.14159,Circle:(-126,23.5,2.2), (0,0,-1), (-10,0,0), 1.5, -3.14159, 0,Line:(-124.5,23.5,2.2)-(-124.5,23.5,0),Line:(-124.5,23.5,0)-(-124.5,53.5,0),Line:(-124.5,53.5,2.2)-(-124.5,23.5,2.2),Circle:(-92,149.5,0), (0,0,1), (10,0,0), 1.5, 0, 3.14159,Line:(-90.5,149.5,2.2)-(-90.5,149.5,0),Circle:(-92,149.5,2.2), (0,0,-1), (10,0,0), 1.5, -3.14159, 0,Line:(-93.5,149.5,2.2)-(-93.5,149.5,0),Line:(-93.5,149.5,0)-(-93.5,109.5,0),Line:(-93.5,109.5,2.2)-(-93.5,149.5,2.2),Line:(-93.5,109.5,2.2)-(-93.5,109.5,0),Circle:(-92,109.5,0), (0,0,1), (-10,1.18424e-13,0), 1.5, 0, 3.14159,Circle:(-92,109.5,2.2), (0,0,-1), (-10,1.18424e-13,0), 1.5, -3.14159, 0,Line:(-90.5,109.5,2.2)-(-90.5,109.5,0),Line:(-90.5,109.5,0)-(-90.5,149.5,0),Line:(-90.5,149.5,2.2)-(-90.5,109.5,2.2),Circle:(-92,53.5,0), (0,0,1), (10,0,0), 1.5, 0, 3.14159,Line:(-90.5,53.5,2.2)-(-90.5,53.5,0),Circle:(-92,53.5,2.2), (0,0,-1), (10,0,0), 1.5, -3.14159, 0,Line:(-93.5,53.5,2.2)-(-93.5,53.5,0),Line:(-93.5,53.5,0)-(-93.5,13.5,0),Line:(-93.5,13.5,2.2)-(-93.5,53.5,2.2),Line:(-93.5,13.5,2.2)-(-93.5,13.5,0),Circle:(-92,13.5,0), (0,0,1), (-10,0,0), 1.5, 0, 3.14159,Circle:(-92,13.5,2.2), (0,0,-1), (-10,0,0), 1.5, -3.14159, 0,Line:(-90.5,13.5,2.2)-(-90.5,13.5,0),Line:(-90.5,13.5,0)-(-90.5,53.5,0),Line:(-90.5,53.5,2.2)-(-90.5,13.5,2.2),Circle:(-92,89,0), (0,-0,1), (0,10,0), 1.5, -3.14159, 0,Line:(-92,87.5,2.2)-(-92,87.5,0),Circle:(-92,89,2.2), (0,0,-1), (0,10,0), 1.5, 0, 3.14159,Line:(-92,90.5,2.2)-(-92,90.5,0),Line:(-92,90.5,0)-(-172,90.5,0),Line:(-172,90.5,2.2)-(-92,90.5,2.2),Line:(-172,90.5,2.2)-(-172,90.5,0),Circle:(-172,89,0), (0,0,1), (-0,-10,0), 1.5, -3.14159, 0,Circle:(-172,89,2.2), (-0,0,-1), (-0,-10,0), 1.5, 0, 3.14159,Line:(-172,87.5,2.2)-(-172,87.5,0),Line:(-172,87.5,0)-(-92,87.5,0),Line:(-92,87.5,2.2)-(-172,87.5,2.2),Line:(-20,43.5,0)-(-20,119.5,0),Line:(-20,43.5,2.2)-(-20,43.5,0),Line:(-20,119.5,2.2)-(-20,43.5,2.2),Line:(-20,119.5,2.2)-(-20,119.5,0),Line:(-20,119.5,0)-(-43,119.5,0),Line:(-43,119.5,2.2)-(-20,119.5,2.2),Line:(-43,119.5,2.2)-(-43,119.5,0),Line:(-43,119.5,0)-(-43,43.5,0),Line:(-43,43.5,2.2)-(-43,119.5,2.2),Line:(-43,43.5,2.2)-(-43,43.5,0),Line:(-43,43.5,0)-(-20,43.5,0),Line:(-20,43.5,2.2)-(-43,43.5,2.2)] points=[]
		outlines[0513] = (0015): OutlineSingleFx a0=(000,000) index=0162 box=(-23.9,0.65,-1e-08,-0.65,15.65,0.22) edges=[Circle:(-76,70.5,0), (0,0,1), (-10,0,0), 1.5, -3.14159, 3.14159,Circle:(-76,70.5,2.2), (-0,0,-1), (-10,0,0), 1.5, -3.14159, 3.14159,Circle:(-76,92.5,0), (0,0,1), (-10,0,0), 1.5, -3.14159, 3.14159,Circle:(-76,92.5,2.2), (-0,0,-1), (-10,0,0), 1.5, -3.14159, 3.14159,Circle:(-191,48.5,0), (0,0,1), (-10,0,0), 2, -3.14159, 3.14159,Circle:(-191,48.5,2.2), (-0,0,-1), (-10,0,0), 2, -3.14159, 3.14159,Circle:(-191,114.5,0), (0,0,1), (-10,0,0), 2, -3.14159, 3.14159,Circle:(-191,114.5,2.2), (-0,0,-1), (-10,0,0), 2, -3.14159, 3.14159,Circle:(-56,71.5,0), (0,0,1), (-10,0,0), 1.5, -3.14159, 3.14159,Circle:(-56,71.5,2.2), (-0,0,-1), (-10,0,0), 1.5, -3.14159, 3.14159,Circle:(-24,36.5,0), (0,0,1), (-10,0,0), 1.5, -3.14159, 3.14159,Circle:(-24,36.5,2.2), (-0,0,-1), (-10,0,0), 1.5, -3.14159, 3.14159,Circle:(-61.5,23,0), (0,0,1), (-10,0,0), 1.5, -3.14159, 3.14159,Circle:(-61.5,23,2.2), (-0,0,-1), (-10,0,0), 1.5, -3.14159, 3.14159,Circle:(-67,8,0), (0,0,1), (-10,0,0), 1.5, -3.14159, 3.14159,Circle:(-67,8,2.2), (-0,0,-1), (-10,0,0), 1.5, -3.14159, 3.14159,Circle:(-211,62,0), (0,0,1), (-10,0,0), 1.5, -3.14159, 3.14159,Circle:(-211,62,2.2), (-0,0,-1), (-10,0,0), 1.5, -3.14159, 3.14159,Circle:(-237.5,49.5,0), (0,0,1), (-10,0,0), 1.5, -3.14159, 3.14159,Circle:(-237.5,49.5,2.2), (-0,0,-1), (-10,0,0), 1.5, -3.14159, 3.14159,Circle:(-237.5,113.5,0), (0,0,1), (-10,0,0), 1.5, -3.14159, 3.14159,Circle:(-237.5,113.5,2.2), (-0,0,-1), (-10,0,0), 1.5, -3.14159, 3.14159,Circle:(-228,101,0), (0,0,1), (-10,0,0), 1.5, -3.14159, 3.14159,Circle:(-228,101,2.2), (-0,0,-1), (-10,0,0), 1.5, -3.14159, 3.14159,Circle:(-61.5,140,0), (0,0,1), (-10,0,0), 1.5, -3.14159, 3.14159,Circle:(-61.5,140,2.2), (-0,0,-1), (-10,0,0), 1.5, -3.14159, 3.14159,Circle:(-78.5,155,0), (0,0,1), (-10,0,0), 1.5, -3.14159, 3.14159,Circle:(-78.5,155,2.2), (-0,0,-1), (-10,0,0), 1.5, -3.14159, 3.14159,Circle:(-47,126.5,0), (0,0,1), (-10,0,0), 1.5, -3.14159, 3.14159,Circle:(-47,126.5,2.2), (-0,0,-1), (-10,0,0), 1.5, -3.14159, 3.14159,Circle:(-13,126.5,0), (0,0,1), (-10,0,0), 1.5, -3.14159, 3.14159,Circle:(-13,126.5,2.2), (-0,0,-1), (-10,0,0), 1.5, -3.14159, 3.14159,Circle:(-15,81.5,0), (0,0,1), (-10,0,0), 1.5, -3.14159, 3.14159,Circle:(-15,81.5,2.2), (-0,0,-1), (-10,0,0), 1.5, -3.14159, 3.14159,Circle:(-8,81.5,0), (0,0,1), (-10,0,0), 1.5, -3.14159, 3.14159,Circle:(-8,81.5,2.2), (-0,0,-1), (-10,0,0), 1.5, -3.14159, 3.14159,Circle:(-24,126.5,0), (0,0,1), (-10,0,0), 1.5, -3.14159, 3.14159,Circle:(-24,126.5,2.2), (-0,0,-1), (-10,0,0), 1.5, -3.14159, 3.14159,Circle:(-67,155,0), (0,0,1), (-10,0,0), 1.5, -3.14159, 3.14159,Circle:(-67,155,2.2), (-0,0,-1), (-10,0,0), 1.5, -3.14159, 3.14159,Circle:(-73,140,0), (0,0,1), (-10,0,0), 1.5, -3.14159, 3.14159,Circle:(-73,140,2.2), (-0,0,-1), (-10,0,0), 1.5, -3.14159, 3.14159,Circle:(-56,91.5,0), (0,0,1), (-10,0,0), 1.5, -3.14159, 3.14159,Circle:(-56,91.5,2.2), (-0,0,-1), (-10,0,0), 1.5, -3.14159, 3.14159,Circle:(-211,101,0), (0,0,1), (-10,0,0), 1.5, -3.14159, 3.14159,Circle:(-211,101,2.2), (-0,0,-1), (-10,0,0), 1.5, -3.14159, 3.14159,Circle:(-237.5,81.5,0), (0,0,1), (-10,0,0), 1.5, -3.14159, 3.14159,Circle:(-237.5,81.5,2.2), (-0,0,-1), (-10,0,0), 1.5, -3.14159, 3.14159,Circle:(-228,62,0), (0,0,1), (-10,0,0), 1.5, -3.14159, 3.14159,Circle:(-228,62,2.2), (-0,0,-1), (-10,0,0), 1.5, -3.14159, 3.14159,Circle:(-78.5,8,0), (0,0,1), (-10,0,0), 1.5, -3.14159, 3.14159,Circle:(-78.5,8,2.2), (-0,0,-1), (-10,0,0), 1.5, -3.14159, 3.14159,Circle:(-73,23,0), (0,0,1), (-10,0,0), 1.5, -3.14159, 3.14159,Circle:(-73,23,2.2), (-0,0,-1), (-10,0,0), 1.5, -3.14159, 3.14159,Circle:(-47,36.5,0), (0,0,1), (-10,0,0), 1.5, -3.14159, 3.14159,Circle:(-47,36.5,2.2), (-0,0,-1), (-10,0,0), 1.5, -3.14159, 3.14159,Circle:(-13,36.5,0), (0,0,1), (-10,0,0), 1.5, -3.14159, 3.14159,Circle:(-13,36.5,2.2), (-0,0,-1), (-10,0,0), 1.5, -3.14159, 3.14159,Circle:(-218.5,114.5,0), (0,0,1), (-10,0,0), 2, -3.14159, 3.14159,Circle:(-218.5,114.5,2.2), (-0,0,-1), (-10,0,0), 2, -3.14159, 3.14159,Circle:(-218.5,48.5,0), (0,0,1), (-10,0,0), 2, -3.14159, 3.14159,Circle:(-218.5,48.5,2.2), (-0,0,-1), (-10,0,0), 2, -3.14159, 3.14159,Circle:(-81,94.5,0), (0,0,1), (-10,0,0), 1.5, -3.14159, 3.14159,Circle:(-81,94.5,2.2), (-0,0,-1), (-10,0,0), 1.5, -3.14159, 3.14159,Circle:(-81,68.5,0), (0,0,1), (-10,0,0), 1.5, -3.14159, 3.14159,Circle:(-81,68.5,2.2), (-0,0,-1), (-10,0,0), 1.5, -3.14159, 3.14159] points=[]
		outlines[0566] = (0016): OutlineSingleFx a0=(000,000) index=0163 box=(-24.05,0.5,0.07,-0.5,15.8,0.22) edges=[Circle:(-13,36.5,0.7), (-0,0,-1), (-10,0,0), 1.5, -3.14159, 3.14159,Circle:(-13,36.5,2.2), (0,0,1), (-10,0,0), 3, -3.14159, 3.14159,Circle:(-24,36.5,0.7), (-0,0,-1), (-10,0,0), 1.5, -3.14159, 3.14159,Circle:(-24,36.5,2.2), (0,0,1), (-10,0,0), 3, -3.14159, 3.14159,Circle:(-47,36.5,0.7), (-0,0,-1), (-10,0,0), 1.5, -3.14159, 3.14159,Circle:(-47,36.5,2.2), (0,0,1), (-10,0,0), 3, -3.14159, 3.14159,Circle:(-78.5,8,0.7), (-0,0,-1), (-10,0,0), 1.5, -3.14159, 3.14159,Circle:(-78.5,8,2.2), (0,0,1), (-10,0,0), 3, -3.14159, 3.14159,Circle:(-67,8,0.7), (-0,0,-1), (-10,0,0), 1.5, -3.14159, 3.14159,Circle:(-67,8,2.2), (0,0,1), (-10,0,0), 3, -3.14159, 3.14159,Circle:(-61.5,23,0.7), (-0,0,-1), (-10,0,0), 1.5, -3.14159, 3.14159,Circle:(-61.5,23,2.2), (0,0,1), (-10,0,0), 3, -3.14159, 3.14159,Circle:(-73,23,0.7), (-0,0,-1), (-10,0,0), 1.5, -3.14159, 3.14159,Circle:(-73,23,2.2), (0,0,1), (-10,0,0), 3, -3.14159, 3.14159,Circle:(-67,155,0.7), (-0,0,-1), (-10,0,0), 1.5, -3.14159, 3.14159,Circle:(-67,155,2.2), (0,0,1), (-10,0,0), 3, -3.14159, 3.14159,Circle:(-78.5,155,0.7), (-0,0,-1), (-10,0,0), 1.5, -3.14159, 3.14159,Circle:(-78.5,155,2.2), (0,0,1), (-10,0,0), 3, -3.14159, 3.14159,Circle:(-73,140,0.7), (-0,0,-1), (-10,0,0), 1.5, -3.14159, 3.14159,Circle:(-73,140,2.2), (0,0,1), (-10,0,0), 3, -3.14159, 3.14159,Circle:(-61.5,140,0.7), (-0,0,-1), (-10,0,0), 1.5, -3.14159, 3.14159,Circle:(-61.5,140,2.2), (0,0,1), (-10,0,0), 3, -3.14159, 3.14159,Circle:(-47,126.5,0.7), (-0,0,-1), (-10,0,0), 1.5, -3.14159, 3.14159,Circle:(-47,126.5,2.2), (0,0,1), (-10,0,0), 3, -3.14159, 3.14159,Circle:(-24,126.5,0.7), (-0,0,-1), (-10,0,0), 1.5, -3.14159, 3.14159,Circle:(-24,126.5,2.2), (0,0,1), (-10,0,0), 3, -3.14159, 3.14159,Circle:(-13,126.5,0.7), (-0,0,-1), (-10,0,0), 1.5, -3.14159, 3.14159,Circle:(-13,126.5,2.2), (0,0,1), (-10,0,0), 3, -3.14159, 3.14159,Circle:(-8,81.5,0.7), (-0,0,-1), (-10,0,0), 1.5, -3.14159, 3.14159,Circle:(-8,81.5,2.2), (0,0,1), (-10,0,0), 3, -3.14159, 3.14159,Circle:(-15,81.5,0.7), (-0,0,-1), (-10,0,0), 1.5, -3.14159, 3.14159,Circle:(-15,81.5,2.2), (0,0,1), (-10,0,0), 3, -3.14159, 3.14159,Circle:(-56,71.5,0.7), (-0,0,-1), (-10,0,0), 1.5, -3.14159, 3.14159,Circle:(-56,71.5,2.2), (0,0,1), (-10,0,0), 3, -3.14159, 3.14159,Circle:(-81,68.5,0.7), (-0,0,-1), (-10,0,0), 1.5, -3.14159, 3.14159,Circle:(-81,68.5,2.2), (0,0,1), (-10,0,0), 3, -2.30442, 3.06543,Circle:(-76,70.5,2.2), (0,0,1), (-10,0,0), 3, 0.837173, 6.20703,Circle:(-76,70.5,0.7), (-0,0,-1), (-10,0,0), 1.5, -3.14159, 3.14159,Circle:(-56,91.5,0.7), (-0,0,-1), (-10,0,0), 1.5, -3.14159, 3.14159,Circle:(-56,91.5,2.2), (0,0,1), (-10,0,0), 3, -3.14159, 3.14159,Circle:(-76,92.5,0.7), (-0,0,-1), (-10,0,0), 1.5, -3.14159, 3.14159,Circle:(-76,92.5,2.2), (0,0,1), (-10,0,0), 3, 0.07616, 5.44601,Circle:(-81,94.5,2.2), (0,0,1), (-10,0,0), 3, -3.06543, 2.30442,Circle:(-81,94.5,0.7), (-0,0,-1), (-10,0,0), 1.5, -3.14159, 3.14159,Circle:(-237.5,49.5,0.7), (-0,0,-1), (-10,0,0), 1.5, -3.14159, 3.14159,Circle:(-237.5,49.5,2.2), (0,0,1), (-10,0,0), 3, -3.14159, 3.14159,Circle:(-211,62,0.7), (-0,0,-1), (-10,0,0), 1.5, -3.14159, 3.14159,Circle:(-211,62,2.2), (0,0,1), (-10,0,0), 3, -3.14159, 3.14159,Circle:(-228,62,0.7), (-0,0,-1), (-10,0,0), 1.5, -3.14159, 3.14159,Circle:(-228,62,2.2), (0,0,1), (-10,0,0), 3, -3.14159, 3.14159,Circle:(-237.5,81.5,0.7), (-0,0,-1), (-10,0,0), 1.5, -3.14159, 3.14159,Circle:(-237.5,81.5,2.2), (0,0,1), (-10,0,0), 3, -3.14159, 3.14159,Circle:(-211,101,0.7), (-0,0,-1), (-10,0,0), 1.5, -3.14159, 3.14159,Circle:(-211,101,2.2), (0,0,1), (-10,0,0), 3, -3.14159, 3.14159,Circle:(-228,101,0.7), (-0,0,-1), (-10,0,0), 1.5, -3.14159, 3.14159,Circle:(-228,101,2.2), (0,0,1), (-10,0,0), 3, -3.14159, 3.14159,Circle:(-237.5,113.5,0.7), (-0,0,-1), (-10,0,0), 1.5, -3.14159, 3.14159,Circle:(-237.5,113.5,2.2), (0,0,1), (-10,0,0), 3, -3.14159, 3.14159] points=[[[-7.80087,6.82717,0.22],[-7.81393,6.85983,0.206237],[-7.85,6.95,0.189258],[-7.88607,7.04017,0.206237],[-7.89913,7.07283,0.22]],[[-7.80087,9.47283,0.22],[-7.81393,9.44017,0.206237],[-7.85,9.35,0.189258],[-7.88607,9.25983,0.206237],[-7.89913,9.22717,0.22]]]
		outlines[057D] = (0017): OutlineSingleFx a0=(000,000) index=0164 box=(-22.2,4.5,0.07,-18.75,11.8,0.22) edges=[Circle:(-191,114.5,0.7), (-0,0,-1), (-10,0,0), 2, -3.14159, 3.14159,Circle:(-191,114.5,2.2), (0,0,1), (-10,0,0), 3.5, -3.14159, 3.14159,Circle:(-218.5,114.5,0.7), (-0,0,-1), (-10,0,0), 2, -3.14159, 3.14159,Circle:(-218.5,114.5,2.2), (0,0,1), (-10,0,0), 3.5, -3.14159, 3.14159,Circle:(-191,48.5,0.7), (-0,0,-1), (-10,0,0), 2, -3.14159, 3.14159,Circle:(-191,48.5,2.2), (0,0,1), (-10,0,0), 3.5, -3.14159, 3.14159,Circle:(-218.5,48.5,0.7), (-0,0,-1), (-10,0,0), 2, -3.14159, 3.14159,Circle:(-218.5,48.5,2.2), (0,0,1), (-10,0,0), 3.5, -3.14159, 3.14159] points=[]
		outlines[0588] = (0018): OutlineSingleFx a0=(000,000) index=0165 box=(-4.3,4.35,-1e-08,-2,11.95,0.22) edges=[Circle:(-38,48.5,2.2), (0,0,1), (-7.07107,-7.07107,0), 5, -0.785398, 0.785398,Line:(-38,43.5,2.2)-(-38,43.5,0),Circle:(-38,48.5,0), (-0,0,-1), (-7.07107,-7.07107,0), 5, -0.785398, 0.785398,Line:(-43,48.5,0)-(-43,48.5,2.2),Circle:(-25,48.5,2.2), (0,0,1), (7.07107,-7.07107,0), 5, -0.785398, 0.785398,Line:(-20,48.5,2.2)-(-20,48.5,0),Circle:(-25,48.5,0), (0,-0,-1), (7.07107,-7.07107,0), 5, -0.785398, 0.785398,Line:(-25,43.5,0)-(-25,43.5,2.2),Circle:(-38,114.5,2.2), (0,0,1), (-7.07107,7.07107,0), 5, -0.785398, 0.785398,Line:(-43,114.5,2.2)-(-43,114.5,0),Circle:(-38,114.5,0), (-0,0,-1), (-7.07107,7.07107,0), 5, -0.785398, 0.785398,Line:(-38,119.5,0)-(-38,119.5,2.2),Circle:(-25,114.5,2.2), (0,-0,1), (7.07107,7.07107,0), 5, -0.785398, 0.785398,Line:(-25,119.5,2.2)-(-25,119.5,0),Circle:(-25,114.5,0), (0,0,-1), (7.07107,7.07107,0), 5, -0.785398, 0.785398,Line:(-20,114.5,0)-(-20,114.5,2.2)] points=[]
		outlines[05A6] = (0019): OutlineSingleFx a0=(000,000) index=0166 box=(-18.6,1.3,-1e-08,-2,15,0.22) edges=[Circle:(-186,141.5,2.2), (0,0,1), (7.07107,-7.07107,0), 20, -0.785398, 0.785398,Line:(-166,141.5,2.2)-(-166,141.5,0),Circle:(-186,141.5,0), (0,-0,-1), (7.07107,-7.07107,0), 20, -0.785398, 0.785398,Line:(-186,121.5,0)-(-186,121.5,2.2),Circle:(-186,21.5,2.2), (0,-0,1), (7.07107,7.07107,0), 20, -0.785398, 0.785398,Line:(-186,41.5,2.2)-(-186,41.5,0),Circle:(-186,21.5,0), (0,0,-1), (7.07107,7.07107,0), 20, -0.785398, 0.785398,Line:(-166,21.5,0)-(-166,21.5,2.2),Circle:(-20,13,2.2), (0,0,1), (-7.07107,7.07107,0), 20, -0.785398, 0.785398,Line:(-40,13,2.2)-(-40,13,0),Circle:(-20,13,0), (-0,0,-1), (-7.07107,7.07107,0), 20, -0.785398, 0.785398,Line:(-20,33,0)-(-20,33,2.2),Circle:(-20,150,2.2), (0,0,1), (-7.07107,-7.07107,0), 20, -0.785398, 0.785398,Line:(-20,130,2.2)-(-20,130,0),Circle:(-20,150,0), (-0,0,-1), (-7.07107,-7.07107,0), 20, -0.785398, 0.785398,Line:(-40,150,0)-(-40,150,2.2)] points=[]
		outlines[05C4] = (001A): OutlineSingleFx a0=(000,000) index=0167 box=(-5.93827,-1e-08,-1e-08,-3.96914,16.3,0.22) edges=[Circle:(-59.3827,20,0), (0,-0,1), (0,10,0), 20, -3.14159, -1.7467,Line:(-39.6914,16.5,0)-(-39.6914,16.5,2.2),Circle:(-59.3827,20,2.2), (0,0,-1), (0,10,0), 20, 1.7467, 3.14159,Line:(-59.3827,0,2.2)-(-59.3827,0,0),Circle:(-59.3827,143,2.2), (-0,-0,-1), (0,-10,0), 20, -3.14159, -1.7467,Line:(-39.6914,146.5,2.2)-(-39.6914,146.5,0),Circle:(-59.3827,143,0), (0,0,1), (0,-10,0), 20, 1.7467, 3.14159,Line:(-59.3827,163,0)-(-59.3827,163,2.2)] points=[]
		outlines[05DE] = (001B): OutlineSingleFx a0=(000,000) index=0168 box=(-16.6974,-1e-08,-1e-08,-12.8923,16.3,0.22) edges=[Circle:(-128.923,40,2.2), (0,0,-1), (0,10,0), 40, -3.14159, -1.88424,Line:(-166.974,27.6667,2.2)-(-166.974,27.6667,0),Circle:(-128.923,40,0), (0,-0,1), (0,10,0), 40, 1.88424, 3.14159,Line:(-128.923,0,0)-(-128.923,0,2.2),Circle:(-128.923,123,0), (0,0,1), (0,-10,0), 40, -3.14159, -1.88424,Line:(-166.974,135.333,0)-(-166.974,135.333,2.2),Circle:(-128.923,123,2.2), (-0,-0,-1), (0,-10,0), 40, 1.88424, 3.14159,Line:(-128.923,163,2.2)-(-128.923,163,0)] points=[]
(0EE4): 3dObject flags=0000    u32_0=0000 
	styles = (0EE8): ObjctStyles
		styles[0000] = (0EEC): Style_B32BF6A9u32_0=0001 u16_1=000
	objects[0000] = (0EE5): 3dObject flags=10000000    u32_0=0000 
		styles = (0EE9): ObjctStyles
			styles[0000] = (0EED): Style_Solidu32_0=0001 solid=True
	objects[0001] = (0EE6): 3dObject flags=20000000    u32_0=0000 
		styles = (0EEA): ObjctStyles
	objects[0002] = (0EE7): 3dObject flags=30000000    u32_0=0000 
		styles = (0EEB): ObjctStyles
